2026.09.17-14:07:05.677[32m info [39m [caliper] [cli-launch-manager] 	Set workspace path: /home/mfachrizalg/2026/Skripsi/bi-coin/bi-coin-fabric
2026.09.17-14:07:05.678[32m info [39m [caliper] [cli-launch-manager] 	Set benchmark configuration path: /home/mfachrizalg/2026/Skripsi/bi-coin/bi-coin-fabric/benchmark/results/statistical-20260917-pilot6/runs/calibration-retail-transfer-low-4w-30tps-r3/benchconfig.yaml
2026.09.17-14:07:05.678[32m info [39m [caliper] [cli-launch-manager] 	Set network configuration path: /home/mfachrizalg/2026/Skripsi/bi-coin/bi-coin-fabric/benchmark/networkconfig.yaml
2026.09.17-14:07:05.678[32m info [39m [caliper] [cli-launch-manager] 	Set SUT type: fabric
2026.09.17-14:07:05.697[32m info [39m [caliper] [caliper-engine] 	Starting benchmark flow
2026.09.17-14:07:05.698[32m info [39m [caliper] [caliper-engine] 	Network configuration attribute "caliper.command.start" is not present, skipping start command
2026.09.17-14:07:06.302[32m info [39m [caliper] [FabricConnectorFactory] 	Initializing peer gateway connector compatible with installed fabric-gateway SDK: 1.5.0
2026.09.17-14:07:06.309[32m info [39m [caliper] [IdentityManager] 	Adding User1 (admin=false) as User1 for organization BankIndonesiaOrgMSP
2026.09.17-14:07:06.310[32m info [39m [caliper] [IdentityManager] 	Adding User1 (admin=false) as _HimbaraBankOrgMSP_User1 for organization HimbaraBankOrgMSP
2026.09.17-14:07:06.311[32m info [39m [caliper] [IdentityManager] 	Adding User1 (admin=false) as _CommercialBankOrgMSP_User1 for organization CommercialBankOrgMSP
2026.09.17-14:07:06.313[32m info [39m [caliper] [connectors/peer-gateway/PeerGateway] 	Fabric-Gateway SDK version: 1.5.0 for Peer-Gateway connector; TLS based on BankIndonesiaOrgMSP: server
2026.09.17-14:07:06.313[32m info [39m [caliper] [caliper-engine] 	Executed "init" step in 0.001 seconds
2026.09.17-14:07:06.313[33m warn [39m [caliper] [connectors/peer-gateway/PeerGateway] 	Install smart contract not available for the Fabric Peer Gateway connector
2026.09.17-14:07:06.313[32m info [39m [caliper] [caliper-engine] 	Executed "install" step in 0 seconds
2026.09.17-14:07:06.315[32m info [39m [caliper] [monitor.js] 	Attempting to create resource monitor of type docker
2026.09.17-14:07:06.315[32m info [39m [caliper] [monitor.js] 	Attempting to create resource monitor of type process
2026.09.17-14:07:06.317[32m info [39m [caliper] [default-observer] 	Observer interval set to 5000 milliseconds
2026.09.17-14:07:06.320[32m info [39m [caliper] [round-orchestrator] 	Preparing worker connections
2026.09.17-14:07:06.320[32m info [39m [caliper] [worker-orchestrator] 	Launching worker 1 of 4
2026.09.17-14:07:06.324[32m info [39m [caliper] [worker-orchestrator] 	Launching worker 2 of 4
2026.09.17-14:07:06.326[32m info [39m [caliper] [worker-orchestrator] 	Launching worker 3 of 4
2026.09.17-14:07:06.328[32m info [39m [caliper] [worker-orchestrator] 	Launching worker 4 of 4
2026.09.17-14:07:06.332[32m info [39m [caliper] [worker-orchestrator] 	Messenger not configured, entering configure phase...
2026.09.17-14:07:06.333[32m info [39m [caliper] [worker-orchestrator] 	No existing workers detected, entering worker launch phase...
2026.09.17-14:07:06.333[32m info [39m [caliper] [worker-orchestrator] 	Waiting for 4 workers to be connected...
2026.09.17-14:07:06.699[32m info [39m [caliper] [cli-launch-worker] 	Set workspace path: /home/mfachrizalg/2026/Skripsi/bi-coin/bi-coin-fabric
2026.09.17-14:07:06.700[32m info [39m [caliper] [cli-launch-worker] 	Set benchmark configuration path: /home/mfachrizalg/2026/Skripsi/bi-coin/bi-coin-fabric/benchmark/results/statistical-20260917-pilot6/runs/calibration-retail-transfer-low-4w-30tps-r3/benchconfig.yaml
2026.09.17-14:07:06.701[32m info [39m [caliper] [cli-launch-worker] 	Set network configuration path: /home/mfachrizalg/2026/Skripsi/bi-coin/bi-coin-fabric/benchmark/networkconfig.yaml
2026.09.17-14:07:06.701[32m info [39m [caliper] [cli-launch-worker] 	Set SUT type: fabric
2026.09.17-14:07:06.712[32m info [39m [caliper] [cli-launch-worker] 	Set workspace path: /home/mfachrizalg/2026/Skripsi/bi-coin/bi-coin-fabric
2026.09.17-14:07:06.712[32m info [39m [caliper] [cli-launch-worker] 	Set benchmark configuration path: /home/mfachrizalg/2026/Skripsi/bi-coin/bi-coin-fabric/benchmark/results/statistical-20260917-pilot6/runs/calibration-retail-transfer-low-4w-30tps-r3/benchconfig.yaml
2026.09.17-14:07:06.713[32m info [39m [caliper] [cli-launch-worker] 	Set network configuration path: /home/mfachrizalg/2026/Skripsi/bi-coin/bi-coin-fabric/benchmark/networkconfig.yaml
2026.09.17-14:07:06.714[32m info [39m [caliper] [cli-launch-worker] 	Set SUT type: fabric
2026.09.17-14:07:06.720[32m info [39m [caliper] [cli-launch-worker] 	Set workspace path: /home/mfachrizalg/2026/Skripsi/bi-coin/bi-coin-fabric
2026.09.17-14:07:06.720[32m info [39m [caliper] [cli-launch-worker] 	Set benchmark configuration path: /home/mfachrizalg/2026/Skripsi/bi-coin/bi-coin-fabric/benchmark/results/statistical-20260917-pilot6/runs/calibration-retail-transfer-low-4w-30tps-r3/benchconfig.yaml
2026.09.17-14:07:06.721[32m info [39m [caliper] [cli-launch-worker] 	Set network configuration path: /home/mfachrizalg/2026/Skripsi/bi-coin/bi-coin-fabric/benchmark/networkconfig.yaml
2026.09.17-14:07:06.721[32m info [39m [caliper] [cli-launch-worker] 	Set SUT type: fabric
2026.09.17-14:07:06.737[32m info [39m [caliper] [cli-launch-worker] 	Set workspace path: /home/mfachrizalg/2026/Skripsi/bi-coin/bi-coin-fabric
2026.09.17-14:07:06.738[32m info [39m [caliper] [cli-launch-worker] 	Set benchmark configuration path: /home/mfachrizalg/2026/Skripsi/bi-coin/bi-coin-fabric/benchmark/results/statistical-20260917-pilot6/runs/calibration-retail-transfer-low-4w-30tps-r3/benchconfig.yaml
2026.09.17-14:07:06.739[32m info [39m [caliper] [cli-launch-worker] 	Set network configuration path: /home/mfachrizalg/2026/Skripsi/bi-coin/bi-coin-fabric/benchmark/networkconfig.yaml
2026.09.17-14:07:06.739[32m info [39m [caliper] [cli-launch-worker] 	Set SUT type: fabric
2026.09.17-14:07:06.767[32m info [39m [caliper] [worker-orchestrator] 	4 workers connected, progressing to worker assignment phase.
2026.09.17-14:07:06.767[32m info [39m [caliper] [worker-orchestrator] 	Workers currently unassigned, awaiting index assignment...
2026.09.17-14:07:06.769[32m info [39m [caliper] [worker-orchestrator] 	Waiting for 4 workers to be assigned...
2026.09.17-14:07:06.822[32m info [39m [caliper] [worker-orchestrator] 	4 workers assigned, progressing to worker initialization phase.
2026.09.17-14:07:06.822[32m info [39m [caliper] [worker-orchestrator] 	Waiting for 4 workers to be ready...
2026.09.17-14:07:06.823[32m info [39m [caliper] [worker-message-handler] 	Initializing Worker#0...
2026.09.17-14:07:06.823[32m info [39m [caliper] [worker-message-handler] 	Initializing Worker#1...
2026.09.17-14:07:06.823[32m info [39m [caliper] [worker-message-handler] 	Initializing Worker#2...
2026.09.17-14:07:06.823[32m info [39m [caliper] [worker-message-handler] 	Initializing Worker#3...
2026.09.17-14:07:07.744[32m info [39m [caliper] [FabricConnectorFactory] 	Initializing peer gateway connector compatible with installed fabric-gateway SDK: 1.5.0
2026.09.17-14:07:07.777[32m info [39m [caliper] [IdentityManager] 	Adding User1 (admin=false) as User1 for organization BankIndonesiaOrgMSP
2026.09.17-14:07:07.778[32m info [39m [caliper] [FabricConnectorFactory] 	Initializing peer gateway connector compatible with installed fabric-gateway SDK: 1.5.0
2026.09.17-14:07:07.779[32m info [39m [caliper] [IdentityManager] 	Adding User1 (admin=false) as _HimbaraBankOrgMSP_User1 for organization HimbaraBankOrgMSP
2026.09.17-14:07:07.780[32m info [39m [caliper] [IdentityManager] 	Adding User1 (admin=false) as _CommercialBankOrgMSP_User1 for organization CommercialBankOrgMSP
2026.09.17-14:07:07.785[32m info [39m [caliper] [worker-message-handler] 	Worker#2 initialized
2026.09.17-14:07:07.792[32m info [39m [caliper] [IdentityManager] 	Adding User1 (admin=false) as User1 for organization BankIndonesiaOrgMSP
2026.09.17-14:07:07.793[32m info [39m [caliper] [IdentityManager] 	Adding User1 (admin=false) as _HimbaraBankOrgMSP_User1 for organization HimbaraBankOrgMSP
2026.09.17-14:07:07.794[32m info [39m [caliper] [IdentityManager] 	Adding User1 (admin=false) as _CommercialBankOrgMSP_User1 for organization CommercialBankOrgMSP
2026.09.17-14:07:07.799[32m info [39m [caliper] [worker-message-handler] 	Worker#1 initialized
2026.09.17-14:07:07.800[32m info [39m [caliper] [FabricConnectorFactory] 	Initializing peer gateway connector compatible with installed fabric-gateway SDK: 1.5.0
2026.09.17-14:07:07.814[32m info [39m [caliper] [IdentityManager] 	Adding User1 (admin=false) as User1 for organization BankIndonesiaOrgMSP
2026.09.17-14:07:07.816[32m info [39m [caliper] [IdentityManager] 	Adding User1 (admin=false) as _HimbaraBankOrgMSP_User1 for organization HimbaraBankOrgMSP
2026.09.17-14:07:07.819[32m info [39m [caliper] [IdentityManager] 	Adding User1 (admin=false) as _CommercialBankOrgMSP_User1 for organization CommercialBankOrgMSP
2026.09.17-14:07:07.825[32m info [39m [caliper] [worker-message-handler] 	Worker#3 initialized
2026.09.17-14:07:07.844[32m info [39m [caliper] [FabricConnectorFactory] 	Initializing peer gateway connector compatible with installed fabric-gateway SDK: 1.5.0
2026.09.17-14:07:07.851[32m info [39m [caliper] [IdentityManager] 	Adding User1 (admin=false) as User1 for organization BankIndonesiaOrgMSP
2026.09.17-14:07:07.852[32m info [39m [caliper] [IdentityManager] 	Adding User1 (admin=false) as _HimbaraBankOrgMSP_User1 for organization HimbaraBankOrgMSP
2026.09.17-14:07:07.853[32m info [39m [caliper] [IdentityManager] 	Adding User1 (admin=false) as _CommercialBankOrgMSP_User1 for organization CommercialBankOrgMSP
2026.09.17-14:07:07.859[32m info [39m [caliper] [worker-message-handler] 	Worker#0 initialized
2026.09.17-14:07:07.860[32m info [39m [caliper] [worker-orchestrator] 	4 workers ready, progressing to test preparation phase.
2026.09.17-14:07:07.862[32m info [39m [caliper] [round-orchestrator] 	Started round 1 (warmup-retail-transfer-low-30tps)
2026.09.17-14:07:07.864[32m info [39m [caliper] [worker-message-handler] 	Preparing Worker#1 for Round#0
2026.09.17-14:07:07.866[32m info [39m [caliper] [worker-message-handler] 	Preparing Worker#3 for Round#0
2026.09.17-14:07:07.871[32m info [39m [caliper] [worker-message-handler] 	Preparing Worker#0 for Round#0
2026.09.17-14:07:07.874[32m info [39m [caliper] [worker-message-handler] 	Preparing Worker#2 for Round#0
2026.09.17-14:07:07.892[32m info [39m [caliper] [connectors/peer-gateway/PeerGateway] 	Generating contract map for user User1
2026.09.17-14:07:07.898[32m info [39m [caliper] [connectors/peer-gateway/PeerGateway] 	Generating contract map for user _HimbaraBankOrgMSP_User1
2026.09.17-14:07:07.901[32m info [39m [caliper] [connectors/peer-gateway/PeerGateway] 	Generating contract map for user _CommercialBankOrgMSP_User1
2026.09.17-14:07:07.902[32m info [39m [caliper] [caliper-worker] 	Info: worker 1 prepare test phase for round 0 is starting...
2026.09.17-14:07:07.906[32m info [39m [caliper] [connectors/peer-gateway/PeerGateway] 	Generating contract map for user User1
2026.09.17-14:07:07.911[32m info [39m [caliper] [connectors/peer-gateway/PeerGateway] 	Generating contract map for user _HimbaraBankOrgMSP_User1
2026.09.17-14:07:07.912[32m info [39m [caliper] [connectors/peer-gateway/PeerGateway] 	Generating contract map for user User1
2026.09.17-14:07:07.915[32m info [39m [caliper] [connectors/peer-gateway/PeerGateway] 	Generating contract map for user _CommercialBankOrgMSP_User1
2026.09.17-14:07:07.915[32m info [39m [caliper] [caliper-worker] 	Info: worker 3 prepare test phase for round 0 is starting...
2026.09.17-14:07:07.918[32m info [39m [caliper] [connectors/peer-gateway/PeerGateway] 	Generating contract map for user _HimbaraBankOrgMSP_User1
2026.09.17-14:07:07.921[32m info [39m [caliper] [connectors/peer-gateway/PeerGateway] 	Generating contract map for user _CommercialBankOrgMSP_User1
2026.09.17-14:07:07.922[32m info [39m [caliper] [caliper-worker] 	Info: worker 2 prepare test phase for round 0 is starting...
2026.09.17-14:07:07.924[32m info [39m [caliper] [connectors/peer-gateway/PeerGateway] 	Generating contract map for user User1
2026.09.17-14:07:07.932[32m info [39m [caliper] [connectors/peer-gateway/PeerGateway] 	Generating contract map for user _HimbaraBankOrgMSP_User1
2026.09.17-14:07:07.938[32m info [39m [caliper] [connectors/peer-gateway/PeerGateway] 	Generating contract map for user _CommercialBankOrgMSP_User1
2026.09.17-14:07:07.938[32m info [39m [caliper] [caliper-worker] 	Info: worker 0 prepare test phase for round 0 is starting...
2026.09.17-14:07:08.001[31m error[39m [caliper] [connectors/peer-gateway/PeerGateway] 	Failed to perform query transaction [GetParticipant] using arguments [bench_custodian_20260917-pilot6_calibration-retail-transfer-low-4w-30tps-r3_retail-transfer-low],  with error: GatewayError: 2 UNKNOWN: evaluate call to endorser returned error: chaincode response 500, participant bench_custodian_20260917-pilot6_calibration-retail-transfer-low-4w-30tps-r3_retail-transfer-low not found
Details:
-  peer0.bi.paynet:7051:chaincode response 500, participant bench_custodian_20260917-pilot6_calibration-retail-transfer-low-4w-30tps-r3_retail-transfer-low not found
2026.09.17-14:08:05.290[32m info [39m [caliper] [connectors/peer-gateway/PeerGateway] 	disconnecting gateway for user User1
2026.09.17-14:08:05.290[32m info [39m [caliper] [connectors/peer-gateway/PeerGateway] 	disconnecting gateway for user _HimbaraBankOrgMSP_User1
2026.09.17-14:08:05.290[32m info [39m [caliper] [connectors/peer-gateway/PeerGateway] 	disconnecting gateway for user _CommercialBankOrgMSP_User1
2026.09.17-14:08:05.290[32m info [39m [caliper] [connectors/peer-gateway/PeerGateway] 	disconnecting gRpc client at peer peer0.bi.paynet
2026.09.17-14:08:05.290[32m info [39m [caliper] [connectors/peer-gateway/PeerGateway] 	disconnecting gRpc client at peer peer0.himbara.paynet
2026.09.17-14:08:05.291[32m info [39m [caliper] [connectors/peer-gateway/PeerGateway] 	disconnecting gRpc client at peer peer0.commercial.paynet
2026.09.17-14:08:05.291[32m info [39m [caliper] [caliper-worker] 	Info: worker 1 prepare test phase for round 0 is completed
2026.09.17-14:08:05.291[32m info [39m [caliper] [worker-message-handler] 	Worker#1 prepared for Round#0
2026.09.17-14:08:36.931[32m info [39m [caliper] [connectors/peer-gateway/PeerGateway] 	disconnecting gateway for user User1
2026.09.17-14:08:36.932[32m info [39m [caliper] [connectors/peer-gateway/PeerGateway] 	disconnecting gateway for user _HimbaraBankOrgMSP_User1
2026.09.17-14:08:36.932[32m info [39m [caliper] [connectors/peer-gateway/PeerGateway] 	disconnecting gateway for user _CommercialBankOrgMSP_User1
2026.09.17-14:08:36.932[32m info [39m [caliper] [connectors/peer-gateway/PeerGateway] 	disconnecting gRpc client at peer peer0.bi.paynet
2026.09.17-14:08:36.933[32m info [39m [caliper] [connectors/peer-gateway/PeerGateway] 	disconnecting gRpc client at peer peer0.himbara.paynet
2026.09.17-14:08:36.934[32m info [39m [caliper] [connectors/peer-gateway/PeerGateway] 	disconnecting gRpc client at peer peer0.commercial.paynet
2026.09.17-14:08:36.935[32m info [39m [caliper] [caliper-worker] 	Info: worker 3 prepare test phase for round 0 is completed
2026.09.17-14:08:36.935[32m info [39m [caliper] [worker-message-handler] 	Worker#3 prepared for Round#0
2026.09.17-14:09:08.791[32m info [39m [caliper] [connectors/peer-gateway/PeerGateway] 	disconnecting gateway for user User1
2026.09.17-14:09:08.791[32m info [39m [caliper] [connectors/peer-gateway/PeerGateway] 	disconnecting gateway for user _HimbaraBankOrgMSP_User1
2026.09.17-14:09:08.794[32m info [39m [caliper] [connectors/peer-gateway/PeerGateway] 	disconnecting gateway for user _CommercialBankOrgMSP_User1
2026.09.17-14:09:08.794[32m info [39m [caliper] [connectors/peer-gateway/PeerGateway] 	disconnecting gRpc client at peer peer0.bi.paynet
2026.09.17-14:09:08.794[32m info [39m [caliper] [connectors/peer-gateway/PeerGateway] 	disconnecting gRpc client at peer peer0.himbara.paynet
2026.09.17-14:09:08.795[32m info [39m [caliper] [connectors/peer-gateway/PeerGateway] 	disconnecting gRpc client at peer peer0.commercial.paynet
2026.09.17-14:09:08.795[32m info [39m [caliper] [caliper-worker] 	Info: worker 0 prepare test phase for round 0 is completed
2026.09.17-14:09:08.795[32m info [39m [caliper] [worker-message-handler] 	Worker#0 prepared for Round#0
2026.09.17-14:09:40.378[32m info [39m [caliper] [connectors/peer-gateway/PeerGateway] 	disconnecting gateway for user User1
2026.09.17-14:09:40.378[32m info [39m [caliper] [connectors/peer-gateway/PeerGateway] 	disconnecting gateway for user _HimbaraBankOrgMSP_User1
2026.09.17-14:09:40.379[32m info [39m [caliper] [connectors/peer-gateway/PeerGateway] 	disconnecting gateway for user _CommercialBankOrgMSP_User1
2026.09.17-14:09:40.379[32m info [39m [caliper] [connectors/peer-gateway/PeerGateway] 	disconnecting gRpc client at peer peer0.bi.paynet
2026.09.17-14:09:40.379[32m info [39m [caliper] [connectors/peer-gateway/PeerGateway] 	disconnecting gRpc client at peer peer0.himbara.paynet
2026.09.17-14:09:40.379[32m info [39m [caliper] [connectors/peer-gateway/PeerGateway] 	disconnecting gRpc client at peer peer0.commercial.paynet
2026.09.17-14:09:40.379[32m info [39m [caliper] [caliper-worker] 	Info: worker 2 prepare test phase for round 0 is completed
2026.09.17-14:09:40.380[32m info [39m [caliper] [worker-message-handler] 	Worker#2 prepared for Round#0
2026.09.17-14:09:40.380[32m info [39m [caliper] [worker-orchestrator] 	4 workers prepared, progressing to test phase.
2026.09.17-14:09:42.450[32m info [39m [caliper] [monitor-process] 	Registering node caliper(sum) within process monitor
2026.09.17-14:09:42.722[32m info [39m [caliper] [monitor-process] 	Starting process monitor with update interval 1000 ms
2026.09.17-14:09:42.723[32m info [39m [caliper] [round-orchestrator] 	Monitors successfully started
2026.09.17-14:09:42.724[32m info [39m [caliper] [worker-message-handler] 	Worker#0 is starting Round#0
2026.09.17-14:09:42.724[32m info [39m [caliper] [worker-message-handler] 	Worker#2 is starting Round#0
2026.09.17-14:09:42.725[32m info [39m [caliper] [worker-message-handler] 	Worker#1 is starting Round#0
2026.09.17-14:09:42.725[32m info [39m [caliper] [worker-message-handler] 	Worker#3 is starting Round#0
2026.09.17-14:09:42.732[32m info [39m [caliper] [connectors/peer-gateway/PeerGateway] 	Generating contract map for user User1
2026.09.17-14:09:42.736[32m info [39m [caliper] [connectors/peer-gateway/PeerGateway] 	Generating contract map for user _HimbaraBankOrgMSP_User1
2026.09.17-14:09:42.736[32m info [39m [caliper] [connectors/peer-gateway/PeerGateway] 	Generating contract map for user User1
2026.09.17-14:09:42.736[32m info [39m [caliper] [connectors/peer-gateway/PeerGateway] 	Generating contract map for user User1
2026.09.17-14:09:42.736[32m info [39m [caliper] [connectors/peer-gateway/PeerGateway] 	Generating contract map for user User1
2026.09.17-14:09:42.739[32m info [39m [caliper] [connectors/peer-gateway/PeerGateway] 	Generating contract map for user _HimbaraBankOrgMSP_User1
2026.09.17-14:09:42.739[32m info [39m [caliper] [connectors/peer-gateway/PeerGateway] 	Generating contract map for user _HimbaraBankOrgMSP_User1
2026.09.17-14:09:42.739[32m info [39m [caliper] [connectors/peer-gateway/PeerGateway] 	Generating contract map for user _HimbaraBankOrgMSP_User1
2026.09.17-14:09:42.739[32m info [39m [caliper] [connectors/peer-gateway/PeerGateway] 	Generating contract map for user _CommercialBankOrgMSP_User1
2026.09.17-14:09:42.741[32m info [39m [caliper] [connectors/peer-gateway/PeerGateway] 	Generating contract map for user _CommercialBankOrgMSP_User1
2026.09.17-14:09:42.742[32m info [39m [caliper] [connectors/peer-gateway/PeerGateway] 	Generating contract map for user _CommercialBankOrgMSP_User1
2026.09.17-14:09:42.742[32m info [39m [caliper] [connectors/peer-gateway/PeerGateway] 	Generating contract map for user _CommercialBankOrgMSP_User1
2026.09.17-14:09:42.742[32m info [39m [caliper] [caliper-worker] 	Worker #2 starting workload loop
2026.09.17-14:09:42.744[32m info [39m [caliper] [caliper-worker] 	Worker #0 starting workload loop
2026.09.17-14:09:42.744[32m info [39m [caliper] [caliper-worker] 	Worker #3 starting workload loop
2026.09.17-14:09:42.745[32m info [39m [caliper] [caliper-worker] 	Worker #1 starting workload loop
2026.09.17-14:09:45.384[32m info [39m [caliper] [default-observer] 	[warmup-retail-transfer-low-30tps Round 0 Transaction Info] - Submitted: 12 Succ: 10 Fail:0 Unfinished:2
2026.09.17-14:09:50.381[32m info [39m [caliper] [default-observer] 	[warmup-retail-transfer-low-30tps Round 0 Transaction Info] - Submitted: 36 Succ: 30 Fail:0 Unfinished:6
2026.09.17-14:09:55.382[32m info [39m [caliper] [default-observer] 	[warmup-retail-transfer-low-30tps Round 0 Transaction Info] - Submitted: 64 Succ: 60 Fail:0 Unfinished:4
2026.09.17-14:10:00.384[32m info [39m [caliper] [default-observer] 	[warmup-retail-transfer-low-30tps Round 0 Transaction Info] - Submitted: 88 Succ: 80 Fail:0 Unfinished:8
2026.09.17-14:10:05.384[32m info [39m [caliper] [default-observer] 	[warmup-retail-transfer-low-30tps Round 0 Transaction Info] - Submitted: 112 Succ: 110 Fail:0 Unfinished:2
2026.09.17-14:10:10.384[32m info [39m [caliper] [default-observer] 	[warmup-retail-transfer-low-30tps Round 0 Transaction Info] - Submitted: 136 Succ: 130 Fail:0 Unfinished:6
2026.09.17-14:10:15.385[32m info [39m [caliper] [default-observer] 	[warmup-retail-transfer-low-30tps Round 0 Transaction Info] - Submitted: 156 Succ: 156 Fail:0 Unfinished:0
2026.09.17-14:10:15.549[32m info [39m [caliper] [connectors/peer-gateway/PeerGateway] 	disconnecting gateway for user User1
2026.09.17-14:10:15.549[32m info [39m [caliper] [connectors/peer-gateway/PeerGateway] 	disconnecting gateway for user _HimbaraBankOrgMSP_User1
2026.09.17-14:10:15.550[32m info [39m [caliper] [connectors/peer-gateway/PeerGateway] 	disconnecting gateway for user _CommercialBankOrgMSP_User1
2026.09.17-14:10:15.550[32m info [39m [caliper] [connectors/peer-gateway/PeerGateway] 	disconnecting gRpc client at peer peer0.bi.paynet
2026.09.17-14:10:15.550[32m info [39m [caliper] [connectors/peer-gateway/PeerGateway] 	disconnecting gRpc client at peer peer0.himbara.paynet
2026.09.17-14:10:15.550[32m info [39m [caliper] [connectors/peer-gateway/PeerGateway] 	disconnecting gRpc client at peer peer0.commercial.paynet
2026.09.17-14:10:15.550[32m info [39m [caliper] [worker-message-handler] 	Worker#2 finished Round#0
2026.09.17-14:10:15.552[32m info [39m [caliper] [connectors/peer-gateway/PeerGateway] 	disconnecting gateway for user User1
2026.09.17-14:10:15.552[32m info [39m [caliper] [connectors/peer-gateway/PeerGateway] 	disconnecting gateway for user _HimbaraBankOrgMSP_User1
2026.09.17-14:10:15.552[32m info [39m [caliper] [connectors/peer-gateway/PeerGateway] 	disconnecting gateway for user User1
2026.09.17-14:10:15.552[32m info [39m [caliper] [connectors/peer-gateway/PeerGateway] 	disconnecting gateway for user _CommercialBankOrgMSP_User1
2026.09.17-14:10:15.552[32m info [39m [caliper] [connectors/peer-gateway/PeerGateway] 	disconnecting gateway for user _HimbaraBankOrgMSP_User1
2026.09.17-14:10:15.552[32m info [39m [caliper] [connectors/peer-gateway/PeerGateway] 	disconnecting gRpc client at peer peer0.bi.paynet
2026.09.17-14:10:15.552[32m info [39m [caliper] [connectors/peer-gateway/PeerGateway] 	disconnecting gateway for user _CommercialBankOrgMSP_User1
2026.09.17-14:10:15.552[32m info [39m [caliper] [connectors/peer-gateway/PeerGateway] 	disconnecting gRpc client at peer peer0.bi.paynet
2026.09.17-14:10:15.552[32m info [39m [caliper] [connectors/peer-gateway/PeerGateway] 	disconnecting gRpc client at peer peer0.himbara.paynet
2026.09.17-14:10:15.552[32m info [39m [caliper] [connectors/peer-gateway/PeerGateway] 	disconnecting gRpc client at peer peer0.himbara.paynet
2026.09.17-14:10:15.552[32m info [39m [caliper] [connectors/peer-gateway/PeerGateway] 	disconnecting gRpc client at peer peer0.commercial.paynet
2026.09.17-14:10:15.552[32m info [39m [caliper] [connectors/peer-gateway/PeerGateway] 	disconnecting gRpc client at peer peer0.commercial.paynet
2026.09.17-14:10:15.553[32m info [39m [caliper] [worker-message-handler] 	Worker#1 finished Round#0
2026.09.17-14:10:15.553[32m info [39m [caliper] [worker-message-handler] 	Worker#3 finished Round#0
2026.09.17-14:10:15.553[32m info [39m [caliper] [connectors/peer-gateway/PeerGateway] 	disconnecting gateway for user User1
2026.09.17-14:10:15.553[32m info [39m [caliper] [connectors/peer-gateway/PeerGateway] 	disconnecting gateway for user _HimbaraBankOrgMSP_User1
2026.09.17-14:10:15.553[32m info [39m [caliper] [connectors/peer-gateway/PeerGateway] 	disconnecting gateway for user _CommercialBankOrgMSP_User1
2026.09.17-14:10:15.553[32m info [39m [caliper] [connectors/peer-gateway/PeerGateway] 	disconnecting gRpc client at peer peer0.bi.paynet
2026.09.17-14:10:15.553[32m info [39m [caliper] [connectors/peer-gateway/PeerGateway] 	disconnecting gRpc client at peer peer0.himbara.paynet
2026.09.17-14:10:15.554[32m info [39m [caliper] [connectors/peer-gateway/PeerGateway] 	disconnecting gRpc client at peer peer0.commercial.paynet
2026.09.17-14:10:15.554[32m info [39m [caliper] [worker-message-handler] 	Worker#0 finished Round#0
2026.09.17-14:10:20.555[32m info [39m [caliper] [default-observer] 	Resetting txCount indicator count
2026.09.17-14:10:20.556[32m info [39m [caliper] [report-builder] 	### Test result ###
2026.09.17-14:10:20.561[32m info [39m [caliper] [report-builder] 	
+----------------------------------+------+------+-----------------+-----------------+-----------------+-----------------+------------------+
| Name                             | Succ | Fail | Send Rate (TPS) | Max Latency (s) | Min Latency (s) | Avg Latency (s) | Throughput (TPS) |
|----------------------------------|------|------|-----------------|-----------------|-----------------|-----------------|------------------|
| warmup-retail-transfer-low-30tps | 156  | 0    | 5.1             | 2.15            | 0.13            | 1.06            | 4.9              |
+----------------------------------+------+------+-----------------+-----------------+-----------------+-----------------+------------------+

2026.09.17-14:10:20.567[32m info [39m [caliper] [report-builder] 	### docker resource stats ###'
2026.09.17-14:10:20.570[32m info [39m [caliper] [report-builder] 	
+-----------------------------+-----------+-----------+------------------+------------------+-----------------+------------------+-----------------+----------------+
| Name                        | CPU%(max) | CPU%(avg) | Memory(max) [MB] | Memory(avg) [MB] | Traffic In [MB] | Traffic Out [MB] | Disc Write [MB] | Disc Read [MB] |
|-----------------------------|-----------|-----------|------------------|------------------|-----------------|------------------|-----------------|----------------|
| /peer0.ojk.paynet           | 0.06625   | 0.0275    | 104              | 99.0             | 2.61            | 1.18             | 3.89            | 0.00           |
|-----------------------------|-----------|-----------|------------------|------------------|-----------------|------------------|-----------------|----------------|
| /peer0.pjp.paynet           | 0.0375    | 0.02625   | 106              | 103              | 2.61            | 1.19             | 4.01            | 0.00           |
|-----------------------------|-----------|-----------|------------------|------------------|-----------------|------------------|-----------------|----------------|
| /peer0.himbara.paynet       | 0.115     | 0.06125   | 110              | 107              | 5.44            | 5.35             | 3.91            | 1.27           |
|-----------------------------|-----------|-----------|------------------|------------------|-----------------|------------------|-----------------|----------------|
| /peer0.commercial.paynet    | 0.04375   | 0.02375   | 100              | 97.6             | 2.61            | 1.18             | 3.62            | 0.00           |
|-----------------------------|-----------|-----------|------------------|------------------|-----------------|------------------|-----------------|----------------|
| /peer0.bi.paynet            | 0.04375   | 0.02625   | 105              | 102              | 2.63            | 1.20             | 3.90            | 0.672          |
|-----------------------------|-----------|-----------|------------------|------------------|-----------------|------------------|-----------------|----------------|
| /couchdb0.himbara.paynet    | 0.41625   | 0.0975    | 58.8             | 57.3             | 0.968           | 0.521            | 88.1            | 2.04           |
|-----------------------------|-----------|-----------|------------------|------------------|-----------------|------------------|-----------------|----------------|
| /couchdb0.pjp.paynet        | 0.10875   | 0.0325    | 58.2             | 56.9             | 0.976           | 1.07             | 29.6            | 0.445          |
|-----------------------------|-----------|-----------|------------------|------------------|-----------------|------------------|-----------------|----------------|
| /orderer.paynet             | 0.01375   | 0.00625   | 47.6             | 45.8             | 1.44            | 6.78             | 4.49            | 0.00           |
|-----------------------------|-----------|-----------|------------------|------------------|-----------------|------------------|-----------------|----------------|
| /couchdb0.commercial.paynet | 0.135     | 0.03375   | 57.6             | 54.3             | 0.978           | 1.07             | 7.59            | 0.465          |
|-----------------------------|-----------|-----------|------------------|------------------|-----------------|------------------|-----------------|----------------|
| /couchdb0.ojk.paynet        | 0.42875   | 0.05625   | 57.3             | 55.1             | 0.978           | 1.07             | 7.48            | 1.65           |
|-----------------------------|-----------|-----------|------------------|------------------|-----------------|------------------|-----------------|----------------|
| /couchdb0.bi.paynet         | 0.10875   | 0.03125   | 59.9             | 56.0             | 0.976           | 1.07             | 15.1            | 1.24           |
+-----------------------------+-----------+-----------+------------------+------------------+-----------------+------------------+-----------------+----------------+

2026.09.17-14:10:20.571[32m info [39m [caliper] [report-builder] 	### process resource stats ###'
2026.09.17-14:10:20.571[32m info [39m [caliper] [report-builder] 	
+-------------------+-----------+-----------+-----------------+-----------------+
| Name              | CPU%(max) | CPU%(avg) | Memory(max) [B] | Memory(avg) [B] |
|-------------------|-----------|-----------|-----------------|-----------------|
| node caliper(sum) | 51.26     | 26.77     | -               | -               |
+-------------------+-----------+-----------+-----------------+-----------------+

2026.09.17-14:10:20.572[32m info [39m [caliper] [round-orchestrator] 	Finished round 1 (warmup-retail-transfer-low-30tps) in 31.811 seconds
2026.09.17-14:10:20.572[32m info [39m [caliper] [monitor.js] 	Stopping all monitors
2026.09.17-14:10:20.773[32m info [39m [caliper] [round-orchestrator] 	Waiting 5 seconds for the next round...
2026.09.17-14:10:25.773[32m info [39m [caliper] [round-orchestrator] 	Started round 2 (retail-transfer-low-30tps)
2026.09.17-14:10:25.774[32m info [39m [caliper] [worker-message-handler] 	Preparing Worker#0 for Round#1
2026.09.17-14:10:25.774[32m info [39m [caliper] [worker-message-handler] 	Preparing Worker#1 for Round#1
2026.09.17-14:10:25.774[32m info [39m [caliper] [worker-message-handler] 	Preparing Worker#2 for Round#1
2026.09.17-14:10:25.775[32m info [39m [caliper] [worker-message-handler] 	Preparing Worker#3 for Round#1
2026.09.17-14:10:25.776[32m info [39m [caliper] [connectors/peer-gateway/PeerGateway] 	Generating contract map for user User1
2026.09.17-14:10:25.777[32m info [39m [caliper] [connectors/peer-gateway/PeerGateway] 	Generating contract map for user User1
2026.09.17-14:10:25.777[32m info [39m [caliper] [connectors/peer-gateway/PeerGateway] 	Generating contract map for user User1
2026.09.17-14:10:25.777[32m info [39m [caliper] [connectors/peer-gateway/PeerGateway] 	Generating contract map for user User1
2026.09.17-14:10:25.778[32m info [39m [caliper] [connectors/peer-gateway/PeerGateway] 	Generating contract map for user _HimbaraBankOrgMSP_User1
2026.09.17-14:10:25.779[32m info [39m [caliper] [connectors/peer-gateway/PeerGateway] 	Generating contract map for user _HimbaraBankOrgMSP_User1
2026.09.17-14:10:25.779[32m info [39m [caliper] [connectors/peer-gateway/PeerGateway] 	Generating contract map for user _HimbaraBankOrgMSP_User1
2026.09.17-14:10:25.779[32m info [39m [caliper] [connectors/peer-gateway/PeerGateway] 	Generating contract map for user _HimbaraBankOrgMSP_User1
2026.09.17-14:10:25.781[32m info [39m [caliper] [connectors/peer-gateway/PeerGateway] 	Generating contract map for user _CommercialBankOrgMSP_User1
2026.09.17-14:10:25.781[32m info [39m [caliper] [connectors/peer-gateway/PeerGateway] 	Generating contract map for user _CommercialBankOrgMSP_User1
2026.09.17-14:10:25.782[32m info [39m [caliper] [caliper-worker] 	Info: worker 0 prepare test phase for round 1 is starting...
2026.09.17-14:10:25.782[32m info [39m [caliper] [caliper-worker] 	Info: worker 1 prepare test phase for round 1 is starting...
2026.09.17-14:10:25.782[32m info [39m [caliper] [connectors/peer-gateway/PeerGateway] 	Generating contract map for user _CommercialBankOrgMSP_User1
2026.09.17-14:10:25.782[32m info [39m [caliper] [connectors/peer-gateway/PeerGateway] 	Generating contract map for user _CommercialBankOrgMSP_User1
2026.09.17-14:10:25.783[32m info [39m [caliper] [caliper-worker] 	Info: worker 3 prepare test phase for round 1 is starting...
2026.09.17-14:10:25.783[32m info [39m [caliper] [caliper-worker] 	Info: worker 2 prepare test phase for round 1 is starting...
2026.09.17-14:10:25.795[32m info [39m [caliper] [connectors/peer-gateway/PeerGateway] 	disconnecting gateway for user User1
2026.09.17-14:10:25.795[32m info [39m [caliper] [connectors/peer-gateway/PeerGateway] 	disconnecting gateway for user _HimbaraBankOrgMSP_User1
2026.09.17-14:10:25.795[32m info [39m [caliper] [connectors/peer-gateway/PeerGateway] 	disconnecting gateway for user _CommercialBankOrgMSP_User1
2026.09.17-14:10:25.795[32m info [39m [caliper] [connectors/peer-gateway/PeerGateway] 	disconnecting gRpc client at peer peer0.bi.paynet
2026.09.17-14:10:25.795[32m info [39m [caliper] [connectors/peer-gateway/PeerGateway] 	disconnecting gRpc client at peer peer0.himbara.paynet
2026.09.17-14:10:25.796[32m info [39m [caliper] [connectors/peer-gateway/PeerGateway] 	disconnecting gRpc client at peer peer0.commercial.paynet
2026.09.17-14:10:25.796[32m info [39m [caliper] [caliper-worker] 	Info: worker 1 prepare test phase for round 1 is completed
2026.09.17-14:10:25.796[32m info [39m [caliper] [worker-message-handler] 	Worker#1 prepared for Round#1
2026.09.17-14:10:25.796[32m info [39m [caliper] [connectors/peer-gateway/PeerGateway] 	disconnecting gateway for user User1
2026.09.17-14:10:25.796[32m info [39m [caliper] [connectors/peer-gateway/PeerGateway] 	disconnecting gateway for user _HimbaraBankOrgMSP_User1
2026.09.17-14:10:25.796[32m info [39m [caliper] [connectors/peer-gateway/PeerGateway] 	disconnecting gateway for user _CommercialBankOrgMSP_User1
2026.09.17-14:10:25.797[32m info [39m [caliper] [connectors/peer-gateway/PeerGateway] 	disconnecting gRpc client at peer peer0.bi.paynet
2026.09.17-14:10:25.797[32m info [39m [caliper] [connectors/peer-gateway/PeerGateway] 	disconnecting gateway for user User1
2026.09.17-14:10:25.797[32m info [39m [caliper] [connectors/peer-gateway/PeerGateway] 	disconnecting gRpc client at peer peer0.himbara.paynet
2026.09.17-14:10:25.797[32m info [39m [caliper] [connectors/peer-gateway/PeerGateway] 	disconnecting gateway for user _HimbaraBankOrgMSP_User1
2026.09.17-14:10:25.797[32m info [39m [caliper] [connectors/peer-gateway/PeerGateway] 	disconnecting gateway for user _CommercialBankOrgMSP_User1
2026.09.17-14:10:25.797[32m info [39m [caliper] [connectors/peer-gateway/PeerGateway] 	disconnecting gRpc client at peer peer0.commercial.paynet
2026.09.17-14:10:25.797[32m info [39m [caliper] [connectors/peer-gateway/PeerGateway] 	disconnecting gRpc client at peer peer0.bi.paynet
2026.09.17-14:10:25.797[32m info [39m [caliper] [connectors/peer-gateway/PeerGateway] 	disconnecting gRpc client at peer peer0.himbara.paynet
2026.09.17-14:10:25.797[32m info [39m [caliper] [connectors/peer-gateway/PeerGateway] 	disconnecting gRpc client at peer peer0.commercial.paynet
2026.09.17-14:10:25.797[32m info [39m [caliper] [caliper-worker] 	Info: worker 3 prepare test phase for round 1 is completed
2026.09.17-14:10:25.797[32m info [39m [caliper] [worker-message-handler] 	Worker#3 prepared for Round#1
2026.09.17-14:10:25.797[32m info [39m [caliper] [caliper-worker] 	Info: worker 2 prepare test phase for round 1 is completed
2026.09.17-14:10:25.797[32m info [39m [caliper] [worker-message-handler] 	Worker#2 prepared for Round#1
2026.09.17-14:10:30.040[32m info [39m [caliper] [connectors/peer-gateway/PeerGateway] 	disconnecting gateway for user User1
2026.09.17-14:10:30.040[32m info [39m [caliper] [connectors/peer-gateway/PeerGateway] 	disconnecting gateway for user _HimbaraBankOrgMSP_User1
2026.09.17-14:10:30.041[32m info [39m [caliper] [connectors/peer-gateway/PeerGateway] 	disconnecting gateway for user _CommercialBankOrgMSP_User1
2026.09.17-14:10:30.041[32m info [39m [caliper] [connectors/peer-gateway/PeerGateway] 	disconnecting gRpc client at peer peer0.bi.paynet
2026.09.17-14:10:30.041[32m info [39m [caliper] [connectors/peer-gateway/PeerGateway] 	disconnecting gRpc client at peer peer0.himbara.paynet
2026.09.17-14:10:30.041[32m info [39m [caliper] [connectors/peer-gateway/PeerGateway] 	disconnecting gRpc client at peer peer0.commercial.paynet
2026.09.17-14:10:30.041[32m info [39m [caliper] [caliper-worker] 	Info: worker 0 prepare test phase for round 1 is completed
2026.09.17-14:10:30.043[32m info [39m [caliper] [worker-message-handler] 	Worker#0 prepared for Round#1
2026.09.17-14:10:30.043[32m info [39m [caliper] [worker-orchestrator] 	4 workers prepared, progressing to test phase.
2026.09.17-14:10:32.080[32m info [39m [caliper] [monitor-process] 	Registering node caliper(sum) within process monitor
2026.09.17-14:10:32.249[32m info [39m [caliper] [monitor-process] 	Starting process monitor with update interval 1000 ms
2026.09.17-14:10:32.249[32m info [39m [caliper] [round-orchestrator] 	Monitors successfully started
2026.09.17-14:10:32.250[32m info [39m [caliper] [worker-message-handler] 	Worker#0 is starting Round#1
2026.09.17-14:10:32.251[32m info [39m [caliper] [worker-message-handler] 	Worker#1 is starting Round#1
2026.09.17-14:10:32.251[32m info [39m [caliper] [worker-message-handler] 	Worker#2 is starting Round#1
2026.09.17-14:10:32.251[32m info [39m [caliper] [worker-message-handler] 	Worker#3 is starting Round#1
2026.09.17-14:10:32.254[32m info [39m [caliper] [connectors/peer-gateway/PeerGateway] 	Generating contract map for user User1
2026.09.17-14:10:32.254[32m info [39m [caliper] [connectors/peer-gateway/PeerGateway] 	Generating contract map for user User1
2026.09.17-14:10:32.254[32m info [39m [caliper] [connectors/peer-gateway/PeerGateway] 	Generating contract map for user User1
2026.09.17-14:10:32.254[32m info [39m [caliper] [connectors/peer-gateway/PeerGateway] 	Generating contract map for user User1
2026.09.17-14:10:32.256[32m info [39m [caliper] [connectors/peer-gateway/PeerGateway] 	Generating contract map for user _HimbaraBankOrgMSP_User1
2026.09.17-14:10:32.256[32m info [39m [caliper] [connectors/peer-gateway/PeerGateway] 	Generating contract map for user _HimbaraBankOrgMSP_User1
2026.09.17-14:10:32.256[32m info [39m [caliper] [connectors/peer-gateway/PeerGateway] 	Generating contract map for user _HimbaraBankOrgMSP_User1
2026.09.17-14:10:32.256[32m info [39m [caliper] [connectors/peer-gateway/PeerGateway] 	Generating contract map for user _HimbaraBankOrgMSP_User1
2026.09.17-14:10:32.258[32m info [39m [caliper] [connectors/peer-gateway/PeerGateway] 	Generating contract map for user _CommercialBankOrgMSP_User1
2026.09.17-14:10:32.258[32m info [39m [caliper] [connectors/peer-gateway/PeerGateway] 	Generating contract map for user _CommercialBankOrgMSP_User1
2026.09.17-14:10:32.258[32m info [39m [caliper] [connectors/peer-gateway/PeerGateway] 	Generating contract map for user _CommercialBankOrgMSP_User1
2026.09.17-14:10:32.258[32m info [39m [caliper] [connectors/peer-gateway/PeerGateway] 	Generating contract map for user _CommercialBankOrgMSP_User1
2026.09.17-14:10:32.258[32m info [39m [caliper] [caliper-worker] 	Worker #3 starting workload loop
2026.09.17-14:10:32.258[32m info [39m [caliper] [caliper-worker] 	Worker #2 starting workload loop
2026.09.17-14:10:32.258[32m info [39m [caliper] [caliper-worker] 	Worker #1 starting workload loop
2026.09.17-14:10:32.258[32m info [39m [caliper] [caliper-worker] 	Worker #0 starting workload loop
2026.09.17-14:10:35.045[32m info [39m [caliper] [default-observer] 	[retail-transfer-low-30tps Round 1 Transaction Info] - Submitted: 61 Succ: 50 Fail:0 Unfinished:11
2026.09.17-14:10:40.045[32m info [39m [caliper] [default-observer] 	[retail-transfer-low-30tps Round 1 Transaction Info] - Submitted: 212 Succ: 200 Fail:0 Unfinished:12
2026.09.17-14:10:45.046[32m info [39m [caliper] [default-observer] 	[retail-transfer-low-30tps Round 1 Transaction Info] - Submitted: 364 Succ: 350 Fail:0 Unfinished:14
2026.09.17-14:10:50.046[32m info [39m [caliper] [default-observer] 	[retail-transfer-low-30tps Round 1 Transaction Info] - Submitted: 512 Succ: 500 Fail:0 Unfinished:12
2026.09.17-14:10:55.046[32m info [39m [caliper] [default-observer] 	[retail-transfer-low-30tps Round 1 Transaction Info] - Submitted: 664 Succ: 650 Fail:0 Unfinished:14
2026.09.17-14:11:00.045[32m info [39m [caliper] [default-observer] 	[retail-transfer-low-30tps Round 1 Transaction Info] - Submitted: 815 Succ: 760 Fail:0 Unfinished:55
2026.09.17-14:11:05.048[32m info [39m [caliper] [default-observer] 	[retail-transfer-low-30tps Round 1 Transaction Info] - Submitted: 966 Succ: 882 Fail:0 Unfinished:84
2026.09.17-14:11:05.658[31m error[39m [caliper] [connectors/peer-gateway/PeerGateway] 	Failed to perform submit transaction [Transfer] using arguments [wlt_c_20260917-pilot6_calibration-retail-transfer-low-4w-30tps-r3_retail-transfer-low_w2_9,wlt_c_20260917-pilot6_calibration-retail-transfer-low-4w-30tps-r3_retail-transfer-low_w2_28,1000,transfer_20260917-pilot6_calibration-retail-transfer-low-4w-30tps-r3_retail-transfer-low_w2_r1_232],  with error: Error: Failed to submit trasaction with status code: 11
2026.09.17-14:11:06.001[31m error[39m [caliper] [connectors/peer-gateway/PeerGateway] 	Failed to perform submit transaction [Transfer] using arguments [wlt_c_20260917-pilot6_calibration-retail-transfer-low-4w-30tps-r3_retail-transfer-low_w3_9,wlt_c_20260917-pilot6_calibration-retail-transfer-low-4w-30tps-r3_retail-transfer-low_w3_28,1000,transfer_20260917-pilot6_calibration-retail-transfer-low-4w-30tps-r3_retail-transfer-low_w3_r1_232],  with error: Error: Failed to submit trasaction with status code: 11
2026.09.17-14:11:06.006[31m error[39m [caliper] [connectors/peer-gateway/PeerGateway] 	Failed to perform submit transaction [Transfer] using arguments [wlt_c_20260917-pilot6_calibration-retail-transfer-low-4w-30tps-r3_retail-transfer-low_w2_11,wlt_c_20260917-pilot6_calibration-retail-transfer-low-4w-30tps-r3_retail-transfer-low_w2_29,1000,transfer_20260917-pilot6_calibration-retail-transfer-low-4w-30tps-r3_retail-transfer-low_w2_r1_233],  with error: Error: Failed to submit trasaction with status code: 11
2026.09.17-14:11:06.247[31m error[39m [caliper] [connectors/peer-gateway/PeerGateway] 	Failed to perform submit transaction [Transfer] using arguments [wlt_c_20260917-pilot6_calibration-retail-transfer-low-4w-30tps-r3_retail-transfer-low_w2_17,wlt_c_20260917-pilot6_calibration-retail-transfer-low-4w-30tps-r3_retail-transfer-low_w2_36,1000,transfer_20260917-pilot6_calibration-retail-transfer-low-4w-30tps-r3_retail-transfer-low_w2_r1_238],  with error: Error: Failed to submit trasaction with status code: 11
2026.09.17-14:11:06.247[31m error[39m [caliper] [connectors/peer-gateway/PeerGateway] 	Failed to perform submit transaction [Transfer] using arguments [wlt_c_20260917-pilot6_calibration-retail-transfer-low-4w-30tps-r3_retail-transfer-low_w0_8,wlt_c_20260917-pilot6_calibration-retail-transfer-low-4w-30tps-r3_retail-transfer-low_w0_27,1000,transfer_20260917-pilot6_calibration-retail-transfer-low-4w-30tps-r3_retail-transfer-low_w0_r1_231],  with error: Error: Failed to submit trasaction with status code: 11
2026.09.17-14:11:06.248[31m error[39m [caliper] [connectors/peer-gateway/PeerGateway] 	Failed to perform submit transaction [Transfer] using arguments [wlt_c_20260917-pilot6_calibration-retail-transfer-low-4w-30tps-r3_retail-transfer-low_w3_11,wlt_c_20260917-pilot6_calibration-retail-transfer-low-4w-30tps-r3_retail-transfer-low_w3_29,1000,transfer_20260917-pilot6_calibration-retail-transfer-low-4w-30tps-r3_retail-transfer-low_w3_r1_233],  with error: Error: Failed to submit trasaction with status code: 11
2026.09.17-14:11:06.248[31m error[39m [caliper] [connectors/peer-gateway/PeerGateway] 	Failed to perform submit transaction [Transfer] using arguments [wlt_c_20260917-pilot6_calibration-retail-transfer-low-4w-30tps-r3_retail-transfer-low_w1_17,wlt_c_20260917-pilot6_calibration-retail-transfer-low-4w-30tps-r3_retail-transfer-low_w1_36,1000,transfer_20260917-pilot6_calibration-retail-transfer-low-4w-30tps-r3_retail-transfer-low_w1_r1_238],  with error: Error: Failed to submit trasaction with status code: 11
2026.09.17-14:11:06.249[31m error[39m [caliper] [connectors/peer-gateway/PeerGateway] 	Failed to perform submit transaction [Transfer] using arguments [wlt_c_20260917-pilot6_calibration-retail-transfer-low-4w-30tps-r3_retail-transfer-low_w3_14,wlt_c_20260917-pilot6_calibration-retail-transfer-low-4w-30tps-r3_retail-transfer-low_w3_33,1000,transfer_20260917-pilot6_calibration-retail-transfer-low-4w-30tps-r3_retail-transfer-low_w3_r1_236],  with error: Error: Failed to submit trasaction with status code: 11
2026.09.17-14:11:06.250[31m error[39m [caliper] [connectors/peer-gateway/PeerGateway] 	Failed to perform submit transaction [Transfer] using arguments [wlt_c_20260917-pilot6_calibration-retail-transfer-low-4w-30tps-r3_retail-transfer-low_w3_17,wlt_c_20260917-pilot6_calibration-retail-transfer-low-4w-30tps-r3_retail-transfer-low_w3_36,1000,transfer_20260917-pilot6_calibration-retail-transfer-low-4w-30tps-r3_retail-transfer-low_w3_r1_238],  with error: Error: Failed to submit trasaction with status code: 11
2026.09.17-14:11:06.252[31m error[39m [caliper] [connectors/peer-gateway/PeerGateway] 	Failed to perform submit transaction [Transfer] using arguments [wlt_c_20260917-pilot6_calibration-retail-transfer-low-4w-30tps-r3_retail-transfer-low_w0_11,wlt_c_20260917-pilot6_calibration-retail-transfer-low-4w-30tps-r3_retail-transfer-low_w0_29,1000,transfer_20260917-pilot6_calibration-retail-transfer-low-4w-30tps-r3_retail-transfer-low_w0_r1_233],  with error: Error: Failed to submit trasaction with status code: 11
2026.09.17-14:11:06.514[31m error[39m [caliper] [connectors/peer-gateway/PeerGateway] 	Failed to perform submit transaction [Transfer] using arguments [wlt_c_20260917-pilot6_calibration-retail-transfer-low-4w-30tps-r3_retail-transfer-low_w1_16,wlt_c_20260917-pilot6_calibration-retail-transfer-low-4w-30tps-r3_retail-transfer-low_w1_34,1000,transfer_20260917-pilot6_calibration-retail-transfer-low-4w-30tps-r3_retail-transfer-low_w1_r1_237],  with error: Error: Failed to submit trasaction with status code: 11
2026.09.17-14:11:06.520[31m error[39m [caliper] [connectors/peer-gateway/PeerGateway] 	Failed to perform submit transaction [Transfer] using arguments [wlt_c_20260917-pilot6_calibration-retail-transfer-low-4w-30tps-r3_retail-transfer-low_w0_14,wlt_c_20260917-pilot6_calibration-retail-transfer-low-4w-30tps-r3_retail-transfer-low_w0_33,1000,transfer_20260917-pilot6_calibration-retail-transfer-low-4w-30tps-r3_retail-transfer-low_w0_r1_236],  with error: Error: Failed to submit trasaction with status code: 11
2026.09.17-14:11:06.523[31m error[39m [caliper] [connectors/peer-gateway/PeerGateway] 	Failed to perform submit transaction [Transfer] using arguments [wlt_c_20260917-pilot6_calibration-retail-transfer-low-4w-30tps-r3_retail-transfer-low_w3_16,wlt_c_20260917-pilot6_calibration-retail-transfer-low-4w-30tps-r3_retail-transfer-low_w3_34,1000,transfer_20260917-pilot6_calibration-retail-transfer-low-4w-30tps-r3_retail-transfer-low_w3_r1_237],  with error: Error: Failed to submit trasaction with status code: 11
2026.09.17-14:11:06.523[31m error[39m [caliper] [connectors/peer-gateway/PeerGateway] 	Failed to perform submit transaction [Transfer] using arguments [wlt_c_20260917-pilot6_calibration-retail-transfer-low-4w-30tps-r3_retail-transfer-low_w2_16,wlt_c_20260917-pilot6_calibration-retail-transfer-low-4w-30tps-r3_retail-transfer-low_w2_34,1000,transfer_20260917-pilot6_calibration-retail-transfer-low-4w-30tps-r3_retail-transfer-low_w2_r1_237],  with error: Error: Failed to submit trasaction with status code: 11
2026.09.17-14:11:06.540[31m error[39m [caliper] [connectors/peer-gateway/PeerGateway] 	Failed to perform submit transaction [Transfer] using arguments [wlt_c_20260917-pilot6_calibration-retail-transfer-low-4w-30tps-r3_retail-transfer-low_w0_17,wlt_c_20260917-pilot6_calibration-retail-transfer-low-4w-30tps-r3_retail-transfer-low_w0_36,1000,transfer_20260917-pilot6_calibration-retail-transfer-low-4w-30tps-r3_retail-transfer-low_w0_r1_238],  with error: Error: Failed to submit trasaction with status code: 11
2026.09.17-14:11:06.540[31m error[39m [caliper] [connectors/peer-gateway/PeerGateway] 	Failed to perform submit transaction [Transfer] using arguments [wlt_c_20260917-pilot6_calibration-retail-transfer-low-4w-30tps-r3_retail-transfer-low_w0_12,wlt_c_20260917-pilot6_calibration-retail-transfer-low-4w-30tps-r3_retail-transfer-low_w0_31,1000,transfer_20260917-pilot6_calibration-retail-transfer-low-4w-30tps-r3_retail-transfer-low_w0_r1_234],  with error: Error: Failed to submit trasaction with status code: 11
2026.09.17-14:11:06.726[31m error[39m [caliper] [connectors/peer-gateway/PeerGateway] 	Failed to perform submit transaction [Transfer] using arguments [wlt_c_20260917-pilot6_calibration-retail-transfer-low-4w-30tps-r3_retail-transfer-low_w1_18,wlt_c_20260917-pilot6_calibration-retail-transfer-low-4w-30tps-r3_retail-transfer-low_w1_37,1000,transfer_20260917-pilot6_calibration-retail-transfer-low-4w-30tps-r3_retail-transfer-low_w1_r1_239],  with error: Error: Failed to submit trasaction with status code: 11
2026.09.17-14:11:06.730[31m error[39m [caliper] [connectors/peer-gateway/PeerGateway] 	Failed to perform submit transaction [Transfer] using arguments [wlt_c_20260917-pilot6_calibration-retail-transfer-low-4w-30tps-r3_retail-transfer-low_w1_14,wlt_c_20260917-pilot6_calibration-retail-transfer-low-4w-30tps-r3_retail-transfer-low_w1_33,1000,transfer_20260917-pilot6_calibration-retail-transfer-low-4w-30tps-r3_retail-transfer-low_w1_r1_236],  with error: Error: Failed to submit trasaction with status code: 11
2026.09.17-14:11:06.752[31m error[39m [caliper] [connectors/peer-gateway/PeerGateway] 	Failed to perform submit transaction [Transfer] using arguments [wlt_c_20260917-pilot6_calibration-retail-transfer-low-4w-30tps-r3_retail-transfer-low_w3_18,wlt_c_20260917-pilot6_calibration-retail-transfer-low-4w-30tps-r3_retail-transfer-low_w3_37,1000,transfer_20260917-pilot6_calibration-retail-transfer-low-4w-30tps-r3_retail-transfer-low_w3_r1_239],  with error: Error: Failed to submit trasaction with status code: 11
2026.09.17-14:11:06.758[31m error[39m [caliper] [connectors/peer-gateway/PeerGateway] 	Failed to perform submit transaction [Transfer] using arguments [wlt_c_20260917-pilot6_calibration-retail-transfer-low-4w-30tps-r3_retail-transfer-low_w2_14,wlt_c_20260917-pilot6_calibration-retail-transfer-low-4w-30tps-r3_retail-transfer-low_w2_33,1000,transfer_20260917-pilot6_calibration-retail-transfer-low-4w-30tps-r3_retail-transfer-low_w2_r1_236],  with error: Error: Failed to submit trasaction with status code: 11
2026.09.17-14:11:06.759[31m error[39m [caliper] [connectors/peer-gateway/PeerGateway] 	Failed to perform submit transaction [Transfer] using arguments [wlt_c_20260917-pilot6_calibration-retail-transfer-low-4w-30tps-r3_retail-transfer-low_w2_12,wlt_c_20260917-pilot6_calibration-retail-transfer-low-4w-30tps-r3_retail-transfer-low_w2_31,1000,transfer_20260917-pilot6_calibration-retail-transfer-low-4w-30tps-r3_retail-transfer-low_w2_r1_234],  with error: Error: Failed to submit trasaction with status code: 11
2026.09.17-14:11:06.760[31m error[39m [caliper] [connectors/peer-gateway/PeerGateway] 	Failed to perform submit transaction [Transfer] using arguments [wlt_c_20260917-pilot6_calibration-retail-transfer-low-4w-30tps-r3_retail-transfer-low_w2_13,wlt_c_20260917-pilot6_calibration-retail-transfer-low-4w-30tps-r3_retail-transfer-low_w2_32,1000,transfer_20260917-pilot6_calibration-retail-transfer-low-4w-30tps-r3_retail-transfer-low_w2_r1_235],  with error: Error: Failed to submit trasaction with status code: 11
2026.09.17-14:11:06.760[31m error[39m [caliper] [connectors/peer-gateway/PeerGateway] 	Failed to perform submit transaction [Transfer] using arguments [wlt_c_20260917-pilot6_calibration-retail-transfer-low-4w-30tps-r3_retail-transfer-low_w2_18,wlt_c_20260917-pilot6_calibration-retail-transfer-low-4w-30tps-r3_retail-transfer-low_w2_37,1000,transfer_20260917-pilot6_calibration-retail-transfer-low-4w-30tps-r3_retail-transfer-low_w2_r1_239],  with error: Error: Failed to submit trasaction with status code: 11
2026.09.17-14:11:06.768[31m error[39m [caliper] [connectors/peer-gateway/PeerGateway] 	Failed to perform submit transaction [Transfer] using arguments [wlt_c_20260917-pilot6_calibration-retail-transfer-low-4w-30tps-r3_retail-transfer-low_w0_16,wlt_c_20260917-pilot6_calibration-retail-transfer-low-4w-30tps-r3_retail-transfer-low_w0_34,1000,transfer_20260917-pilot6_calibration-retail-transfer-low-4w-30tps-r3_retail-transfer-low_w0_r1_237],  with error: Error: Failed to submit trasaction with status code: 11
2026.09.17-14:11:06.780[31m error[39m [caliper] [connectors/peer-gateway/PeerGateway] 	Failed to perform submit transaction [Transfer] using arguments [wlt_c_20260917-pilot6_calibration-retail-transfer-low-4w-30tps-r3_retail-transfer-low_w0_13,wlt_c_20260917-pilot6_calibration-retail-transfer-low-4w-30tps-r3_retail-transfer-low_w0_32,1000,transfer_20260917-pilot6_calibration-retail-transfer-low-4w-30tps-r3_retail-transfer-low_w0_r1_235],  with error: Error: Failed to submit trasaction with status code: 11
2026.09.17-14:11:06.783[31m error[39m [caliper] [connectors/peer-gateway/PeerGateway] 	Failed to perform submit transaction [Transfer] using arguments [wlt_c_20260917-pilot6_calibration-retail-transfer-low-4w-30tps-r3_retail-transfer-low_w0_18,wlt_c_20260917-pilot6_calibration-retail-transfer-low-4w-30tps-r3_retail-transfer-low_w0_37,1000,transfer_20260917-pilot6_calibration-retail-transfer-low-4w-30tps-r3_retail-transfer-low_w0_r1_239],  with error: Error: Failed to submit trasaction with status code: 11
2026.09.17-14:11:06.876[31m error[39m [caliper] [connectors/peer-gateway/PeerGateway] 	Failed to perform submit transaction [Transfer] using arguments [wlt_c_20260917-pilot6_calibration-retail-transfer-low-4w-30tps-r3_retail-transfer-low_w0_2,wlt_c_20260917-pilot6_calibration-retail-transfer-low-4w-30tps-r3_retail-transfer-low_w0_21,1000,transfer_20260917-pilot6_calibration-retail-transfer-low-4w-30tps-r3_retail-transfer-low_w0_r1_241],  with error: Error: Failed to submit trasaction with status code: 11
2026.09.17-14:11:06.880[31m error[39m [caliper] [connectors/peer-gateway/PeerGateway] 	Failed to perform submit transaction [Transfer] using arguments [wlt_c_20260917-pilot6_calibration-retail-transfer-low-4w-30tps-r3_retail-transfer-low_w1_1,wlt_c_20260917-pilot6_calibration-retail-transfer-low-4w-30tps-r3_retail-transfer-low_w1_19,1000,transfer_20260917-pilot6_calibration-retail-transfer-low-4w-30tps-r3_retail-transfer-low_w1_r1_240],  with error: Error: Failed to submit trasaction with status code: 11
2026.09.17-14:11:06.882[31m error[39m [caliper] [connectors/peer-gateway/PeerGateway] 	Failed to perform submit transaction [Transfer] using arguments [wlt_c_20260917-pilot6_calibration-retail-transfer-low-4w-30tps-r3_retail-transfer-low_w3_2,wlt_c_20260917-pilot6_calibration-retail-transfer-low-4w-30tps-r3_retail-transfer-low_w3_21,1000,transfer_20260917-pilot6_calibration-retail-transfer-low-4w-30tps-r3_retail-transfer-low_w3_r1_241],  with error: Error: Failed to submit trasaction with status code: 11
2026.09.17-14:11:06.885[31m error[39m [caliper] [connectors/peer-gateway/PeerGateway] 	Failed to perform submit transaction [Transfer] using arguments [wlt_c_20260917-pilot6_calibration-retail-transfer-low-4w-30tps-r3_retail-transfer-low_w2_3,wlt_c_20260917-pilot6_calibration-retail-transfer-low-4w-30tps-r3_retail-transfer-low_w2_22,1000,transfer_20260917-pilot6_calibration-retail-transfer-low-4w-30tps-r3_retail-transfer-low_w2_r1_242],  with error: Error: Failed to submit trasaction with status code: 11
2026.09.17-14:11:06.888[31m error[39m [caliper] [connectors/peer-gateway/PeerGateway] 	Failed to perform submit transaction [Transfer] using arguments [wlt_c_20260917-pilot6_calibration-retail-transfer-low-4w-30tps-r3_retail-transfer-low_w1_2,wlt_c_20260917-pilot6_calibration-retail-transfer-low-4w-30tps-r3_retail-transfer-low_w1_21,1000,transfer_20260917-pilot6_calibration-retail-transfer-low-4w-30tps-r3_retail-transfer-low_w1_r1_241],  with error: Error: Failed to submit trasaction with status code: 11
2026.09.17-14:11:06.891[31m error[39m [caliper] [connectors/peer-gateway/PeerGateway] 	Failed to perform submit transaction [Transfer] using arguments [wlt_c_20260917-pilot6_calibration-retail-transfer-low-4w-30tps-r3_retail-transfer-low_w3_1,wlt_c_20260917-pilot6_calibration-retail-transfer-low-4w-30tps-r3_retail-transfer-low_w3_19,1000,transfer_20260917-pilot6_calibration-retail-transfer-low-4w-30tps-r3_retail-transfer-low_w3_r1_240],  with error: Error: Failed to submit trasaction with status code: 11
2026.09.17-14:11:06.894[31m error[39m [caliper] [connectors/peer-gateway/PeerGateway] 	Failed to perform submit transaction [Transfer] using arguments [wlt_c_20260917-pilot6_calibration-retail-transfer-low-4w-30tps-r3_retail-transfer-low_w2_2,wlt_c_20260917-pilot6_calibration-retail-transfer-low-4w-30tps-r3_retail-transfer-low_w2_21,1000,transfer_20260917-pilot6_calibration-retail-transfer-low-4w-30tps-r3_retail-transfer-low_w2_r1_241],  with error: Error: Failed to submit trasaction with status code: 11
2026.09.17-14:11:06.899[31m error[39m [caliper] [connectors/peer-gateway/PeerGateway] 	Failed to perform submit transaction [Transfer] using arguments [wlt_c_20260917-pilot6_calibration-retail-transfer-low-4w-30tps-r3_retail-transfer-low_w0_1,wlt_c_20260917-pilot6_calibration-retail-transfer-low-4w-30tps-r3_retail-transfer-low_w0_19,1000,transfer_20260917-pilot6_calibration-retail-transfer-low-4w-30tps-r3_retail-transfer-low_w0_r1_240],  with error: Error: Failed to submit trasaction with status code: 11
2026.09.17-14:11:06.907[31m error[39m [caliper] [connectors/peer-gateway/PeerGateway] 	Failed to perform submit transaction [Transfer] using arguments [wlt_c_20260917-pilot6_calibration-retail-transfer-low-4w-30tps-r3_retail-transfer-low_w3_3,wlt_c_20260917-pilot6_calibration-retail-transfer-low-4w-30tps-r3_retail-transfer-low_w3_22,1000,transfer_20260917-pilot6_calibration-retail-transfer-low-4w-30tps-r3_retail-transfer-low_w3_r1_242],  with error: Error: Failed to submit trasaction with status code: 11
2026.09.17-14:11:06.908[31m error[39m [caliper] [connectors/peer-gateway/PeerGateway] 	Failed to perform submit transaction [Transfer] using arguments [wlt_c_20260917-pilot6_calibration-retail-transfer-low-4w-30tps-r3_retail-transfer-low_w2_1,wlt_c_20260917-pilot6_calibration-retail-transfer-low-4w-30tps-r3_retail-transfer-low_w2_19,1000,transfer_20260917-pilot6_calibration-retail-transfer-low-4w-30tps-r3_retail-transfer-low_w2_r1_240],  with error: Error: Failed to submit trasaction with status code: 11
2026.09.17-14:11:07.103[31m error[39m [caliper] [connectors/peer-gateway/PeerGateway] 	Failed to perform submit transaction [Transfer] using arguments [wlt_c_20260917-pilot6_calibration-retail-transfer-low-4w-30tps-r3_retail-transfer-low_w3_6,wlt_c_20260917-pilot6_calibration-retail-transfer-low-4w-30tps-r3_retail-transfer-low_w3_24,1000,transfer_20260917-pilot6_calibration-retail-transfer-low-4w-30tps-r3_retail-transfer-low_w3_r1_244],  with error: Error: Failed to submit trasaction with status code: 11
2026.09.17-14:11:07.127[31m error[39m [caliper] [connectors/peer-gateway/PeerGateway] 	Failed to perform submit transaction [Transfer] using arguments [wlt_c_20260917-pilot6_calibration-retail-transfer-low-4w-30tps-r3_retail-transfer-low_w3_4,wlt_c_20260917-pilot6_calibration-retail-transfer-low-4w-30tps-r3_retail-transfer-low_w3_23,1000,transfer_20260917-pilot6_calibration-retail-transfer-low-4w-30tps-r3_retail-transfer-low_w3_r1_243],  with error: Error: Failed to submit trasaction with status code: 11
2026.09.17-14:11:07.126[31m error[39m [caliper] [connectors/peer-gateway/PeerGateway] 	Failed to perform submit transaction [Transfer] using arguments [wlt_c_20260917-pilot6_calibration-retail-transfer-low-4w-30tps-r3_retail-transfer-low_w1_6,wlt_c_20260917-pilot6_calibration-retail-transfer-low-4w-30tps-r3_retail-transfer-low_w1_24,1000,transfer_20260917-pilot6_calibration-retail-transfer-low-4w-30tps-r3_retail-transfer-low_w1_r1_244],  with error: Error: Failed to submit trasaction with status code: 11
2026.09.17-14:11:07.129[31m error[39m [caliper] [connectors/peer-gateway/PeerGateway] 	Failed to perform submit transaction [Transfer] using arguments [wlt_c_20260917-pilot6_calibration-retail-transfer-low-4w-30tps-r3_retail-transfer-low_w1_3,wlt_c_20260917-pilot6_calibration-retail-transfer-low-4w-30tps-r3_retail-transfer-low_w1_22,1000,transfer_20260917-pilot6_calibration-retail-transfer-low-4w-30tps-r3_retail-transfer-low_w1_r1_242],  with error: Error: Failed to submit trasaction with status code: 11
2026.09.17-14:11:07.132[31m error[39m [caliper] [connectors/peer-gateway/PeerGateway] 	Failed to perform submit transaction [Transfer] using arguments [wlt_c_20260917-pilot6_calibration-retail-transfer-low-4w-30tps-r3_retail-transfer-low_w0_3,wlt_c_20260917-pilot6_calibration-retail-transfer-low-4w-30tps-r3_retail-transfer-low_w0_22,1000,transfer_20260917-pilot6_calibration-retail-transfer-low-4w-30tps-r3_retail-transfer-low_w0_r1_242],  with error: Error: Failed to submit trasaction with status code: 11
2026.09.17-14:11:07.132[31m error[39m [caliper] [connectors/peer-gateway/PeerGateway] 	Failed to perform submit transaction [Transfer] using arguments [wlt_c_20260917-pilot6_calibration-retail-transfer-low-4w-30tps-r3_retail-transfer-low_w0_4,wlt_c_20260917-pilot6_calibration-retail-transfer-low-4w-30tps-r3_retail-transfer-low_w0_23,1000,transfer_20260917-pilot6_calibration-retail-transfer-low-4w-30tps-r3_retail-transfer-low_w0_r1_243],  with error: Error: Failed to submit trasaction with status code: 11
2026.09.17-14:11:07.132[31m error[39m [caliper] [connectors/peer-gateway/PeerGateway] 	Failed to perform submit transaction [Transfer] using arguments [wlt_c_20260917-pilot6_calibration-retail-transfer-low-4w-30tps-r3_retail-transfer-low_w0_6,wlt_c_20260917-pilot6_calibration-retail-transfer-low-4w-30tps-r3_retail-transfer-low_w0_24,1000,transfer_20260917-pilot6_calibration-retail-transfer-low-4w-30tps-r3_retail-transfer-low_w0_r1_244],  with error: Error: Failed to submit trasaction with status code: 11
2026.09.17-14:11:07.134[31m error[39m [caliper] [connectors/peer-gateway/PeerGateway] 	Failed to perform submit transaction [Transfer] using arguments [wlt_c_20260917-pilot6_calibration-retail-transfer-low-4w-30tps-r3_retail-transfer-low_w1_4,wlt_c_20260917-pilot6_calibration-retail-transfer-low-4w-30tps-r3_retail-transfer-low_w1_23,1000,transfer_20260917-pilot6_calibration-retail-transfer-low-4w-30tps-r3_retail-transfer-low_w1_r1_243],  with error: Error: Failed to submit trasaction with status code: 11
2026.09.17-14:11:07.150[31m error[39m [caliper] [connectors/peer-gateway/PeerGateway] 	Failed to perform submit transaction [Transfer] using arguments [wlt_c_20260917-pilot6_calibration-retail-transfer-low-4w-30tps-r3_retail-transfer-low_w2_4,wlt_c_20260917-pilot6_calibration-retail-transfer-low-4w-30tps-r3_retail-transfer-low_w2_23,1000,transfer_20260917-pilot6_calibration-retail-transfer-low-4w-30tps-r3_retail-transfer-low_w2_r1_243],  with error: Error: Failed to submit trasaction with status code: 11
2026.09.17-14:11:07.159[31m error[39m [caliper] [connectors/peer-gateway/PeerGateway] 	Failed to perform submit transaction [Transfer] using arguments [wlt_c_20260917-pilot6_calibration-retail-transfer-low-4w-30tps-r3_retail-transfer-low_w2_6,wlt_c_20260917-pilot6_calibration-retail-transfer-low-4w-30tps-r3_retail-transfer-low_w2_24,1000,transfer_20260917-pilot6_calibration-retail-transfer-low-4w-30tps-r3_retail-transfer-low_w2_r1_244],  with error: Error: Failed to submit trasaction with status code: 11
2026.09.17-14:11:07.280[31m error[39m [caliper] [connectors/peer-gateway/PeerGateway] 	Failed to perform submit transaction [Transfer] using arguments [wlt_c_20260917-pilot6_calibration-retail-transfer-low-4w-30tps-r3_retail-transfer-low_w2_8,wlt_c_20260917-pilot6_calibration-retail-transfer-low-4w-30tps-r3_retail-transfer-low_w2_27,1000,transfer_20260917-pilot6_calibration-retail-transfer-low-4w-30tps-r3_retail-transfer-low_w2_r1_246],  with error: Error: Failed to submit trasaction with status code: 11
2026.09.17-14:11:07.286[31m error[39m [caliper] [connectors/peer-gateway/PeerGateway] 	Failed to perform submit transaction [Transfer] using arguments [wlt_c_20260917-pilot6_calibration-retail-transfer-low-4w-30tps-r3_retail-transfer-low_w1_7,wlt_c_20260917-pilot6_calibration-retail-transfer-low-4w-30tps-r3_retail-transfer-low_w1_26,1000,transfer_20260917-pilot6_calibration-retail-transfer-low-4w-30tps-r3_retail-transfer-low_w1_r1_245],  with error: Error: Failed to submit trasaction with status code: 11
2026.09.17-14:11:07.287[31m error[39m [caliper] [connectors/peer-gateway/PeerGateway] 	Failed to perform submit transaction [Transfer] using arguments [wlt_c_20260917-pilot6_calibration-retail-transfer-low-4w-30tps-r3_retail-transfer-low_w1_11,wlt_c_20260917-pilot6_calibration-retail-transfer-low-4w-30tps-r3_retail-transfer-low_w1_29,1000,transfer_20260917-pilot6_calibration-retail-transfer-low-4w-30tps-r3_retail-transfer-low_w1_r1_248],  with error: Error: Failed to submit trasaction with status code: 11
2026.09.17-14:11:07.287[31m error[39m [caliper] [connectors/peer-gateway/PeerGateway] 	Failed to perform submit transaction [Transfer] using arguments [wlt_c_20260917-pilot6_calibration-retail-transfer-low-4w-30tps-r3_retail-transfer-low_w0_7,wlt_c_20260917-pilot6_calibration-retail-transfer-low-4w-30tps-r3_retail-transfer-low_w0_26,1000,transfer_20260917-pilot6_calibration-retail-transfer-low-4w-30tps-r3_retail-transfer-low_w0_r1_245],  with error: Error: Failed to submit trasaction with status code: 11
2026.09.17-14:11:07.291[31m error[39m [caliper] [connectors/peer-gateway/PeerGateway] 	Failed to perform submit transaction [Transfer] using arguments [wlt_c_20260917-pilot6_calibration-retail-transfer-low-4w-30tps-r3_retail-transfer-low_w3_8,wlt_c_20260917-pilot6_calibration-retail-transfer-low-4w-30tps-r3_retail-transfer-low_w3_27,1000,transfer_20260917-pilot6_calibration-retail-transfer-low-4w-30tps-r3_retail-transfer-low_w3_r1_246],  with error: Error: Failed to submit trasaction with status code: 11
2026.09.17-14:11:07.294[31m error[39m [caliper] [connectors/peer-gateway/PeerGateway] 	Failed to perform submit transaction [Transfer] using arguments [wlt_c_20260917-pilot6_calibration-retail-transfer-low-4w-30tps-r3_retail-transfer-low_w3_7,wlt_c_20260917-pilot6_calibration-retail-transfer-low-4w-30tps-r3_retail-transfer-low_w3_26,1000,transfer_20260917-pilot6_calibration-retail-transfer-low-4w-30tps-r3_retail-transfer-low_w3_r1_245],  with error: Error: Failed to submit trasaction with status code: 11
2026.09.17-14:11:07.294[31m error[39m [caliper] [connectors/peer-gateway/PeerGateway] 	Failed to perform submit transaction [Transfer] using arguments [wlt_c_20260917-pilot6_calibration-retail-transfer-low-4w-30tps-r3_retail-transfer-low_w1_8,wlt_c_20260917-pilot6_calibration-retail-transfer-low-4w-30tps-r3_retail-transfer-low_w1_27,1000,transfer_20260917-pilot6_calibration-retail-transfer-low-4w-30tps-r3_retail-transfer-low_w1_r1_246],  with error: Error: Failed to submit trasaction with status code: 11
2026.09.17-14:11:07.567[31m error[39m [caliper] [connectors/peer-gateway/PeerGateway] 	Failed to perform submit transaction [Transfer] using arguments [wlt_c_20260917-pilot6_calibration-retail-transfer-low-4w-30tps-r3_retail-transfer-low_w1_13,wlt_c_20260917-pilot6_calibration-retail-transfer-low-4w-30tps-r3_retail-transfer-low_w1_32,1000,transfer_20260917-pilot6_calibration-retail-transfer-low-4w-30tps-r3_retail-transfer-low_w1_r1_250],  with error: Error: Failed to submit trasaction with status code: 11
2026.09.17-14:11:07.573[31m error[39m [caliper] [connectors/peer-gateway/PeerGateway] 	Failed to perform submit transaction [Transfer] using arguments [wlt_c_20260917-pilot6_calibration-retail-transfer-low-4w-30tps-r3_retail-transfer-low_w2_7,wlt_c_20260917-pilot6_calibration-retail-transfer-low-4w-30tps-r3_retail-transfer-low_w2_26,1000,transfer_20260917-pilot6_calibration-retail-transfer-low-4w-30tps-r3_retail-transfer-low_w2_r1_245],  with error: Error: Failed to submit trasaction with status code: 11
2026.09.17-14:11:07.576[31m error[39m [caliper] [connectors/peer-gateway/PeerGateway] 	Failed to perform submit transaction [Transfer] using arguments [wlt_c_20260917-pilot6_calibration-retail-transfer-low-4w-30tps-r3_retail-transfer-low_w0_9,wlt_c_20260917-pilot6_calibration-retail-transfer-low-4w-30tps-r3_retail-transfer-low_w0_28,1000,transfer_20260917-pilot6_calibration-retail-transfer-low-4w-30tps-r3_retail-transfer-low_w0_r1_247],  with error: Error: Failed to submit trasaction with status code: 11
2026.09.17-14:11:07.577[31m error[39m [caliper] [connectors/peer-gateway/PeerGateway] 	Failed to perform submit transaction [Transfer] using arguments [wlt_c_20260917-pilot6_calibration-retail-transfer-low-4w-30tps-r3_retail-transfer-low_w1_9,wlt_c_20260917-pilot6_calibration-retail-transfer-low-4w-30tps-r3_retail-transfer-low_w1_28,1000,transfer_20260917-pilot6_calibration-retail-transfer-low-4w-30tps-r3_retail-transfer-low_w1_r1_247],  with error: Error: Failed to submit trasaction with status code: 11
2026.09.17-14:11:07.579[31m error[39m [caliper] [connectors/peer-gateway/PeerGateway] 	Failed to perform submit transaction [Transfer] using arguments [wlt_c_20260917-pilot6_calibration-retail-transfer-low-4w-30tps-r3_retail-transfer-low_w1_12,wlt_c_20260917-pilot6_calibration-retail-transfer-low-4w-30tps-r3_retail-transfer-low_w1_31,1000,transfer_20260917-pilot6_calibration-retail-transfer-low-4w-30tps-r3_retail-transfer-low_w1_r1_249],  with error: Error: Failed to submit trasaction with status code: 11
2026.09.17-14:11:07.958[31m error[39m [caliper] [connectors/peer-gateway/PeerGateway] 	Failed to perform submit transaction [Transfer] using arguments [wlt_c_20260917-pilot6_calibration-retail-transfer-low-4w-30tps-r3_retail-transfer-low_w3_13,wlt_c_20260917-pilot6_calibration-retail-transfer-low-4w-30tps-r3_retail-transfer-low_w3_32,1000,transfer_20260917-pilot6_calibration-retail-transfer-low-4w-30tps-r3_retail-transfer-low_w3_r1_250],  with error: Error: Failed to submit trasaction with status code: 11
2026.09.17-14:11:07.966[31m error[39m [caliper] [connectors/peer-gateway/PeerGateway] 	Failed to perform submit transaction [Transfer] using arguments [wlt_c_20260917-pilot6_calibration-retail-transfer-low-4w-30tps-r3_retail-transfer-low_w3_12,wlt_c_20260917-pilot6_calibration-retail-transfer-low-4w-30tps-r3_retail-transfer-low_w3_31,1000,transfer_20260917-pilot6_calibration-retail-transfer-low-4w-30tps-r3_retail-transfer-low_w3_r1_249],  with error: Error: Failed to submit trasaction with status code: 11
2026.09.17-14:11:09.106[31m error[39m [caliper] [connectors/peer-gateway/PeerGateway] 	Failed to perform submit transaction [Transfer] using arguments [wlt_c_20260917-pilot6_calibration-retail-transfer-low-4w-30tps-r3_retail-transfer-low_w3_9,wlt_c_20260917-pilot6_calibration-retail-transfer-low-4w-30tps-r3_retail-transfer-low_w3_28,1000,transfer_20260917-pilot6_calibration-retail-transfer-low-4w-30tps-r3_retail-transfer-low_w3_r1_262],  with error: Error: Failed to submit trasaction with status code: 11
2026.09.17-14:11:09.470[31m error[39m [caliper] [connectors/peer-gateway/PeerGateway] 	Failed to perform submit transaction [Transfer] using arguments [wlt_c_20260917-pilot6_calibration-retail-transfer-low-4w-30tps-r3_retail-transfer-low_w0_11,wlt_c_20260917-pilot6_calibration-retail-transfer-low-4w-30tps-r3_retail-transfer-low_w0_29,1000,transfer_20260917-pilot6_calibration-retail-transfer-low-4w-30tps-r3_retail-transfer-low_w0_r1_263],  with error: Error: Failed to submit trasaction with status code: 11
2026.09.17-14:11:09.470[31m error[39m [caliper] [connectors/peer-gateway/PeerGateway] 	Failed to perform submit transaction [Transfer] using arguments [wlt_c_20260917-pilot6_calibration-retail-transfer-low-4w-30tps-r3_retail-transfer-low_w0_8,wlt_c_20260917-pilot6_calibration-retail-transfer-low-4w-30tps-r3_retail-transfer-low_w0_27,1000,transfer_20260917-pilot6_calibration-retail-transfer-low-4w-30tps-r3_retail-transfer-low_w0_r1_261],  with error: Error: Failed to submit trasaction with status code: 11
2026.09.17-14:11:09.627[31m error[39m [caliper] [connectors/peer-gateway/PeerGateway] 	Failed to perform submit transaction [Transfer] using arguments [wlt_c_20260917-pilot6_calibration-retail-transfer-low-4w-30tps-r3_retail-transfer-low_w0_13,wlt_c_20260917-pilot6_calibration-retail-transfer-low-4w-30tps-r3_retail-transfer-low_w0_32,1000,transfer_20260917-pilot6_calibration-retail-transfer-low-4w-30tps-r3_retail-transfer-low_w0_r1_265],  with error: Error: Failed to submit trasaction with status code: 11
2026.09.17-14:11:09.632[31m error[39m [caliper] [connectors/peer-gateway/PeerGateway] 	Failed to perform submit transaction [Transfer] using arguments [wlt_c_20260917-pilot6_calibration-retail-transfer-low-4w-30tps-r3_retail-transfer-low_w1_14,wlt_c_20260917-pilot6_calibration-retail-transfer-low-4w-30tps-r3_retail-transfer-low_w1_33,1000,transfer_20260917-pilot6_calibration-retail-transfer-low-4w-30tps-r3_retail-transfer-low_w1_r1_266],  with error: Error: Failed to submit trasaction with status code: 11
2026.09.17-14:11:09.645[31m error[39m [caliper] [connectors/peer-gateway/PeerGateway] 	Failed to perform submit transaction [Transfer] using arguments [wlt_c_20260917-pilot6_calibration-retail-transfer-low-4w-30tps-r3_retail-transfer-low_w2_13,wlt_c_20260917-pilot6_calibration-retail-transfer-low-4w-30tps-r3_retail-transfer-low_w2_32,1000,transfer_20260917-pilot6_calibration-retail-transfer-low-4w-30tps-r3_retail-transfer-low_w2_r1_265],  with error: Error: Failed to submit trasaction with status code: 11
2026.09.17-14:11:09.681[31m error[39m [caliper] [connectors/peer-gateway/PeerGateway] 	Failed to perform submit transaction [Transfer] using arguments [wlt_c_20260917-pilot6_calibration-retail-transfer-low-4w-30tps-r3_retail-transfer-low_w3_16,wlt_c_20260917-pilot6_calibration-retail-transfer-low-4w-30tps-r3_retail-transfer-low_w3_34,1000,transfer_20260917-pilot6_calibration-retail-transfer-low-4w-30tps-r3_retail-transfer-low_w3_r1_267],  with error: Error: Failed to submit trasaction with status code: 11
2026.09.17-14:11:09.880[31m error[39m [caliper] [connectors/peer-gateway/PeerGateway] 	Failed to perform submit transaction [Transfer] using arguments [wlt_c_20260917-pilot6_calibration-retail-transfer-low-4w-30tps-r3_retail-transfer-low_w2_16,wlt_c_20260917-pilot6_calibration-retail-transfer-low-4w-30tps-r3_retail-transfer-low_w2_34,1000,transfer_20260917-pilot6_calibration-retail-transfer-low-4w-30tps-r3_retail-transfer-low_w2_r1_267],  with error: Error: Failed to submit trasaction with status code: 11
2026.09.17-14:11:09.881[31m error[39m [caliper] [connectors/peer-gateway/PeerGateway] 	Failed to perform submit transaction [Transfer] using arguments [wlt_c_20260917-pilot6_calibration-retail-transfer-low-4w-30tps-r3_retail-transfer-low_w2_17,wlt_c_20260917-pilot6_calibration-retail-transfer-low-4w-30tps-r3_retail-transfer-low_w2_36,1000,transfer_20260917-pilot6_calibration-retail-transfer-low-4w-30tps-r3_retail-transfer-low_w2_r1_268],  with error: Error: Failed to submit trasaction with status code: 11
2026.09.17-14:11:09.882[31m error[39m [caliper] [connectors/peer-gateway/PeerGateway] 	Failed to perform submit transaction [Transfer] using arguments [wlt_c_20260917-pilot6_calibration-retail-transfer-low-4w-30tps-r3_retail-transfer-low_w0_1,wlt_c_20260917-pilot6_calibration-retail-transfer-low-4w-30tps-r3_retail-transfer-low_w0_19,1000,transfer_20260917-pilot6_calibration-retail-transfer-low-4w-30tps-r3_retail-transfer-low_w0_r1_270],  with error: Error: Failed to submit trasaction with status code: 11
2026.09.17-14:11:10.150[31m error[39m [caliper] [connectors/peer-gateway/PeerGateway] 	Failed to perform submit transaction [Transfer] using arguments [wlt_c_20260917-pilot6_calibration-retail-transfer-low-4w-30tps-r3_retail-transfer-low_w1_1,wlt_c_20260917-pilot6_calibration-retail-transfer-low-4w-30tps-r3_retail-transfer-low_w1_19,1000,transfer_20260917-pilot6_calibration-retail-transfer-low-4w-30tps-r3_retail-transfer-low_w1_r1_270],  with error: Error: Failed to submit trasaction with status code: 11
2026.09.17-14:11:10.158[31m error[39m [caliper] [connectors/peer-gateway/PeerGateway] 	Failed to perform submit transaction [Transfer] using arguments [wlt_c_20260917-pilot6_calibration-retail-transfer-low-4w-30tps-r3_retail-transfer-low_w2_3,wlt_c_20260917-pilot6_calibration-retail-transfer-low-4w-30tps-r3_retail-transfer-low_w2_22,1000,transfer_20260917-pilot6_calibration-retail-transfer-low-4w-30tps-r3_retail-transfer-low_w2_r1_272],  with error: Error: Failed to submit trasaction with status code: 11
2026.09.17-14:11:10.159[31m error[39m [caliper] [connectors/peer-gateway/PeerGateway] 	Failed to perform submit transaction [Transfer] using arguments [wlt_c_20260917-pilot6_calibration-retail-transfer-low-4w-30tps-r3_retail-transfer-low_w2_1,wlt_c_20260917-pilot6_calibration-retail-transfer-low-4w-30tps-r3_retail-transfer-low_w2_19,1000,transfer_20260917-pilot6_calibration-retail-transfer-low-4w-30tps-r3_retail-transfer-low_w2_r1_270],  with error: Error: Failed to submit trasaction with status code: 11
2026.09.17-14:11:10.162[31m error[39m [caliper] [connectors/peer-gateway/PeerGateway] 	Failed to perform submit transaction [Transfer] using arguments [wlt_c_20260917-pilot6_calibration-retail-transfer-low-4w-30tps-r3_retail-transfer-low_w3_1,wlt_c_20260917-pilot6_calibration-retail-transfer-low-4w-30tps-r3_retail-transfer-low_w3_19,1000,transfer_20260917-pilot6_calibration-retail-transfer-low-4w-30tps-r3_retail-transfer-low_w3_r1_270],  with error: Error: Failed to submit trasaction with status code: 11
2026.09.17-14:11:10.395[32m info [39m [caliper] [default-observer] 	[retail-transfer-low-30tps Round 1 Transaction Info] - Submitted: 1117 Succ: 992 Fail:61 Unfinished:64
2026.09.17-14:11:10.429[31m error[39m [caliper] [connectors/peer-gateway/PeerGateway] 	Failed to perform submit transaction [Transfer] using arguments [wlt_c_20260917-pilot6_calibration-retail-transfer-low-4w-30tps-r3_retail-transfer-low_w0_3,wlt_c_20260917-pilot6_calibration-retail-transfer-low-4w-30tps-r3_retail-transfer-low_w0_22,1000,transfer_20260917-pilot6_calibration-retail-transfer-low-4w-30tps-r3_retail-transfer-low_w0_r1_272],  with error: Error: Failed to submit trasaction with status code: 11
2026.09.17-14:11:10.787[31m error[39m [caliper] [connectors/peer-gateway/PeerGateway] 	Failed to perform submit transaction [Transfer] using arguments [wlt_c_20260917-pilot6_calibration-retail-transfer-low-4w-30tps-r3_retail-transfer-low_w2_8,wlt_c_20260917-pilot6_calibration-retail-transfer-low-4w-30tps-r3_retail-transfer-low_w2_27,1000,transfer_20260917-pilot6_calibration-retail-transfer-low-4w-30tps-r3_retail-transfer-low_w2_r1_276],  with error: Error: Failed to submit trasaction with status code: 11
2026.09.17-14:11:11.186[31m error[39m [caliper] [connectors/peer-gateway/PeerGateway] 	Failed to perform submit transaction [Transfer] using arguments [wlt_c_20260917-pilot6_calibration-retail-transfer-low-4w-30tps-r3_retail-transfer-low_w2_11,wlt_c_20260917-pilot6_calibration-retail-transfer-low-4w-30tps-r3_retail-transfer-low_w2_29,1000,transfer_20260917-pilot6_calibration-retail-transfer-low-4w-30tps-r3_retail-transfer-low_w2_r1_278],  with error: Error: Failed to submit trasaction with status code: 11
2026.09.17-14:11:14.664[31m error[39m [caliper] [connectors/peer-gateway/PeerGateway] 	Failed to perform submit transaction [Transfer] using arguments [wlt_c_20260917-pilot6_calibration-retail-transfer-low-4w-30tps-r3_retail-transfer-low_w1_3,wlt_c_20260917-pilot6_calibration-retail-transfer-low-4w-30tps-r3_retail-transfer-low_w1_22,1000,transfer_20260917-pilot6_calibration-retail-transfer-low-4w-30tps-r3_retail-transfer-low_w1_r1_302],  with error: Error: Failed to submit trasaction with status code: 11
2026.09.17-14:11:14.665[31m error[39m [caliper] [connectors/peer-gateway/PeerGateway] 	Failed to perform submit transaction [Transfer] using arguments [wlt_c_20260917-pilot6_calibration-retail-transfer-low-4w-30tps-r3_retail-transfer-low_w1_4,wlt_c_20260917-pilot6_calibration-retail-transfer-low-4w-30tps-r3_retail-transfer-low_w1_23,1000,transfer_20260917-pilot6_calibration-retail-transfer-low-4w-30tps-r3_retail-transfer-low_w1_r1_303],  with error: Error: Failed to submit trasaction with status code: 11
2026.09.17-14:11:14.670[31m error[39m [caliper] [connectors/peer-gateway/PeerGateway] 	Failed to perform submit transaction [Transfer] using arguments [wlt_c_20260917-pilot6_calibration-retail-transfer-low-4w-30tps-r3_retail-transfer-low_w3_4,wlt_c_20260917-pilot6_calibration-retail-transfer-low-4w-30tps-r3_retail-transfer-low_w3_23,1000,transfer_20260917-pilot6_calibration-retail-transfer-low-4w-30tps-r3_retail-transfer-low_w3_r1_303],  with error: Error: Failed to submit trasaction with status code: 11
2026.09.17-14:11:14.681[31m error[39m [caliper] [connectors/peer-gateway/PeerGateway] 	Failed to perform submit transaction [Transfer] using arguments [wlt_c_20260917-pilot6_calibration-retail-transfer-low-4w-30tps-r3_retail-transfer-low_w0_4,wlt_c_20260917-pilot6_calibration-retail-transfer-low-4w-30tps-r3_retail-transfer-low_w0_23,1000,transfer_20260917-pilot6_calibration-retail-transfer-low-4w-30tps-r3_retail-transfer-low_w0_r1_303],  with error: Error: Failed to submit trasaction with status code: 11
2026.09.17-14:11:14.685[31m error[39m [caliper] [connectors/peer-gateway/PeerGateway] 	Failed to perform submit transaction [Transfer] using arguments [wlt_c_20260917-pilot6_calibration-retail-transfer-low-4w-30tps-r3_retail-transfer-low_w2_4,wlt_c_20260917-pilot6_calibration-retail-transfer-low-4w-30tps-r3_retail-transfer-low_w2_23,1000,transfer_20260917-pilot6_calibration-retail-transfer-low-4w-30tps-r3_retail-transfer-low_w2_r1_303],  with error: Error: Failed to submit trasaction with status code: 11
2026.09.17-14:11:14.899[31m error[39m [caliper] [connectors/peer-gateway/PeerGateway] 	Failed to perform submit transaction [Transfer] using arguments [wlt_c_20260917-pilot6_calibration-retail-transfer-low-4w-30tps-r3_retail-transfer-low_w2_6,wlt_c_20260917-pilot6_calibration-retail-transfer-low-4w-30tps-r3_retail-transfer-low_w2_24,1000,transfer_20260917-pilot6_calibration-retail-transfer-low-4w-30tps-r3_retail-transfer-low_w2_r1_304],  with error: Error: Failed to submit trasaction with status code: 11
2026.09.17-14:11:14.903[31m error[39m [caliper] [connectors/peer-gateway/PeerGateway] 	Failed to perform submit transaction [Transfer] using arguments [wlt_c_20260917-pilot6_calibration-retail-transfer-low-4w-30tps-r3_retail-transfer-low_w1_6,wlt_c_20260917-pilot6_calibration-retail-transfer-low-4w-30tps-r3_retail-transfer-low_w1_24,1000,transfer_20260917-pilot6_calibration-retail-transfer-low-4w-30tps-r3_retail-transfer-low_w1_r1_304],  with error: Error: Failed to submit trasaction with status code: 11
2026.09.17-14:11:14.905[31m error[39m [caliper] [connectors/peer-gateway/PeerGateway] 	Failed to perform submit transaction [Transfer] using arguments [wlt_c_20260917-pilot6_calibration-retail-transfer-low-4w-30tps-r3_retail-transfer-low_w0_6,wlt_c_20260917-pilot6_calibration-retail-transfer-low-4w-30tps-r3_retail-transfer-low_w0_24,1000,transfer_20260917-pilot6_calibration-retail-transfer-low-4w-30tps-r3_retail-transfer-low_w0_r1_304],  with error: Error: Failed to submit trasaction with status code: 11
2026.09.17-14:11:14.911[31m error[39m [caliper] [connectors/peer-gateway/PeerGateway] 	Failed to perform submit transaction [Transfer] using arguments [wlt_c_20260917-pilot6_calibration-retail-transfer-low-4w-30tps-r3_retail-transfer-low_w3_7,wlt_c_20260917-pilot6_calibration-retail-transfer-low-4w-30tps-r3_retail-transfer-low_w3_26,1000,transfer_20260917-pilot6_calibration-retail-transfer-low-4w-30tps-r3_retail-transfer-low_w3_r1_305],  with error: Error: Failed to submit trasaction with status code: 11
2026.09.17-14:11:14.913[31m error[39m [caliper] [connectors/peer-gateway/PeerGateway] 	Failed to perform submit transaction [Transfer] using arguments [wlt_c_20260917-pilot6_calibration-retail-transfer-low-4w-30tps-r3_retail-transfer-low_w3_6,wlt_c_20260917-pilot6_calibration-retail-transfer-low-4w-30tps-r3_retail-transfer-low_w3_24,1000,transfer_20260917-pilot6_calibration-retail-transfer-low-4w-30tps-r3_retail-transfer-low_w3_r1_304],  with error: Error: Failed to submit trasaction with status code: 11
2026.09.17-14:11:15.016[31m error[39m [caliper] [connectors/peer-gateway/PeerGateway] 	Failed to perform submit transaction [Transfer] using arguments [wlt_c_20260917-pilot6_calibration-retail-transfer-low-4w-30tps-r3_retail-transfer-low_w3_9,wlt_c_20260917-pilot6_calibration-retail-transfer-low-4w-30tps-r3_retail-transfer-low_w3_28,1000,transfer_20260917-pilot6_calibration-retail-transfer-low-4w-30tps-r3_retail-transfer-low_w3_r1_307],  with error: Error: Failed to submit trasaction with status code: 11
2026.09.17-14:11:15.016[31m error[39m [caliper] [connectors/peer-gateway/PeerGateway] 	Failed to perform submit transaction [Transfer] using arguments [wlt_c_20260917-pilot6_calibration-retail-transfer-low-4w-30tps-r3_retail-transfer-low_w0_7,wlt_c_20260917-pilot6_calibration-retail-transfer-low-4w-30tps-r3_retail-transfer-low_w0_26,1000,transfer_20260917-pilot6_calibration-retail-transfer-low-4w-30tps-r3_retail-transfer-low_w0_r1_305],  with error: Error: Failed to submit trasaction with status code: 11
2026.09.17-14:11:15.017[31m error[39m [caliper] [connectors/peer-gateway/PeerGateway] 	Failed to perform submit transaction [Transfer] using arguments [wlt_c_20260917-pilot6_calibration-retail-transfer-low-4w-30tps-r3_retail-transfer-low_w2_7,wlt_c_20260917-pilot6_calibration-retail-transfer-low-4w-30tps-r3_retail-transfer-low_w2_26,1000,transfer_20260917-pilot6_calibration-retail-transfer-low-4w-30tps-r3_retail-transfer-low_w2_r1_305],  with error: Error: Failed to submit trasaction with status code: 11
2026.09.17-14:11:15.017[31m error[39m [caliper] [connectors/peer-gateway/PeerGateway] 	Failed to perform submit transaction [Transfer] using arguments [wlt_c_20260917-pilot6_calibration-retail-transfer-low-4w-30tps-r3_retail-transfer-low_w0_9,wlt_c_20260917-pilot6_calibration-retail-transfer-low-4w-30tps-r3_retail-transfer-low_w0_28,1000,transfer_20260917-pilot6_calibration-retail-transfer-low-4w-30tps-r3_retail-transfer-low_w0_r1_307],  with error: Error: Failed to submit trasaction with status code: 11
2026.09.17-14:11:15.017[31m error[39m [caliper] [connectors/peer-gateway/PeerGateway] 	Failed to perform submit transaction [Transfer] using arguments [wlt_c_20260917-pilot6_calibration-retail-transfer-low-4w-30tps-r3_retail-transfer-low_w3_8,wlt_c_20260917-pilot6_calibration-retail-transfer-low-4w-30tps-r3_retail-transfer-low_w3_27,1000,transfer_20260917-pilot6_calibration-retail-transfer-low-4w-30tps-r3_retail-transfer-low_w3_r1_306],  with error: Error: Failed to submit trasaction with status code: 11
2026.09.17-14:11:15.017[31m error[39m [caliper] [connectors/peer-gateway/PeerGateway] 	Failed to perform submit transaction [Transfer] using arguments [wlt_c_20260917-pilot6_calibration-retail-transfer-low-4w-30tps-r3_retail-transfer-low_w2_3,wlt_c_20260917-pilot6_calibration-retail-transfer-low-4w-30tps-r3_retail-transfer-low_w2_22,1000,transfer_20260917-pilot6_calibration-retail-transfer-low-4w-30tps-r3_retail-transfer-low_w2_r1_302],  with error: Error: Failed to submit trasaction with status code: 11
2026.09.17-14:11:15.018[31m error[39m [caliper] [connectors/peer-gateway/PeerGateway] 	Failed to perform submit transaction [Transfer] using arguments [wlt_c_20260917-pilot6_calibration-retail-transfer-low-4w-30tps-r3_retail-transfer-low_w2_9,wlt_c_20260917-pilot6_calibration-retail-transfer-low-4w-30tps-r3_retail-transfer-low_w2_28,1000,transfer_20260917-pilot6_calibration-retail-transfer-low-4w-30tps-r3_retail-transfer-low_w2_r1_307],  with error: Error: Failed to submit trasaction with status code: 11
2026.09.17-14:11:15.018[31m error[39m [caliper] [connectors/peer-gateway/PeerGateway] 	Failed to perform submit transaction [Transfer] using arguments [wlt_c_20260917-pilot6_calibration-retail-transfer-low-4w-30tps-r3_retail-transfer-low_w2_8,wlt_c_20260917-pilot6_calibration-retail-transfer-low-4w-30tps-r3_retail-transfer-low_w2_27,1000,transfer_20260917-pilot6_calibration-retail-transfer-low-4w-30tps-r3_retail-transfer-low_w2_r1_306],  with error: Error: Failed to submit trasaction with status code: 11
2026.09.17-14:11:15.018[31m error[39m [caliper] [connectors/peer-gateway/PeerGateway] 	Failed to perform submit transaction [Transfer] using arguments [wlt_c_20260917-pilot6_calibration-retail-transfer-low-4w-30tps-r3_retail-transfer-low_w1_7,wlt_c_20260917-pilot6_calibration-retail-transfer-low-4w-30tps-r3_retail-transfer-low_w1_26,1000,transfer_20260917-pilot6_calibration-retail-transfer-low-4w-30tps-r3_retail-transfer-low_w1_r1_305],  with error: Error: Failed to submit trasaction with status code: 11
2026.09.17-14:11:15.020[31m error[39m [caliper] [connectors/peer-gateway/PeerGateway] 	Failed to perform submit transaction [Transfer] using arguments [wlt_c_20260917-pilot6_calibration-retail-transfer-low-4w-30tps-r3_retail-transfer-low_w1_9,wlt_c_20260917-pilot6_calibration-retail-transfer-low-4w-30tps-r3_retail-transfer-low_w1_28,1000,transfer_20260917-pilot6_calibration-retail-transfer-low-4w-30tps-r3_retail-transfer-low_w1_r1_307],  with error: Error: Failed to submit trasaction with status code: 11
2026.09.17-14:11:15.079[31m error[39m [caliper] [connectors/peer-gateway/PeerGateway] 	Failed to perform submit transaction [Transfer] using arguments [wlt_c_20260917-pilot6_calibration-retail-transfer-low-4w-30tps-r3_retail-transfer-low_w2_11,wlt_c_20260917-pilot6_calibration-retail-transfer-low-4w-30tps-r3_retail-transfer-low_w2_29,1000,transfer_20260917-pilot6_calibration-retail-transfer-low-4w-30tps-r3_retail-transfer-low_w2_r1_308],  with error: Error: Failed to submit trasaction with status code: 11
2026.09.17-14:11:15.079[31m error[39m [caliper] [connectors/peer-gateway/PeerGateway] 	Failed to perform submit transaction [Transfer] using arguments [wlt_c_20260917-pilot6_calibration-retail-transfer-low-4w-30tps-r3_retail-transfer-low_w0_8,wlt_c_20260917-pilot6_calibration-retail-transfer-low-4w-30tps-r3_retail-transfer-low_w0_27,1000,transfer_20260917-pilot6_calibration-retail-transfer-low-4w-30tps-r3_retail-transfer-low_w0_r1_306],  with error: Error: Failed to submit trasaction with status code: 11
2026.09.17-14:11:15.080[31m error[39m [caliper] [connectors/peer-gateway/PeerGateway] 	Failed to perform submit transaction [Transfer] using arguments [wlt_c_20260917-pilot6_calibration-retail-transfer-low-4w-30tps-r3_retail-transfer-low_w3_12,wlt_c_20260917-pilot6_calibration-retail-transfer-low-4w-30tps-r3_retail-transfer-low_w3_31,1000,transfer_20260917-pilot6_calibration-retail-transfer-low-4w-30tps-r3_retail-transfer-low_w3_r1_309],  with error: Error: Failed to submit trasaction with status code: 11
2026.09.17-14:11:15.080[31m error[39m [caliper] [connectors/peer-gateway/PeerGateway] 	Failed to perform submit transaction [Transfer] using arguments [wlt_c_20260917-pilot6_calibration-retail-transfer-low-4w-30tps-r3_retail-transfer-low_w1_8,wlt_c_20260917-pilot6_calibration-retail-transfer-low-4w-30tps-r3_retail-transfer-low_w1_27,1000,transfer_20260917-pilot6_calibration-retail-transfer-low-4w-30tps-r3_retail-transfer-low_w1_r1_306],  with error: Error: Failed to submit trasaction with status code: 11
2026.09.17-14:11:15.080[31m error[39m [caliper] [connectors/peer-gateway/PeerGateway] 	Failed to perform submit transaction [Transfer] using arguments [wlt_c_20260917-pilot6_calibration-retail-transfer-low-4w-30tps-r3_retail-transfer-low_w2_12,wlt_c_20260917-pilot6_calibration-retail-transfer-low-4w-30tps-r3_retail-transfer-low_w2_31,1000,transfer_20260917-pilot6_calibration-retail-transfer-low-4w-30tps-r3_retail-transfer-low_w2_r1_309],  with error: Error: Failed to submit trasaction with status code: 11
2026.09.17-14:11:15.080[31m error[39m [caliper] [connectors/peer-gateway/PeerGateway] 	Failed to perform submit transaction [Transfer] using arguments [wlt_c_20260917-pilot6_calibration-retail-transfer-low-4w-30tps-r3_retail-transfer-low_w0_11,wlt_c_20260917-pilot6_calibration-retail-transfer-low-4w-30tps-r3_retail-transfer-low_w0_29,1000,transfer_20260917-pilot6_calibration-retail-transfer-low-4w-30tps-r3_retail-transfer-low_w0_r1_308],  with error: Error: Failed to submit trasaction with status code: 11
2026.09.17-14:11:15.080[31m error[39m [caliper] [connectors/peer-gateway/PeerGateway] 	Failed to perform submit transaction [Transfer] using arguments [wlt_c_20260917-pilot6_calibration-retail-transfer-low-4w-30tps-r3_retail-transfer-low_w1_11,wlt_c_20260917-pilot6_calibration-retail-transfer-low-4w-30tps-r3_retail-transfer-low_w1_29,1000,transfer_20260917-pilot6_calibration-retail-transfer-low-4w-30tps-r3_retail-transfer-low_w1_r1_308],  with error: Error: Failed to submit trasaction with status code: 11
2026.09.17-14:11:15.080[31m error[39m [caliper] [connectors/peer-gateway/PeerGateway] 	Failed to perform submit transaction [Transfer] using arguments [wlt_c_20260917-pilot6_calibration-retail-transfer-low-4w-30tps-r3_retail-transfer-low_w3_11,wlt_c_20260917-pilot6_calibration-retail-transfer-low-4w-30tps-r3_retail-transfer-low_w3_29,1000,transfer_20260917-pilot6_calibration-retail-transfer-low-4w-30tps-r3_retail-transfer-low_w3_r1_308],  with error: Error: Failed to submit trasaction with status code: 11
2026.09.17-14:11:15.081[31m error[39m [caliper] [connectors/peer-gateway/PeerGateway] 	Failed to perform submit transaction [Transfer] using arguments [wlt_c_20260917-pilot6_calibration-retail-transfer-low-4w-30tps-r3_retail-transfer-low_w1_12,wlt_c_20260917-pilot6_calibration-retail-transfer-low-4w-30tps-r3_retail-transfer-low_w1_31,1000,transfer_20260917-pilot6_calibration-retail-transfer-low-4w-30tps-r3_retail-transfer-low_w1_r1_309],  with error: Error: Failed to submit trasaction with status code: 11
2026.09.17-14:11:15.084[31m error[39m [caliper] [connectors/peer-gateway/PeerGateway] 	Failed to perform submit transaction [Transfer] using arguments [wlt_c_20260917-pilot6_calibration-retail-transfer-low-4w-30tps-r3_retail-transfer-low_w0_12,wlt_c_20260917-pilot6_calibration-retail-transfer-low-4w-30tps-r3_retail-transfer-low_w0_31,1000,transfer_20260917-pilot6_calibration-retail-transfer-low-4w-30tps-r3_retail-transfer-low_w0_r1_309],  with error: Error: Failed to submit trasaction with status code: 11
2026.09.17-14:11:15.177[31m error[39m [caliper] [connectors/peer-gateway/PeerGateway] 	Failed to perform submit transaction [Transfer] using arguments [wlt_c_20260917-pilot6_calibration-retail-transfer-low-4w-30tps-r3_retail-transfer-low_w2_16,wlt_c_20260917-pilot6_calibration-retail-transfer-low-4w-30tps-r3_retail-transfer-low_w2_34,1000,transfer_20260917-pilot6_calibration-retail-transfer-low-4w-30tps-r3_retail-transfer-low_w2_r1_312],  with error: Error: Failed to submit trasaction with status code: 11
2026.09.17-14:11:15.179[31m error[39m [caliper] [connectors/peer-gateway/PeerGateway] 	Failed to perform submit transaction [Transfer] using arguments [wlt_c_20260917-pilot6_calibration-retail-transfer-low-4w-30tps-r3_retail-transfer-low_w1_13,wlt_c_20260917-pilot6_calibration-retail-transfer-low-4w-30tps-r3_retail-transfer-low_w1_32,1000,transfer_20260917-pilot6_calibration-retail-transfer-low-4w-30tps-r3_retail-transfer-low_w1_r1_310],  with error: Error: Failed to submit trasaction with status code: 11
2026.09.17-14:11:15.180[31m error[39m [caliper] [connectors/peer-gateway/PeerGateway] 	Failed to perform submit transaction [Transfer] using arguments [wlt_c_20260917-pilot6_calibration-retail-transfer-low-4w-30tps-r3_retail-transfer-low_w0_13,wlt_c_20260917-pilot6_calibration-retail-transfer-low-4w-30tps-r3_retail-transfer-low_w0_32,1000,transfer_20260917-pilot6_calibration-retail-transfer-low-4w-30tps-r3_retail-transfer-low_w0_r1_310],  with error: Error: Failed to submit trasaction with status code: 11
2026.09.17-14:11:15.180[31m error[39m [caliper] [connectors/peer-gateway/PeerGateway] 	Failed to perform submit transaction [Transfer] using arguments [wlt_c_20260917-pilot6_calibration-retail-transfer-low-4w-30tps-r3_retail-transfer-low_w2_13,wlt_c_20260917-pilot6_calibration-retail-transfer-low-4w-30tps-r3_retail-transfer-low_w2_32,1000,transfer_20260917-pilot6_calibration-retail-transfer-low-4w-30tps-r3_retail-transfer-low_w2_r1_310],  with error: Error: Failed to submit trasaction with status code: 11
2026.09.17-14:11:15.180[31m error[39m [caliper] [connectors/peer-gateway/PeerGateway] 	Failed to perform submit transaction [Transfer] using arguments [wlt_c_20260917-pilot6_calibration-retail-transfer-low-4w-30tps-r3_retail-transfer-low_w1_16,wlt_c_20260917-pilot6_calibration-retail-transfer-low-4w-30tps-r3_retail-transfer-low_w1_34,1000,transfer_20260917-pilot6_calibration-retail-transfer-low-4w-30tps-r3_retail-transfer-low_w1_r1_312],  with error: Error: Failed to submit trasaction with status code: 11
2026.09.17-14:11:15.181[31m error[39m [caliper] [connectors/peer-gateway/PeerGateway] 	Failed to perform submit transaction [Transfer] using arguments [wlt_c_20260917-pilot6_calibration-retail-transfer-low-4w-30tps-r3_retail-transfer-low_w1_14,wlt_c_20260917-pilot6_calibration-retail-transfer-low-4w-30tps-r3_retail-transfer-low_w1_33,1000,transfer_20260917-pilot6_calibration-retail-transfer-low-4w-30tps-r3_retail-transfer-low_w1_r1_311],  with error: Error: Failed to submit trasaction with status code: 11
2026.09.17-14:11:15.181[31m error[39m [caliper] [connectors/peer-gateway/PeerGateway] 	Failed to perform submit transaction [Transfer] using arguments [wlt_c_20260917-pilot6_calibration-retail-transfer-low-4w-30tps-r3_retail-transfer-low_w2_14,wlt_c_20260917-pilot6_calibration-retail-transfer-low-4w-30tps-r3_retail-transfer-low_w2_33,1000,transfer_20260917-pilot6_calibration-retail-transfer-low-4w-30tps-r3_retail-transfer-low_w2_r1_311],  with error: Error: Failed to submit trasaction with status code: 11
2026.09.17-14:11:15.181[31m error[39m [caliper] [connectors/peer-gateway/PeerGateway] 	Failed to perform submit transaction [Transfer] using arguments [wlt_c_20260917-pilot6_calibration-retail-transfer-low-4w-30tps-r3_retail-transfer-low_w3_13,wlt_c_20260917-pilot6_calibration-retail-transfer-low-4w-30tps-r3_retail-transfer-low_w3_32,1000,transfer_20260917-pilot6_calibration-retail-transfer-low-4w-30tps-r3_retail-transfer-low_w3_r1_310],  with error: Error: Failed to submit trasaction with status code: 11
2026.09.17-14:11:15.182[31m error[39m [caliper] [connectors/peer-gateway/PeerGateway] 	Failed to perform submit transaction [Transfer] using arguments [wlt_c_20260917-pilot6_calibration-retail-transfer-low-4w-30tps-r3_retail-transfer-low_w3_14,wlt_c_20260917-pilot6_calibration-retail-transfer-low-4w-30tps-r3_retail-transfer-low_w3_33,1000,transfer_20260917-pilot6_calibration-retail-transfer-low-4w-30tps-r3_retail-transfer-low_w3_r1_311],  with error: Error: Failed to submit trasaction with status code: 11
2026.09.17-14:11:15.182[31m error[39m [caliper] [connectors/peer-gateway/PeerGateway] 	Failed to perform submit transaction [Transfer] using arguments [wlt_c_20260917-pilot6_calibration-retail-transfer-low-4w-30tps-r3_retail-transfer-low_w3_16,wlt_c_20260917-pilot6_calibration-retail-transfer-low-4w-30tps-r3_retail-transfer-low_w3_34,1000,transfer_20260917-pilot6_calibration-retail-transfer-low-4w-30tps-r3_retail-transfer-low_w3_r1_312],  with error: Error: Failed to submit trasaction with status code: 11
2026.09.17-14:11:15.323[31m error[39m [caliper] [connectors/peer-gateway/PeerGateway] 	Failed to perform submit transaction [Transfer] using arguments [wlt_c_20260917-pilot6_calibration-retail-transfer-low-4w-30tps-r3_retail-transfer-low_w1_18,wlt_c_20260917-pilot6_calibration-retail-transfer-low-4w-30tps-r3_retail-transfer-low_w1_37,1000,transfer_20260917-pilot6_calibration-retail-transfer-low-4w-30tps-r3_retail-transfer-low_w1_r1_314],  with error: Error: Failed to submit trasaction with status code: 11
2026.09.17-14:11:15.323[31m error[39m [caliper] [connectors/peer-gateway/PeerGateway] 	Failed to perform submit transaction [Transfer] using arguments [wlt_c_20260917-pilot6_calibration-retail-transfer-low-4w-30tps-r3_retail-transfer-low_w0_14,wlt_c_20260917-pilot6_calibration-retail-transfer-low-4w-30tps-r3_retail-transfer-low_w0_33,1000,transfer_20260917-pilot6_calibration-retail-transfer-low-4w-30tps-r3_retail-transfer-low_w0_r1_311],  with error: Error: Failed to submit trasaction with status code: 11
2026.09.17-14:11:15.324[31m error[39m [caliper] [connectors/peer-gateway/PeerGateway] 	Failed to perform submit transaction [Transfer] using arguments [wlt_c_20260917-pilot6_calibration-retail-transfer-low-4w-30tps-r3_retail-transfer-low_w3_18,wlt_c_20260917-pilot6_calibration-retail-transfer-low-4w-30tps-r3_retail-transfer-low_w3_37,1000,transfer_20260917-pilot6_calibration-retail-transfer-low-4w-30tps-r3_retail-transfer-low_w3_r1_314],  with error: Error: Failed to submit trasaction with status code: 11
2026.09.17-14:11:15.324[31m error[39m [caliper] [connectors/peer-gateway/PeerGateway] 	Failed to perform submit transaction [Transfer] using arguments [wlt_c_20260917-pilot6_calibration-retail-transfer-low-4w-30tps-r3_retail-transfer-low_w2_17,wlt_c_20260917-pilot6_calibration-retail-transfer-low-4w-30tps-r3_retail-transfer-low_w2_36,1000,transfer_20260917-pilot6_calibration-retail-transfer-low-4w-30tps-r3_retail-transfer-low_w2_r1_313],  with error: Error: Failed to submit trasaction with status code: 11
2026.09.17-14:11:15.327[31m error[39m [caliper] [connectors/peer-gateway/PeerGateway] 	Failed to perform submit transaction [Transfer] using arguments [wlt_c_20260917-pilot6_calibration-retail-transfer-low-4w-30tps-r3_retail-transfer-low_w1_17,wlt_c_20260917-pilot6_calibration-retail-transfer-low-4w-30tps-r3_retail-transfer-low_w1_36,1000,transfer_20260917-pilot6_calibration-retail-transfer-low-4w-30tps-r3_retail-transfer-low_w1_r1_313],  with error: Error: Failed to submit trasaction with status code: 11
2026.09.17-14:11:15.327[31m error[39m [caliper] [connectors/peer-gateway/PeerGateway] 	Failed to perform submit transaction [Transfer] using arguments [wlt_c_20260917-pilot6_calibration-retail-transfer-low-4w-30tps-r3_retail-transfer-low_w0_16,wlt_c_20260917-pilot6_calibration-retail-transfer-low-4w-30tps-r3_retail-transfer-low_w0_34,1000,transfer_20260917-pilot6_calibration-retail-transfer-low-4w-30tps-r3_retail-transfer-low_w0_r1_312],  with error: Error: Failed to submit trasaction with status code: 11
2026.09.17-14:11:15.328[31m error[39m [caliper] [connectors/peer-gateway/PeerGateway] 	Failed to perform submit transaction [Transfer] using arguments [wlt_c_20260917-pilot6_calibration-retail-transfer-low-4w-30tps-r3_retail-transfer-low_w0_18,wlt_c_20260917-pilot6_calibration-retail-transfer-low-4w-30tps-r3_retail-transfer-low_w0_37,1000,transfer_20260917-pilot6_calibration-retail-transfer-low-4w-30tps-r3_retail-transfer-low_w0_r1_314],  with error: Error: Failed to submit trasaction with status code: 11
2026.09.17-14:11:15.329[31m error[39m [caliper] [connectors/peer-gateway/PeerGateway] 	Failed to perform submit transaction [Transfer] using arguments [wlt_c_20260917-pilot6_calibration-retail-transfer-low-4w-30tps-r3_retail-transfer-low_w2_18,wlt_c_20260917-pilot6_calibration-retail-transfer-low-4w-30tps-r3_retail-transfer-low_w2_37,1000,transfer_20260917-pilot6_calibration-retail-transfer-low-4w-30tps-r3_retail-transfer-low_w2_r1_314],  with error: Error: Failed to submit trasaction with status code: 11
2026.09.17-14:11:15.397[32m info [39m [caliper] [default-observer] 	[retail-transfer-low-30tps Round 1 Transaction Info] - Submitted: 1283 Succ: 1128 Fail:101 Unfinished:54
2026.09.17-14:11:15.487[31m error[39m [caliper] [connectors/peer-gateway/PeerGateway] 	Failed to perform submit transaction [Transfer] using arguments [wlt_c_20260917-pilot6_calibration-retail-transfer-low-4w-30tps-r3_retail-transfer-low_w1_2,wlt_c_20260917-pilot6_calibration-retail-transfer-low-4w-30tps-r3_retail-transfer-low_w1_21,1000,transfer_20260917-pilot6_calibration-retail-transfer-low-4w-30tps-r3_retail-transfer-low_w1_r1_316],  with error: Error: Failed to submit trasaction with status code: 11
2026.09.17-14:11:15.487[31m error[39m [caliper] [connectors/peer-gateway/PeerGateway] 	Failed to perform submit transaction [Transfer] using arguments [wlt_c_20260917-pilot6_calibration-retail-transfer-low-4w-30tps-r3_retail-transfer-low_w3_2,wlt_c_20260917-pilot6_calibration-retail-transfer-low-4w-30tps-r3_retail-transfer-low_w3_21,1000,transfer_20260917-pilot6_calibration-retail-transfer-low-4w-30tps-r3_retail-transfer-low_w3_r1_316],  with error: Error: Failed to submit trasaction with status code: 11
2026.09.17-14:11:15.488[31m error[39m [caliper] [connectors/peer-gateway/PeerGateway] 	Failed to perform submit transaction [Transfer] using arguments [wlt_c_20260917-pilot6_calibration-retail-transfer-low-4w-30tps-r3_retail-transfer-low_w0_2,wlt_c_20260917-pilot6_calibration-retail-transfer-low-4w-30tps-r3_retail-transfer-low_w0_21,1000,transfer_20260917-pilot6_calibration-retail-transfer-low-4w-30tps-r3_retail-transfer-low_w0_r1_316],  with error: Error: Failed to submit trasaction with status code: 11
2026.09.17-14:11:15.489[31m error[39m [caliper] [connectors/peer-gateway/PeerGateway] 	Failed to perform submit transaction [Transfer] using arguments [wlt_c_20260917-pilot6_calibration-retail-transfer-low-4w-30tps-r3_retail-transfer-low_w1_1,wlt_c_20260917-pilot6_calibration-retail-transfer-low-4w-30tps-r3_retail-transfer-low_w1_19,1000,transfer_20260917-pilot6_calibration-retail-transfer-low-4w-30tps-r3_retail-transfer-low_w1_r1_315],  with error: Error: Failed to submit trasaction with status code: 11
2026.09.17-14:11:15.490[31m error[39m [caliper] [connectors/peer-gateway/PeerGateway] 	Failed to perform submit transaction [Transfer] using arguments [wlt_c_20260917-pilot6_calibration-retail-transfer-low-4w-30tps-r3_retail-transfer-low_w3_1,wlt_c_20260917-pilot6_calibration-retail-transfer-low-4w-30tps-r3_retail-transfer-low_w3_19,1000,transfer_20260917-pilot6_calibration-retail-transfer-low-4w-30tps-r3_retail-transfer-low_w3_r1_315],  with error: Error: Failed to submit trasaction with status code: 11
2026.09.17-14:11:15.491[31m error[39m [caliper] [connectors/peer-gateway/PeerGateway] 	Failed to perform submit transaction [Transfer] using arguments [wlt_c_20260917-pilot6_calibration-retail-transfer-low-4w-30tps-r3_retail-transfer-low_w0_1,wlt_c_20260917-pilot6_calibration-retail-transfer-low-4w-30tps-r3_retail-transfer-low_w0_19,1000,transfer_20260917-pilot6_calibration-retail-transfer-low-4w-30tps-r3_retail-transfer-low_w0_r1_315],  with error: Error: Failed to submit trasaction with status code: 11
2026.09.17-14:11:15.496[31m error[39m [caliper] [connectors/peer-gateway/PeerGateway] 	Failed to perform submit transaction [Transfer] using arguments [wlt_c_20260917-pilot6_calibration-retail-transfer-low-4w-30tps-r3_retail-transfer-low_w2_2,wlt_c_20260917-pilot6_calibration-retail-transfer-low-4w-30tps-r3_retail-transfer-low_w2_21,1000,transfer_20260917-pilot6_calibration-retail-transfer-low-4w-30tps-r3_retail-transfer-low_w2_r1_316],  with error: Error: Failed to submit trasaction with status code: 11
2026.09.17-14:11:15.796[31m error[39m [caliper] [connectors/peer-gateway/PeerGateway] 	Failed to perform submit transaction [Transfer] using arguments [wlt_c_20260917-pilot6_calibration-retail-transfer-low-4w-30tps-r3_retail-transfer-low_w3_3,wlt_c_20260917-pilot6_calibration-retail-transfer-low-4w-30tps-r3_retail-transfer-low_w3_22,1000,transfer_20260917-pilot6_calibration-retail-transfer-low-4w-30tps-r3_retail-transfer-low_w3_r1_317],  with error: Error: Failed to submit trasaction with status code: 11
2026.09.17-14:11:20.399[32m info [39m [caliper] [default-observer] 	[retail-transfer-low-30tps Round 1 Transaction Info] - Submitted: 1425 Succ: 1274 Fail:133 Unfinished:18
2026.09.17-14:11:25.401[32m info [39m [caliper] [default-observer] 	[retail-transfer-low-30tps Round 1 Transaction Info] - Submitted: 1569 Succ: 1409 Fail:133 Unfinished:27
2026.09.17-14:11:30.402[32m info [39m [caliper] [default-observer] 	[retail-transfer-low-30tps Round 1 Transaction Info] - Submitted: 1718 Succ: 1567 Fail:133 Unfinished:18
2026.09.17-14:11:35.402[32m info [39m [caliper] [default-observer] 	[retail-transfer-low-30tps Round 1 Transaction Info] - Submitted: 1804 Succ: 1671 Fail:133 Unfinished:0
2026.09.17-14:11:35.571[32m info [39m [caliper] [connectors/peer-gateway/PeerGateway] 	disconnecting gateway for user User1
2026.09.17-14:11:35.571[32m info [39m [caliper] [connectors/peer-gateway/PeerGateway] 	disconnecting gateway for user _HimbaraBankOrgMSP_User1
2026.09.17-14:11:35.571[32m info [39m [caliper] [connectors/peer-gateway/PeerGateway] 	disconnecting gateway for user _CommercialBankOrgMSP_User1
2026.09.17-14:11:35.571[32m info [39m [caliper] [connectors/peer-gateway/PeerGateway] 	disconnecting gRpc client at peer peer0.bi.paynet
2026.09.17-14:11:35.571[32m info [39m [caliper] [connectors/peer-gateway/PeerGateway] 	disconnecting gRpc client at peer peer0.himbara.paynet
2026.09.17-14:11:35.571[32m info [39m [caliper] [connectors/peer-gateway/PeerGateway] 	disconnecting gRpc client at peer peer0.commercial.paynet
2026.09.17-14:11:35.571[32m info [39m [caliper] [worker-message-handler] 	Worker#2 finished Round#1
2026.09.17-14:11:35.575[32m info [39m [caliper] [connectors/peer-gateway/PeerGateway] 	disconnecting gateway for user User1
2026.09.17-14:11:35.575[32m info [39m [caliper] [connectors/peer-gateway/PeerGateway] 	disconnecting gateway for user _HimbaraBankOrgMSP_User1
2026.09.17-14:11:35.575[32m info [39m [caliper] [connectors/peer-gateway/PeerGateway] 	disconnecting gateway for user _CommercialBankOrgMSP_User1
2026.09.17-14:11:35.575[32m info [39m [caliper] [connectors/peer-gateway/PeerGateway] 	disconnecting gRpc client at peer peer0.bi.paynet
2026.09.17-14:11:35.575[32m info [39m [caliper] [connectors/peer-gateway/PeerGateway] 	disconnecting gRpc client at peer peer0.himbara.paynet
2026.09.17-14:11:35.575[32m info [39m [caliper] [connectors/peer-gateway/PeerGateway] 	disconnecting gRpc client at peer peer0.commercial.paynet
2026.09.17-14:11:35.575[32m info [39m [caliper] [worker-message-handler] 	Worker#0 finished Round#1
2026.09.17-14:11:35.576[32m info [39m [caliper] [connectors/peer-gateway/PeerGateway] 	disconnecting gateway for user User1
2026.09.17-14:11:35.576[32m info [39m [caliper] [connectors/peer-gateway/PeerGateway] 	disconnecting gateway for user _HimbaraBankOrgMSP_User1
2026.09.17-14:11:35.576[32m info [39m [caliper] [connectors/peer-gateway/PeerGateway] 	disconnecting gateway for user _CommercialBankOrgMSP_User1
2026.09.17-14:11:35.576[32m info [39m [caliper] [connectors/peer-gateway/PeerGateway] 	disconnecting gateway for user User1
2026.09.17-14:11:35.576[32m info [39m [caliper] [connectors/peer-gateway/PeerGateway] 	disconnecting gRpc client at peer peer0.bi.paynet
2026.09.17-14:11:35.576[32m info [39m [caliper] [connectors/peer-gateway/PeerGateway] 	disconnecting gateway for user _HimbaraBankOrgMSP_User1
2026.09.17-14:11:35.576[32m info [39m [caliper] [connectors/peer-gateway/PeerGateway] 	disconnecting gateway for user _CommercialBankOrgMSP_User1
2026.09.17-14:11:35.576[32m info [39m [caliper] [connectors/peer-gateway/PeerGateway] 	disconnecting gRpc client at peer peer0.himbara.paynet
2026.09.17-14:11:35.576[32m info [39m [caliper] [connectors/peer-gateway/PeerGateway] 	disconnecting gRpc client at peer peer0.bi.paynet
2026.09.17-14:11:35.576[32m info [39m [caliper] [connectors/peer-gateway/PeerGateway] 	disconnecting gRpc client at peer peer0.commercial.paynet
2026.09.17-14:11:35.576[32m info [39m [caliper] [connectors/peer-gateway/PeerGateway] 	disconnecting gRpc client at peer peer0.himbara.paynet
2026.09.17-14:11:35.576[32m info [39m [caliper] [worker-message-handler] 	Worker#3 finished Round#1
2026.09.17-14:11:35.577[32m info [39m [caliper] [connectors/peer-gateway/PeerGateway] 	disconnecting gRpc client at peer peer0.commercial.paynet
2026.09.17-14:11:35.577[32m info [39m [caliper] [worker-message-handler] 	Worker#1 finished Round#1
2026.09.17-14:11:40.677[32m info [39m [caliper] [default-observer] 	Resetting txCount indicator count
2026.09.17-14:11:40.678[32m info [39m [caliper] [report-builder] 	### Test result ###
2026.09.17-14:11:40.680[32m info [39m [caliper] [report-builder] 	
+---------------------------+------+------+-----------------+-----------------+-----------------+-----------------+------------------+
| Name                      | Succ | Fail | Send Rate (TPS) | Max Latency (s) | Min Latency (s) | Avg Latency (s) | Throughput (TPS) |
|---------------------------|------|------|-----------------|-----------------|-----------------|-----------------|------------------|
| retail-transfer-low-30tps | 1671 | 133  | 30.1            | 3.32            | 0.11            | 0.94            | 29.0             |
+---------------------------+------+------+-----------------+-----------------+-----------------+-----------------+------------------+

2026.09.17-14:11:40.684[32m info [39m [caliper] [report-builder] 	### docker resource stats ###'
2026.09.17-14:11:40.686[32m info [39m [caliper] [report-builder] 	
+-----------------------------+-----------+-----------+------------------+------------------+-----------------+------------------+-----------------+----------------+
| Name                        | CPU%(max) | CPU%(avg) | Memory(max) [MB] | Memory(avg) [MB] | Traffic In [MB] | Traffic Out [MB] | Disc Write [MB] | Disc Read [MB] |
|-----------------------------|-----------|-----------|------------------|------------------|-----------------|------------------|-----------------|----------------|
| /peer0.ojk.paynet           | 0.2275    | 0.12      | 115              | 110              | 28.0            | 10.9             | 93.0            | 0.0820         |
|-----------------------------|-----------|-----------|------------------|------------------|-----------------|------------------|-----------------|----------------|
| /peer0.pjp.paynet           | 0.2       | 0.12375   | 119              | 113              | 28.0            | 10.9             | 46.0            | 1.88           |
|-----------------------------|-----------|-----------|------------------|------------------|-----------------|------------------|-----------------|----------------|
| /peer0.himbara.paynet       | 0.47625   | 0.3475    | 129              | 123              | 58.0            | 57.0             | 46.3            | 0.625          |
|-----------------------------|-----------|-----------|------------------|------------------|-----------------|------------------|-----------------|----------------|
| /peer0.commercial.paynet    | 0.20625   | 0.11625   | 115              | 109              | 28.0            | 10.9             | 45.9            | 0.281          |
|-----------------------------|-----------|-----------|------------------|------------------|-----------------|------------------|-----------------|----------------|
| /peer0.bi.paynet            | 0.1775    | 0.11875   | 119              | 115              | 28.0            | 10.9             | 46.6            | 0.184          |
|-----------------------------|-----------|-----------|------------------|------------------|-----------------|------------------|-----------------|----------------|
| /couchdb0.himbara.paynet    | 1.88875   | 0.92875   | 70.8             | 61.1             | 10.2            | 4.90             | 162             | 3.25           |
|-----------------------------|-----------|-----------|------------------|------------------|-----------------|------------------|-----------------|----------------|
| /couchdb0.pjp.paynet        | 2.55875   | 1.14125   | 74.1             | 62.0             | 10.5            | 12.1             | 202             | 6.36           |
|-----------------------------|-----------|-----------|------------------|------------------|-----------------|------------------|-----------------|----------------|
| /orderer.paynet             | 0.09375   | 0.0625    | 77.0             | 59.5             | 16.4            | 78.3             | 50.1            | 1.39           |
|-----------------------------|-----------|-----------|------------------|------------------|-----------------|------------------|-----------------|----------------|
| /couchdb0.commercial.paynet | 2.84875   | 1.14125   | 69.1             | 59.5             | 10.5            | 12.1             | 162             | 1.83           |
|-----------------------------|-----------|-----------|------------------|------------------|-----------------|------------------|-----------------|----------------|
| /couchdb0.ojk.paynet        | 2.09875   | 1.09125   | 69.0             | 59.0             | 10.5            | 12.1             | 236             | 11.7           |
|-----------------------------|-----------|-----------|------------------|------------------|-----------------|------------------|-----------------|----------------|
| /couchdb0.bi.paynet         | 1.5425    | 1.02      | 65.7             | 59.1             | 10.4            | 12.1             | 176             | 3.30           |
+-----------------------------+-----------+-----------+------------------+------------------+-----------------+------------------+-----------------+----------------+

2026.09.17-14:11:40.686[32m info [39m [caliper] [report-builder] 	### process resource stats ###'
2026.09.17-14:11:40.687[32m info [39m [caliper] [report-builder] 	
+-------------------+-----------+-----------+-----------------+-----------------+
| Name              | CPU%(max) | CPU%(avg) | Memory(max) [B] | Memory(avg) [B] |
|-------------------|-----------|-----------|-----------------|-----------------|
| node caliper(sum) | 97.03     | 61.38     | -               | -               |
+-------------------+-----------+-----------+-----------------+-----------------+

2026.09.17-14:11:40.687[32m info [39m [caliper] [round-orchestrator] 	Finished round 2 (retail-transfer-low-30tps) in 62.317 seconds
2026.09.17-14:11:40.687[32m info [39m [caliper] [monitor.js] 	Stopping all monitors
2026.09.17-14:11:40.888[32m info [39m [caliper] [report-builder] 	### All test results ###
2026.09.17-14:11:40.889[32m info [39m [caliper] [report-builder] 	
+----------------------------------+------+------+-----------------+-----------------+-----------------+-----------------+------------------+
| Name                             | Succ | Fail | Send Rate (TPS) | Max Latency (s) | Min Latency (s) | Avg Latency (s) | Throughput (TPS) |
|----------------------------------|------|------|-----------------|-----------------|-----------------|-----------------|------------------|
| warmup-retail-transfer-low-30tps | 156  | 0    | 5.1             | 2.15            | 0.13            | 1.06            | 4.9              |
|----------------------------------|------|------|-----------------|-----------------|-----------------|-----------------|------------------|
| retail-transfer-low-30tps        | 1671 | 133  | 30.1            | 3.32            | 0.11            | 0.94            | 29.0             |
+----------------------------------+------+------+-----------------+-----------------+-----------------+-----------------+------------------+

2026.09.17-14:11:40.897[32m info [39m [caliper] [report-builder] 	Generated report with path /home/mfachrizalg/2026/Skripsi/bi-coin/bi-coin-fabric/report.html
2026.09.17-14:11:40.897[32m info [39m [caliper] [monitor.js] 	Stopping all monitors
2026.09.17-14:11:40.897[32m info [39m [caliper] [worker-orchestrator] 	Sending exit message to connected workers
2026.09.17-14:11:40.897[32m info [39m [caliper] [round-orchestrator] 	Benchmark finished in 273.037 seconds. Total rounds: 2. Successful rounds: 2. Failed rounds: 0.
2026.09.17-14:11:40.897[32m info [39m [caliper] [caliper-engine] 	Network configuration attribute "caliper.command.end" is not present, skipping end command
2026.09.17-14:11:40.897[32m info [39m [caliper] [cli-launch-manager] 	Benchmark successfully finished!
2026.09.17-14:11:40.898[32m info [39m [caliper] [worker-message-handler] 	Worker#0 is exiting
2026.09.17-14:11:40.898[32m info [39m [caliper] [worker-message-handler] 	Worker#1 is exiting
2026.09.17-14:11:40.898[32m info [39m [caliper] [worker-message-handler] 	Worker#2 is exiting
2026.09.17-14:11:40.898[32m info [39m [caliper] [worker-message-handler] 	Worker#3 is exiting
