2026.09.17-11:12:36.572[32m info [39m [caliper] [cli-launch-manager] 	Set workspace path: /home/mfachrizalg/2026/Skripsi/bi-coin/bi-coin-fabric
2026.09.17-11:12:36.573[32m info [39m [caliper] [cli-launch-manager] 	Set benchmark configuration path: /home/mfachrizalg/2026/Skripsi/bi-coin/bi-coin-fabric/benchmark/results/statistical-20260917-pilot6/runs/calibration-retail-transfer-low-2w-40tps-r1/benchconfig.yaml
2026.09.17-11:12:36.573[32m info [39m [caliper] [cli-launch-manager] 	Set network configuration path: /home/mfachrizalg/2026/Skripsi/bi-coin/bi-coin-fabric/benchmark/networkconfig.yaml
2026.09.17-11:12:36.573[32m info [39m [caliper] [cli-launch-manager] 	Set SUT type: fabric
2026.09.17-11:12:36.589[32m info [39m [caliper] [caliper-engine] 	Starting benchmark flow
2026.09.17-11:12:36.590[32m info [39m [caliper] [caliper-engine] 	Network configuration attribute "caliper.command.start" is not present, skipping start command
2026.09.17-11:12:37.173[32m info [39m [caliper] [FabricConnectorFactory] 	Initializing peer gateway connector compatible with installed fabric-gateway SDK: 1.5.0
2026.09.17-11:12:37.180[32m info [39m [caliper] [IdentityManager] 	Adding User1 (admin=false) as User1 for organization BankIndonesiaOrgMSP
2026.09.17-11:12:37.181[32m info [39m [caliper] [IdentityManager] 	Adding User1 (admin=false) as _HimbaraBankOrgMSP_User1 for organization HimbaraBankOrgMSP
2026.09.17-11:12:37.182[32m info [39m [caliper] [IdentityManager] 	Adding User1 (admin=false) as _CommercialBankOrgMSP_User1 for organization CommercialBankOrgMSP
2026.09.17-11:12:37.185[32m info [39m [caliper] [connectors/peer-gateway/PeerGateway] 	Fabric-Gateway SDK version: 1.5.0 for Peer-Gateway connector; TLS based on BankIndonesiaOrgMSP: server
2026.09.17-11:12:37.185[32m info [39m [caliper] [caliper-engine] 	Executed "init" step in 0.001 seconds
2026.09.17-11:12:37.185[33m warn [39m [caliper] [connectors/peer-gateway/PeerGateway] 	Install smart contract not available for the Fabric Peer Gateway connector
2026.09.17-11:12:37.185[32m info [39m [caliper] [caliper-engine] 	Executed "install" step in 0 seconds
2026.09.17-11:12:37.187[32m info [39m [caliper] [monitor.js] 	Attempting to create resource monitor of type docker
2026.09.17-11:12:37.187[32m info [39m [caliper] [monitor.js] 	Attempting to create resource monitor of type process
2026.09.17-11:12:37.188[32m info [39m [caliper] [default-observer] 	Observer interval set to 5000 milliseconds
2026.09.17-11:12:37.191[32m info [39m [caliper] [round-orchestrator] 	Preparing worker connections
2026.09.17-11:12:37.192[32m info [39m [caliper] [worker-orchestrator] 	Launching worker 1 of 2
2026.09.17-11:12:37.196[32m info [39m [caliper] [worker-orchestrator] 	Launching worker 2 of 2
2026.09.17-11:12:37.198[32m info [39m [caliper] [worker-orchestrator] 	Messenger not configured, entering configure phase...
2026.09.17-11:12:37.199[32m info [39m [caliper] [worker-orchestrator] 	No existing workers detected, entering worker launch phase...
2026.09.17-11:12:37.199[32m info [39m [caliper] [worker-orchestrator] 	Waiting for 2 workers to be connected...
2026.09.17-11:12:37.497[32m info [39m [caliper] [cli-launch-worker] 	Set workspace path: /home/mfachrizalg/2026/Skripsi/bi-coin/bi-coin-fabric
2026.09.17-11:12:37.498[32m info [39m [caliper] [cli-launch-worker] 	Set benchmark configuration path: /home/mfachrizalg/2026/Skripsi/bi-coin/bi-coin-fabric/benchmark/results/statistical-20260917-pilot6/runs/calibration-retail-transfer-low-2w-40tps-r1/benchconfig.yaml
2026.09.17-11:12:37.498[32m info [39m [caliper] [cli-launch-worker] 	Set network configuration path: /home/mfachrizalg/2026/Skripsi/bi-coin/bi-coin-fabric/benchmark/networkconfig.yaml
2026.09.17-11:12:37.499[32m info [39m [caliper] [cli-launch-worker] 	Set SUT type: fabric
2026.09.17-11:12:37.501[32m info [39m [caliper] [cli-launch-worker] 	Set workspace path: /home/mfachrizalg/2026/Skripsi/bi-coin/bi-coin-fabric
2026.09.17-11:12:37.502[32m info [39m [caliper] [cli-launch-worker] 	Set benchmark configuration path: /home/mfachrizalg/2026/Skripsi/bi-coin/bi-coin-fabric/benchmark/results/statistical-20260917-pilot6/runs/calibration-retail-transfer-low-2w-40tps-r1/benchconfig.yaml
2026.09.17-11:12:37.503[32m info [39m [caliper] [cli-launch-worker] 	Set network configuration path: /home/mfachrizalg/2026/Skripsi/bi-coin/bi-coin-fabric/benchmark/networkconfig.yaml
2026.09.17-11:12:37.503[32m info [39m [caliper] [cli-launch-worker] 	Set SUT type: fabric
2026.09.17-11:12:37.528[32m info [39m [caliper] [worker-orchestrator] 	2 workers connected, progressing to worker assignment phase.
2026.09.17-11:12:37.528[32m info [39m [caliper] [worker-orchestrator] 	Workers currently unassigned, awaiting index assignment...
2026.09.17-11:12:37.528[32m info [39m [caliper] [worker-orchestrator] 	Waiting for 2 workers to be assigned...
2026.09.17-11:12:37.568[32m info [39m [caliper] [worker-orchestrator] 	2 workers assigned, progressing to worker initialization phase.
2026.09.17-11:12:37.568[32m info [39m [caliper] [worker-orchestrator] 	Waiting for 2 workers to be ready...
2026.09.17-11:12:37.569[32m info [39m [caliper] [worker-message-handler] 	Initializing Worker#0...
2026.09.17-11:12:37.569[32m info [39m [caliper] [worker-message-handler] 	Initializing Worker#1...
2026.09.17-11:12:38.167[32m info [39m [caliper] [FabricConnectorFactory] 	Initializing peer gateway connector compatible with installed fabric-gateway SDK: 1.5.0
2026.09.17-11:12:38.168[32m info [39m [caliper] [FabricConnectorFactory] 	Initializing peer gateway connector compatible with installed fabric-gateway SDK: 1.5.0
2026.09.17-11:12:38.173[32m info [39m [caliper] [IdentityManager] 	Adding User1 (admin=false) as User1 for organization BankIndonesiaOrgMSP
2026.09.17-11:12:38.174[32m info [39m [caliper] [IdentityManager] 	Adding User1 (admin=false) as _HimbaraBankOrgMSP_User1 for organization HimbaraBankOrgMSP
2026.09.17-11:12:38.175[32m info [39m [caliper] [IdentityManager] 	Adding User1 (admin=false) as _CommercialBankOrgMSP_User1 for organization CommercialBankOrgMSP
2026.09.17-11:12:38.175[32m info [39m [caliper] [IdentityManager] 	Adding User1 (admin=false) as User1 for organization BankIndonesiaOrgMSP
2026.09.17-11:12:38.176[32m info [39m [caliper] [IdentityManager] 	Adding User1 (admin=false) as _HimbaraBankOrgMSP_User1 for organization HimbaraBankOrgMSP
2026.09.17-11:12:38.177[32m info [39m [caliper] [IdentityManager] 	Adding User1 (admin=false) as _CommercialBankOrgMSP_User1 for organization CommercialBankOrgMSP
2026.09.17-11:12:38.179[32m info [39m [caliper] [worker-message-handler] 	Worker#1 initialized
2026.09.17-11:12:38.181[32m info [39m [caliper] [worker-message-handler] 	Worker#0 initialized
2026.09.17-11:12:38.182[32m info [39m [caliper] [worker-orchestrator] 	2 workers ready, progressing to test preparation phase.
2026.09.17-11:12:38.182[32m info [39m [caliper] [round-orchestrator] 	Started round 1 (warmup-retail-transfer-low-40tps)
2026.09.17-11:12:38.183[32m info [39m [caliper] [worker-message-handler] 	Preparing Worker#0 for Round#0
2026.09.17-11:12:38.183[32m info [39m [caliper] [worker-message-handler] 	Preparing Worker#1 for Round#0
2026.09.17-11:12:38.197[32m info [39m [caliper] [connectors/peer-gateway/PeerGateway] 	Generating contract map for user User1
2026.09.17-11:12:38.200[32m info [39m [caliper] [connectors/peer-gateway/PeerGateway] 	Generating contract map for user User1
2026.09.17-11:12:38.202[32m info [39m [caliper] [connectors/peer-gateway/PeerGateway] 	Generating contract map for user _HimbaraBankOrgMSP_User1
2026.09.17-11:12:38.204[32m info [39m [caliper] [connectors/peer-gateway/PeerGateway] 	Generating contract map for user _HimbaraBankOrgMSP_User1
2026.09.17-11:12:38.205[32m info [39m [caliper] [connectors/peer-gateway/PeerGateway] 	Generating contract map for user _CommercialBankOrgMSP_User1
2026.09.17-11:12:38.205[32m info [39m [caliper] [caliper-worker] 	Info: worker 0 prepare test phase for round 0 is starting...
2026.09.17-11:12:38.207[32m info [39m [caliper] [connectors/peer-gateway/PeerGateway] 	Generating contract map for user _CommercialBankOrgMSP_User1
2026.09.17-11:12:38.207[32m info [39m [caliper] [caliper-worker] 	Info: worker 1 prepare test phase for round 0 is starting...
2026.09.17-11:12:38.255[31m error[39m [caliper] [connectors/peer-gateway/PeerGateway] 	Failed to perform query transaction [GetParticipant] using arguments [bench_custodian_20260917-pilot6_calibration-retail-transfer-low-2w-40tps-r1_retail-transfer-low],  with error: GatewayError: 2 UNKNOWN: evaluate call to endorser returned error: chaincode response 500, participant bench_custodian_20260917-pilot6_calibration-retail-transfer-low-2w-40tps-r1_retail-transfer-low not found
Details:
-  peer0.bi.paynet:7051:chaincode response 500, participant bench_custodian_20260917-pilot6_calibration-retail-transfer-low-2w-40tps-r1_retail-transfer-low not found
2026.09.17-11:14:31.153[32m info [39m [caliper] [connectors/peer-gateway/PeerGateway] 	disconnecting gateway for user User1
2026.09.17-11:14:31.153[32m info [39m [caliper] [connectors/peer-gateway/PeerGateway] 	disconnecting gateway for user _HimbaraBankOrgMSP_User1
2026.09.17-11:14:31.153[32m info [39m [caliper] [connectors/peer-gateway/PeerGateway] 	disconnecting gateway for user _CommercialBankOrgMSP_User1
2026.09.17-11:14:31.153[32m info [39m [caliper] [connectors/peer-gateway/PeerGateway] 	disconnecting gRpc client at peer peer0.bi.paynet
2026.09.17-11:14:31.154[32m info [39m [caliper] [connectors/peer-gateway/PeerGateway] 	disconnecting gRpc client at peer peer0.himbara.paynet
2026.09.17-11:14:31.155[32m info [39m [caliper] [connectors/peer-gateway/PeerGateway] 	disconnecting gRpc client at peer peer0.commercial.paynet
2026.09.17-11:14:31.155[32m info [39m [caliper] [caliper-worker] 	Info: worker 0 prepare test phase for round 0 is completed
2026.09.17-11:14:31.155[32m info [39m [caliper] [worker-message-handler] 	Worker#0 prepared for Round#0
2026.09.17-11:15:54.820[32m info [39m [caliper] [connectors/peer-gateway/PeerGateway] 	disconnecting gateway for user User1
2026.09.17-11:15:54.821[32m info [39m [caliper] [connectors/peer-gateway/PeerGateway] 	disconnecting gateway for user _HimbaraBankOrgMSP_User1
2026.09.17-11:15:54.821[32m info [39m [caliper] [connectors/peer-gateway/PeerGateway] 	disconnecting gateway for user _CommercialBankOrgMSP_User1
2026.09.17-11:15:54.822[32m info [39m [caliper] [connectors/peer-gateway/PeerGateway] 	disconnecting gRpc client at peer peer0.bi.paynet
2026.09.17-11:15:54.823[32m info [39m [caliper] [connectors/peer-gateway/PeerGateway] 	disconnecting gRpc client at peer peer0.himbara.paynet
2026.09.17-11:15:54.824[32m info [39m [caliper] [connectors/peer-gateway/PeerGateway] 	disconnecting gRpc client at peer peer0.commercial.paynet
2026.09.17-11:15:54.825[32m info [39m [caliper] [caliper-worker] 	Info: worker 1 prepare test phase for round 0 is completed
2026.09.17-11:15:54.825[32m info [39m [caliper] [worker-message-handler] 	Worker#1 prepared for Round#0
2026.09.17-11:15:54.828[32m info [39m [caliper] [worker-orchestrator] 	2 workers prepared, progressing to test phase.
2026.09.17-11:15:56.902[32m info [39m [caliper] [monitor-process] 	Registering node caliper(sum) within process monitor
2026.09.17-11:15:57.170[32m info [39m [caliper] [monitor-process] 	Starting process monitor with update interval 1000 ms
2026.09.17-11:15:57.170[32m info [39m [caliper] [round-orchestrator] 	Monitors successfully started
2026.09.17-11:15:57.172[32m info [39m [caliper] [worker-message-handler] 	Worker#0 is starting Round#0
2026.09.17-11:15:57.172[32m info [39m [caliper] [worker-message-handler] 	Worker#1 is starting Round#0
2026.09.17-11:15:57.179[32m info [39m [caliper] [connectors/peer-gateway/PeerGateway] 	Generating contract map for user User1
2026.09.17-11:15:57.179[32m info [39m [caliper] [connectors/peer-gateway/PeerGateway] 	Generating contract map for user User1
2026.09.17-11:15:57.182[32m info [39m [caliper] [connectors/peer-gateway/PeerGateway] 	Generating contract map for user _HimbaraBankOrgMSP_User1
2026.09.17-11:15:57.182[32m info [39m [caliper] [connectors/peer-gateway/PeerGateway] 	Generating contract map for user _HimbaraBankOrgMSP_User1
2026.09.17-11:15:57.183[32m info [39m [caliper] [connectors/peer-gateway/PeerGateway] 	Generating contract map for user _CommercialBankOrgMSP_User1
2026.09.17-11:15:57.184[32m info [39m [caliper] [connectors/peer-gateway/PeerGateway] 	Generating contract map for user _CommercialBankOrgMSP_User1
2026.09.17-11:15:57.185[32m info [39m [caliper] [caliper-worker] 	Worker #0 starting workload loop
2026.09.17-11:15:57.186[32m info [39m [caliper] [caliper-worker] 	Worker #1 starting workload loop
2026.09.17-11:15:59.830[32m info [39m [caliper] [default-observer] 	[warmup-retail-transfer-low-40tps Round 0 Transaction Info] - Submitted: 11 Succ: 10 Fail:0 Unfinished:1
2026.09.17-11:16:04.832[32m info [39m [caliper] [default-observer] 	[warmup-retail-transfer-low-40tps Round 0 Transaction Info] - Submitted: 36 Succ: 30 Fail:0 Unfinished:6
2026.09.17-11:16:09.829[32m info [39m [caliper] [default-observer] 	[warmup-retail-transfer-low-40tps Round 0 Transaction Info] - Submitted: 62 Succ: 60 Fail:0 Unfinished:2
2026.09.17-11:16:14.830[32m info [39m [caliper] [default-observer] 	[warmup-retail-transfer-low-40tps Round 0 Transaction Info] - Submitted: 86 Succ: 80 Fail:0 Unfinished:6
2026.09.17-11:16:19.830[32m info [39m [caliper] [default-observer] 	[warmup-retail-transfer-low-40tps Round 0 Transaction Info] - Submitted: 112 Succ: 110 Fail:0 Unfinished:2
2026.09.17-11:16:24.830[32m info [39m [caliper] [default-observer] 	[warmup-retail-transfer-low-40tps Round 0 Transaction Info] - Submitted: 136 Succ: 130 Fail:0 Unfinished:6
2026.09.17-11:16:29.832[32m info [39m [caliper] [default-observer] 	[warmup-retail-transfer-low-40tps Round 0 Transaction Info] - Submitted: 152 Succ: 152 Fail:0 Unfinished:0
2026.09.17-11:16:30.292[32m info [39m [caliper] [connectors/peer-gateway/PeerGateway] 	disconnecting gateway for user User1
2026.09.17-11:16:30.292[32m info [39m [caliper] [connectors/peer-gateway/PeerGateway] 	disconnecting gateway for user _HimbaraBankOrgMSP_User1
2026.09.17-11:16:30.292[32m info [39m [caliper] [connectors/peer-gateway/PeerGateway] 	disconnecting gateway for user User1
2026.09.17-11:16:30.292[32m info [39m [caliper] [connectors/peer-gateway/PeerGateway] 	disconnecting gateway for user _CommercialBankOrgMSP_User1
2026.09.17-11:16:30.292[32m info [39m [caliper] [connectors/peer-gateway/PeerGateway] 	disconnecting gRpc client at peer peer0.bi.paynet
2026.09.17-11:16:30.292[32m info [39m [caliper] [connectors/peer-gateway/PeerGateway] 	disconnecting gateway for user _HimbaraBankOrgMSP_User1
2026.09.17-11:16:30.292[32m info [39m [caliper] [connectors/peer-gateway/PeerGateway] 	disconnecting gateway for user _CommercialBankOrgMSP_User1
2026.09.17-11:16:30.292[32m info [39m [caliper] [connectors/peer-gateway/PeerGateway] 	disconnecting gRpc client at peer peer0.himbara.paynet
2026.09.17-11:16:30.292[32m info [39m [caliper] [connectors/peer-gateway/PeerGateway] 	disconnecting gRpc client at peer peer0.bi.paynet
2026.09.17-11:16:30.292[32m info [39m [caliper] [connectors/peer-gateway/PeerGateway] 	disconnecting gRpc client at peer peer0.commercial.paynet
2026.09.17-11:16:30.292[32m info [39m [caliper] [connectors/peer-gateway/PeerGateway] 	disconnecting gRpc client at peer peer0.himbara.paynet
2026.09.17-11:16:30.292[32m info [39m [caliper] [worker-message-handler] 	Worker#0 finished Round#0
2026.09.17-11:16:30.293[32m info [39m [caliper] [connectors/peer-gateway/PeerGateway] 	disconnecting gRpc client at peer peer0.commercial.paynet
2026.09.17-11:16:30.293[32m info [39m [caliper] [worker-message-handler] 	Worker#1 finished Round#0
2026.09.17-11:16:35.309[32m info [39m [caliper] [default-observer] 	Resetting txCount indicator count
2026.09.17-11:16:35.310[32m info [39m [caliper] [report-builder] 	### Test result ###
2026.09.17-11:16:35.314[32m info [39m [caliper] [report-builder] 	
+----------------------------------+------+------+-----------------+-----------------+-----------------+-----------------+------------------+
| Name                             | Succ | Fail | Send Rate (TPS) | Max Latency (s) | Min Latency (s) | Avg Latency (s) | Throughput (TPS) |
|----------------------------------|------|------|-----------------|-----------------|-----------------|-----------------|------------------|
| warmup-retail-transfer-low-40tps | 152  | 0    | 5.1             | 2.10            | 0.13            | 0.98            | 4.7              |
+----------------------------------+------+------+-----------------+-----------------+-----------------+-----------------+------------------+

2026.09.17-11:16:35.320[32m info [39m [caliper] [report-builder] 	### docker resource stats ###'
2026.09.17-11:16:35.323[32m info [39m [caliper] [report-builder] 	
+-----------------------------+-----------+-----------+------------------+------------------+-----------------+------------------+-----------------+---------------+
| Name                        | CPU%(max) | CPU%(avg) | Memory(max) [MB] | Memory(avg) [MB] | Traffic In [MB] | Traffic Out [MB] | Disc Write [MB] | Disc Read [B] |
|-----------------------------|-----------|-----------|------------------|------------------|-----------------|------------------|-----------------|---------------|
| /peer0.commercial.paynet    | 0.05      | 0.02      | 107              | 104              | 2.57            | 1.18             | 4.10            | 0.00          |
|-----------------------------|-----------|-----------|------------------|------------------|-----------------|------------------|-----------------|---------------|
| /peer0.pjp.paynet           | 0.0475    | 0.0225    | 107              | 103              | 2.57            | 1.17             | 4.20            | 0.00          |
|-----------------------------|-----------|-----------|------------------|------------------|-----------------|------------------|-----------------|---------------|
| /peer0.ojk.paynet           | 0.04125   | 0.02      | 101              | 100              | 2.57            | 1.17             | 4.06            | 0.00          |
|-----------------------------|-----------|-----------|------------------|------------------|-----------------|------------------|-----------------|---------------|
| /peer0.himbara.paynet       | 0.095     | 0.06375   | 110              | 107              | 5.53            | 5.41             | 4.14            | 0.00          |
|-----------------------------|-----------|-----------|------------------|------------------|-----------------|------------------|-----------------|---------------|
| /peer0.bi.paynet            | 0.0675    | 0.02625   | 107              | 103              | 2.59            | 1.19             | 4.15            | 0.00          |
|-----------------------------|-----------|-----------|------------------|------------------|-----------------|------------------|-----------------|---------------|
| /couchdb0.commercial.paynet | 0.3025    | 0.0475    | 53.9             | 51.8             | 0.956           | 1.05             | 6.48            | 0.00          |
|-----------------------------|-----------|-----------|------------------|------------------|-----------------|------------------|-----------------|---------------|
| /couchdb0.pjp.paynet        | 0.4225    | 0.05625   | 53.7             | 52.6             | 0.956           | 1.05             | 6.64            | 0.00          |
|-----------------------------|-----------|-----------|------------------|------------------|-----------------|------------------|-----------------|---------------|
| /couchdb0.himbara.paynet    | 0.40125   | 0.0875    | 53.9             | 52.0             | 0.953           | 0.534            | 14.1            | 0.00          |
|-----------------------------|-----------|-----------|------------------|------------------|-----------------|------------------|-----------------|---------------|
| /orderer.paynet             | 0.0125    | 0.00625   | 47.7             | 45.1             | 1.41            | 6.62             | 4.68            | 0.00          |
|-----------------------------|-----------|-----------|------------------|------------------|-----------------|------------------|-----------------|---------------|
| /couchdb0.ojk.paynet        | 0.29125   | 0.0425    | 53.7             | 52.6             | 0.955           | 1.05             | 6.64            | 0.00          |
|-----------------------------|-----------|-----------|------------------|------------------|-----------------|------------------|-----------------|---------------|
| /couchdb0.bi.paynet         | 0.305     | 0.05      | 52.9             | 51.8             | 0.955           | 1.04             | 6.88            | 0.00          |
+-----------------------------+-----------+-----------+------------------+------------------+-----------------+------------------+-----------------+---------------+

2026.09.17-11:16:35.324[32m info [39m [caliper] [report-builder] 	### process resource stats ###'
2026.09.17-11:16:35.324[32m info [39m [caliper] [report-builder] 	
+-------------------+-----------+-----------+-----------------+-----------------+
| Name              | CPU%(max) | CPU%(avg) | Memory(max) [B] | Memory(avg) [B] |
|-------------------|-----------|-----------|-----------------|-----------------|
| node caliper(sum) | 31.73     | 20.68     | -               | -               |
+-------------------+-----------+-----------+-----------------+-----------------+

2026.09.17-11:16:35.324[32m info [39m [caliper] [round-orchestrator] 	Finished round 1 (warmup-retail-transfer-low-40tps) in 32.107 seconds
2026.09.17-11:16:35.324[32m info [39m [caliper] [monitor.js] 	Stopping all monitors
2026.09.17-11:16:35.525[32m info [39m [caliper] [round-orchestrator] 	Waiting 5 seconds for the next round...
2026.09.17-11:16:40.526[32m info [39m [caliper] [round-orchestrator] 	Started round 2 (retail-transfer-low-40tps)
2026.09.17-11:16:40.527[32m info [39m [caliper] [worker-message-handler] 	Preparing Worker#0 for Round#1
2026.09.17-11:16:40.528[32m info [39m [caliper] [worker-message-handler] 	Preparing Worker#1 for Round#1
2026.09.17-11:16:40.530[32m info [39m [caliper] [connectors/peer-gateway/PeerGateway] 	Generating contract map for user User1
2026.09.17-11:16:40.530[32m info [39m [caliper] [connectors/peer-gateway/PeerGateway] 	Generating contract map for user User1
2026.09.17-11:16:40.531[32m info [39m [caliper] [connectors/peer-gateway/PeerGateway] 	Generating contract map for user _HimbaraBankOrgMSP_User1
2026.09.17-11:16:40.531[32m info [39m [caliper] [connectors/peer-gateway/PeerGateway] 	Generating contract map for user _HimbaraBankOrgMSP_User1
2026.09.17-11:16:40.533[32m info [39m [caliper] [connectors/peer-gateway/PeerGateway] 	Generating contract map for user _CommercialBankOrgMSP_User1
2026.09.17-11:16:40.534[32m info [39m [caliper] [connectors/peer-gateway/PeerGateway] 	Generating contract map for user _CommercialBankOrgMSP_User1
2026.09.17-11:16:40.534[32m info [39m [caliper] [caliper-worker] 	Info: worker 1 prepare test phase for round 1 is starting...
2026.09.17-11:16:40.534[32m info [39m [caliper] [caliper-worker] 	Info: worker 0 prepare test phase for round 1 is starting...
2026.09.17-11:16:40.545[32m info [39m [caliper] [connectors/peer-gateway/PeerGateway] 	disconnecting gateway for user User1
2026.09.17-11:16:40.545[32m info [39m [caliper] [connectors/peer-gateway/PeerGateway] 	disconnecting gateway for user _HimbaraBankOrgMSP_User1
2026.09.17-11:16:40.545[32m info [39m [caliper] [connectors/peer-gateway/PeerGateway] 	disconnecting gateway for user _CommercialBankOrgMSP_User1
2026.09.17-11:16:40.545[32m info [39m [caliper] [connectors/peer-gateway/PeerGateway] 	disconnecting gRpc client at peer peer0.bi.paynet
2026.09.17-11:16:40.545[32m info [39m [caliper] [connectors/peer-gateway/PeerGateway] 	disconnecting gRpc client at peer peer0.himbara.paynet
2026.09.17-11:16:40.545[32m info [39m [caliper] [connectors/peer-gateway/PeerGateway] 	disconnecting gRpc client at peer peer0.commercial.paynet
2026.09.17-11:16:40.545[32m info [39m [caliper] [caliper-worker] 	Info: worker 1 prepare test phase for round 1 is completed
2026.09.17-11:16:40.546[32m info [39m [caliper] [worker-message-handler] 	Worker#1 prepared for Round#1
2026.09.17-11:16:44.778[32m info [39m [caliper] [connectors/peer-gateway/PeerGateway] 	disconnecting gateway for user User1
2026.09.17-11:16:44.778[32m info [39m [caliper] [connectors/peer-gateway/PeerGateway] 	disconnecting gateway for user _HimbaraBankOrgMSP_User1
2026.09.17-11:16:44.778[32m info [39m [caliper] [connectors/peer-gateway/PeerGateway] 	disconnecting gateway for user _CommercialBankOrgMSP_User1
2026.09.17-11:16:44.778[32m info [39m [caliper] [connectors/peer-gateway/PeerGateway] 	disconnecting gRpc client at peer peer0.bi.paynet
2026.09.17-11:16:44.778[32m info [39m [caliper] [connectors/peer-gateway/PeerGateway] 	disconnecting gRpc client at peer peer0.himbara.paynet
2026.09.17-11:16:44.778[32m info [39m [caliper] [connectors/peer-gateway/PeerGateway] 	disconnecting gRpc client at peer peer0.commercial.paynet
2026.09.17-11:16:44.778[32m info [39m [caliper] [caliper-worker] 	Info: worker 0 prepare test phase for round 1 is completed
2026.09.17-11:16:44.778[32m info [39m [caliper] [worker-message-handler] 	Worker#0 prepared for Round#1
2026.09.17-11:16:44.779[32m info [39m [caliper] [worker-orchestrator] 	2 workers prepared, progressing to test phase.
2026.09.17-11:16:46.819[32m info [39m [caliper] [monitor-process] 	Registering node caliper(sum) within process monitor
2026.09.17-11:16:46.926[32m info [39m [caliper] [monitor-process] 	Starting process monitor with update interval 1000 ms
2026.09.17-11:16:46.926[32m info [39m [caliper] [round-orchestrator] 	Monitors successfully started
2026.09.17-11:16:46.927[32m info [39m [caliper] [worker-message-handler] 	Worker#0 is starting Round#1
2026.09.17-11:16:46.927[32m info [39m [caliper] [worker-message-handler] 	Worker#1 is starting Round#1
2026.09.17-11:16:46.929[32m info [39m [caliper] [connectors/peer-gateway/PeerGateway] 	Generating contract map for user User1
2026.09.17-11:16:46.930[32m info [39m [caliper] [connectors/peer-gateway/PeerGateway] 	Generating contract map for user User1
2026.09.17-11:16:46.931[32m info [39m [caliper] [connectors/peer-gateway/PeerGateway] 	Generating contract map for user _HimbaraBankOrgMSP_User1
2026.09.17-11:16:46.932[32m info [39m [caliper] [connectors/peer-gateway/PeerGateway] 	Generating contract map for user _HimbaraBankOrgMSP_User1
2026.09.17-11:16:46.935[32m info [39m [caliper] [connectors/peer-gateway/PeerGateway] 	Generating contract map for user _CommercialBankOrgMSP_User1
2026.09.17-11:16:46.935[32m info [39m [caliper] [connectors/peer-gateway/PeerGateway] 	Generating contract map for user _CommercialBankOrgMSP_User1
2026.09.17-11:16:46.935[32m info [39m [caliper] [caliper-worker] 	Worker #1 starting workload loop
2026.09.17-11:16:46.935[32m info [39m [caliper] [caliper-worker] 	Worker #0 starting workload loop
2026.09.17-11:16:49.781[32m info [39m [caliper] [default-observer] 	[retail-transfer-low-40tps Round 1 Transaction Info] - Submitted: 80 Succ: 70 Fail:0 Unfinished:10
2026.09.17-11:16:54.781[32m info [39m [caliper] [default-observer] 	[retail-transfer-low-40tps Round 1 Transaction Info] - Submitted: 282 Succ: 240 Fail:0 Unfinished:42
2026.09.17-11:16:57.894[31m error[39m [caliper] [connectors/peer-gateway/PeerGateway] 	Failed to perform submit transaction [Transfer] using arguments [wlt_c_20260917-pilot6_calibration-retail-transfer-low-2w-40tps-r1_retail-transfer-low_w0_32,wlt_c_20260917-pilot6_calibration-retail-transfer-low-2w-40tps-r1_retail-transfer-low_w0_82,1000,transfer_20260917-pilot6_calibration-retail-transfer-low-2w-40tps-r1_retail-transfer-low_w0_r1_185],  with error: Error: Failed to submit trasaction with status code: 11
2026.09.17-11:16:58.106[31m error[39m [caliper] [connectors/peer-gateway/PeerGateway] 	Failed to perform submit transaction [Transfer] using arguments [wlt_c_20260917-pilot6_calibration-retail-transfer-low-2w-40tps-r1_retail-transfer-low_w0_34,wlt_c_20260917-pilot6_calibration-retail-transfer-low-2w-40tps-r1_retail-transfer-low_w0_84,1000,transfer_20260917-pilot6_calibration-retail-transfer-low-2w-40tps-r1_retail-transfer-low_w0_r1_187],  with error: Error: Failed to submit trasaction with status code: 11
2026.09.17-11:16:58.108[31m error[39m [caliper] [connectors/peer-gateway/PeerGateway] 	Failed to perform submit transaction [Transfer] using arguments [wlt_c_20260917-pilot6_calibration-retail-transfer-low-2w-40tps-r1_retail-transfer-low_w0_36,wlt_c_20260917-pilot6_calibration-retail-transfer-low-2w-40tps-r1_retail-transfer-low_w0_86,1000,transfer_20260917-pilot6_calibration-retail-transfer-low-2w-40tps-r1_retail-transfer-low_w0_r1_188],  with error: Error: Failed to submit trasaction with status code: 11
2026.09.17-11:16:58.111[31m error[39m [caliper] [connectors/peer-gateway/PeerGateway] 	Failed to perform submit transaction [Transfer] using arguments [wlt_c_20260917-pilot6_calibration-retail-transfer-low-2w-40tps-r1_retail-transfer-low_w1_34,wlt_c_20260917-pilot6_calibration-retail-transfer-low-2w-40tps-r1_retail-transfer-low_w1_84,1000,transfer_20260917-pilot6_calibration-retail-transfer-low-2w-40tps-r1_retail-transfer-low_w1_r1_187],  with error: Error: Failed to submit trasaction with status code: 11
2026.09.17-11:16:58.114[31m error[39m [caliper] [connectors/peer-gateway/PeerGateway] 	Failed to perform submit transaction [Transfer] using arguments [wlt_c_20260917-pilot6_calibration-retail-transfer-low-2w-40tps-r1_retail-transfer-low_w1_33,wlt_c_20260917-pilot6_calibration-retail-transfer-low-2w-40tps-r1_retail-transfer-low_w1_83,1000,transfer_20260917-pilot6_calibration-retail-transfer-low-2w-40tps-r1_retail-transfer-low_w1_r1_186],  with error: Error: Failed to submit trasaction with status code: 11
2026.09.17-11:16:58.321[31m error[39m [caliper] [connectors/peer-gateway/PeerGateway] 	Failed to perform submit transaction [Transfer] using arguments [wlt_c_20260917-pilot6_calibration-retail-transfer-low-2w-40tps-r1_retail-transfer-low_w0_41,wlt_c_20260917-pilot6_calibration-retail-transfer-low-2w-40tps-r1_retail-transfer-low_w0_91,1000,transfer_20260917-pilot6_calibration-retail-transfer-low-2w-40tps-r1_retail-transfer-low_w0_r1_192],  with error: Error: Failed to submit trasaction with status code: 11
2026.09.17-11:16:58.322[31m error[39m [caliper] [connectors/peer-gateway/PeerGateway] 	Failed to perform submit transaction [Transfer] using arguments [wlt_c_20260917-pilot6_calibration-retail-transfer-low-2w-40tps-r1_retail-transfer-low_w1_39,wlt_c_20260917-pilot6_calibration-retail-transfer-low-2w-40tps-r1_retail-transfer-low_w1_89,1000,transfer_20260917-pilot6_calibration-retail-transfer-low-2w-40tps-r1_retail-transfer-low_w1_r1_191],  with error: Error: Failed to submit trasaction with status code: 11
2026.09.17-11:16:58.322[31m error[39m [caliper] [connectors/peer-gateway/PeerGateway] 	Failed to perform submit transaction [Transfer] using arguments [wlt_c_20260917-pilot6_calibration-retail-transfer-low-2w-40tps-r1_retail-transfer-low_w0_42,wlt_c_20260917-pilot6_calibration-retail-transfer-low-2w-40tps-r1_retail-transfer-low_w0_92,1000,transfer_20260917-pilot6_calibration-retail-transfer-low-2w-40tps-r1_retail-transfer-low_w0_r1_193],  with error: Error: Failed to submit trasaction with status code: 11
2026.09.17-11:16:58.323[31m error[39m [caliper] [connectors/peer-gateway/PeerGateway] 	Failed to perform submit transaction [Transfer] using arguments [wlt_c_20260917-pilot6_calibration-retail-transfer-low-2w-40tps-r1_retail-transfer-low_w1_38,wlt_c_20260917-pilot6_calibration-retail-transfer-low-2w-40tps-r1_retail-transfer-low_w1_88,1000,transfer_20260917-pilot6_calibration-retail-transfer-low-2w-40tps-r1_retail-transfer-low_w1_r1_190],  with error: Error: Failed to submit trasaction with status code: 11
2026.09.17-11:16:58.995[31m error[39m [caliper] [connectors/peer-gateway/PeerGateway] 	Failed to perform submit transaction [Transfer] using arguments [wlt_c_20260917-pilot6_calibration-retail-transfer-low-2w-40tps-r1_retail-transfer-low_w0_2,wlt_c_20260917-pilot6_calibration-retail-transfer-low-2w-40tps-r1_retail-transfer-low_w0_52,1000,transfer_20260917-pilot6_calibration-retail-transfer-low-2w-40tps-r1_retail-transfer-low_w0_r1_201],  with error: Error: Failed to submit trasaction with status code: 11
2026.09.17-11:16:58.996[31m error[39m [caliper] [connectors/peer-gateway/PeerGateway] 	Failed to perform submit transaction [Transfer] using arguments [wlt_c_20260917-pilot6_calibration-retail-transfer-low-2w-40tps-r1_retail-transfer-low_w1_3,wlt_c_20260917-pilot6_calibration-retail-transfer-low-2w-40tps-r1_retail-transfer-low_w1_53,1000,transfer_20260917-pilot6_calibration-retail-transfer-low-2w-40tps-r1_retail-transfer-low_w1_r1_202],  with error: Error: Failed to submit trasaction with status code: 11
2026.09.17-11:16:59.782[32m info [39m [caliper] [default-observer] 	[retail-transfer-low-40tps Round 1 Transaction Info] - Submitted: 483 Succ: 396 Fail:10 Unfinished:77
2026.09.17-11:17:01.256[31m error[39m [caliper] [connectors/peer-gateway/PeerGateway] 	Failed to perform submit transaction [Transfer] using arguments [wlt_c_20260917-pilot6_calibration-retail-transfer-low-2w-40tps-r1_retail-transfer-low_w1_11,wlt_c_20260917-pilot6_calibration-retail-transfer-low-2w-40tps-r1_retail-transfer-low_w1_61,1000,transfer_20260917-pilot6_calibration-retail-transfer-low-2w-40tps-r1_retail-transfer-low_w1_r1_248],  with error: Error: Failed to submit trasaction with status code: 11
2026.09.17-11:17:01.704[31m error[39m [caliper] [connectors/peer-gateway/PeerGateway] 	Failed to perform submit transaction [Transfer] using arguments [wlt_c_20260917-pilot6_calibration-retail-transfer-low-2w-40tps-r1_retail-transfer-low_w1_16,wlt_c_20260917-pilot6_calibration-retail-transfer-low-2w-40tps-r1_retail-transfer-low_w1_66,1000,transfer_20260917-pilot6_calibration-retail-transfer-low-2w-40tps-r1_retail-transfer-low_w1_r1_252],  with error: Error: Failed to submit trasaction with status code: 11
2026.09.17-11:17:02.424[31m error[39m [caliper] [connectors/peer-gateway/PeerGateway] 	Failed to perform submit transaction [Transfer] using arguments [wlt_c_20260917-pilot6_calibration-retail-transfer-low-2w-40tps-r1_retail-transfer-low_w1_38,wlt_c_20260917-pilot6_calibration-retail-transfer-low-2w-40tps-r1_retail-transfer-low_w1_88,1000,transfer_20260917-pilot6_calibration-retail-transfer-low-2w-40tps-r1_retail-transfer-low_w1_r1_270],  with error: Error: Failed to submit trasaction with status code: 11
2026.09.17-11:17:02.441[31m error[39m [caliper] [connectors/peer-gateway/PeerGateway] 	Failed to perform submit transaction [Transfer] using arguments [wlt_c_20260917-pilot6_calibration-retail-transfer-low-2w-40tps-r1_retail-transfer-low_w0_38,wlt_c_20260917-pilot6_calibration-retail-transfer-low-2w-40tps-r1_retail-transfer-low_w0_88,1000,transfer_20260917-pilot6_calibration-retail-transfer-low-2w-40tps-r1_retail-transfer-low_w0_r1_270],  with error: Error: Failed to submit trasaction with status code: 11
2026.09.17-11:17:02.647[31m error[39m [caliper] [connectors/peer-gateway/PeerGateway] 	Failed to perform submit transaction [Transfer] using arguments [wlt_c_20260917-pilot6_calibration-retail-transfer-low-2w-40tps-r1_retail-transfer-low_w1_43,wlt_c_20260917-pilot6_calibration-retail-transfer-low-2w-40tps-r1_retail-transfer-low_w1_93,1000,transfer_20260917-pilot6_calibration-retail-transfer-low-2w-40tps-r1_retail-transfer-low_w1_r1_274],  with error: Error: Failed to submit trasaction with status code: 11
2026.09.17-11:17:02.884[31m error[39m [caliper] [connectors/peer-gateway/PeerGateway] 	Failed to perform submit transaction [Transfer] using arguments [wlt_c_20260917-pilot6_calibration-retail-transfer-low-2w-40tps-r1_retail-transfer-low_w1_44,wlt_c_20260917-pilot6_calibration-retail-transfer-low-2w-40tps-r1_retail-transfer-low_w1_94,1000,transfer_20260917-pilot6_calibration-retail-transfer-low-2w-40tps-r1_retail-transfer-low_w1_r1_275],  with error: Error: Failed to submit trasaction with status code: 11
2026.09.17-11:17:02.886[31m error[39m [caliper] [connectors/peer-gateway/PeerGateway] 	Failed to perform submit transaction [Transfer] using arguments [wlt_c_20260917-pilot6_calibration-retail-transfer-low-2w-40tps-r1_retail-transfer-low_w1_47,wlt_c_20260917-pilot6_calibration-retail-transfer-low-2w-40tps-r1_retail-transfer-low_w1_97,1000,transfer_20260917-pilot6_calibration-retail-transfer-low-2w-40tps-r1_retail-transfer-low_w1_r1_277],  with error: Error: Failed to submit trasaction with status code: 11
2026.09.17-11:17:02.886[31m error[39m [caliper] [connectors/peer-gateway/PeerGateway] 	Failed to perform submit transaction [Transfer] using arguments [wlt_c_20260917-pilot6_calibration-retail-transfer-low-2w-40tps-r1_retail-transfer-low_w1_46,wlt_c_20260917-pilot6_calibration-retail-transfer-low-2w-40tps-r1_retail-transfer-low_w1_96,1000,transfer_20260917-pilot6_calibration-retail-transfer-low-2w-40tps-r1_retail-transfer-low_w1_r1_276],  with error: Error: Failed to submit trasaction with status code: 11
2026.09.17-11:17:03.153[31m error[39m [caliper] [connectors/peer-gateway/PeerGateway] 	Failed to perform submit transaction [Transfer] using arguments [wlt_c_20260917-pilot6_calibration-retail-transfer-low-2w-40tps-r1_retail-transfer-low_w0_1,wlt_c_20260917-pilot6_calibration-retail-transfer-low-2w-40tps-r1_retail-transfer-low_w0_51,1000,transfer_20260917-pilot6_calibration-retail-transfer-low-2w-40tps-r1_retail-transfer-low_w0_r1_280],  with error: Error: Failed to submit trasaction with status code: 11
2026.09.17-11:17:03.156[31m error[39m [caliper] [connectors/peer-gateway/PeerGateway] 	Failed to perform submit transaction [Transfer] using arguments [wlt_c_20260917-pilot6_calibration-retail-transfer-low-2w-40tps-r1_retail-transfer-low_w1_1,wlt_c_20260917-pilot6_calibration-retail-transfer-low-2w-40tps-r1_retail-transfer-low_w1_51,1000,transfer_20260917-pilot6_calibration-retail-transfer-low-2w-40tps-r1_retail-transfer-low_w1_r1_280],  with error: Error: Failed to submit trasaction with status code: 11
2026.09.17-11:17:03.157[31m error[39m [caliper] [connectors/peer-gateway/PeerGateway] 	Failed to perform submit transaction [Transfer] using arguments [wlt_c_20260917-pilot6_calibration-retail-transfer-low-2w-40tps-r1_retail-transfer-low_w1_6,wlt_c_20260917-pilot6_calibration-retail-transfer-low-2w-40tps-r1_retail-transfer-low_w1_56,1000,transfer_20260917-pilot6_calibration-retail-transfer-low-2w-40tps-r1_retail-transfer-low_w1_r1_284],  with error: Error: Failed to submit trasaction with status code: 11
2026.09.17-11:17:03.160[31m error[39m [caliper] [connectors/peer-gateway/PeerGateway] 	Failed to perform submit transaction [Transfer] using arguments [wlt_c_20260917-pilot6_calibration-retail-transfer-low-2w-40tps-r1_retail-transfer-low_w0_6,wlt_c_20260917-pilot6_calibration-retail-transfer-low-2w-40tps-r1_retail-transfer-low_w0_56,1000,transfer_20260917-pilot6_calibration-retail-transfer-low-2w-40tps-r1_retail-transfer-low_w0_r1_284],  with error: Error: Failed to submit trasaction with status code: 11
2026.09.17-11:17:03.161[31m error[39m [caliper] [connectors/peer-gateway/PeerGateway] 	Failed to perform submit transaction [Transfer] using arguments [wlt_c_20260917-pilot6_calibration-retail-transfer-low-2w-40tps-r1_retail-transfer-low_w0_4,wlt_c_20260917-pilot6_calibration-retail-transfer-low-2w-40tps-r1_retail-transfer-low_w0_54,1000,transfer_20260917-pilot6_calibration-retail-transfer-low-2w-40tps-r1_retail-transfer-low_w0_r1_283],  with error: Error: Failed to submit trasaction with status code: 11
2026.09.17-11:17:03.168[31m error[39m [caliper] [connectors/peer-gateway/PeerGateway] 	Failed to perform submit transaction [Transfer] using arguments [wlt_c_20260917-pilot6_calibration-retail-transfer-low-2w-40tps-r1_retail-transfer-low_w1_7,wlt_c_20260917-pilot6_calibration-retail-transfer-low-2w-40tps-r1_retail-transfer-low_w1_57,1000,transfer_20260917-pilot6_calibration-retail-transfer-low-2w-40tps-r1_retail-transfer-low_w1_r1_285],  with error: Error: Failed to submit trasaction with status code: 11
2026.09.17-11:17:03.462[31m error[39m [caliper] [connectors/peer-gateway/PeerGateway] 	Failed to perform submit transaction [Transfer] using arguments [wlt_c_20260917-pilot6_calibration-retail-transfer-low-2w-40tps-r1_retail-transfer-low_w0_9,wlt_c_20260917-pilot6_calibration-retail-transfer-low-2w-40tps-r1_retail-transfer-low_w0_59,1000,transfer_20260917-pilot6_calibration-retail-transfer-low-2w-40tps-r1_retail-transfer-low_w0_r1_287],  with error: Error: Failed to submit trasaction with status code: 11
2026.09.17-11:17:03.463[31m error[39m [caliper] [connectors/peer-gateway/PeerGateway] 	Failed to perform submit transaction [Transfer] using arguments [wlt_c_20260917-pilot6_calibration-retail-transfer-low-2w-40tps-r1_retail-transfer-low_w0_8,wlt_c_20260917-pilot6_calibration-retail-transfer-low-2w-40tps-r1_retail-transfer-low_w0_58,1000,transfer_20260917-pilot6_calibration-retail-transfer-low-2w-40tps-r1_retail-transfer-low_w0_r1_286],  with error: Error: Failed to submit trasaction with status code: 11
2026.09.17-11:17:03.464[31m error[39m [caliper] [connectors/peer-gateway/PeerGateway] 	Failed to perform submit transaction [Transfer] using arguments [wlt_c_20260917-pilot6_calibration-retail-transfer-low-2w-40tps-r1_retail-transfer-low_w0_13,wlt_c_20260917-pilot6_calibration-retail-transfer-low-2w-40tps-r1_retail-transfer-low_w0_63,1000,transfer_20260917-pilot6_calibration-retail-transfer-low-2w-40tps-r1_retail-transfer-low_w0_r1_290],  with error: Error: Failed to submit trasaction with status code: 11
2026.09.17-11:17:03.464[31m error[39m [caliper] [connectors/peer-gateway/PeerGateway] 	Failed to perform submit transaction [Transfer] using arguments [wlt_c_20260917-pilot6_calibration-retail-transfer-low-2w-40tps-r1_retail-transfer-low_w1_9,wlt_c_20260917-pilot6_calibration-retail-transfer-low-2w-40tps-r1_retail-transfer-low_w1_59,1000,transfer_20260917-pilot6_calibration-retail-transfer-low-2w-40tps-r1_retail-transfer-low_w1_r1_287],  with error: Error: Failed to submit trasaction with status code: 11
2026.09.17-11:17:03.592[31m error[39m [caliper] [connectors/peer-gateway/PeerGateway] 	Failed to perform submit transaction [Transfer] using arguments [wlt_c_20260917-pilot6_calibration-retail-transfer-low-2w-40tps-r1_retail-transfer-low_w1_19,wlt_c_20260917-pilot6_calibration-retail-transfer-low-2w-40tps-r1_retail-transfer-low_w1_69,1000,transfer_20260917-pilot6_calibration-retail-transfer-low-2w-40tps-r1_retail-transfer-low_w1_r1_295],  with error: Error: Failed to submit trasaction with status code: 11
2026.09.17-11:17:03.594[31m error[39m [caliper] [connectors/peer-gateway/PeerGateway] 	Failed to perform submit transaction [Transfer] using arguments [wlt_c_20260917-pilot6_calibration-retail-transfer-low-2w-40tps-r1_retail-transfer-low_w1_14,wlt_c_20260917-pilot6_calibration-retail-transfer-low-2w-40tps-r1_retail-transfer-low_w1_64,1000,transfer_20260917-pilot6_calibration-retail-transfer-low-2w-40tps-r1_retail-transfer-low_w1_r1_291],  with error: Error: Failed to submit trasaction with status code: 11
2026.09.17-11:17:03.596[31m error[39m [caliper] [connectors/peer-gateway/PeerGateway] 	Failed to perform submit transaction [Transfer] using arguments [wlt_c_20260917-pilot6_calibration-retail-transfer-low-2w-40tps-r1_retail-transfer-low_w1_13,wlt_c_20260917-pilot6_calibration-retail-transfer-low-2w-40tps-r1_retail-transfer-low_w1_63,1000,transfer_20260917-pilot6_calibration-retail-transfer-low-2w-40tps-r1_retail-transfer-low_w1_r1_290],  with error: Error: Failed to submit trasaction with status code: 11
2026.09.17-11:17:03.597[31m error[39m [caliper] [connectors/peer-gateway/PeerGateway] 	Failed to perform submit transaction [Transfer] using arguments [wlt_c_20260917-pilot6_calibration-retail-transfer-low-2w-40tps-r1_retail-transfer-low_w0_14,wlt_c_20260917-pilot6_calibration-retail-transfer-low-2w-40tps-r1_retail-transfer-low_w0_64,1000,transfer_20260917-pilot6_calibration-retail-transfer-low-2w-40tps-r1_retail-transfer-low_w0_r1_291],  with error: Error: Failed to submit trasaction with status code: 11
2026.09.17-11:17:03.598[31m error[39m [caliper] [connectors/peer-gateway/PeerGateway] 	Failed to perform submit transaction [Transfer] using arguments [wlt_c_20260917-pilot6_calibration-retail-transfer-low-2w-40tps-r1_retail-transfer-low_w0_19,wlt_c_20260917-pilot6_calibration-retail-transfer-low-2w-40tps-r1_retail-transfer-low_w0_69,1000,transfer_20260917-pilot6_calibration-retail-transfer-low-2w-40tps-r1_retail-transfer-low_w0_r1_295],  with error: Error: Failed to submit trasaction with status code: 11
2026.09.17-11:17:03.598[31m error[39m [caliper] [connectors/peer-gateway/PeerGateway] 	Failed to perform submit transaction [Transfer] using arguments [wlt_c_20260917-pilot6_calibration-retail-transfer-low-2w-40tps-r1_retail-transfer-low_w0_16,wlt_c_20260917-pilot6_calibration-retail-transfer-low-2w-40tps-r1_retail-transfer-low_w0_66,1000,transfer_20260917-pilot6_calibration-retail-transfer-low-2w-40tps-r1_retail-transfer-low_w0_r1_292],  with error: Error: Failed to submit trasaction with status code: 11
2026.09.17-11:17:03.801[31m error[39m [caliper] [connectors/peer-gateway/PeerGateway] 	Failed to perform submit transaction [Transfer] using arguments [wlt_c_20260917-pilot6_calibration-retail-transfer-low-2w-40tps-r1_retail-transfer-low_w0_24,wlt_c_20260917-pilot6_calibration-retail-transfer-low-2w-40tps-r1_retail-transfer-low_w0_74,1000,transfer_20260917-pilot6_calibration-retail-transfer-low-2w-40tps-r1_retail-transfer-low_w0_r1_299],  with error: Error: Failed to submit trasaction with status code: 11
2026.09.17-11:17:03.807[31m error[39m [caliper] [connectors/peer-gateway/PeerGateway] 	Failed to perform submit transaction [Transfer] using arguments [wlt_c_20260917-pilot6_calibration-retail-transfer-low-2w-40tps-r1_retail-transfer-low_w0_21,wlt_c_20260917-pilot6_calibration-retail-transfer-low-2w-40tps-r1_retail-transfer-low_w0_71,1000,transfer_20260917-pilot6_calibration-retail-transfer-low-2w-40tps-r1_retail-transfer-low_w0_r1_296],  with error: Error: Failed to submit trasaction with status code: 11
2026.09.17-11:17:03.807[31m error[39m [caliper] [connectors/peer-gateway/PeerGateway] 	Failed to perform submit transaction [Transfer] using arguments [wlt_c_20260917-pilot6_calibration-retail-transfer-low-2w-40tps-r1_retail-transfer-low_w1_21,wlt_c_20260917-pilot6_calibration-retail-transfer-low-2w-40tps-r1_retail-transfer-low_w1_71,1000,transfer_20260917-pilot6_calibration-retail-transfer-low-2w-40tps-r1_retail-transfer-low_w1_r1_296],  with error: Error: Failed to submit trasaction with status code: 11
2026.09.17-11:17:04.013[31m error[39m [caliper] [connectors/peer-gateway/PeerGateway] 	Failed to perform submit transaction [Transfer] using arguments [wlt_c_20260917-pilot6_calibration-retail-transfer-low-2w-40tps-r1_retail-transfer-low_w1_29,wlt_c_20260917-pilot6_calibration-retail-transfer-low-2w-40tps-r1_retail-transfer-low_w1_79,1000,transfer_20260917-pilot6_calibration-retail-transfer-low-2w-40tps-r1_retail-transfer-low_w1_r1_303],  with error: Error: Failed to submit trasaction with status code: 11
2026.09.17-11:17:04.015[31m error[39m [caliper] [connectors/peer-gateway/PeerGateway] 	Failed to perform submit transaction [Transfer] using arguments [wlt_c_20260917-pilot6_calibration-retail-transfer-low-2w-40tps-r1_retail-transfer-low_w0_31,wlt_c_20260917-pilot6_calibration-retail-transfer-low-2w-40tps-r1_retail-transfer-low_w0_81,1000,transfer_20260917-pilot6_calibration-retail-transfer-low-2w-40tps-r1_retail-transfer-low_w0_r1_304],  with error: Error: Failed to submit trasaction with status code: 11
2026.09.17-11:17:04.016[31m error[39m [caliper] [connectors/peer-gateway/PeerGateway] 	Failed to perform submit transaction [Transfer] using arguments [wlt_c_20260917-pilot6_calibration-retail-transfer-low-2w-40tps-r1_retail-transfer-low_w0_26,wlt_c_20260917-pilot6_calibration-retail-transfer-low-2w-40tps-r1_retail-transfer-low_w0_76,1000,transfer_20260917-pilot6_calibration-retail-transfer-low-2w-40tps-r1_retail-transfer-low_w0_r1_300],  with error: Error: Failed to submit trasaction with status code: 11
2026.09.17-11:17:04.016[31m error[39m [caliper] [connectors/peer-gateway/PeerGateway] 	Failed to perform submit transaction [Transfer] using arguments [wlt_c_20260917-pilot6_calibration-retail-transfer-low-2w-40tps-r1_retail-transfer-low_w0_29,wlt_c_20260917-pilot6_calibration-retail-transfer-low-2w-40tps-r1_retail-transfer-low_w0_79,1000,transfer_20260917-pilot6_calibration-retail-transfer-low-2w-40tps-r1_retail-transfer-low_w0_r1_303],  with error: Error: Failed to submit trasaction with status code: 11
2026.09.17-11:17:04.241[31m error[39m [caliper] [connectors/peer-gateway/PeerGateway] 	Failed to perform submit transaction [Transfer] using arguments [wlt_c_20260917-pilot6_calibration-retail-transfer-low-2w-40tps-r1_retail-transfer-low_w1_31,wlt_c_20260917-pilot6_calibration-retail-transfer-low-2w-40tps-r1_retail-transfer-low_w1_81,1000,transfer_20260917-pilot6_calibration-retail-transfer-low-2w-40tps-r1_retail-transfer-low_w1_r1_304],  with error: Error: Failed to submit trasaction with status code: 11
2026.09.17-11:17:04.241[31m error[39m [caliper] [connectors/peer-gateway/PeerGateway] 	Failed to perform submit transaction [Transfer] using arguments [wlt_c_20260917-pilot6_calibration-retail-transfer-low-2w-40tps-r1_retail-transfer-low_w1_32,wlt_c_20260917-pilot6_calibration-retail-transfer-low-2w-40tps-r1_retail-transfer-low_w1_82,1000,transfer_20260917-pilot6_calibration-retail-transfer-low-2w-40tps-r1_retail-transfer-low_w1_r1_305],  with error: Error: Failed to submit trasaction with status code: 11
2026.09.17-11:17:04.782[32m info [39m [caliper] [default-observer] 	[retail-transfer-low-40tps Round 1 Transaction Info] - Submitted: 683 Succ: 562 Fail:38 Unfinished:83
2026.09.17-11:17:04.815[31m error[39m [caliper] [connectors/peer-gateway/PeerGateway] 	Failed to perform submit transaction [Transfer] using arguments [wlt_c_20260917-pilot6_calibration-retail-transfer-low-2w-40tps-r1_retail-transfer-low_w0_2,wlt_c_20260917-pilot6_calibration-retail-transfer-low-2w-40tps-r1_retail-transfer-low_w0_52,1000,transfer_20260917-pilot6_calibration-retail-transfer-low-2w-40tps-r1_retail-transfer-low_w0_r1_321],  with error: Error: Failed to submit trasaction with status code: 11
2026.09.17-11:17:04.816[31m error[39m [caliper] [connectors/peer-gateway/PeerGateway] 	Failed to perform submit transaction [Transfer] using arguments [wlt_c_20260917-pilot6_calibration-retail-transfer-low-2w-40tps-r1_retail-transfer-low_w1_3,wlt_c_20260917-pilot6_calibration-retail-transfer-low-2w-40tps-r1_retail-transfer-low_w1_53,1000,transfer_20260917-pilot6_calibration-retail-transfer-low-2w-40tps-r1_retail-transfer-low_w1_r1_322],  with error: Error: Failed to submit trasaction with status code: 11
2026.09.17-11:17:04.964[31m error[39m [caliper] [connectors/peer-gateway/PeerGateway] 	Failed to perform submit transaction [Transfer] using arguments [wlt_c_20260917-pilot6_calibration-retail-transfer-low-2w-40tps-r1_retail-transfer-low_w1_8,wlt_c_20260917-pilot6_calibration-retail-transfer-low-2w-40tps-r1_retail-transfer-low_w1_58,1000,transfer_20260917-pilot6_calibration-retail-transfer-low-2w-40tps-r1_retail-transfer-low_w1_r1_326],  with error: Error: Failed to submit trasaction with status code: 11
2026.09.17-11:17:04.965[31m error[39m [caliper] [connectors/peer-gateway/PeerGateway] 	Failed to perform submit transaction [Transfer] using arguments [wlt_c_20260917-pilot6_calibration-retail-transfer-low-2w-40tps-r1_retail-transfer-low_w0_12,wlt_c_20260917-pilot6_calibration-retail-transfer-low-2w-40tps-r1_retail-transfer-low_w0_62,1000,transfer_20260917-pilot6_calibration-retail-transfer-low-2w-40tps-r1_retail-transfer-low_w0_r1_329],  with error: Error: Failed to submit trasaction with status code: 11
2026.09.17-11:17:05.170[31m error[39m [caliper] [connectors/peer-gateway/PeerGateway] 	Failed to perform submit transaction [Transfer] using arguments [wlt_c_20260917-pilot6_calibration-retail-transfer-low-2w-40tps-r1_retail-transfer-low_w0_17,wlt_c_20260917-pilot6_calibration-retail-transfer-low-2w-40tps-r1_retail-transfer-low_w0_67,1000,transfer_20260917-pilot6_calibration-retail-transfer-low-2w-40tps-r1_retail-transfer-low_w0_r1_333],  with error: Error: Failed to submit trasaction with status code: 11
2026.09.17-11:17:09.782[32m info [39m [caliper] [default-observer] 	[retail-transfer-low-40tps Round 1 Transaction Info] - Submitted: 884 Succ: 761 Fail:49 Unfinished:74
2026.09.17-11:17:12.442[31m error[39m [caliper] [connectors/peer-gateway/PeerGateway] 	Failed to perform submit transaction [Transfer] using arguments [wlt_c_20260917-pilot6_calibration-retail-transfer-low-2w-40tps-r1_retail-transfer-low_w1_16,wlt_c_20260917-pilot6_calibration-retail-transfer-low-2w-40tps-r1_retail-transfer-low_w1_66,1000,transfer_20260917-pilot6_calibration-retail-transfer-low-2w-40tps-r1_retail-transfer-low_w1_r1_452],  with error: Error: Failed to submit trasaction with status code: 11
2026.09.17-11:17:12.442[31m error[39m [caliper] [connectors/peer-gateway/PeerGateway] 	Failed to perform submit transaction [Transfer] using arguments [wlt_c_20260917-pilot6_calibration-retail-transfer-low-2w-40tps-r1_retail-transfer-low_w0_17,wlt_c_20260917-pilot6_calibration-retail-transfer-low-2w-40tps-r1_retail-transfer-low_w0_67,1000,transfer_20260917-pilot6_calibration-retail-transfer-low-2w-40tps-r1_retail-transfer-low_w0_r1_453],  with error: Error: Failed to submit trasaction with status code: 11
2026.09.17-11:17:12.685[31m error[39m [caliper] [connectors/peer-gateway/PeerGateway] 	Failed to perform submit transaction [Transfer] using arguments [wlt_c_20260917-pilot6_calibration-retail-transfer-low-2w-40tps-r1_retail-transfer-low_w1_24,wlt_c_20260917-pilot6_calibration-retail-transfer-low-2w-40tps-r1_retail-transfer-low_w1_74,1000,transfer_20260917-pilot6_calibration-retail-transfer-low-2w-40tps-r1_retail-transfer-low_w1_r1_459],  with error: Error: Failed to submit trasaction with status code: 11
2026.09.17-11:17:12.689[31m error[39m [caliper] [connectors/peer-gateway/PeerGateway] 	Failed to perform submit transaction [Transfer] using arguments [wlt_c_20260917-pilot6_calibration-retail-transfer-low-2w-40tps-r1_retail-transfer-low_w0_24,wlt_c_20260917-pilot6_calibration-retail-transfer-low-2w-40tps-r1_retail-transfer-low_w0_74,1000,transfer_20260917-pilot6_calibration-retail-transfer-low-2w-40tps-r1_retail-transfer-low_w0_r1_459],  with error: Error: Failed to submit trasaction with status code: 11
2026.09.17-11:17:12.909[31m error[39m [caliper] [connectors/peer-gateway/PeerGateway] 	Failed to perform submit transaction [Transfer] using arguments [wlt_c_20260917-pilot6_calibration-retail-transfer-low-2w-40tps-r1_retail-transfer-low_w0_32,wlt_c_20260917-pilot6_calibration-retail-transfer-low-2w-40tps-r1_retail-transfer-low_w0_82,1000,transfer_20260917-pilot6_calibration-retail-transfer-low-2w-40tps-r1_retail-transfer-low_w0_r1_465],  with error: Error: Failed to submit trasaction with status code: 11
2026.09.17-11:17:12.910[31m error[39m [caliper] [connectors/peer-gateway/PeerGateway] 	Failed to perform submit transaction [Transfer] using arguments [wlt_c_20260917-pilot6_calibration-retail-transfer-low-2w-40tps-r1_retail-transfer-low_w0_34,wlt_c_20260917-pilot6_calibration-retail-transfer-low-2w-40tps-r1_retail-transfer-low_w0_84,1000,transfer_20260917-pilot6_calibration-retail-transfer-low-2w-40tps-r1_retail-transfer-low_w0_r1_467],  with error: Error: Failed to submit trasaction with status code: 11
2026.09.17-11:17:12.910[31m error[39m [caliper] [connectors/peer-gateway/PeerGateway] 	Failed to perform submit transaction [Transfer] using arguments [wlt_c_20260917-pilot6_calibration-retail-transfer-low-2w-40tps-r1_retail-transfer-low_w1_36,wlt_c_20260917-pilot6_calibration-retail-transfer-low-2w-40tps-r1_retail-transfer-low_w1_86,1000,transfer_20260917-pilot6_calibration-retail-transfer-low-2w-40tps-r1_retail-transfer-low_w1_r1_468],  with error: Error: Failed to submit trasaction with status code: 11
2026.09.17-11:17:12.911[31m error[39m [caliper] [connectors/peer-gateway/PeerGateway] 	Failed to perform submit transaction [Transfer] using arguments [wlt_c_20260917-pilot6_calibration-retail-transfer-low-2w-40tps-r1_retail-transfer-low_w1_28,wlt_c_20260917-pilot6_calibration-retail-transfer-low-2w-40tps-r1_retail-transfer-low_w1_78,1000,transfer_20260917-pilot6_calibration-retail-transfer-low-2w-40tps-r1_retail-transfer-low_w1_r1_462],  with error: Error: Failed to submit trasaction with status code: 11
2026.09.17-11:17:12.911[31m error[39m [caliper] [connectors/peer-gateway/PeerGateway] 	Failed to perform submit transaction [Transfer] using arguments [wlt_c_20260917-pilot6_calibration-retail-transfer-low-2w-40tps-r1_retail-transfer-low_w0_36,wlt_c_20260917-pilot6_calibration-retail-transfer-low-2w-40tps-r1_retail-transfer-low_w0_86,1000,transfer_20260917-pilot6_calibration-retail-transfer-low-2w-40tps-r1_retail-transfer-low_w0_r1_468],  with error: Error: Failed to submit trasaction with status code: 11
2026.09.17-11:17:12.912[31m error[39m [caliper] [connectors/peer-gateway/PeerGateway] 	Failed to perform submit transaction [Transfer] using arguments [wlt_c_20260917-pilot6_calibration-retail-transfer-low-2w-40tps-r1_retail-transfer-low_w0_33,wlt_c_20260917-pilot6_calibration-retail-transfer-low-2w-40tps-r1_retail-transfer-low_w0_83,1000,transfer_20260917-pilot6_calibration-retail-transfer-low-2w-40tps-r1_retail-transfer-low_w0_r1_466],  with error: Error: Failed to submit trasaction with status code: 11
2026.09.17-11:17:13.145[31m error[39m [caliper] [connectors/peer-gateway/PeerGateway] 	Failed to perform submit transaction [Transfer] using arguments [wlt_c_20260917-pilot6_calibration-retail-transfer-low-2w-40tps-r1_retail-transfer-low_w1_34,wlt_c_20260917-pilot6_calibration-retail-transfer-low-2w-40tps-r1_retail-transfer-low_w1_84,1000,transfer_20260917-pilot6_calibration-retail-transfer-low-2w-40tps-r1_retail-transfer-low_w1_r1_467],  with error: Error: Failed to submit trasaction with status code: 11
2026.09.17-11:17:13.145[31m error[39m [caliper] [connectors/peer-gateway/PeerGateway] 	Failed to perform submit transaction [Transfer] using arguments [wlt_c_20260917-pilot6_calibration-retail-transfer-low-2w-40tps-r1_retail-transfer-low_w1_33,wlt_c_20260917-pilot6_calibration-retail-transfer-low-2w-40tps-r1_retail-transfer-low_w1_83,1000,transfer_20260917-pilot6_calibration-retail-transfer-low-2w-40tps-r1_retail-transfer-low_w1_r1_466],  with error: Error: Failed to submit trasaction with status code: 11
2026.09.17-11:17:13.145[31m error[39m [caliper] [connectors/peer-gateway/PeerGateway] 	Failed to perform submit transaction [Transfer] using arguments [wlt_c_20260917-pilot6_calibration-retail-transfer-low-2w-40tps-r1_retail-transfer-low_w1_37,wlt_c_20260917-pilot6_calibration-retail-transfer-low-2w-40tps-r1_retail-transfer-low_w1_87,1000,transfer_20260917-pilot6_calibration-retail-transfer-low-2w-40tps-r1_retail-transfer-low_w1_r1_469],  with error: Error: Failed to submit trasaction with status code: 11
2026.09.17-11:17:13.146[31m error[39m [caliper] [connectors/peer-gateway/PeerGateway] 	Failed to perform submit transaction [Transfer] using arguments [wlt_c_20260917-pilot6_calibration-retail-transfer-low-2w-40tps-r1_retail-transfer-low_w0_37,wlt_c_20260917-pilot6_calibration-retail-transfer-low-2w-40tps-r1_retail-transfer-low_w0_87,1000,transfer_20260917-pilot6_calibration-retail-transfer-low-2w-40tps-r1_retail-transfer-low_w0_r1_469],  with error: Error: Failed to submit trasaction with status code: 11
2026.09.17-11:17:13.351[31m error[39m [caliper] [connectors/peer-gateway/PeerGateway] 	Failed to perform submit transaction [Transfer] using arguments [wlt_c_20260917-pilot6_calibration-retail-transfer-low-2w-40tps-r1_retail-transfer-low_w1_46,wlt_c_20260917-pilot6_calibration-retail-transfer-low-2w-40tps-r1_retail-transfer-low_w1_96,1000,transfer_20260917-pilot6_calibration-retail-transfer-low-2w-40tps-r1_retail-transfer-low_w1_r1_476],  with error: Error: Failed to submit trasaction with status code: 11
2026.09.17-11:17:13.351[31m error[39m [caliper] [connectors/peer-gateway/PeerGateway] 	Failed to perform submit transaction [Transfer] using arguments [wlt_c_20260917-pilot6_calibration-retail-transfer-low-2w-40tps-r1_retail-transfer-low_w0_41,wlt_c_20260917-pilot6_calibration-retail-transfer-low-2w-40tps-r1_retail-transfer-low_w0_91,1000,transfer_20260917-pilot6_calibration-retail-transfer-low-2w-40tps-r1_retail-transfer-low_w0_r1_472],  with error: Error: Failed to submit trasaction with status code: 11
2026.09.17-11:17:13.352[31m error[39m [caliper] [connectors/peer-gateway/PeerGateway] 	Failed to perform submit transaction [Transfer] using arguments [wlt_c_20260917-pilot6_calibration-retail-transfer-low-2w-40tps-r1_retail-transfer-low_w0_39,wlt_c_20260917-pilot6_calibration-retail-transfer-low-2w-40tps-r1_retail-transfer-low_w0_89,1000,transfer_20260917-pilot6_calibration-retail-transfer-low-2w-40tps-r1_retail-transfer-low_w0_r1_471],  with error: Error: Failed to submit trasaction with status code: 11
2026.09.17-11:17:13.353[31m error[39m [caliper] [connectors/peer-gateway/PeerGateway] 	Failed to perform submit transaction [Transfer] using arguments [wlt_c_20260917-pilot6_calibration-retail-transfer-low-2w-40tps-r1_retail-transfer-low_w0_44,wlt_c_20260917-pilot6_calibration-retail-transfer-low-2w-40tps-r1_retail-transfer-low_w0_94,1000,transfer_20260917-pilot6_calibration-retail-transfer-low-2w-40tps-r1_retail-transfer-low_w0_r1_475],  with error: Error: Failed to submit trasaction with status code: 11
2026.09.17-11:17:13.353[31m error[39m [caliper] [connectors/peer-gateway/PeerGateway] 	Failed to perform submit transaction [Transfer] using arguments [wlt_c_20260917-pilot6_calibration-retail-transfer-low-2w-40tps-r1_retail-transfer-low_w0_42,wlt_c_20260917-pilot6_calibration-retail-transfer-low-2w-40tps-r1_retail-transfer-low_w0_92,1000,transfer_20260917-pilot6_calibration-retail-transfer-low-2w-40tps-r1_retail-transfer-low_w0_r1_473],  with error: Error: Failed to submit trasaction with status code: 11
2026.09.17-11:17:13.353[31m error[39m [caliper] [connectors/peer-gateway/PeerGateway] 	Failed to perform submit transaction [Transfer] using arguments [wlt_c_20260917-pilot6_calibration-retail-transfer-low-2w-40tps-r1_retail-transfer-low_w1_43,wlt_c_20260917-pilot6_calibration-retail-transfer-low-2w-40tps-r1_retail-transfer-low_w1_93,1000,transfer_20260917-pilot6_calibration-retail-transfer-low-2w-40tps-r1_retail-transfer-low_w1_r1_474],  with error: Error: Failed to submit trasaction with status code: 11
2026.09.17-11:17:13.354[31m error[39m [caliper] [connectors/peer-gateway/PeerGateway] 	Failed to perform submit transaction [Transfer] using arguments [wlt_c_20260917-pilot6_calibration-retail-transfer-low-2w-40tps-r1_retail-transfer-low_w1_41,wlt_c_20260917-pilot6_calibration-retail-transfer-low-2w-40tps-r1_retail-transfer-low_w1_91,1000,transfer_20260917-pilot6_calibration-retail-transfer-low-2w-40tps-r1_retail-transfer-low_w1_r1_472],  with error: Error: Failed to submit trasaction with status code: 11
2026.09.17-11:17:13.354[31m error[39m [caliper] [connectors/peer-gateway/PeerGateway] 	Failed to perform submit transaction [Transfer] using arguments [wlt_c_20260917-pilot6_calibration-retail-transfer-low-2w-40tps-r1_retail-transfer-low_w1_42,wlt_c_20260917-pilot6_calibration-retail-transfer-low-2w-40tps-r1_retail-transfer-low_w1_92,1000,transfer_20260917-pilot6_calibration-retail-transfer-low-2w-40tps-r1_retail-transfer-low_w1_r1_473],  with error: Error: Failed to submit trasaction with status code: 11
2026.09.17-11:17:13.455[31m error[39m [caliper] [connectors/peer-gateway/PeerGateway] 	Failed to perform submit transaction [Transfer] using arguments [wlt_c_20260917-pilot6_calibration-retail-transfer-low-2w-40tps-r1_retail-transfer-low_w0_43,wlt_c_20260917-pilot6_calibration-retail-transfer-low-2w-40tps-r1_retail-transfer-low_w0_93,1000,transfer_20260917-pilot6_calibration-retail-transfer-low-2w-40tps-r1_retail-transfer-low_w0_r1_474],  with error: Error: Failed to submit trasaction with status code: 11
2026.09.17-11:17:13.456[31m error[39m [caliper] [connectors/peer-gateway/PeerGateway] 	Failed to perform submit transaction [Transfer] using arguments [wlt_c_20260917-pilot6_calibration-retail-transfer-low-2w-40tps-r1_retail-transfer-low_w0_47,wlt_c_20260917-pilot6_calibration-retail-transfer-low-2w-40tps-r1_retail-transfer-low_w0_97,1000,transfer_20260917-pilot6_calibration-retail-transfer-low-2w-40tps-r1_retail-transfer-low_w0_r1_477],  with error: Error: Failed to submit trasaction with status code: 11
2026.09.17-11:17:13.456[31m error[39m [caliper] [connectors/peer-gateway/PeerGateway] 	Failed to perform submit transaction [Transfer] using arguments [wlt_c_20260917-pilot6_calibration-retail-transfer-low-2w-40tps-r1_retail-transfer-low_w0_48,wlt_c_20260917-pilot6_calibration-retail-transfer-low-2w-40tps-r1_retail-transfer-low_w0_98,1000,transfer_20260917-pilot6_calibration-retail-transfer-low-2w-40tps-r1_retail-transfer-low_w0_r1_478],  with error: Error: Failed to submit trasaction with status code: 11
2026.09.17-11:17:13.456[31m error[39m [caliper] [connectors/peer-gateway/PeerGateway] 	Failed to perform submit transaction [Transfer] using arguments [wlt_c_20260917-pilot6_calibration-retail-transfer-low-2w-40tps-r1_retail-transfer-low_w0_46,wlt_c_20260917-pilot6_calibration-retail-transfer-low-2w-40tps-r1_retail-transfer-low_w0_96,1000,transfer_20260917-pilot6_calibration-retail-transfer-low-2w-40tps-r1_retail-transfer-low_w0_r1_476],  with error: Error: Failed to submit trasaction with status code: 11
2026.09.17-11:17:13.465[31m error[39m [caliper] [connectors/peer-gateway/PeerGateway] 	Failed to perform submit transaction [Transfer] using arguments [wlt_c_20260917-pilot6_calibration-retail-transfer-low-2w-40tps-r1_retail-transfer-low_w1_7,wlt_c_20260917-pilot6_calibration-retail-transfer-low-2w-40tps-r1_retail-transfer-low_w1_57,1000,transfer_20260917-pilot6_calibration-retail-transfer-low-2w-40tps-r1_retail-transfer-low_w1_r1_485],  with error: Error: Failed to submit trasaction with status code: 11
2026.09.17-11:17:13.465[31m error[39m [caliper] [connectors/peer-gateway/PeerGateway] 	Failed to perform submit transaction [Transfer] using arguments [wlt_c_20260917-pilot6_calibration-retail-transfer-low-2w-40tps-r1_retail-transfer-low_w1_44,wlt_c_20260917-pilot6_calibration-retail-transfer-low-2w-40tps-r1_retail-transfer-low_w1_94,1000,transfer_20260917-pilot6_calibration-retail-transfer-low-2w-40tps-r1_retail-transfer-low_w1_r1_475],  with error: Error: Failed to submit trasaction with status code: 11
2026.09.17-11:17:13.465[31m error[39m [caliper] [connectors/peer-gateway/PeerGateway] 	Failed to perform submit transaction [Transfer] using arguments [wlt_c_20260917-pilot6_calibration-retail-transfer-low-2w-40tps-r1_retail-transfer-low_w1_39,wlt_c_20260917-pilot6_calibration-retail-transfer-low-2w-40tps-r1_retail-transfer-low_w1_89,1000,transfer_20260917-pilot6_calibration-retail-transfer-low-2w-40tps-r1_retail-transfer-low_w1_r1_471],  with error: Error: Failed to submit trasaction with status code: 11
2026.09.17-11:17:13.466[31m error[39m [caliper] [connectors/peer-gateway/PeerGateway] 	Failed to perform submit transaction [Transfer] using arguments [wlt_c_20260917-pilot6_calibration-retail-transfer-low-2w-40tps-r1_retail-transfer-low_w1_48,wlt_c_20260917-pilot6_calibration-retail-transfer-low-2w-40tps-r1_retail-transfer-low_w1_98,1000,transfer_20260917-pilot6_calibration-retail-transfer-low-2w-40tps-r1_retail-transfer-low_w1_r1_478],  with error: Error: Failed to submit trasaction with status code: 11
2026.09.17-11:17:13.466[31m error[39m [caliper] [connectors/peer-gateway/PeerGateway] 	Failed to perform submit transaction [Transfer] using arguments [wlt_c_20260917-pilot6_calibration-retail-transfer-low-2w-40tps-r1_retail-transfer-low_w1_47,wlt_c_20260917-pilot6_calibration-retail-transfer-low-2w-40tps-r1_retail-transfer-low_w1_97,1000,transfer_20260917-pilot6_calibration-retail-transfer-low-2w-40tps-r1_retail-transfer-low_w1_r1_477],  with error: Error: Failed to submit trasaction with status code: 11
2026.09.17-11:17:13.466[31m error[39m [caliper] [connectors/peer-gateway/PeerGateway] 	Failed to perform submit transaction [Transfer] using arguments [wlt_c_20260917-pilot6_calibration-retail-transfer-low-2w-40tps-r1_retail-transfer-low_w1_49,wlt_c_20260917-pilot6_calibration-retail-transfer-low-2w-40tps-r1_retail-transfer-low_w1_99,1000,transfer_20260917-pilot6_calibration-retail-transfer-low-2w-40tps-r1_retail-transfer-low_w1_r1_479],  with error: Error: Failed to submit trasaction with status code: 11
2026.09.17-11:17:13.648[31m error[39m [caliper] [connectors/peer-gateway/PeerGateway] 	Failed to perform submit transaction [Transfer] using arguments [wlt_c_20260917-pilot6_calibration-retail-transfer-low-2w-40tps-r1_retail-transfer-low_w1_6,wlt_c_20260917-pilot6_calibration-retail-transfer-low-2w-40tps-r1_retail-transfer-low_w1_56,1000,transfer_20260917-pilot6_calibration-retail-transfer-low-2w-40tps-r1_retail-transfer-low_w1_r1_484],  with error: Error: Failed to submit trasaction with status code: 11
2026.09.17-11:17:13.650[31m error[39m [caliper] [connectors/peer-gateway/PeerGateway] 	Failed to perform submit transaction [Transfer] using arguments [wlt_c_20260917-pilot6_calibration-retail-transfer-low-2w-40tps-r1_retail-transfer-low_w0_1,wlt_c_20260917-pilot6_calibration-retail-transfer-low-2w-40tps-r1_retail-transfer-low_w0_51,1000,transfer_20260917-pilot6_calibration-retail-transfer-low-2w-40tps-r1_retail-transfer-low_w0_r1_480],  with error: Error: Failed to submit trasaction with status code: 11
2026.09.17-11:17:13.651[31m error[39m [caliper] [connectors/peer-gateway/PeerGateway] 	Failed to perform submit transaction [Transfer] using arguments [wlt_c_20260917-pilot6_calibration-retail-transfer-low-2w-40tps-r1_retail-transfer-low_w0_49,wlt_c_20260917-pilot6_calibration-retail-transfer-low-2w-40tps-r1_retail-transfer-low_w0_99,1000,transfer_20260917-pilot6_calibration-retail-transfer-low-2w-40tps-r1_retail-transfer-low_w0_r1_479],  with error: Error: Failed to submit trasaction with status code: 11
2026.09.17-11:17:13.651[31m error[39m [caliper] [connectors/peer-gateway/PeerGateway] 	Failed to perform submit transaction [Transfer] using arguments [wlt_c_20260917-pilot6_calibration-retail-transfer-low-2w-40tps-r1_retail-transfer-low_w0_8,wlt_c_20260917-pilot6_calibration-retail-transfer-low-2w-40tps-r1_retail-transfer-low_w0_58,1000,transfer_20260917-pilot6_calibration-retail-transfer-low-2w-40tps-r1_retail-transfer-low_w0_r1_486],  with error: Error: Failed to submit trasaction with status code: 11
2026.09.17-11:17:13.651[31m error[39m [caliper] [connectors/peer-gateway/PeerGateway] 	Failed to perform submit transaction [Transfer] using arguments [wlt_c_20260917-pilot6_calibration-retail-transfer-low-2w-40tps-r1_retail-transfer-low_w1_4,wlt_c_20260917-pilot6_calibration-retail-transfer-low-2w-40tps-r1_retail-transfer-low_w1_54,1000,transfer_20260917-pilot6_calibration-retail-transfer-low-2w-40tps-r1_retail-transfer-low_w1_r1_483],  with error: Error: Failed to submit trasaction with status code: 11
2026.09.17-11:17:13.652[31m error[39m [caliper] [connectors/peer-gateway/PeerGateway] 	Failed to perform submit transaction [Transfer] using arguments [wlt_c_20260917-pilot6_calibration-retail-transfer-low-2w-40tps-r1_retail-transfer-low_w1_1,wlt_c_20260917-pilot6_calibration-retail-transfer-low-2w-40tps-r1_retail-transfer-low_w1_51,1000,transfer_20260917-pilot6_calibration-retail-transfer-low-2w-40tps-r1_retail-transfer-low_w1_r1_480],  with error: Error: Failed to submit trasaction with status code: 11
2026.09.17-11:17:13.652[31m error[39m [caliper] [connectors/peer-gateway/PeerGateway] 	Failed to perform submit transaction [Transfer] using arguments [wlt_c_20260917-pilot6_calibration-retail-transfer-low-2w-40tps-r1_retail-transfer-low_w0_2,wlt_c_20260917-pilot6_calibration-retail-transfer-low-2w-40tps-r1_retail-transfer-low_w0_52,1000,transfer_20260917-pilot6_calibration-retail-transfer-low-2w-40tps-r1_retail-transfer-low_w0_r1_481],  with error: Error: Failed to submit trasaction with status code: 11
2026.09.17-11:17:13.654[31m error[39m [caliper] [connectors/peer-gateway/PeerGateway] 	Failed to perform submit transaction [Transfer] using arguments [wlt_c_20260917-pilot6_calibration-retail-transfer-low-2w-40tps-r1_retail-transfer-low_w0_3,wlt_c_20260917-pilot6_calibration-retail-transfer-low-2w-40tps-r1_retail-transfer-low_w0_53,1000,transfer_20260917-pilot6_calibration-retail-transfer-low-2w-40tps-r1_retail-transfer-low_w0_r1_482],  with error: Error: Failed to submit trasaction with status code: 11
2026.09.17-11:17:13.655[31m error[39m [caliper] [connectors/peer-gateway/PeerGateway] 	Failed to perform submit transaction [Transfer] using arguments [wlt_c_20260917-pilot6_calibration-retail-transfer-low-2w-40tps-r1_retail-transfer-low_w0_7,wlt_c_20260917-pilot6_calibration-retail-transfer-low-2w-40tps-r1_retail-transfer-low_w0_57,1000,transfer_20260917-pilot6_calibration-retail-transfer-low-2w-40tps-r1_retail-transfer-low_w0_r1_485],  with error: Error: Failed to submit trasaction with status code: 11
2026.09.17-11:17:13.656[31m error[39m [caliper] [connectors/peer-gateway/PeerGateway] 	Failed to perform submit transaction [Transfer] using arguments [wlt_c_20260917-pilot6_calibration-retail-transfer-low-2w-40tps-r1_retail-transfer-low_w1_2,wlt_c_20260917-pilot6_calibration-retail-transfer-low-2w-40tps-r1_retail-transfer-low_w1_52,1000,transfer_20260917-pilot6_calibration-retail-transfer-low-2w-40tps-r1_retail-transfer-low_w1_r1_481],  with error: Error: Failed to submit trasaction with status code: 11
2026.09.17-11:17:13.816[31m error[39m [caliper] [connectors/peer-gateway/PeerGateway] 	Failed to perform submit transaction [Transfer] using arguments [wlt_c_20260917-pilot6_calibration-retail-transfer-low-2w-40tps-r1_retail-transfer-low_w0_12,wlt_c_20260917-pilot6_calibration-retail-transfer-low-2w-40tps-r1_retail-transfer-low_w0_62,1000,transfer_20260917-pilot6_calibration-retail-transfer-low-2w-40tps-r1_retail-transfer-low_w0_r1_489],  with error: Error: Failed to submit trasaction with status code: 11
2026.09.17-11:17:13.820[31m error[39m [caliper] [connectors/peer-gateway/PeerGateway] 	Failed to perform submit transaction [Transfer] using arguments [wlt_c_20260917-pilot6_calibration-retail-transfer-low-2w-40tps-r1_retail-transfer-low_w1_8,wlt_c_20260917-pilot6_calibration-retail-transfer-low-2w-40tps-r1_retail-transfer-low_w1_58,1000,transfer_20260917-pilot6_calibration-retail-transfer-low-2w-40tps-r1_retail-transfer-low_w1_r1_486],  with error: Error: Failed to submit trasaction with status code: 11
2026.09.17-11:17:13.825[31m error[39m [caliper] [connectors/peer-gateway/PeerGateway] 	Failed to perform submit transaction [Transfer] using arguments [wlt_c_20260917-pilot6_calibration-retail-transfer-low-2w-40tps-r1_retail-transfer-low_w0_6,wlt_c_20260917-pilot6_calibration-retail-transfer-low-2w-40tps-r1_retail-transfer-low_w0_56,1000,transfer_20260917-pilot6_calibration-retail-transfer-low-2w-40tps-r1_retail-transfer-low_w0_r1_484],  with error: Error: Failed to submit trasaction with status code: 11
2026.09.17-11:17:13.825[31m error[39m [caliper] [connectors/peer-gateway/PeerGateway] 	Failed to perform submit transaction [Transfer] using arguments [wlt_c_20260917-pilot6_calibration-retail-transfer-low-2w-40tps-r1_retail-transfer-low_w0_4,wlt_c_20260917-pilot6_calibration-retail-transfer-low-2w-40tps-r1_retail-transfer-low_w0_54,1000,transfer_20260917-pilot6_calibration-retail-transfer-low-2w-40tps-r1_retail-transfer-low_w0_r1_483],  with error: Error: Failed to submit trasaction with status code: 11
2026.09.17-11:17:13.826[31m error[39m [caliper] [connectors/peer-gateway/PeerGateway] 	Failed to perform submit transaction [Transfer] using arguments [wlt_c_20260917-pilot6_calibration-retail-transfer-low-2w-40tps-r1_retail-transfer-low_w1_3,wlt_c_20260917-pilot6_calibration-retail-transfer-low-2w-40tps-r1_retail-transfer-low_w1_53,1000,transfer_20260917-pilot6_calibration-retail-transfer-low-2w-40tps-r1_retail-transfer-low_w1_r1_482],  with error: Error: Failed to submit trasaction with status code: 11
2026.09.17-11:17:13.828[31m error[39m [caliper] [connectors/peer-gateway/PeerGateway] 	Failed to perform submit transaction [Transfer] using arguments [wlt_c_20260917-pilot6_calibration-retail-transfer-low-2w-40tps-r1_retail-transfer-low_w0_14,wlt_c_20260917-pilot6_calibration-retail-transfer-low-2w-40tps-r1_retail-transfer-low_w0_64,1000,transfer_20260917-pilot6_calibration-retail-transfer-low-2w-40tps-r1_retail-transfer-low_w0_r1_491],  with error: Error: Failed to submit trasaction with status code: 11
2026.09.17-11:17:13.829[31m error[39m [caliper] [connectors/peer-gateway/PeerGateway] 	Failed to perform submit transaction [Transfer] using arguments [wlt_c_20260917-pilot6_calibration-retail-transfer-low-2w-40tps-r1_retail-transfer-low_w0_9,wlt_c_20260917-pilot6_calibration-retail-transfer-low-2w-40tps-r1_retail-transfer-low_w0_59,1000,transfer_20260917-pilot6_calibration-retail-transfer-low-2w-40tps-r1_retail-transfer-low_w0_r1_487],  with error: Error: Failed to submit trasaction with status code: 11
2026.09.17-11:17:13.830[31m error[39m [caliper] [connectors/peer-gateway/PeerGateway] 	Failed to perform submit transaction [Transfer] using arguments [wlt_c_20260917-pilot6_calibration-retail-transfer-low-2w-40tps-r1_retail-transfer-low_w0_11,wlt_c_20260917-pilot6_calibration-retail-transfer-low-2w-40tps-r1_retail-transfer-low_w0_61,1000,transfer_20260917-pilot6_calibration-retail-transfer-low-2w-40tps-r1_retail-transfer-low_w0_r1_488],  with error: Error: Failed to submit trasaction with status code: 11
2026.09.17-11:17:13.829[31m error[39m [caliper] [connectors/peer-gateway/PeerGateway] 	Failed to perform submit transaction [Transfer] using arguments [wlt_c_20260917-pilot6_calibration-retail-transfer-low-2w-40tps-r1_retail-transfer-low_w1_9,wlt_c_20260917-pilot6_calibration-retail-transfer-low-2w-40tps-r1_retail-transfer-low_w1_59,1000,transfer_20260917-pilot6_calibration-retail-transfer-low-2w-40tps-r1_retail-transfer-low_w1_r1_487],  with error: Error: Failed to submit trasaction with status code: 11
2026.09.17-11:17:13.831[31m error[39m [caliper] [connectors/peer-gateway/PeerGateway] 	Failed to perform submit transaction [Transfer] using arguments [wlt_c_20260917-pilot6_calibration-retail-transfer-low-2w-40tps-r1_retail-transfer-low_w1_12,wlt_c_20260917-pilot6_calibration-retail-transfer-low-2w-40tps-r1_retail-transfer-low_w1_62,1000,transfer_20260917-pilot6_calibration-retail-transfer-low-2w-40tps-r1_retail-transfer-low_w1_r1_489],  with error: Error: Failed to submit trasaction with status code: 11
2026.09.17-11:17:14.104[31m error[39m [caliper] [connectors/peer-gateway/PeerGateway] 	Failed to perform submit transaction [Transfer] using arguments [wlt_c_20260917-pilot6_calibration-retail-transfer-low-2w-40tps-r1_retail-transfer-low_w1_18,wlt_c_20260917-pilot6_calibration-retail-transfer-low-2w-40tps-r1_retail-transfer-low_w1_68,1000,transfer_20260917-pilot6_calibration-retail-transfer-low-2w-40tps-r1_retail-transfer-low_w1_r1_494],  with error: Error: Failed to submit trasaction with status code: 11
2026.09.17-11:17:14.108[31m error[39m [caliper] [connectors/peer-gateway/PeerGateway] 	Failed to perform submit transaction [Transfer] using arguments [wlt_c_20260917-pilot6_calibration-retail-transfer-low-2w-40tps-r1_retail-transfer-low_w1_13,wlt_c_20260917-pilot6_calibration-retail-transfer-low-2w-40tps-r1_retail-transfer-low_w1_63,1000,transfer_20260917-pilot6_calibration-retail-transfer-low-2w-40tps-r1_retail-transfer-low_w1_r1_490],  with error: Error: Failed to submit trasaction with status code: 11
2026.09.17-11:17:14.108[31m error[39m [caliper] [connectors/peer-gateway/PeerGateway] 	Failed to perform submit transaction [Transfer] using arguments [wlt_c_20260917-pilot6_calibration-retail-transfer-low-2w-40tps-r1_retail-transfer-low_w0_13,wlt_c_20260917-pilot6_calibration-retail-transfer-low-2w-40tps-r1_retail-transfer-low_w0_63,1000,transfer_20260917-pilot6_calibration-retail-transfer-low-2w-40tps-r1_retail-transfer-low_w0_r1_490],  with error: Error: Failed to submit trasaction with status code: 11
2026.09.17-11:17:14.111[31m error[39m [caliper] [connectors/peer-gateway/PeerGateway] 	Failed to perform submit transaction [Transfer] using arguments [wlt_c_20260917-pilot6_calibration-retail-transfer-low-2w-40tps-r1_retail-transfer-low_w0_18,wlt_c_20260917-pilot6_calibration-retail-transfer-low-2w-40tps-r1_retail-transfer-low_w0_68,1000,transfer_20260917-pilot6_calibration-retail-transfer-low-2w-40tps-r1_retail-transfer-low_w0_r1_494],  with error: Error: Failed to submit trasaction with status code: 11
2026.09.17-11:17:14.113[31m error[39m [caliper] [connectors/peer-gateway/PeerGateway] 	Failed to perform submit transaction [Transfer] using arguments [wlt_c_20260917-pilot6_calibration-retail-transfer-low-2w-40tps-r1_retail-transfer-low_w0_16,wlt_c_20260917-pilot6_calibration-retail-transfer-low-2w-40tps-r1_retail-transfer-low_w0_66,1000,transfer_20260917-pilot6_calibration-retail-transfer-low-2w-40tps-r1_retail-transfer-low_w0_r1_492],  with error: Error: Failed to submit trasaction with status code: 11
2026.09.17-11:17:14.120[31m error[39m [caliper] [connectors/peer-gateway/PeerGateway] 	Failed to perform submit transaction [Transfer] using arguments [wlt_c_20260917-pilot6_calibration-retail-transfer-low-2w-40tps-r1_retail-transfer-low_w1_11,wlt_c_20260917-pilot6_calibration-retail-transfer-low-2w-40tps-r1_retail-transfer-low_w1_61,1000,transfer_20260917-pilot6_calibration-retail-transfer-low-2w-40tps-r1_retail-transfer-low_w1_r1_488],  with error: Error: Failed to submit trasaction with status code: 11
2026.09.17-11:17:14.121[31m error[39m [caliper] [connectors/peer-gateway/PeerGateway] 	Failed to perform submit transaction [Transfer] using arguments [wlt_c_20260917-pilot6_calibration-retail-transfer-low-2w-40tps-r1_retail-transfer-low_w1_17,wlt_c_20260917-pilot6_calibration-retail-transfer-low-2w-40tps-r1_retail-transfer-low_w1_67,1000,transfer_20260917-pilot6_calibration-retail-transfer-low-2w-40tps-r1_retail-transfer-low_w1_r1_493],  with error: Error: Failed to submit trasaction with status code: 11
2026.09.17-11:17:14.121[31m error[39m [caliper] [connectors/peer-gateway/PeerGateway] 	Failed to perform submit transaction [Transfer] using arguments [wlt_c_20260917-pilot6_calibration-retail-transfer-low-2w-40tps-r1_retail-transfer-low_w1_14,wlt_c_20260917-pilot6_calibration-retail-transfer-low-2w-40tps-r1_retail-transfer-low_w1_64,1000,transfer_20260917-pilot6_calibration-retail-transfer-low-2w-40tps-r1_retail-transfer-low_w1_r1_491],  with error: Error: Failed to submit trasaction with status code: 11
2026.09.17-11:17:14.414[31m error[39m [caliper] [connectors/peer-gateway/PeerGateway] 	Failed to perform submit transaction [Transfer] using arguments [wlt_c_20260917-pilot6_calibration-retail-transfer-low-2w-40tps-r1_retail-transfer-low_w0_26,wlt_c_20260917-pilot6_calibration-retail-transfer-low-2w-40tps-r1_retail-transfer-low_w0_76,1000,transfer_20260917-pilot6_calibration-retail-transfer-low-2w-40tps-r1_retail-transfer-low_w0_r1_500],  with error: Error: Failed to submit trasaction with status code: 11
2026.09.17-11:17:14.417[31m error[39m [caliper] [connectors/peer-gateway/PeerGateway] 	Failed to perform submit transaction [Transfer] using arguments [wlt_c_20260917-pilot6_calibration-retail-transfer-low-2w-40tps-r1_retail-transfer-low_w0_19,wlt_c_20260917-pilot6_calibration-retail-transfer-low-2w-40tps-r1_retail-transfer-low_w0_69,1000,transfer_20260917-pilot6_calibration-retail-transfer-low-2w-40tps-r1_retail-transfer-low_w0_r1_495],  with error: Error: Failed to submit trasaction with status code: 11
2026.09.17-11:17:14.418[31m error[39m [caliper] [connectors/peer-gateway/PeerGateway] 	Failed to perform submit transaction [Transfer] using arguments [wlt_c_20260917-pilot6_calibration-retail-transfer-low-2w-40tps-r1_retail-transfer-low_w1_23,wlt_c_20260917-pilot6_calibration-retail-transfer-low-2w-40tps-r1_retail-transfer-low_w1_73,1000,transfer_20260917-pilot6_calibration-retail-transfer-low-2w-40tps-r1_retail-transfer-low_w1_r1_498],  with error: Error: Failed to submit trasaction with status code: 11
2026.09.17-11:17:14.418[31m error[39m [caliper] [connectors/peer-gateway/PeerGateway] 	Failed to perform submit transaction [Transfer] using arguments [wlt_c_20260917-pilot6_calibration-retail-transfer-low-2w-40tps-r1_retail-transfer-low_w1_27,wlt_c_20260917-pilot6_calibration-retail-transfer-low-2w-40tps-r1_retail-transfer-low_w1_77,1000,transfer_20260917-pilot6_calibration-retail-transfer-low-2w-40tps-r1_retail-transfer-low_w1_r1_501],  with error: Error: Failed to submit trasaction with status code: 11
2026.09.17-11:17:14.418[31m error[39m [caliper] [connectors/peer-gateway/PeerGateway] 	Failed to perform submit transaction [Transfer] using arguments [wlt_c_20260917-pilot6_calibration-retail-transfer-low-2w-40tps-r1_retail-transfer-low_w1_21,wlt_c_20260917-pilot6_calibration-retail-transfer-low-2w-40tps-r1_retail-transfer-low_w1_71,1000,transfer_20260917-pilot6_calibration-retail-transfer-low-2w-40tps-r1_retail-transfer-low_w1_r1_496],  with error: Error: Failed to submit trasaction with status code: 11
2026.09.17-11:17:14.420[31m error[39m [caliper] [connectors/peer-gateway/PeerGateway] 	Failed to perform submit transaction [Transfer] using arguments [wlt_c_20260917-pilot6_calibration-retail-transfer-low-2w-40tps-r1_retail-transfer-low_w0_23,wlt_c_20260917-pilot6_calibration-retail-transfer-low-2w-40tps-r1_retail-transfer-low_w0_73,1000,transfer_20260917-pilot6_calibration-retail-transfer-low-2w-40tps-r1_retail-transfer-low_w0_r1_498],  with error: Error: Failed to submit trasaction with status code: 11
2026.09.17-11:17:14.421[31m error[39m [caliper] [connectors/peer-gateway/PeerGateway] 	Failed to perform submit transaction [Transfer] using arguments [wlt_c_20260917-pilot6_calibration-retail-transfer-low-2w-40tps-r1_retail-transfer-low_w1_19,wlt_c_20260917-pilot6_calibration-retail-transfer-low-2w-40tps-r1_retail-transfer-low_w1_69,1000,transfer_20260917-pilot6_calibration-retail-transfer-low-2w-40tps-r1_retail-transfer-low_w1_r1_495],  with error: Error: Failed to submit trasaction with status code: 11
2026.09.17-11:17:14.422[31m error[39m [caliper] [connectors/peer-gateway/PeerGateway] 	Failed to perform submit transaction [Transfer] using arguments [wlt_c_20260917-pilot6_calibration-retail-transfer-low-2w-40tps-r1_retail-transfer-low_w0_21,wlt_c_20260917-pilot6_calibration-retail-transfer-low-2w-40tps-r1_retail-transfer-low_w0_71,1000,transfer_20260917-pilot6_calibration-retail-transfer-low-2w-40tps-r1_retail-transfer-low_w0_r1_496],  with error: Error: Failed to submit trasaction with status code: 11
2026.09.17-11:17:14.424[31m error[39m [caliper] [connectors/peer-gateway/PeerGateway] 	Failed to perform submit transaction [Transfer] using arguments [wlt_c_20260917-pilot6_calibration-retail-transfer-low-2w-40tps-r1_retail-transfer-low_w0_22,wlt_c_20260917-pilot6_calibration-retail-transfer-low-2w-40tps-r1_retail-transfer-low_w0_72,1000,transfer_20260917-pilot6_calibration-retail-transfer-low-2w-40tps-r1_retail-transfer-low_w0_r1_497],  with error: Error: Failed to submit trasaction with status code: 11
2026.09.17-11:17:14.782[32m info [39m [caliper] [default-observer] 	[retail-transfer-low-40tps Round 1 Transaction Info] - Submitted: 1085 Succ: 879 Fail:101 Unfinished:105
2026.09.17-11:17:14.856[31m error[39m [caliper] [connectors/peer-gateway/PeerGateway] 	Failed to perform submit transaction [Transfer] using arguments [wlt_c_20260917-pilot6_calibration-retail-transfer-low-2w-40tps-r1_retail-transfer-low_w0_27,wlt_c_20260917-pilot6_calibration-retail-transfer-low-2w-40tps-r1_retail-transfer-low_w0_77,1000,transfer_20260917-pilot6_calibration-retail-transfer-low-2w-40tps-r1_retail-transfer-low_w0_r1_501],  with error: Error: Failed to submit trasaction with status code: 11
2026.09.17-11:17:14.856[31m error[39m [caliper] [connectors/peer-gateway/PeerGateway] 	Failed to perform submit transaction [Transfer] using arguments [wlt_c_20260917-pilot6_calibration-retail-transfer-low-2w-40tps-r1_retail-transfer-low_w0_28,wlt_c_20260917-pilot6_calibration-retail-transfer-low-2w-40tps-r1_retail-transfer-low_w0_78,1000,transfer_20260917-pilot6_calibration-retail-transfer-low-2w-40tps-r1_retail-transfer-low_w0_r1_502],  with error: Error: Failed to submit trasaction with status code: 11
2026.09.17-11:17:14.857[31m error[39m [caliper] [connectors/peer-gateway/PeerGateway] 	Failed to perform submit transaction [Transfer] using arguments [wlt_c_20260917-pilot6_calibration-retail-transfer-low-2w-40tps-r1_retail-transfer-low_w1_26,wlt_c_20260917-pilot6_calibration-retail-transfer-low-2w-40tps-r1_retail-transfer-low_w1_76,1000,transfer_20260917-pilot6_calibration-retail-transfer-low-2w-40tps-r1_retail-transfer-low_w1_r1_500],  with error: Error: Failed to submit trasaction with status code: 11
2026.09.17-11:17:14.861[31m error[39m [caliper] [connectors/peer-gateway/PeerGateway] 	Failed to perform submit transaction [Transfer] using arguments [wlt_c_20260917-pilot6_calibration-retail-transfer-low-2w-40tps-r1_retail-transfer-low_w1_31,wlt_c_20260917-pilot6_calibration-retail-transfer-low-2w-40tps-r1_retail-transfer-low_w1_81,1000,transfer_20260917-pilot6_calibration-retail-transfer-low-2w-40tps-r1_retail-transfer-low_w1_r1_504],  with error: Error: Failed to submit trasaction with status code: 11
2026.09.17-11:17:14.861[31m error[39m [caliper] [connectors/peer-gateway/PeerGateway] 	Failed to perform submit transaction [Transfer] using arguments [wlt_c_20260917-pilot6_calibration-retail-transfer-low-2w-40tps-r1_retail-transfer-low_w1_22,wlt_c_20260917-pilot6_calibration-retail-transfer-low-2w-40tps-r1_retail-transfer-low_w1_72,1000,transfer_20260917-pilot6_calibration-retail-transfer-low-2w-40tps-r1_retail-transfer-low_w1_r1_497],  with error: Error: Failed to submit trasaction with status code: 11
2026.09.17-11:17:14.866[31m error[39m [caliper] [connectors/peer-gateway/PeerGateway] 	Failed to perform submit transaction [Transfer] using arguments [wlt_c_20260917-pilot6_calibration-retail-transfer-low-2w-40tps-r1_retail-transfer-low_w0_31,wlt_c_20260917-pilot6_calibration-retail-transfer-low-2w-40tps-r1_retail-transfer-low_w0_81,1000,transfer_20260917-pilot6_calibration-retail-transfer-low-2w-40tps-r1_retail-transfer-low_w0_r1_504],  with error: Error: Failed to submit trasaction with status code: 11
2026.09.17-11:17:14.867[31m error[39m [caliper] [connectors/peer-gateway/PeerGateway] 	Failed to perform submit transaction [Transfer] using arguments [wlt_c_20260917-pilot6_calibration-retail-transfer-low-2w-40tps-r1_retail-transfer-low_w1_32,wlt_c_20260917-pilot6_calibration-retail-transfer-low-2w-40tps-r1_retail-transfer-low_w1_82,1000,transfer_20260917-pilot6_calibration-retail-transfer-low-2w-40tps-r1_retail-transfer-low_w1_r1_505],  with error: Error: Failed to submit trasaction with status code: 11
2026.09.17-11:17:15.309[31m error[39m [caliper] [connectors/peer-gateway/PeerGateway] 	Failed to perform submit transaction [Transfer] using arguments [wlt_c_20260917-pilot6_calibration-retail-transfer-low-2w-40tps-r1_retail-transfer-low_w0_38,wlt_c_20260917-pilot6_calibration-retail-transfer-low-2w-40tps-r1_retail-transfer-low_w0_88,1000,transfer_20260917-pilot6_calibration-retail-transfer-low-2w-40tps-r1_retail-transfer-low_w0_r1_510],  with error: Error: Failed to submit trasaction with status code: 11
2026.09.17-11:17:15.320[31m error[39m [caliper] [connectors/peer-gateway/PeerGateway] 	Failed to perform submit transaction [Transfer] using arguments [wlt_c_20260917-pilot6_calibration-retail-transfer-low-2w-40tps-r1_retail-transfer-low_w1_29,wlt_c_20260917-pilot6_calibration-retail-transfer-low-2w-40tps-r1_retail-transfer-low_w1_79,1000,transfer_20260917-pilot6_calibration-retail-transfer-low-2w-40tps-r1_retail-transfer-low_w1_r1_503],  with error: Error: Failed to submit trasaction with status code: 11
2026.09.17-11:17:15.325[31m error[39m [caliper] [connectors/peer-gateway/PeerGateway] 	Failed to perform submit transaction [Transfer] using arguments [wlt_c_20260917-pilot6_calibration-retail-transfer-low-2w-40tps-r1_retail-transfer-low_w0_29,wlt_c_20260917-pilot6_calibration-retail-transfer-low-2w-40tps-r1_retail-transfer-low_w0_79,1000,transfer_20260917-pilot6_calibration-retail-transfer-low-2w-40tps-r1_retail-transfer-low_w0_r1_503],  with error: Error: Failed to submit trasaction with status code: 11
2026.09.17-11:17:15.806[31m error[39m [caliper] [connectors/peer-gateway/PeerGateway] 	Failed to perform submit transaction [Transfer] using arguments [wlt_c_20260917-pilot6_calibration-retail-transfer-low-2w-40tps-r1_retail-transfer-low_w1_38,wlt_c_20260917-pilot6_calibration-retail-transfer-low-2w-40tps-r1_retail-transfer-low_w1_88,1000,transfer_20260917-pilot6_calibration-retail-transfer-low-2w-40tps-r1_retail-transfer-low_w1_r1_510],  with error: Error: Failed to submit trasaction with status code: 11
2026.09.17-11:17:17.432[31m error[39m [caliper] [connectors/peer-gateway/PeerGateway] 	Failed to perform submit transaction [Transfer] using arguments [wlt_c_20260917-pilot6_calibration-retail-transfer-low-2w-40tps-r1_retail-transfer-low_w1_16,wlt_c_20260917-pilot6_calibration-retail-transfer-low-2w-40tps-r1_retail-transfer-low_w1_66,1000,transfer_20260917-pilot6_calibration-retail-transfer-low-2w-40tps-r1_retail-transfer-low_w1_r1_532],  with error: Error: Failed to submit trasaction with status code: 11
2026.09.17-11:17:17.436[31m error[39m [caliper] [connectors/peer-gateway/PeerGateway] 	Failed to perform submit transaction [Transfer] using arguments [wlt_c_20260917-pilot6_calibration-retail-transfer-low-2w-40tps-r1_retail-transfer-low_w0_17,wlt_c_20260917-pilot6_calibration-retail-transfer-low-2w-40tps-r1_retail-transfer-low_w0_67,1000,transfer_20260917-pilot6_calibration-retail-transfer-low-2w-40tps-r1_retail-transfer-low_w0_r1_533],  with error: Error: Failed to submit trasaction with status code: 11
2026.09.17-11:17:17.895[31m error[39m [caliper] [connectors/peer-gateway/PeerGateway] 	Failed to perform submit transaction [Transfer] using arguments [wlt_c_20260917-pilot6_calibration-retail-transfer-low-2w-40tps-r1_retail-transfer-low_w1_24,wlt_c_20260917-pilot6_calibration-retail-transfer-low-2w-40tps-r1_retail-transfer-low_w1_74,1000,transfer_20260917-pilot6_calibration-retail-transfer-low-2w-40tps-r1_retail-transfer-low_w1_r1_539],  with error: Error: Failed to submit trasaction with status code: 11
2026.09.17-11:17:17.905[31m error[39m [caliper] [connectors/peer-gateway/PeerGateway] 	Failed to perform submit transaction [Transfer] using arguments [wlt_c_20260917-pilot6_calibration-retail-transfer-low-2w-40tps-r1_retail-transfer-low_w0_24,wlt_c_20260917-pilot6_calibration-retail-transfer-low-2w-40tps-r1_retail-transfer-low_w0_74,1000,transfer_20260917-pilot6_calibration-retail-transfer-low-2w-40tps-r1_retail-transfer-low_w0_r1_539],  with error: Error: Failed to submit trasaction with status code: 11
2026.09.17-11:17:18.277[31m error[39m [caliper] [connectors/peer-gateway/PeerGateway] 	Failed to perform submit transaction [Transfer] using arguments [wlt_c_20260917-pilot6_calibration-retail-transfer-low-2w-40tps-r1_retail-transfer-low_w0_32,wlt_c_20260917-pilot6_calibration-retail-transfer-low-2w-40tps-r1_retail-transfer-low_w0_82,1000,transfer_20260917-pilot6_calibration-retail-transfer-low-2w-40tps-r1_retail-transfer-low_w0_r1_545],  with error: Error: Failed to submit trasaction with status code: 11
2026.09.17-11:17:18.279[31m error[39m [caliper] [connectors/peer-gateway/PeerGateway] 	Failed to perform submit transaction [Transfer] using arguments [wlt_c_20260917-pilot6_calibration-retail-transfer-low-2w-40tps-r1_retail-transfer-low_w1_28,wlt_c_20260917-pilot6_calibration-retail-transfer-low-2w-40tps-r1_retail-transfer-low_w1_78,1000,transfer_20260917-pilot6_calibration-retail-transfer-low-2w-40tps-r1_retail-transfer-low_w1_r1_542],  with error: Error: Failed to submit trasaction with status code: 11
2026.09.17-11:17:18.411[31m error[39m [caliper] [connectors/peer-gateway/PeerGateway] 	Failed to perform submit transaction [Transfer] using arguments [wlt_c_20260917-pilot6_calibration-retail-transfer-low-2w-40tps-r1_retail-transfer-low_w1_33,wlt_c_20260917-pilot6_calibration-retail-transfer-low-2w-40tps-r1_retail-transfer-low_w1_83,1000,transfer_20260917-pilot6_calibration-retail-transfer-low-2w-40tps-r1_retail-transfer-low_w1_r1_546],  with error: Error: Failed to submit trasaction with status code: 11
2026.09.17-11:17:18.412[31m error[39m [caliper] [connectors/peer-gateway/PeerGateway] 	Failed to perform submit transaction [Transfer] using arguments [wlt_c_20260917-pilot6_calibration-retail-transfer-low-2w-40tps-r1_retail-transfer-low_w0_37,wlt_c_20260917-pilot6_calibration-retail-transfer-low-2w-40tps-r1_retail-transfer-low_w0_87,1000,transfer_20260917-pilot6_calibration-retail-transfer-low-2w-40tps-r1_retail-transfer-low_w0_r1_549],  with error: Error: Failed to submit trasaction with status code: 11
2026.09.17-11:17:18.418[31m error[39m [caliper] [connectors/peer-gateway/PeerGateway] 	Failed to perform submit transaction [Transfer] using arguments [wlt_c_20260917-pilot6_calibration-retail-transfer-low-2w-40tps-r1_retail-transfer-low_w0_36,wlt_c_20260917-pilot6_calibration-retail-transfer-low-2w-40tps-r1_retail-transfer-low_w0_86,1000,transfer_20260917-pilot6_calibration-retail-transfer-low-2w-40tps-r1_retail-transfer-low_w0_r1_548],  with error: Error: Failed to submit trasaction with status code: 11
2026.09.17-11:17:18.418[31m error[39m [caliper] [connectors/peer-gateway/PeerGateway] 	Failed to perform submit transaction [Transfer] using arguments [wlt_c_20260917-pilot6_calibration-retail-transfer-low-2w-40tps-r1_retail-transfer-low_w1_37,wlt_c_20260917-pilot6_calibration-retail-transfer-low-2w-40tps-r1_retail-transfer-low_w1_87,1000,transfer_20260917-pilot6_calibration-retail-transfer-low-2w-40tps-r1_retail-transfer-low_w1_r1_549],  with error: Error: Failed to submit trasaction with status code: 11
2026.09.17-11:17:18.419[31m error[39m [caliper] [connectors/peer-gateway/PeerGateway] 	Failed to perform submit transaction [Transfer] using arguments [wlt_c_20260917-pilot6_calibration-retail-transfer-low-2w-40tps-r1_retail-transfer-low_w0_34,wlt_c_20260917-pilot6_calibration-retail-transfer-low-2w-40tps-r1_retail-transfer-low_w0_84,1000,transfer_20260917-pilot6_calibration-retail-transfer-low-2w-40tps-r1_retail-transfer-low_w0_r1_547],  with error: Error: Failed to submit trasaction with status code: 11
2026.09.17-11:17:18.419[31m error[39m [caliper] [connectors/peer-gateway/PeerGateway] 	Failed to perform submit transaction [Transfer] using arguments [wlt_c_20260917-pilot6_calibration-retail-transfer-low-2w-40tps-r1_retail-transfer-low_w1_36,wlt_c_20260917-pilot6_calibration-retail-transfer-low-2w-40tps-r1_retail-transfer-low_w1_86,1000,transfer_20260917-pilot6_calibration-retail-transfer-low-2w-40tps-r1_retail-transfer-low_w1_r1_548],  with error: Error: Failed to submit trasaction with status code: 11
2026.09.17-11:17:18.419[31m error[39m [caliper] [connectors/peer-gateway/PeerGateway] 	Failed to perform submit transaction [Transfer] using arguments [wlt_c_20260917-pilot6_calibration-retail-transfer-low-2w-40tps-r1_retail-transfer-low_w0_33,wlt_c_20260917-pilot6_calibration-retail-transfer-low-2w-40tps-r1_retail-transfer-low_w0_83,1000,transfer_20260917-pilot6_calibration-retail-transfer-low-2w-40tps-r1_retail-transfer-low_w0_r1_546],  with error: Error: Failed to submit trasaction with status code: 11
2026.09.17-11:17:18.419[31m error[39m [caliper] [connectors/peer-gateway/PeerGateway] 	Failed to perform submit transaction [Transfer] using arguments [wlt_c_20260917-pilot6_calibration-retail-transfer-low-2w-40tps-r1_retail-transfer-low_w1_34,wlt_c_20260917-pilot6_calibration-retail-transfer-low-2w-40tps-r1_retail-transfer-low_w1_84,1000,transfer_20260917-pilot6_calibration-retail-transfer-low-2w-40tps-r1_retail-transfer-low_w1_r1_547],  with error: Error: Failed to submit trasaction with status code: 11
2026.09.17-11:17:18.561[31m error[39m [caliper] [connectors/peer-gateway/PeerGateway] 	Failed to perform submit transaction [Transfer] using arguments [wlt_c_20260917-pilot6_calibration-retail-transfer-low-2w-40tps-r1_retail-transfer-low_w0_46,wlt_c_20260917-pilot6_calibration-retail-transfer-low-2w-40tps-r1_retail-transfer-low_w0_96,1000,transfer_20260917-pilot6_calibration-retail-transfer-low-2w-40tps-r1_retail-transfer-low_w0_r1_556],  with error: Error: Failed to submit trasaction with status code: 11
2026.09.17-11:17:18.562[31m error[39m [caliper] [connectors/peer-gateway/PeerGateway] 	Failed to perform submit transaction [Transfer] using arguments [wlt_c_20260917-pilot6_calibration-retail-transfer-low-2w-40tps-r1_retail-transfer-low_w0_43,wlt_c_20260917-pilot6_calibration-retail-transfer-low-2w-40tps-r1_retail-transfer-low_w0_93,1000,transfer_20260917-pilot6_calibration-retail-transfer-low-2w-40tps-r1_retail-transfer-low_w0_r1_554],  with error: Error: Failed to submit trasaction with status code: 11
2026.09.17-11:17:18.564[31m error[39m [caliper] [connectors/peer-gateway/PeerGateway] 	Failed to perform submit transaction [Transfer] using arguments [wlt_c_20260917-pilot6_calibration-retail-transfer-low-2w-40tps-r1_retail-transfer-low_w0_48,wlt_c_20260917-pilot6_calibration-retail-transfer-low-2w-40tps-r1_retail-transfer-low_w0_98,1000,transfer_20260917-pilot6_calibration-retail-transfer-low-2w-40tps-r1_retail-transfer-low_w0_r1_558],  with error: Error: Failed to submit trasaction with status code: 11
2026.09.17-11:17:18.565[31m error[39m [caliper] [connectors/peer-gateway/PeerGateway] 	Failed to perform submit transaction [Transfer] using arguments [wlt_c_20260917-pilot6_calibration-retail-transfer-low-2w-40tps-r1_retail-transfer-low_w0_49,wlt_c_20260917-pilot6_calibration-retail-transfer-low-2w-40tps-r1_retail-transfer-low_w0_99,1000,transfer_20260917-pilot6_calibration-retail-transfer-low-2w-40tps-r1_retail-transfer-low_w0_r1_559],  with error: Error: Failed to submit trasaction with status code: 11
2026.09.17-11:17:18.565[31m error[39m [caliper] [connectors/peer-gateway/PeerGateway] 	Failed to perform submit transaction [Transfer] using arguments [wlt_c_20260917-pilot6_calibration-retail-transfer-low-2w-40tps-r1_retail-transfer-low_w1_48,wlt_c_20260917-pilot6_calibration-retail-transfer-low-2w-40tps-r1_retail-transfer-low_w1_98,1000,transfer_20260917-pilot6_calibration-retail-transfer-low-2w-40tps-r1_retail-transfer-low_w1_r1_558],  with error: Error: Failed to submit trasaction with status code: 11
2026.09.17-11:17:18.565[31m error[39m [caliper] [connectors/peer-gateway/PeerGateway] 	Failed to perform submit transaction [Transfer] using arguments [wlt_c_20260917-pilot6_calibration-retail-transfer-low-2w-40tps-r1_retail-transfer-low_w0_42,wlt_c_20260917-pilot6_calibration-retail-transfer-low-2w-40tps-r1_retail-transfer-low_w0_92,1000,transfer_20260917-pilot6_calibration-retail-transfer-low-2w-40tps-r1_retail-transfer-low_w0_r1_553],  with error: Error: Failed to submit trasaction with status code: 11
2026.09.17-11:17:18.567[31m error[39m [caliper] [connectors/peer-gateway/PeerGateway] 	Failed to perform submit transaction [Transfer] using arguments [wlt_c_20260917-pilot6_calibration-retail-transfer-low-2w-40tps-r1_retail-transfer-low_w1_49,wlt_c_20260917-pilot6_calibration-retail-transfer-low-2w-40tps-r1_retail-transfer-low_w1_99,1000,transfer_20260917-pilot6_calibration-retail-transfer-low-2w-40tps-r1_retail-transfer-low_w1_r1_559],  with error: Error: Failed to submit trasaction with status code: 11
2026.09.17-11:17:18.569[31m error[39m [caliper] [connectors/peer-gateway/PeerGateway] 	Failed to perform submit transaction [Transfer] using arguments [wlt_c_20260917-pilot6_calibration-retail-transfer-low-2w-40tps-r1_retail-transfer-low_w1_41,wlt_c_20260917-pilot6_calibration-retail-transfer-low-2w-40tps-r1_retail-transfer-low_w1_91,1000,transfer_20260917-pilot6_calibration-retail-transfer-low-2w-40tps-r1_retail-transfer-low_w1_r1_552],  with error: Error: Failed to submit trasaction with status code: 11
2026.09.17-11:17:18.677[31m error[39m [caliper] [connectors/peer-gateway/PeerGateway] 	Failed to perform submit transaction [Transfer] using arguments [wlt_c_20260917-pilot6_calibration-retail-transfer-low-2w-40tps-r1_retail-transfer-low_w1_46,wlt_c_20260917-pilot6_calibration-retail-transfer-low-2w-40tps-r1_retail-transfer-low_w1_96,1000,transfer_20260917-pilot6_calibration-retail-transfer-low-2w-40tps-r1_retail-transfer-low_w1_r1_556],  with error: Error: Failed to submit trasaction with status code: 11
2026.09.17-11:17:18.678[31m error[39m [caliper] [connectors/peer-gateway/PeerGateway] 	Failed to perform submit transaction [Transfer] using arguments [wlt_c_20260917-pilot6_calibration-retail-transfer-low-2w-40tps-r1_retail-transfer-low_w1_42,wlt_c_20260917-pilot6_calibration-retail-transfer-low-2w-40tps-r1_retail-transfer-low_w1_92,1000,transfer_20260917-pilot6_calibration-retail-transfer-low-2w-40tps-r1_retail-transfer-low_w1_r1_553],  with error: Error: Failed to submit trasaction with status code: 11
2026.09.17-11:17:18.678[31m error[39m [caliper] [connectors/peer-gateway/PeerGateway] 	Failed to perform submit transaction [Transfer] using arguments [wlt_c_20260917-pilot6_calibration-retail-transfer-low-2w-40tps-r1_retail-transfer-low_w1_44,wlt_c_20260917-pilot6_calibration-retail-transfer-low-2w-40tps-r1_retail-transfer-low_w1_94,1000,transfer_20260917-pilot6_calibration-retail-transfer-low-2w-40tps-r1_retail-transfer-low_w1_r1_555],  with error: Error: Failed to submit trasaction with status code: 11
2026.09.17-11:17:18.679[31m error[39m [caliper] [connectors/peer-gateway/PeerGateway] 	Failed to perform submit transaction [Transfer] using arguments [wlt_c_20260917-pilot6_calibration-retail-transfer-low-2w-40tps-r1_retail-transfer-low_w1_43,wlt_c_20260917-pilot6_calibration-retail-transfer-low-2w-40tps-r1_retail-transfer-low_w1_93,1000,transfer_20260917-pilot6_calibration-retail-transfer-low-2w-40tps-r1_retail-transfer-low_w1_r1_554],  with error: Error: Failed to submit trasaction with status code: 11
2026.09.17-11:17:18.679[31m error[39m [caliper] [connectors/peer-gateway/PeerGateway] 	Failed to perform submit transaction [Transfer] using arguments [wlt_c_20260917-pilot6_calibration-retail-transfer-low-2w-40tps-r1_retail-transfer-low_w1_39,wlt_c_20260917-pilot6_calibration-retail-transfer-low-2w-40tps-r1_retail-transfer-low_w1_89,1000,transfer_20260917-pilot6_calibration-retail-transfer-low-2w-40tps-r1_retail-transfer-low_w1_r1_551],  with error: Error: Failed to submit trasaction with status code: 11
2026.09.17-11:17:18.684[31m error[39m [caliper] [connectors/peer-gateway/PeerGateway] 	Failed to perform submit transaction [Transfer] using arguments [wlt_c_20260917-pilot6_calibration-retail-transfer-low-2w-40tps-r1_retail-transfer-low_w0_39,wlt_c_20260917-pilot6_calibration-retail-transfer-low-2w-40tps-r1_retail-transfer-low_w0_89,1000,transfer_20260917-pilot6_calibration-retail-transfer-low-2w-40tps-r1_retail-transfer-low_w0_r1_551],  with error: Error: Failed to submit trasaction with status code: 11
2026.09.17-11:17:18.685[31m error[39m [caliper] [connectors/peer-gateway/PeerGateway] 	Failed to perform submit transaction [Transfer] using arguments [wlt_c_20260917-pilot6_calibration-retail-transfer-low-2w-40tps-r1_retail-transfer-low_w0_41,wlt_c_20260917-pilot6_calibration-retail-transfer-low-2w-40tps-r1_retail-transfer-low_w0_91,1000,transfer_20260917-pilot6_calibration-retail-transfer-low-2w-40tps-r1_retail-transfer-low_w0_r1_552],  with error: Error: Failed to submit trasaction with status code: 11
2026.09.17-11:17:18.687[31m error[39m [caliper] [connectors/peer-gateway/PeerGateway] 	Failed to perform submit transaction [Transfer] using arguments [wlt_c_20260917-pilot6_calibration-retail-transfer-low-2w-40tps-r1_retail-transfer-low_w0_47,wlt_c_20260917-pilot6_calibration-retail-transfer-low-2w-40tps-r1_retail-transfer-low_w0_97,1000,transfer_20260917-pilot6_calibration-retail-transfer-low-2w-40tps-r1_retail-transfer-low_w0_r1_557],  with error: Error: Failed to submit trasaction with status code: 11
2026.09.17-11:17:18.688[31m error[39m [caliper] [connectors/peer-gateway/PeerGateway] 	Failed to perform submit transaction [Transfer] using arguments [wlt_c_20260917-pilot6_calibration-retail-transfer-low-2w-40tps-r1_retail-transfer-low_w0_1,wlt_c_20260917-pilot6_calibration-retail-transfer-low-2w-40tps-r1_retail-transfer-low_w0_51,1000,transfer_20260917-pilot6_calibration-retail-transfer-low-2w-40tps-r1_retail-transfer-low_w0_r1_560],  with error: Error: Failed to submit trasaction with status code: 11
2026.09.17-11:17:18.689[31m error[39m [caliper] [connectors/peer-gateway/PeerGateway] 	Failed to perform submit transaction [Transfer] using arguments [wlt_c_20260917-pilot6_calibration-retail-transfer-low-2w-40tps-r1_retail-transfer-low_w0_44,wlt_c_20260917-pilot6_calibration-retail-transfer-low-2w-40tps-r1_retail-transfer-low_w0_94,1000,transfer_20260917-pilot6_calibration-retail-transfer-low-2w-40tps-r1_retail-transfer-low_w0_r1_555],  with error: Error: Failed to submit trasaction with status code: 11
2026.09.17-11:17:18.763[31m error[39m [caliper] [connectors/peer-gateway/PeerGateway] 	Failed to perform submit transaction [Transfer] using arguments [wlt_c_20260917-pilot6_calibration-retail-transfer-low-2w-40tps-r1_retail-transfer-low_w1_3,wlt_c_20260917-pilot6_calibration-retail-transfer-low-2w-40tps-r1_retail-transfer-low_w1_53,1000,transfer_20260917-pilot6_calibration-retail-transfer-low-2w-40tps-r1_retail-transfer-low_w1_r1_562],  with error: Error: Failed to submit trasaction with status code: 11
2026.09.17-11:17:18.763[31m error[39m [caliper] [connectors/peer-gateway/PeerGateway] 	Failed to perform submit transaction [Transfer] using arguments [wlt_c_20260917-pilot6_calibration-retail-transfer-low-2w-40tps-r1_retail-transfer-low_w0_8,wlt_c_20260917-pilot6_calibration-retail-transfer-low-2w-40tps-r1_retail-transfer-low_w0_58,1000,transfer_20260917-pilot6_calibration-retail-transfer-low-2w-40tps-r1_retail-transfer-low_w0_r1_566],  with error: Error: Failed to submit trasaction with status code: 11
2026.09.17-11:17:18.764[31m error[39m [caliper] [connectors/peer-gateway/PeerGateway] 	Failed to perform submit transaction [Transfer] using arguments [wlt_c_20260917-pilot6_calibration-retail-transfer-low-2w-40tps-r1_retail-transfer-low_w0_2,wlt_c_20260917-pilot6_calibration-retail-transfer-low-2w-40tps-r1_retail-transfer-low_w0_52,1000,transfer_20260917-pilot6_calibration-retail-transfer-low-2w-40tps-r1_retail-transfer-low_w0_r1_561],  with error: Error: Failed to submit trasaction with status code: 11
2026.09.17-11:17:18.764[31m error[39m [caliper] [connectors/peer-gateway/PeerGateway] 	Failed to perform submit transaction [Transfer] using arguments [wlt_c_20260917-pilot6_calibration-retail-transfer-low-2w-40tps-r1_retail-transfer-low_w0_11,wlt_c_20260917-pilot6_calibration-retail-transfer-low-2w-40tps-r1_retail-transfer-low_w0_61,1000,transfer_20260917-pilot6_calibration-retail-transfer-low-2w-40tps-r1_retail-transfer-low_w0_r1_568],  with error: Error: Failed to submit trasaction with status code: 11
2026.09.17-11:17:18.764[31m error[39m [caliper] [connectors/peer-gateway/PeerGateway] 	Failed to perform submit transaction [Transfer] using arguments [wlt_c_20260917-pilot6_calibration-retail-transfer-low-2w-40tps-r1_retail-transfer-low_w1_1,wlt_c_20260917-pilot6_calibration-retail-transfer-low-2w-40tps-r1_retail-transfer-low_w1_51,1000,transfer_20260917-pilot6_calibration-retail-transfer-low-2w-40tps-r1_retail-transfer-low_w1_r1_560],  with error: Error: Failed to submit trasaction with status code: 11
2026.09.17-11:17:18.765[31m error[39m [caliper] [connectors/peer-gateway/PeerGateway] 	Failed to perform submit transaction [Transfer] using arguments [wlt_c_20260917-pilot6_calibration-retail-transfer-low-2w-40tps-r1_retail-transfer-low_w0_12,wlt_c_20260917-pilot6_calibration-retail-transfer-low-2w-40tps-r1_retail-transfer-low_w0_62,1000,transfer_20260917-pilot6_calibration-retail-transfer-low-2w-40tps-r1_retail-transfer-low_w0_r1_569],  with error: Error: Failed to submit trasaction with status code: 11
2026.09.17-11:17:18.765[31m error[39m [caliper] [connectors/peer-gateway/PeerGateway] 	Failed to perform submit transaction [Transfer] using arguments [wlt_c_20260917-pilot6_calibration-retail-transfer-low-2w-40tps-r1_retail-transfer-low_w1_47,wlt_c_20260917-pilot6_calibration-retail-transfer-low-2w-40tps-r1_retail-transfer-low_w1_97,1000,transfer_20260917-pilot6_calibration-retail-transfer-low-2w-40tps-r1_retail-transfer-low_w1_r1_557],  with error: Error: Failed to submit trasaction with status code: 11
2026.09.17-11:17:18.766[31m error[39m [caliper] [connectors/peer-gateway/PeerGateway] 	Failed to perform submit transaction [Transfer] using arguments [wlt_c_20260917-pilot6_calibration-retail-transfer-low-2w-40tps-r1_retail-transfer-low_w1_2,wlt_c_20260917-pilot6_calibration-retail-transfer-low-2w-40tps-r1_retail-transfer-low_w1_52,1000,transfer_20260917-pilot6_calibration-retail-transfer-low-2w-40tps-r1_retail-transfer-low_w1_r1_561],  with error: Error: Failed to submit trasaction with status code: 11
2026.09.17-11:17:18.767[31m error[39m [caliper] [connectors/peer-gateway/PeerGateway] 	Failed to perform submit transaction [Transfer] using arguments [wlt_c_20260917-pilot6_calibration-retail-transfer-low-2w-40tps-r1_retail-transfer-low_w1_11,wlt_c_20260917-pilot6_calibration-retail-transfer-low-2w-40tps-r1_retail-transfer-low_w1_61,1000,transfer_20260917-pilot6_calibration-retail-transfer-low-2w-40tps-r1_retail-transfer-low_w1_r1_568],  with error: Error: Failed to submit trasaction with status code: 11
2026.09.17-11:17:18.769[31m error[39m [caliper] [connectors/peer-gateway/PeerGateway] 	Failed to perform submit transaction [Transfer] using arguments [wlt_c_20260917-pilot6_calibration-retail-transfer-low-2w-40tps-r1_retail-transfer-low_w1_4,wlt_c_20260917-pilot6_calibration-retail-transfer-low-2w-40tps-r1_retail-transfer-low_w1_54,1000,transfer_20260917-pilot6_calibration-retail-transfer-low-2w-40tps-r1_retail-transfer-low_w1_r1_563],  with error: Error: Failed to submit trasaction with status code: 11
2026.09.17-11:17:18.930[31m error[39m [caliper] [connectors/peer-gateway/PeerGateway] 	Failed to perform submit transaction [Transfer] using arguments [wlt_c_20260917-pilot6_calibration-retail-transfer-low-2w-40tps-r1_retail-transfer-low_w0_4,wlt_c_20260917-pilot6_calibration-retail-transfer-low-2w-40tps-r1_retail-transfer-low_w0_54,1000,transfer_20260917-pilot6_calibration-retail-transfer-low-2w-40tps-r1_retail-transfer-low_w0_r1_563],  with error: Error: Failed to submit trasaction with status code: 11
2026.09.17-11:17:18.930[31m error[39m [caliper] [connectors/peer-gateway/PeerGateway] 	Failed to perform submit transaction [Transfer] using arguments [wlt_c_20260917-pilot6_calibration-retail-transfer-low-2w-40tps-r1_retail-transfer-low_w0_3,wlt_c_20260917-pilot6_calibration-retail-transfer-low-2w-40tps-r1_retail-transfer-low_w0_53,1000,transfer_20260917-pilot6_calibration-retail-transfer-low-2w-40tps-r1_retail-transfer-low_w0_r1_562],  with error: Error: Failed to submit trasaction with status code: 11
2026.09.17-11:17:18.931[31m error[39m [caliper] [connectors/peer-gateway/PeerGateway] 	Failed to perform submit transaction [Transfer] using arguments [wlt_c_20260917-pilot6_calibration-retail-transfer-low-2w-40tps-r1_retail-transfer-low_w1_12,wlt_c_20260917-pilot6_calibration-retail-transfer-low-2w-40tps-r1_retail-transfer-low_w1_62,1000,transfer_20260917-pilot6_calibration-retail-transfer-low-2w-40tps-r1_retail-transfer-low_w1_r1_569],  with error: Error: Failed to submit trasaction with status code: 11
2026.09.17-11:17:18.932[31m error[39m [caliper] [connectors/peer-gateway/PeerGateway] 	Failed to perform submit transaction [Transfer] using arguments [wlt_c_20260917-pilot6_calibration-retail-transfer-low-2w-40tps-r1_retail-transfer-low_w1_7,wlt_c_20260917-pilot6_calibration-retail-transfer-low-2w-40tps-r1_retail-transfer-low_w1_57,1000,transfer_20260917-pilot6_calibration-retail-transfer-low-2w-40tps-r1_retail-transfer-low_w1_r1_565],  with error: Error: Failed to submit trasaction with status code: 11
2026.09.17-11:17:18.933[31m error[39m [caliper] [connectors/peer-gateway/PeerGateway] 	Failed to perform submit transaction [Transfer] using arguments [wlt_c_20260917-pilot6_calibration-retail-transfer-low-2w-40tps-r1_retail-transfer-low_w1_8,wlt_c_20260917-pilot6_calibration-retail-transfer-low-2w-40tps-r1_retail-transfer-low_w1_58,1000,transfer_20260917-pilot6_calibration-retail-transfer-low-2w-40tps-r1_retail-transfer-low_w1_r1_566],  with error: Error: Failed to submit trasaction with status code: 11
2026.09.17-11:17:18.933[31m error[39m [caliper] [connectors/peer-gateway/PeerGateway] 	Failed to perform submit transaction [Transfer] using arguments [wlt_c_20260917-pilot6_calibration-retail-transfer-low-2w-40tps-r1_retail-transfer-low_w0_6,wlt_c_20260917-pilot6_calibration-retail-transfer-low-2w-40tps-r1_retail-transfer-low_w0_56,1000,transfer_20260917-pilot6_calibration-retail-transfer-low-2w-40tps-r1_retail-transfer-low_w0_r1_564],  with error: Error: Failed to submit trasaction with status code: 11
2026.09.17-11:17:18.933[31m error[39m [caliper] [connectors/peer-gateway/PeerGateway] 	Failed to perform submit transaction [Transfer] using arguments [wlt_c_20260917-pilot6_calibration-retail-transfer-low-2w-40tps-r1_retail-transfer-low_w1_6,wlt_c_20260917-pilot6_calibration-retail-transfer-low-2w-40tps-r1_retail-transfer-low_w1_56,1000,transfer_20260917-pilot6_calibration-retail-transfer-low-2w-40tps-r1_retail-transfer-low_w1_r1_564],  with error: Error: Failed to submit trasaction with status code: 11
2026.09.17-11:17:18.934[31m error[39m [caliper] [connectors/peer-gateway/PeerGateway] 	Failed to perform submit transaction [Transfer] using arguments [wlt_c_20260917-pilot6_calibration-retail-transfer-low-2w-40tps-r1_retail-transfer-low_w0_7,wlt_c_20260917-pilot6_calibration-retail-transfer-low-2w-40tps-r1_retail-transfer-low_w0_57,1000,transfer_20260917-pilot6_calibration-retail-transfer-low-2w-40tps-r1_retail-transfer-low_w0_r1_565],  with error: Error: Failed to submit trasaction with status code: 11
2026.09.17-11:17:18.934[31m error[39m [caliper] [connectors/peer-gateway/PeerGateway] 	Failed to perform submit transaction [Transfer] using arguments [wlt_c_20260917-pilot6_calibration-retail-transfer-low-2w-40tps-r1_retail-transfer-low_w1_9,wlt_c_20260917-pilot6_calibration-retail-transfer-low-2w-40tps-r1_retail-transfer-low_w1_59,1000,transfer_20260917-pilot6_calibration-retail-transfer-low-2w-40tps-r1_retail-transfer-low_w1_r1_567],  with error: Error: Failed to submit trasaction with status code: 11
2026.09.17-11:17:18.936[31m error[39m [caliper] [connectors/peer-gateway/PeerGateway] 	Failed to perform submit transaction [Transfer] using arguments [wlt_c_20260917-pilot6_calibration-retail-transfer-low-2w-40tps-r1_retail-transfer-low_w1_13,wlt_c_20260917-pilot6_calibration-retail-transfer-low-2w-40tps-r1_retail-transfer-low_w1_63,1000,transfer_20260917-pilot6_calibration-retail-transfer-low-2w-40tps-r1_retail-transfer-low_w1_r1_570],  with error: Error: Failed to submit trasaction with status code: 11
2026.09.17-11:17:19.112[31m error[39m [caliper] [connectors/peer-gateway/PeerGateway] 	Failed to perform submit transaction [Transfer] using arguments [wlt_c_20260917-pilot6_calibration-retail-transfer-low-2w-40tps-r1_retail-transfer-low_w0_21,wlt_c_20260917-pilot6_calibration-retail-transfer-low-2w-40tps-r1_retail-transfer-low_w0_71,1000,transfer_20260917-pilot6_calibration-retail-transfer-low-2w-40tps-r1_retail-transfer-low_w0_r1_576],  with error: Error: Failed to submit trasaction with status code: 11
2026.09.17-11:17:19.114[31m error[39m [caliper] [connectors/peer-gateway/PeerGateway] 	Failed to perform submit transaction [Transfer] using arguments [wlt_c_20260917-pilot6_calibration-retail-transfer-low-2w-40tps-r1_retail-transfer-low_w1_21,wlt_c_20260917-pilot6_calibration-retail-transfer-low-2w-40tps-r1_retail-transfer-low_w1_71,1000,transfer_20260917-pilot6_calibration-retail-transfer-low-2w-40tps-r1_retail-transfer-low_w1_r1_576],  with error: Error: Failed to submit trasaction with status code: 11
2026.09.17-11:17:19.115[31m error[39m [caliper] [connectors/peer-gateway/PeerGateway] 	Failed to perform submit transaction [Transfer] using arguments [wlt_c_20260917-pilot6_calibration-retail-transfer-low-2w-40tps-r1_retail-transfer-low_w1_17,wlt_c_20260917-pilot6_calibration-retail-transfer-low-2w-40tps-r1_retail-transfer-low_w1_67,1000,transfer_20260917-pilot6_calibration-retail-transfer-low-2w-40tps-r1_retail-transfer-low_w1_r1_573],  with error: Error: Failed to submit trasaction with status code: 11
2026.09.17-11:17:19.117[31m error[39m [caliper] [connectors/peer-gateway/PeerGateway] 	Failed to perform submit transaction [Transfer] using arguments [wlt_c_20260917-pilot6_calibration-retail-transfer-low-2w-40tps-r1_retail-transfer-low_w0_14,wlt_c_20260917-pilot6_calibration-retail-transfer-low-2w-40tps-r1_retail-transfer-low_w0_64,1000,transfer_20260917-pilot6_calibration-retail-transfer-low-2w-40tps-r1_retail-transfer-low_w0_r1_571],  with error: Error: Failed to submit trasaction with status code: 11
2026.09.17-11:17:19.117[31m error[39m [caliper] [connectors/peer-gateway/PeerGateway] 	Failed to perform submit transaction [Transfer] using arguments [wlt_c_20260917-pilot6_calibration-retail-transfer-low-2w-40tps-r1_retail-transfer-low_w1_22,wlt_c_20260917-pilot6_calibration-retail-transfer-low-2w-40tps-r1_retail-transfer-low_w1_72,1000,transfer_20260917-pilot6_calibration-retail-transfer-low-2w-40tps-r1_retail-transfer-low_w1_r1_577],  with error: Error: Failed to submit trasaction with status code: 11
2026.09.17-11:17:19.119[31m error[39m [caliper] [connectors/peer-gateway/PeerGateway] 	Failed to perform submit transaction [Transfer] using arguments [wlt_c_20260917-pilot6_calibration-retail-transfer-low-2w-40tps-r1_retail-transfer-low_w0_16,wlt_c_20260917-pilot6_calibration-retail-transfer-low-2w-40tps-r1_retail-transfer-low_w0_66,1000,transfer_20260917-pilot6_calibration-retail-transfer-low-2w-40tps-r1_retail-transfer-low_w0_r1_572],  with error: Error: Failed to submit trasaction with status code: 11
2026.09.17-11:17:19.119[31m error[39m [caliper] [connectors/peer-gateway/PeerGateway] 	Failed to perform submit transaction [Transfer] using arguments [wlt_c_20260917-pilot6_calibration-retail-transfer-low-2w-40tps-r1_retail-transfer-low_w0_13,wlt_c_20260917-pilot6_calibration-retail-transfer-low-2w-40tps-r1_retail-transfer-low_w0_63,1000,transfer_20260917-pilot6_calibration-retail-transfer-low-2w-40tps-r1_retail-transfer-low_w0_r1_570],  with error: Error: Failed to submit trasaction with status code: 11
2026.09.17-11:17:19.119[31m error[39m [caliper] [connectors/peer-gateway/PeerGateway] 	Failed to perform submit transaction [Transfer] using arguments [wlt_c_20260917-pilot6_calibration-retail-transfer-low-2w-40tps-r1_retail-transfer-low_w0_9,wlt_c_20260917-pilot6_calibration-retail-transfer-low-2w-40tps-r1_retail-transfer-low_w0_59,1000,transfer_20260917-pilot6_calibration-retail-transfer-low-2w-40tps-r1_retail-transfer-low_w0_r1_567],  with error: Error: Failed to submit trasaction with status code: 11
2026.09.17-11:17:19.121[31m error[39m [caliper] [connectors/peer-gateway/PeerGateway] 	Failed to perform submit transaction [Transfer] using arguments [wlt_c_20260917-pilot6_calibration-retail-transfer-low-2w-40tps-r1_retail-transfer-low_w0_22,wlt_c_20260917-pilot6_calibration-retail-transfer-low-2w-40tps-r1_retail-transfer-low_w0_72,1000,transfer_20260917-pilot6_calibration-retail-transfer-low-2w-40tps-r1_retail-transfer-low_w0_r1_577],  with error: Error: Failed to submit trasaction with status code: 11
2026.09.17-11:17:19.315[31m error[39m [caliper] [connectors/peer-gateway/PeerGateway] 	Failed to perform submit transaction [Transfer] using arguments [wlt_c_20260917-pilot6_calibration-retail-transfer-low-2w-40tps-r1_retail-transfer-low_w1_18,wlt_c_20260917-pilot6_calibration-retail-transfer-low-2w-40tps-r1_retail-transfer-low_w1_68,1000,transfer_20260917-pilot6_calibration-retail-transfer-low-2w-40tps-r1_retail-transfer-low_w1_r1_574],  with error: Error: Failed to submit trasaction with status code: 11
2026.09.17-11:17:19.315[31m error[39m [caliper] [connectors/peer-gateway/PeerGateway] 	Failed to perform submit transaction [Transfer] using arguments [wlt_c_20260917-pilot6_calibration-retail-transfer-low-2w-40tps-r1_retail-transfer-low_w1_29,wlt_c_20260917-pilot6_calibration-retail-transfer-low-2w-40tps-r1_retail-transfer-low_w1_79,1000,transfer_20260917-pilot6_calibration-retail-transfer-low-2w-40tps-r1_retail-transfer-low_w1_r1_583],  with error: Error: Failed to submit trasaction with status code: 11
2026.09.17-11:17:19.315[31m error[39m [caliper] [connectors/peer-gateway/PeerGateway] 	Failed to perform submit transaction [Transfer] using arguments [wlt_c_20260917-pilot6_calibration-retail-transfer-low-2w-40tps-r1_retail-transfer-low_w1_14,wlt_c_20260917-pilot6_calibration-retail-transfer-low-2w-40tps-r1_retail-transfer-low_w1_64,1000,transfer_20260917-pilot6_calibration-retail-transfer-low-2w-40tps-r1_retail-transfer-low_w1_r1_571],  with error: Error: Failed to submit trasaction with status code: 11
2026.09.17-11:17:19.316[31m error[39m [caliper] [connectors/peer-gateway/PeerGateway] 	Failed to perform submit transaction [Transfer] using arguments [wlt_c_20260917-pilot6_calibration-retail-transfer-low-2w-40tps-r1_retail-transfer-low_w1_23,wlt_c_20260917-pilot6_calibration-retail-transfer-low-2w-40tps-r1_retail-transfer-low_w1_73,1000,transfer_20260917-pilot6_calibration-retail-transfer-low-2w-40tps-r1_retail-transfer-low_w1_r1_578],  with error: Error: Failed to submit trasaction with status code: 11
2026.09.17-11:17:19.316[31m error[39m [caliper] [connectors/peer-gateway/PeerGateway] 	Failed to perform submit transaction [Transfer] using arguments [wlt_c_20260917-pilot6_calibration-retail-transfer-low-2w-40tps-r1_retail-transfer-low_w1_19,wlt_c_20260917-pilot6_calibration-retail-transfer-low-2w-40tps-r1_retail-transfer-low_w1_69,1000,transfer_20260917-pilot6_calibration-retail-transfer-low-2w-40tps-r1_retail-transfer-low_w1_r1_575],  with error: Error: Failed to submit trasaction with status code: 11
2026.09.17-11:17:19.317[31m error[39m [caliper] [connectors/peer-gateway/PeerGateway] 	Failed to perform submit transaction [Transfer] using arguments [wlt_c_20260917-pilot6_calibration-retail-transfer-low-2w-40tps-r1_retail-transfer-low_w1_26,wlt_c_20260917-pilot6_calibration-retail-transfer-low-2w-40tps-r1_retail-transfer-low_w1_76,1000,transfer_20260917-pilot6_calibration-retail-transfer-low-2w-40tps-r1_retail-transfer-low_w1_r1_580],  with error: Error: Failed to submit trasaction with status code: 11
2026.09.17-11:17:19.320[31m error[39m [caliper] [connectors/peer-gateway/PeerGateway] 	Failed to perform submit transaction [Transfer] using arguments [wlt_c_20260917-pilot6_calibration-retail-transfer-low-2w-40tps-r1_retail-transfer-low_w0_18,wlt_c_20260917-pilot6_calibration-retail-transfer-low-2w-40tps-r1_retail-transfer-low_w0_68,1000,transfer_20260917-pilot6_calibration-retail-transfer-low-2w-40tps-r1_retail-transfer-low_w0_r1_574],  with error: Error: Failed to submit trasaction with status code: 11
2026.09.17-11:17:19.320[31m error[39m [caliper] [connectors/peer-gateway/PeerGateway] 	Failed to perform submit transaction [Transfer] using arguments [wlt_c_20260917-pilot6_calibration-retail-transfer-low-2w-40tps-r1_retail-transfer-low_w0_28,wlt_c_20260917-pilot6_calibration-retail-transfer-low-2w-40tps-r1_retail-transfer-low_w0_78,1000,transfer_20260917-pilot6_calibration-retail-transfer-low-2w-40tps-r1_retail-transfer-low_w0_r1_582],  with error: Error: Failed to submit trasaction with status code: 11
2026.09.17-11:17:19.321[31m error[39m [caliper] [connectors/peer-gateway/PeerGateway] 	Failed to perform submit transaction [Transfer] using arguments [wlt_c_20260917-pilot6_calibration-retail-transfer-low-2w-40tps-r1_retail-transfer-low_w0_19,wlt_c_20260917-pilot6_calibration-retail-transfer-low-2w-40tps-r1_retail-transfer-low_w0_69,1000,transfer_20260917-pilot6_calibration-retail-transfer-low-2w-40tps-r1_retail-transfer-low_w0_r1_575],  with error: Error: Failed to submit trasaction with status code: 11
2026.09.17-11:17:19.531[31m error[39m [caliper] [connectors/peer-gateway/PeerGateway] 	Failed to perform submit transaction [Transfer] using arguments [wlt_c_20260917-pilot6_calibration-retail-transfer-low-2w-40tps-r1_retail-transfer-low_w0_38,wlt_c_20260917-pilot6_calibration-retail-transfer-low-2w-40tps-r1_retail-transfer-low_w0_88,1000,transfer_20260917-pilot6_calibration-retail-transfer-low-2w-40tps-r1_retail-transfer-low_w0_r1_590],  with error: Error: Failed to submit trasaction with status code: 11
2026.09.17-11:17:19.536[31m error[39m [caliper] [connectors/peer-gateway/PeerGateway] 	Failed to perform submit transaction [Transfer] using arguments [wlt_c_20260917-pilot6_calibration-retail-transfer-low-2w-40tps-r1_retail-transfer-low_w0_26,wlt_c_20260917-pilot6_calibration-retail-transfer-low-2w-40tps-r1_retail-transfer-low_w0_76,1000,transfer_20260917-pilot6_calibration-retail-transfer-low-2w-40tps-r1_retail-transfer-low_w0_r1_580],  with error: Error: Failed to submit trasaction with status code: 11
2026.09.17-11:17:19.536[31m error[39m [caliper] [connectors/peer-gateway/PeerGateway] 	Failed to perform submit transaction [Transfer] using arguments [wlt_c_20260917-pilot6_calibration-retail-transfer-low-2w-40tps-r1_retail-transfer-low_w0_29,wlt_c_20260917-pilot6_calibration-retail-transfer-low-2w-40tps-r1_retail-transfer-low_w0_79,1000,transfer_20260917-pilot6_calibration-retail-transfer-low-2w-40tps-r1_retail-transfer-low_w0_r1_583],  with error: Error: Failed to submit trasaction with status code: 11
2026.09.17-11:17:19.537[31m error[39m [caliper] [connectors/peer-gateway/PeerGateway] 	Failed to perform submit transaction [Transfer] using arguments [wlt_c_20260917-pilot6_calibration-retail-transfer-low-2w-40tps-r1_retail-transfer-low_w0_31,wlt_c_20260917-pilot6_calibration-retail-transfer-low-2w-40tps-r1_retail-transfer-low_w0_81,1000,transfer_20260917-pilot6_calibration-retail-transfer-low-2w-40tps-r1_retail-transfer-low_w0_r1_584],  with error: Error: Failed to submit trasaction with status code: 11
2026.09.17-11:17:19.538[31m error[39m [caliper] [connectors/peer-gateway/PeerGateway] 	Failed to perform submit transaction [Transfer] using arguments [wlt_c_20260917-pilot6_calibration-retail-transfer-low-2w-40tps-r1_retail-transfer-low_w1_27,wlt_c_20260917-pilot6_calibration-retail-transfer-low-2w-40tps-r1_retail-transfer-low_w1_77,1000,transfer_20260917-pilot6_calibration-retail-transfer-low-2w-40tps-r1_retail-transfer-low_w1_r1_581],  with error: Error: Failed to submit trasaction with status code: 11
2026.09.17-11:17:19.543[31m error[39m [caliper] [connectors/peer-gateway/PeerGateway] 	Failed to perform submit transaction [Transfer] using arguments [wlt_c_20260917-pilot6_calibration-retail-transfer-low-2w-40tps-r1_retail-transfer-low_w0_23,wlt_c_20260917-pilot6_calibration-retail-transfer-low-2w-40tps-r1_retail-transfer-low_w0_73,1000,transfer_20260917-pilot6_calibration-retail-transfer-low-2w-40tps-r1_retail-transfer-low_w0_r1_578],  with error: Error: Failed to submit trasaction with status code: 11
2026.09.17-11:17:19.545[31m error[39m [caliper] [connectors/peer-gateway/PeerGateway] 	Failed to perform submit transaction [Transfer] using arguments [wlt_c_20260917-pilot6_calibration-retail-transfer-low-2w-40tps-r1_retail-transfer-low_w0_27,wlt_c_20260917-pilot6_calibration-retail-transfer-low-2w-40tps-r1_retail-transfer-low_w0_77,1000,transfer_20260917-pilot6_calibration-retail-transfer-low-2w-40tps-r1_retail-transfer-low_w0_r1_581],  with error: Error: Failed to submit trasaction with status code: 11
2026.09.17-11:17:19.782[32m info [39m [caliper] [default-observer] 	[retail-transfer-low-40tps Round 1 Transaction Info] - Submitted: 1286 Succ: 959 Fail:181 Unfinished:146
2026.09.17-11:17:19.864[31m error[39m [caliper] [connectors/peer-gateway/PeerGateway] 	Failed to perform submit transaction [Transfer] using arguments [wlt_c_20260917-pilot6_calibration-retail-transfer-low-2w-40tps-r1_retail-transfer-low_w1_31,wlt_c_20260917-pilot6_calibration-retail-transfer-low-2w-40tps-r1_retail-transfer-low_w1_81,1000,transfer_20260917-pilot6_calibration-retail-transfer-low-2w-40tps-r1_retail-transfer-low_w1_r1_584],  with error: Error: Failed to submit trasaction with status code: 11
2026.09.17-11:17:19.869[31m error[39m [caliper] [connectors/peer-gateway/PeerGateway] 	Failed to perform submit transaction [Transfer] using arguments [wlt_c_20260917-pilot6_calibration-retail-transfer-low-2w-40tps-r1_retail-transfer-low_w1_32,wlt_c_20260917-pilot6_calibration-retail-transfer-low-2w-40tps-r1_retail-transfer-low_w1_82,1000,transfer_20260917-pilot6_calibration-retail-transfer-low-2w-40tps-r1_retail-transfer-low_w1_r1_585],  with error: Error: Failed to submit trasaction with status code: 11
2026.09.17-11:17:20.133[31m error[39m [caliper] [connectors/peer-gateway/PeerGateway] 	Failed to perform submit transaction [Transfer] using arguments [wlt_c_20260917-pilot6_calibration-retail-transfer-low-2w-40tps-r1_retail-transfer-low_w1_38,wlt_c_20260917-pilot6_calibration-retail-transfer-low-2w-40tps-r1_retail-transfer-low_w1_88,1000,transfer_20260917-pilot6_calibration-retail-transfer-low-2w-40tps-r1_retail-transfer-low_w1_r1_590],  with error: Error: Failed to submit trasaction with status code: 11
2026.09.17-11:17:21.202[31m error[39m [caliper] [connectors/peer-gateway/PeerGateway] 	Failed to perform submit transaction [Transfer] using arguments [wlt_c_20260917-pilot6_calibration-retail-transfer-low-2w-40tps-r1_retail-transfer-low_w0_17,wlt_c_20260917-pilot6_calibration-retail-transfer-low-2w-40tps-r1_retail-transfer-low_w0_67,1000,transfer_20260917-pilot6_calibration-retail-transfer-low-2w-40tps-r1_retail-transfer-low_w0_r1_613],  with error: Error: Failed to submit trasaction with status code: 11
2026.09.17-11:17:21.205[31m error[39m [caliper] [connectors/peer-gateway/PeerGateway] 	Failed to perform submit transaction [Transfer] using arguments [wlt_c_20260917-pilot6_calibration-retail-transfer-low-2w-40tps-r1_retail-transfer-low_w1_24,wlt_c_20260917-pilot6_calibration-retail-transfer-low-2w-40tps-r1_retail-transfer-low_w1_74,1000,transfer_20260917-pilot6_calibration-retail-transfer-low-2w-40tps-r1_retail-transfer-low_w1_r1_619],  with error: Error: Failed to submit trasaction with status code: 11
2026.09.17-11:17:21.207[31m error[39m [caliper] [connectors/peer-gateway/PeerGateway] 	Failed to perform submit transaction [Transfer] using arguments [wlt_c_20260917-pilot6_calibration-retail-transfer-low-2w-40tps-r1_retail-transfer-low_w0_24,wlt_c_20260917-pilot6_calibration-retail-transfer-low-2w-40tps-r1_retail-transfer-low_w0_74,1000,transfer_20260917-pilot6_calibration-retail-transfer-low-2w-40tps-r1_retail-transfer-low_w0_r1_619],  with error: Error: Failed to submit trasaction with status code: 11
2026.09.17-11:17:21.209[31m error[39m [caliper] [connectors/peer-gateway/PeerGateway] 	Failed to perform submit transaction [Transfer] using arguments [wlt_c_20260917-pilot6_calibration-retail-transfer-low-2w-40tps-r1_retail-transfer-low_w1_16,wlt_c_20260917-pilot6_calibration-retail-transfer-low-2w-40tps-r1_retail-transfer-low_w1_66,1000,transfer_20260917-pilot6_calibration-retail-transfer-low-2w-40tps-r1_retail-transfer-low_w1_r1_612],  with error: Error: Failed to submit trasaction with status code: 11
2026.09.17-11:17:21.369[31m error[39m [caliper] [connectors/peer-gateway/PeerGateway] 	Failed to perform submit transaction [Transfer] using arguments [wlt_c_20260917-pilot6_calibration-retail-transfer-low-2w-40tps-r1_retail-transfer-low_w1_27,wlt_c_20260917-pilot6_calibration-retail-transfer-low-2w-40tps-r1_retail-transfer-low_w1_77,1000,transfer_20260917-pilot6_calibration-retail-transfer-low-2w-40tps-r1_retail-transfer-low_w1_r1_621],  with error: Error: Failed to submit trasaction with status code: 11
2026.09.17-11:17:21.372[31m error[39m [caliper] [connectors/peer-gateway/PeerGateway] 	Failed to perform submit transaction [Transfer] using arguments [wlt_c_20260917-pilot6_calibration-retail-transfer-low-2w-40tps-r1_retail-transfer-low_w0_26,wlt_c_20260917-pilot6_calibration-retail-transfer-low-2w-40tps-r1_retail-transfer-low_w0_76,1000,transfer_20260917-pilot6_calibration-retail-transfer-low-2w-40tps-r1_retail-transfer-low_w0_r1_620],  with error: Error: Failed to submit trasaction with status code: 11
2026.09.17-11:17:21.533[31m error[39m [caliper] [connectors/peer-gateway/PeerGateway] 	Failed to perform submit transaction [Transfer] using arguments [wlt_c_20260917-pilot6_calibration-retail-transfer-low-2w-40tps-r1_retail-transfer-low_w1_28,wlt_c_20260917-pilot6_calibration-retail-transfer-low-2w-40tps-r1_retail-transfer-low_w1_78,1000,transfer_20260917-pilot6_calibration-retail-transfer-low-2w-40tps-r1_retail-transfer-low_w1_r1_622],  with error: Error: Failed to submit trasaction with status code: 11
2026.09.17-11:17:21.533[31m error[39m [caliper] [connectors/peer-gateway/PeerGateway] 	Failed to perform submit transaction [Transfer] using arguments [wlt_c_20260917-pilot6_calibration-retail-transfer-low-2w-40tps-r1_retail-transfer-low_w1_32,wlt_c_20260917-pilot6_calibration-retail-transfer-low-2w-40tps-r1_retail-transfer-low_w1_82,1000,transfer_20260917-pilot6_calibration-retail-transfer-low-2w-40tps-r1_retail-transfer-low_w1_r1_625],  with error: Error: Failed to submit trasaction with status code: 11
2026.09.17-11:17:21.534[31m error[39m [caliper] [connectors/peer-gateway/PeerGateway] 	Failed to perform submit transaction [Transfer] using arguments [wlt_c_20260917-pilot6_calibration-retail-transfer-low-2w-40tps-r1_retail-transfer-low_w1_33,wlt_c_20260917-pilot6_calibration-retail-transfer-low-2w-40tps-r1_retail-transfer-low_w1_83,1000,transfer_20260917-pilot6_calibration-retail-transfer-low-2w-40tps-r1_retail-transfer-low_w1_r1_626],  with error: Error: Failed to submit trasaction with status code: 11
2026.09.17-11:17:21.535[31m error[39m [caliper] [connectors/peer-gateway/PeerGateway] 	Failed to perform submit transaction [Transfer] using arguments [wlt_c_20260917-pilot6_calibration-retail-transfer-low-2w-40tps-r1_retail-transfer-low_w1_26,wlt_c_20260917-pilot6_calibration-retail-transfer-low-2w-40tps-r1_retail-transfer-low_w1_76,1000,transfer_20260917-pilot6_calibration-retail-transfer-low-2w-40tps-r1_retail-transfer-low_w1_r1_620],  with error: Error: Failed to submit trasaction with status code: 11
2026.09.17-11:17:21.643[31m error[39m [caliper] [connectors/peer-gateway/PeerGateway] 	Failed to perform submit transaction [Transfer] using arguments [wlt_c_20260917-pilot6_calibration-retail-transfer-low-2w-40tps-r1_retail-transfer-low_w0_36,wlt_c_20260917-pilot6_calibration-retail-transfer-low-2w-40tps-r1_retail-transfer-low_w0_86,1000,transfer_20260917-pilot6_calibration-retail-transfer-low-2w-40tps-r1_retail-transfer-low_w0_r1_628],  with error: Error: Failed to submit trasaction with status code: 11
2026.09.17-11:17:21.646[31m error[39m [caliper] [connectors/peer-gateway/PeerGateway] 	Failed to perform submit transaction [Transfer] using arguments [wlt_c_20260917-pilot6_calibration-retail-transfer-low-2w-40tps-r1_retail-transfer-low_w0_32,wlt_c_20260917-pilot6_calibration-retail-transfer-low-2w-40tps-r1_retail-transfer-low_w0_82,1000,transfer_20260917-pilot6_calibration-retail-transfer-low-2w-40tps-r1_retail-transfer-low_w0_r1_625],  with error: Error: Failed to submit trasaction with status code: 11
2026.09.17-11:17:21.646[31m error[39m [caliper] [connectors/peer-gateway/PeerGateway] 	Failed to perform submit transaction [Transfer] using arguments [wlt_c_20260917-pilot6_calibration-retail-transfer-low-2w-40tps-r1_retail-transfer-low_w0_33,wlt_c_20260917-pilot6_calibration-retail-transfer-low-2w-40tps-r1_retail-transfer-low_w0_83,1000,transfer_20260917-pilot6_calibration-retail-transfer-low-2w-40tps-r1_retail-transfer-low_w0_r1_626],  with error: Error: Failed to submit trasaction with status code: 11
2026.09.17-11:17:21.646[31m error[39m [caliper] [connectors/peer-gateway/PeerGateway] 	Failed to perform submit transaction [Transfer] using arguments [wlt_c_20260917-pilot6_calibration-retail-transfer-low-2w-40tps-r1_retail-transfer-low_w1_31,wlt_c_20260917-pilot6_calibration-retail-transfer-low-2w-40tps-r1_retail-transfer-low_w1_81,1000,transfer_20260917-pilot6_calibration-retail-transfer-low-2w-40tps-r1_retail-transfer-low_w1_r1_624],  with error: Error: Failed to submit trasaction with status code: 11
2026.09.17-11:17:21.647[31m error[39m [caliper] [connectors/peer-gateway/PeerGateway] 	Failed to perform submit transaction [Transfer] using arguments [wlt_c_20260917-pilot6_calibration-retail-transfer-low-2w-40tps-r1_retail-transfer-low_w1_37,wlt_c_20260917-pilot6_calibration-retail-transfer-low-2w-40tps-r1_retail-transfer-low_w1_87,1000,transfer_20260917-pilot6_calibration-retail-transfer-low-2w-40tps-r1_retail-transfer-low_w1_r1_629],  with error: Error: Failed to submit trasaction with status code: 11
2026.09.17-11:17:21.648[31m error[39m [caliper] [connectors/peer-gateway/PeerGateway] 	Failed to perform submit transaction [Transfer] using arguments [wlt_c_20260917-pilot6_calibration-retail-transfer-low-2w-40tps-r1_retail-transfer-low_w0_37,wlt_c_20260917-pilot6_calibration-retail-transfer-low-2w-40tps-r1_retail-transfer-low_w0_87,1000,transfer_20260917-pilot6_calibration-retail-transfer-low-2w-40tps-r1_retail-transfer-low_w0_r1_629],  with error: Error: Failed to submit trasaction with status code: 11
2026.09.17-11:17:21.647[31m error[39m [caliper] [connectors/peer-gateway/PeerGateway] 	Failed to perform submit transaction [Transfer] using arguments [wlt_c_20260917-pilot6_calibration-retail-transfer-low-2w-40tps-r1_retail-transfer-low_w1_36,wlt_c_20260917-pilot6_calibration-retail-transfer-low-2w-40tps-r1_retail-transfer-low_w1_86,1000,transfer_20260917-pilot6_calibration-retail-transfer-low-2w-40tps-r1_retail-transfer-low_w1_r1_628],  with error: Error: Failed to submit trasaction with status code: 11
2026.09.17-11:17:21.648[31m error[39m [caliper] [connectors/peer-gateway/PeerGateway] 	Failed to perform submit transaction [Transfer] using arguments [wlt_c_20260917-pilot6_calibration-retail-transfer-low-2w-40tps-r1_retail-transfer-low_w1_34,wlt_c_20260917-pilot6_calibration-retail-transfer-low-2w-40tps-r1_retail-transfer-low_w1_84,1000,transfer_20260917-pilot6_calibration-retail-transfer-low-2w-40tps-r1_retail-transfer-low_w1_r1_627],  with error: Error: Failed to submit trasaction with status code: 11
2026.09.17-11:17:21.649[31m error[39m [caliper] [connectors/peer-gateway/PeerGateway] 	Failed to perform submit transaction [Transfer] using arguments [wlt_c_20260917-pilot6_calibration-retail-transfer-low-2w-40tps-r1_retail-transfer-low_w0_34,wlt_c_20260917-pilot6_calibration-retail-transfer-low-2w-40tps-r1_retail-transfer-low_w0_84,1000,transfer_20260917-pilot6_calibration-retail-transfer-low-2w-40tps-r1_retail-transfer-low_w0_r1_627],  with error: Error: Failed to submit trasaction with status code: 11
2026.09.17-11:17:21.752[31m error[39m [caliper] [connectors/peer-gateway/PeerGateway] 	Failed to perform submit transaction [Transfer] using arguments [wlt_c_20260917-pilot6_calibration-retail-transfer-low-2w-40tps-r1_retail-transfer-low_w1_43,wlt_c_20260917-pilot6_calibration-retail-transfer-low-2w-40tps-r1_retail-transfer-low_w1_93,1000,transfer_20260917-pilot6_calibration-retail-transfer-low-2w-40tps-r1_retail-transfer-low_w1_r1_634],  with error: Error: Failed to submit trasaction with status code: 11
2026.09.17-11:17:21.753[31m error[39m [caliper] [connectors/peer-gateway/PeerGateway] 	Failed to perform submit transaction [Transfer] using arguments [wlt_c_20260917-pilot6_calibration-retail-transfer-low-2w-40tps-r1_retail-transfer-low_w0_38,wlt_c_20260917-pilot6_calibration-retail-transfer-low-2w-40tps-r1_retail-transfer-low_w0_88,1000,transfer_20260917-pilot6_calibration-retail-transfer-low-2w-40tps-r1_retail-transfer-low_w0_r1_630],  with error: Error: Failed to submit trasaction with status code: 11
2026.09.17-11:17:21.754[31m error[39m [caliper] [connectors/peer-gateway/PeerGateway] 	Failed to perform submit transaction [Transfer] using arguments [wlt_c_20260917-pilot6_calibration-retail-transfer-low-2w-40tps-r1_retail-transfer-low_w0_41,wlt_c_20260917-pilot6_calibration-retail-transfer-low-2w-40tps-r1_retail-transfer-low_w0_91,1000,transfer_20260917-pilot6_calibration-retail-transfer-low-2w-40tps-r1_retail-transfer-low_w0_r1_632],  with error: Error: Failed to submit trasaction with status code: 11
2026.09.17-11:17:21.755[31m error[39m [caliper] [connectors/peer-gateway/PeerGateway] 	Failed to perform submit transaction [Transfer] using arguments [wlt_c_20260917-pilot6_calibration-retail-transfer-low-2w-40tps-r1_retail-transfer-low_w1_41,wlt_c_20260917-pilot6_calibration-retail-transfer-low-2w-40tps-r1_retail-transfer-low_w1_91,1000,transfer_20260917-pilot6_calibration-retail-transfer-low-2w-40tps-r1_retail-transfer-low_w1_r1_632],  with error: Error: Failed to submit trasaction with status code: 11
2026.09.17-11:17:21.755[31m error[39m [caliper] [connectors/peer-gateway/PeerGateway] 	Failed to perform submit transaction [Transfer] using arguments [wlt_c_20260917-pilot6_calibration-retail-transfer-low-2w-40tps-r1_retail-transfer-low_w1_38,wlt_c_20260917-pilot6_calibration-retail-transfer-low-2w-40tps-r1_retail-transfer-low_w1_88,1000,transfer_20260917-pilot6_calibration-retail-transfer-low-2w-40tps-r1_retail-transfer-low_w1_r1_630],  with error: Error: Failed to submit trasaction with status code: 11
2026.09.17-11:17:21.755[31m error[39m [caliper] [connectors/peer-gateway/PeerGateway] 	Failed to perform submit transaction [Transfer] using arguments [wlt_c_20260917-pilot6_calibration-retail-transfer-low-2w-40tps-r1_retail-transfer-low_w0_42,wlt_c_20260917-pilot6_calibration-retail-transfer-low-2w-40tps-r1_retail-transfer-low_w0_92,1000,transfer_20260917-pilot6_calibration-retail-transfer-low-2w-40tps-r1_retail-transfer-low_w0_r1_633],  with error: Error: Failed to submit trasaction with status code: 11
2026.09.17-11:17:21.756[31m error[39m [caliper] [connectors/peer-gateway/PeerGateway] 	Failed to perform submit transaction [Transfer] using arguments [wlt_c_20260917-pilot6_calibration-retail-transfer-low-2w-40tps-r1_retail-transfer-low_w1_39,wlt_c_20260917-pilot6_calibration-retail-transfer-low-2w-40tps-r1_retail-transfer-low_w1_89,1000,transfer_20260917-pilot6_calibration-retail-transfer-low-2w-40tps-r1_retail-transfer-low_w1_r1_631],  with error: Error: Failed to submit trasaction with status code: 11
2026.09.17-11:17:21.756[31m error[39m [caliper] [connectors/peer-gateway/PeerGateway] 	Failed to perform submit transaction [Transfer] using arguments [wlt_c_20260917-pilot6_calibration-retail-transfer-low-2w-40tps-r1_retail-transfer-low_w0_39,wlt_c_20260917-pilot6_calibration-retail-transfer-low-2w-40tps-r1_retail-transfer-low_w0_89,1000,transfer_20260917-pilot6_calibration-retail-transfer-low-2w-40tps-r1_retail-transfer-low_w0_r1_631],  with error: Error: Failed to submit trasaction with status code: 11
2026.09.17-11:17:21.756[31m error[39m [caliper] [connectors/peer-gateway/PeerGateway] 	Failed to perform submit transaction [Transfer] using arguments [wlt_c_20260917-pilot6_calibration-retail-transfer-low-2w-40tps-r1_retail-transfer-low_w1_42,wlt_c_20260917-pilot6_calibration-retail-transfer-low-2w-40tps-r1_retail-transfer-low_w1_92,1000,transfer_20260917-pilot6_calibration-retail-transfer-low-2w-40tps-r1_retail-transfer-low_w1_r1_633],  with error: Error: Failed to submit trasaction with status code: 11
2026.09.17-11:17:21.756[31m error[39m [caliper] [connectors/peer-gateway/PeerGateway] 	Failed to perform submit transaction [Transfer] using arguments [wlt_c_20260917-pilot6_calibration-retail-transfer-low-2w-40tps-r1_retail-transfer-low_w0_43,wlt_c_20260917-pilot6_calibration-retail-transfer-low-2w-40tps-r1_retail-transfer-low_w0_93,1000,transfer_20260917-pilot6_calibration-retail-transfer-low-2w-40tps-r1_retail-transfer-low_w0_r1_634],  with error: Error: Failed to submit trasaction with status code: 11
2026.09.17-11:17:21.855[31m error[39m [caliper] [connectors/peer-gateway/PeerGateway] 	Failed to perform submit transaction [Transfer] using arguments [wlt_c_20260917-pilot6_calibration-retail-transfer-low-2w-40tps-r1_retail-transfer-low_w0_48,wlt_c_20260917-pilot6_calibration-retail-transfer-low-2w-40tps-r1_retail-transfer-low_w0_98,1000,transfer_20260917-pilot6_calibration-retail-transfer-low-2w-40tps-r1_retail-transfer-low_w0_r1_638],  with error: Error: Failed to submit trasaction with status code: 11
2026.09.17-11:17:21.855[31m error[39m [caliper] [connectors/peer-gateway/PeerGateway] 	Failed to perform submit transaction [Transfer] using arguments [wlt_c_20260917-pilot6_calibration-retail-transfer-low-2w-40tps-r1_retail-transfer-low_w0_44,wlt_c_20260917-pilot6_calibration-retail-transfer-low-2w-40tps-r1_retail-transfer-low_w0_94,1000,transfer_20260917-pilot6_calibration-retail-transfer-low-2w-40tps-r1_retail-transfer-low_w0_r1_635],  with error: Error: Failed to submit trasaction with status code: 11
2026.09.17-11:17:21.856[31m error[39m [caliper] [connectors/peer-gateway/PeerGateway] 	Failed to perform submit transaction [Transfer] using arguments [wlt_c_20260917-pilot6_calibration-retail-transfer-low-2w-40tps-r1_retail-transfer-low_w0_46,wlt_c_20260917-pilot6_calibration-retail-transfer-low-2w-40tps-r1_retail-transfer-low_w0_96,1000,transfer_20260917-pilot6_calibration-retail-transfer-low-2w-40tps-r1_retail-transfer-low_w0_r1_636],  with error: Error: Failed to submit trasaction with status code: 11
2026.09.17-11:17:21.856[31m error[39m [caliper] [connectors/peer-gateway/PeerGateway] 	Failed to perform submit transaction [Transfer] using arguments [wlt_c_20260917-pilot6_calibration-retail-transfer-low-2w-40tps-r1_retail-transfer-low_w0_47,wlt_c_20260917-pilot6_calibration-retail-transfer-low-2w-40tps-r1_retail-transfer-low_w0_97,1000,transfer_20260917-pilot6_calibration-retail-transfer-low-2w-40tps-r1_retail-transfer-low_w0_r1_637],  with error: Error: Failed to submit trasaction with status code: 11
2026.09.17-11:17:21.857[31m error[39m [caliper] [connectors/peer-gateway/PeerGateway] 	Failed to perform submit transaction [Transfer] using arguments [wlt_c_20260917-pilot6_calibration-retail-transfer-low-2w-40tps-r1_retail-transfer-low_w0_49,wlt_c_20260917-pilot6_calibration-retail-transfer-low-2w-40tps-r1_retail-transfer-low_w0_99,1000,transfer_20260917-pilot6_calibration-retail-transfer-low-2w-40tps-r1_retail-transfer-low_w0_r1_639],  with error: Error: Failed to submit trasaction with status code: 11
2026.09.17-11:17:21.858[31m error[39m [caliper] [connectors/peer-gateway/PeerGateway] 	Failed to perform submit transaction [Transfer] using arguments [wlt_c_20260917-pilot6_calibration-retail-transfer-low-2w-40tps-r1_retail-transfer-low_w1_44,wlt_c_20260917-pilot6_calibration-retail-transfer-low-2w-40tps-r1_retail-transfer-low_w1_94,1000,transfer_20260917-pilot6_calibration-retail-transfer-low-2w-40tps-r1_retail-transfer-low_w1_r1_635],  with error: Error: Failed to submit trasaction with status code: 11
2026.09.17-11:17:21.860[31m error[39m [caliper] [connectors/peer-gateway/PeerGateway] 	Failed to perform submit transaction [Transfer] using arguments [wlt_c_20260917-pilot6_calibration-retail-transfer-low-2w-40tps-r1_retail-transfer-low_w1_46,wlt_c_20260917-pilot6_calibration-retail-transfer-low-2w-40tps-r1_retail-transfer-low_w1_96,1000,transfer_20260917-pilot6_calibration-retail-transfer-low-2w-40tps-r1_retail-transfer-low_w1_r1_636],  with error: Error: Failed to submit trasaction with status code: 11
2026.09.17-11:17:21.861[31m error[39m [caliper] [connectors/peer-gateway/PeerGateway] 	Failed to perform submit transaction [Transfer] using arguments [wlt_c_20260917-pilot6_calibration-retail-transfer-low-2w-40tps-r1_retail-transfer-low_w1_47,wlt_c_20260917-pilot6_calibration-retail-transfer-low-2w-40tps-r1_retail-transfer-low_w1_97,1000,transfer_20260917-pilot6_calibration-retail-transfer-low-2w-40tps-r1_retail-transfer-low_w1_r1_637],  with error: Error: Failed to submit trasaction with status code: 11
2026.09.17-11:17:21.861[31m error[39m [caliper] [connectors/peer-gateway/PeerGateway] 	Failed to perform submit transaction [Transfer] using arguments [wlt_c_20260917-pilot6_calibration-retail-transfer-low-2w-40tps-r1_retail-transfer-low_w1_48,wlt_c_20260917-pilot6_calibration-retail-transfer-low-2w-40tps-r1_retail-transfer-low_w1_98,1000,transfer_20260917-pilot6_calibration-retail-transfer-low-2w-40tps-r1_retail-transfer-low_w1_r1_638],  with error: Error: Failed to submit trasaction with status code: 11
2026.09.17-11:17:21.862[31m error[39m [caliper] [connectors/peer-gateway/PeerGateway] 	Failed to perform submit transaction [Transfer] using arguments [wlt_c_20260917-pilot6_calibration-retail-transfer-low-2w-40tps-r1_retail-transfer-low_w1_49,wlt_c_20260917-pilot6_calibration-retail-transfer-low-2w-40tps-r1_retail-transfer-low_w1_99,1000,transfer_20260917-pilot6_calibration-retail-transfer-low-2w-40tps-r1_retail-transfer-low_w1_r1_639],  with error: Error: Failed to submit trasaction with status code: 11
2026.09.17-11:17:21.990[31m error[39m [caliper] [connectors/peer-gateway/PeerGateway] 	Failed to perform submit transaction [Transfer] using arguments [wlt_c_20260917-pilot6_calibration-retail-transfer-low-2w-40tps-r1_retail-transfer-low_w0_6,wlt_c_20260917-pilot6_calibration-retail-transfer-low-2w-40tps-r1_retail-transfer-low_w0_56,1000,transfer_20260917-pilot6_calibration-retail-transfer-low-2w-40tps-r1_retail-transfer-low_w0_r1_644],  with error: Error: Failed to submit trasaction with status code: 11
2026.09.17-11:17:21.997[31m error[39m [caliper] [connectors/peer-gateway/PeerGateway] 	Failed to perform submit transaction [Transfer] using arguments [wlt_c_20260917-pilot6_calibration-retail-transfer-low-2w-40tps-r1_retail-transfer-low_w1_3,wlt_c_20260917-pilot6_calibration-retail-transfer-low-2w-40tps-r1_retail-transfer-low_w1_53,1000,transfer_20260917-pilot6_calibration-retail-transfer-low-2w-40tps-r1_retail-transfer-low_w1_r1_642],  with error: Error: Failed to submit trasaction with status code: 11
2026.09.17-11:17:21.998[31m error[39m [caliper] [connectors/peer-gateway/PeerGateway] 	Failed to perform submit transaction [Transfer] using arguments [wlt_c_20260917-pilot6_calibration-retail-transfer-low-2w-40tps-r1_retail-transfer-low_w1_1,wlt_c_20260917-pilot6_calibration-retail-transfer-low-2w-40tps-r1_retail-transfer-low_w1_51,1000,transfer_20260917-pilot6_calibration-retail-transfer-low-2w-40tps-r1_retail-transfer-low_w1_r1_640],  with error: Error: Failed to submit trasaction with status code: 11
2026.09.17-11:17:21.999[31m error[39m [caliper] [connectors/peer-gateway/PeerGateway] 	Failed to perform submit transaction [Transfer] using arguments [wlt_c_20260917-pilot6_calibration-retail-transfer-low-2w-40tps-r1_retail-transfer-low_w0_1,wlt_c_20260917-pilot6_calibration-retail-transfer-low-2w-40tps-r1_retail-transfer-low_w0_51,1000,transfer_20260917-pilot6_calibration-retail-transfer-low-2w-40tps-r1_retail-transfer-low_w0_r1_640],  with error: Error: Failed to submit trasaction with status code: 11
2026.09.17-11:17:22.000[31m error[39m [caliper] [connectors/peer-gateway/PeerGateway] 	Failed to perform submit transaction [Transfer] using arguments [wlt_c_20260917-pilot6_calibration-retail-transfer-low-2w-40tps-r1_retail-transfer-low_w1_6,wlt_c_20260917-pilot6_calibration-retail-transfer-low-2w-40tps-r1_retail-transfer-low_w1_56,1000,transfer_20260917-pilot6_calibration-retail-transfer-low-2w-40tps-r1_retail-transfer-low_w1_r1_644],  with error: Error: Failed to submit trasaction with status code: 11
2026.09.17-11:17:22.001[31m error[39m [caliper] [connectors/peer-gateway/PeerGateway] 	Failed to perform submit transaction [Transfer] using arguments [wlt_c_20260917-pilot6_calibration-retail-transfer-low-2w-40tps-r1_retail-transfer-low_w1_2,wlt_c_20260917-pilot6_calibration-retail-transfer-low-2w-40tps-r1_retail-transfer-low_w1_52,1000,transfer_20260917-pilot6_calibration-retail-transfer-low-2w-40tps-r1_retail-transfer-low_w1_r1_641],  with error: Error: Failed to submit trasaction with status code: 11
2026.09.17-11:17:22.001[31m error[39m [caliper] [connectors/peer-gateway/PeerGateway] 	Failed to perform submit transaction [Transfer] using arguments [wlt_c_20260917-pilot6_calibration-retail-transfer-low-2w-40tps-r1_retail-transfer-low_w0_3,wlt_c_20260917-pilot6_calibration-retail-transfer-low-2w-40tps-r1_retail-transfer-low_w0_53,1000,transfer_20260917-pilot6_calibration-retail-transfer-low-2w-40tps-r1_retail-transfer-low_w0_r1_642],  with error: Error: Failed to submit trasaction with status code: 11
2026.09.17-11:17:22.002[31m error[39m [caliper] [connectors/peer-gateway/PeerGateway] 	Failed to perform submit transaction [Transfer] using arguments [wlt_c_20260917-pilot6_calibration-retail-transfer-low-2w-40tps-r1_retail-transfer-low_w0_4,wlt_c_20260917-pilot6_calibration-retail-transfer-low-2w-40tps-r1_retail-transfer-low_w0_54,1000,transfer_20260917-pilot6_calibration-retail-transfer-low-2w-40tps-r1_retail-transfer-low_w0_r1_643],  with error: Error: Failed to submit trasaction with status code: 11
2026.09.17-11:17:22.002[31m error[39m [caliper] [connectors/peer-gateway/PeerGateway] 	Failed to perform submit transaction [Transfer] using arguments [wlt_c_20260917-pilot6_calibration-retail-transfer-low-2w-40tps-r1_retail-transfer-low_w1_4,wlt_c_20260917-pilot6_calibration-retail-transfer-low-2w-40tps-r1_retail-transfer-low_w1_54,1000,transfer_20260917-pilot6_calibration-retail-transfer-low-2w-40tps-r1_retail-transfer-low_w1_r1_643],  with error: Error: Failed to submit trasaction with status code: 11
2026.09.17-11:17:22.003[31m error[39m [caliper] [connectors/peer-gateway/PeerGateway] 	Failed to perform submit transaction [Transfer] using arguments [wlt_c_20260917-pilot6_calibration-retail-transfer-low-2w-40tps-r1_retail-transfer-low_w0_2,wlt_c_20260917-pilot6_calibration-retail-transfer-low-2w-40tps-r1_retail-transfer-low_w0_52,1000,transfer_20260917-pilot6_calibration-retail-transfer-low-2w-40tps-r1_retail-transfer-low_w0_r1_641],  with error: Error: Failed to submit trasaction with status code: 11
2026.09.17-11:17:22.106[31m error[39m [caliper] [connectors/peer-gateway/PeerGateway] 	Failed to perform submit transaction [Transfer] using arguments [wlt_c_20260917-pilot6_calibration-retail-transfer-low-2w-40tps-r1_retail-transfer-low_w0_12,wlt_c_20260917-pilot6_calibration-retail-transfer-low-2w-40tps-r1_retail-transfer-low_w0_62,1000,transfer_20260917-pilot6_calibration-retail-transfer-low-2w-40tps-r1_retail-transfer-low_w0_r1_649],  with error: Error: Failed to submit trasaction with status code: 11
2026.09.17-11:17:22.109[31m error[39m [caliper] [connectors/peer-gateway/PeerGateway] 	Failed to perform submit transaction [Transfer] using arguments [wlt_c_20260917-pilot6_calibration-retail-transfer-low-2w-40tps-r1_retail-transfer-low_w0_8,wlt_c_20260917-pilot6_calibration-retail-transfer-low-2w-40tps-r1_retail-transfer-low_w0_58,1000,transfer_20260917-pilot6_calibration-retail-transfer-low-2w-40tps-r1_retail-transfer-low_w0_r1_646],  with error: Error: Failed to submit trasaction with status code: 11
2026.09.17-11:17:22.115[31m error[39m [caliper] [connectors/peer-gateway/PeerGateway] 	Failed to perform submit transaction [Transfer] using arguments [wlt_c_20260917-pilot6_calibration-retail-transfer-low-2w-40tps-r1_retail-transfer-low_w1_11,wlt_c_20260917-pilot6_calibration-retail-transfer-low-2w-40tps-r1_retail-transfer-low_w1_61,1000,transfer_20260917-pilot6_calibration-retail-transfer-low-2w-40tps-r1_retail-transfer-low_w1_r1_648],  with error: Error: Failed to submit trasaction with status code: 11
2026.09.17-11:17:22.115[31m error[39m [caliper] [connectors/peer-gateway/PeerGateway] 	Failed to perform submit transaction [Transfer] using arguments [wlt_c_20260917-pilot6_calibration-retail-transfer-low-2w-40tps-r1_retail-transfer-low_w0_9,wlt_c_20260917-pilot6_calibration-retail-transfer-low-2w-40tps-r1_retail-transfer-low_w0_59,1000,transfer_20260917-pilot6_calibration-retail-transfer-low-2w-40tps-r1_retail-transfer-low_w0_r1_647],  with error: Error: Failed to submit trasaction with status code: 11
2026.09.17-11:17:22.116[31m error[39m [caliper] [connectors/peer-gateway/PeerGateway] 	Failed to perform submit transaction [Transfer] using arguments [wlt_c_20260917-pilot6_calibration-retail-transfer-low-2w-40tps-r1_retail-transfer-low_w1_8,wlt_c_20260917-pilot6_calibration-retail-transfer-low-2w-40tps-r1_retail-transfer-low_w1_58,1000,transfer_20260917-pilot6_calibration-retail-transfer-low-2w-40tps-r1_retail-transfer-low_w1_r1_646],  with error: Error: Failed to submit trasaction with status code: 11
2026.09.17-11:17:22.116[31m error[39m [caliper] [connectors/peer-gateway/PeerGateway] 	Failed to perform submit transaction [Transfer] using arguments [wlt_c_20260917-pilot6_calibration-retail-transfer-low-2w-40tps-r1_retail-transfer-low_w1_7,wlt_c_20260917-pilot6_calibration-retail-transfer-low-2w-40tps-r1_retail-transfer-low_w1_57,1000,transfer_20260917-pilot6_calibration-retail-transfer-low-2w-40tps-r1_retail-transfer-low_w1_r1_645],  with error: Error: Failed to submit trasaction with status code: 11
2026.09.17-11:17:22.117[31m error[39m [caliper] [connectors/peer-gateway/PeerGateway] 	Failed to perform submit transaction [Transfer] using arguments [wlt_c_20260917-pilot6_calibration-retail-transfer-low-2w-40tps-r1_retail-transfer-low_w1_9,wlt_c_20260917-pilot6_calibration-retail-transfer-low-2w-40tps-r1_retail-transfer-low_w1_59,1000,transfer_20260917-pilot6_calibration-retail-transfer-low-2w-40tps-r1_retail-transfer-low_w1_r1_647],  with error: Error: Failed to submit trasaction with status code: 11
2026.09.17-11:17:22.117[31m error[39m [caliper] [connectors/peer-gateway/PeerGateway] 	Failed to perform submit transaction [Transfer] using arguments [wlt_c_20260917-pilot6_calibration-retail-transfer-low-2w-40tps-r1_retail-transfer-low_w0_7,wlt_c_20260917-pilot6_calibration-retail-transfer-low-2w-40tps-r1_retail-transfer-low_w0_57,1000,transfer_20260917-pilot6_calibration-retail-transfer-low-2w-40tps-r1_retail-transfer-low_w0_r1_645],  with error: Error: Failed to submit trasaction with status code: 11
2026.09.17-11:17:22.118[31m error[39m [caliper] [connectors/peer-gateway/PeerGateway] 	Failed to perform submit transaction [Transfer] using arguments [wlt_c_20260917-pilot6_calibration-retail-transfer-low-2w-40tps-r1_retail-transfer-low_w1_12,wlt_c_20260917-pilot6_calibration-retail-transfer-low-2w-40tps-r1_retail-transfer-low_w1_62,1000,transfer_20260917-pilot6_calibration-retail-transfer-low-2w-40tps-r1_retail-transfer-low_w1_r1_649],  with error: Error: Failed to submit trasaction with status code: 11
2026.09.17-11:17:22.118[31m error[39m [caliper] [connectors/peer-gateway/PeerGateway] 	Failed to perform submit transaction [Transfer] using arguments [wlt_c_20260917-pilot6_calibration-retail-transfer-low-2w-40tps-r1_retail-transfer-low_w0_11,wlt_c_20260917-pilot6_calibration-retail-transfer-low-2w-40tps-r1_retail-transfer-low_w0_61,1000,transfer_20260917-pilot6_calibration-retail-transfer-low-2w-40tps-r1_retail-transfer-low_w0_r1_648],  with error: Error: Failed to submit trasaction with status code: 11
2026.09.17-11:17:22.273[31m error[39m [caliper] [connectors/peer-gateway/PeerGateway] 	Failed to perform submit transaction [Transfer] using arguments [wlt_c_20260917-pilot6_calibration-retail-transfer-low-2w-40tps-r1_retail-transfer-low_w0_16,wlt_c_20260917-pilot6_calibration-retail-transfer-low-2w-40tps-r1_retail-transfer-low_w0_66,1000,transfer_20260917-pilot6_calibration-retail-transfer-low-2w-40tps-r1_retail-transfer-low_w0_r1_652],  with error: Error: Failed to submit trasaction with status code: 11
2026.09.17-11:17:22.275[31m error[39m [caliper] [connectors/peer-gateway/PeerGateway] 	Failed to perform submit transaction [Transfer] using arguments [wlt_c_20260917-pilot6_calibration-retail-transfer-low-2w-40tps-r1_retail-transfer-low_w0_14,wlt_c_20260917-pilot6_calibration-retail-transfer-low-2w-40tps-r1_retail-transfer-low_w0_64,1000,transfer_20260917-pilot6_calibration-retail-transfer-low-2w-40tps-r1_retail-transfer-low_w0_r1_651],  with error: Error: Failed to submit trasaction with status code: 11
2026.09.17-11:17:22.276[31m error[39m [caliper] [connectors/peer-gateway/PeerGateway] 	Failed to perform submit transaction [Transfer] using arguments [wlt_c_20260917-pilot6_calibration-retail-transfer-low-2w-40tps-r1_retail-transfer-low_w1_18,wlt_c_20260917-pilot6_calibration-retail-transfer-low-2w-40tps-r1_retail-transfer-low_w1_68,1000,transfer_20260917-pilot6_calibration-retail-transfer-low-2w-40tps-r1_retail-transfer-low_w1_r1_654],  with error: Error: Failed to submit trasaction with status code: 11
2026.09.17-11:17:22.276[31m error[39m [caliper] [connectors/peer-gateway/PeerGateway] 	Failed to perform submit transaction [Transfer] using arguments [wlt_c_20260917-pilot6_calibration-retail-transfer-low-2w-40tps-r1_retail-transfer-low_w1_13,wlt_c_20260917-pilot6_calibration-retail-transfer-low-2w-40tps-r1_retail-transfer-low_w1_63,1000,transfer_20260917-pilot6_calibration-retail-transfer-low-2w-40tps-r1_retail-transfer-low_w1_r1_650],  with error: Error: Failed to submit trasaction with status code: 11
2026.09.17-11:17:22.277[31m error[39m [caliper] [connectors/peer-gateway/PeerGateway] 	Failed to perform submit transaction [Transfer] using arguments [wlt_c_20260917-pilot6_calibration-retail-transfer-low-2w-40tps-r1_retail-transfer-low_w1_17,wlt_c_20260917-pilot6_calibration-retail-transfer-low-2w-40tps-r1_retail-transfer-low_w1_67,1000,transfer_20260917-pilot6_calibration-retail-transfer-low-2w-40tps-r1_retail-transfer-low_w1_r1_653],  with error: Error: Failed to submit trasaction with status code: 11
2026.09.17-11:17:22.278[31m error[39m [caliper] [connectors/peer-gateway/PeerGateway] 	Failed to perform submit transaction [Transfer] using arguments [wlt_c_20260917-pilot6_calibration-retail-transfer-low-2w-40tps-r1_retail-transfer-low_w1_23,wlt_c_20260917-pilot6_calibration-retail-transfer-low-2w-40tps-r1_retail-transfer-low_w1_73,1000,transfer_20260917-pilot6_calibration-retail-transfer-low-2w-40tps-r1_retail-transfer-low_w1_r1_658],  with error: Error: Failed to submit trasaction with status code: 11
2026.09.17-11:17:22.277[31m error[39m [caliper] [connectors/peer-gateway/PeerGateway] 	Failed to perform submit transaction [Transfer] using arguments [wlt_c_20260917-pilot6_calibration-retail-transfer-low-2w-40tps-r1_retail-transfer-low_w0_13,wlt_c_20260917-pilot6_calibration-retail-transfer-low-2w-40tps-r1_retail-transfer-low_w0_63,1000,transfer_20260917-pilot6_calibration-retail-transfer-low-2w-40tps-r1_retail-transfer-low_w0_r1_650],  with error: Error: Failed to submit trasaction with status code: 11
2026.09.17-11:17:22.279[31m error[39m [caliper] [connectors/peer-gateway/PeerGateway] 	Failed to perform submit transaction [Transfer] using arguments [wlt_c_20260917-pilot6_calibration-retail-transfer-low-2w-40tps-r1_retail-transfer-low_w1_14,wlt_c_20260917-pilot6_calibration-retail-transfer-low-2w-40tps-r1_retail-transfer-low_w1_64,1000,transfer_20260917-pilot6_calibration-retail-transfer-low-2w-40tps-r1_retail-transfer-low_w1_r1_651],  with error: Error: Failed to submit trasaction with status code: 11
2026.09.17-11:17:22.505[31m error[39m [caliper] [connectors/peer-gateway/PeerGateway] 	Failed to perform submit transaction [Transfer] using arguments [wlt_c_20260917-pilot6_calibration-retail-transfer-low-2w-40tps-r1_retail-transfer-low_w1_22,wlt_c_20260917-pilot6_calibration-retail-transfer-low-2w-40tps-r1_retail-transfer-low_w1_72,1000,transfer_20260917-pilot6_calibration-retail-transfer-low-2w-40tps-r1_retail-transfer-low_w1_r1_657],  with error: Error: Failed to submit trasaction with status code: 11
2026.09.17-11:17:22.518[31m error[39m [caliper] [connectors/peer-gateway/PeerGateway] 	Failed to perform submit transaction [Transfer] using arguments [wlt_c_20260917-pilot6_calibration-retail-transfer-low-2w-40tps-r1_retail-transfer-low_w0_18,wlt_c_20260917-pilot6_calibration-retail-transfer-low-2w-40tps-r1_retail-transfer-low_w0_68,1000,transfer_20260917-pilot6_calibration-retail-transfer-low-2w-40tps-r1_retail-transfer-low_w0_r1_654],  with error: Error: Failed to submit trasaction with status code: 11
2026.09.17-11:17:22.520[31m error[39m [caliper] [connectors/peer-gateway/PeerGateway] 	Failed to perform submit transaction [Transfer] using arguments [wlt_c_20260917-pilot6_calibration-retail-transfer-low-2w-40tps-r1_retail-transfer-low_w0_23,wlt_c_20260917-pilot6_calibration-retail-transfer-low-2w-40tps-r1_retail-transfer-low_w0_73,1000,transfer_20260917-pilot6_calibration-retail-transfer-low-2w-40tps-r1_retail-transfer-low_w0_r1_658],  with error: Error: Failed to submit trasaction with status code: 11
2026.09.17-11:17:22.520[31m error[39m [caliper] [connectors/peer-gateway/PeerGateway] 	Failed to perform submit transaction [Transfer] using arguments [wlt_c_20260917-pilot6_calibration-retail-transfer-low-2w-40tps-r1_retail-transfer-low_w0_19,wlt_c_20260917-pilot6_calibration-retail-transfer-low-2w-40tps-r1_retail-transfer-low_w0_69,1000,transfer_20260917-pilot6_calibration-retail-transfer-low-2w-40tps-r1_retail-transfer-low_w0_r1_655],  with error: Error: Failed to submit trasaction with status code: 11
2026.09.17-11:17:22.520[31m error[39m [caliper] [connectors/peer-gateway/PeerGateway] 	Failed to perform submit transaction [Transfer] using arguments [wlt_c_20260917-pilot6_calibration-retail-transfer-low-2w-40tps-r1_retail-transfer-low_w1_19,wlt_c_20260917-pilot6_calibration-retail-transfer-low-2w-40tps-r1_retail-transfer-low_w1_69,1000,transfer_20260917-pilot6_calibration-retail-transfer-low-2w-40tps-r1_retail-transfer-low_w1_r1_655],  with error: Error: Failed to submit trasaction with status code: 11
2026.09.17-11:17:22.521[31m error[39m [caliper] [connectors/peer-gateway/PeerGateway] 	Failed to perform submit transaction [Transfer] using arguments [wlt_c_20260917-pilot6_calibration-retail-transfer-low-2w-40tps-r1_retail-transfer-low_w0_22,wlt_c_20260917-pilot6_calibration-retail-transfer-low-2w-40tps-r1_retail-transfer-low_w0_72,1000,transfer_20260917-pilot6_calibration-retail-transfer-low-2w-40tps-r1_retail-transfer-low_w0_r1_657],  with error: Error: Failed to submit trasaction with status code: 11
2026.09.17-11:17:22.521[31m error[39m [caliper] [connectors/peer-gateway/PeerGateway] 	Failed to perform submit transaction [Transfer] using arguments [wlt_c_20260917-pilot6_calibration-retail-transfer-low-2w-40tps-r1_retail-transfer-low_w1_21,wlt_c_20260917-pilot6_calibration-retail-transfer-low-2w-40tps-r1_retail-transfer-low_w1_71,1000,transfer_20260917-pilot6_calibration-retail-transfer-low-2w-40tps-r1_retail-transfer-low_w1_r1_656],  with error: Error: Failed to submit trasaction with status code: 11
2026.09.17-11:17:22.521[31m error[39m [caliper] [connectors/peer-gateway/PeerGateway] 	Failed to perform submit transaction [Transfer] using arguments [wlt_c_20260917-pilot6_calibration-retail-transfer-low-2w-40tps-r1_retail-transfer-low_w0_21,wlt_c_20260917-pilot6_calibration-retail-transfer-low-2w-40tps-r1_retail-transfer-low_w0_71,1000,transfer_20260917-pilot6_calibration-retail-transfer-low-2w-40tps-r1_retail-transfer-low_w0_r1_656],  with error: Error: Failed to submit trasaction with status code: 11
2026.09.17-11:17:22.700[31m error[39m [caliper] [connectors/peer-gateway/PeerGateway] 	Failed to perform submit transaction [Transfer] using arguments [wlt_c_20260917-pilot6_calibration-retail-transfer-low-2w-40tps-r1_retail-transfer-low_w1_29,wlt_c_20260917-pilot6_calibration-retail-transfer-low-2w-40tps-r1_retail-transfer-low_w1_79,1000,transfer_20260917-pilot6_calibration-retail-transfer-low-2w-40tps-r1_retail-transfer-low_w1_r1_663],  with error: Error: Failed to submit trasaction with status code: 11
2026.09.17-11:17:22.700[31m error[39m [caliper] [connectors/peer-gateway/PeerGateway] 	Failed to perform submit transaction [Transfer] using arguments [wlt_c_20260917-pilot6_calibration-retail-transfer-low-2w-40tps-r1_retail-transfer-low_w0_31,wlt_c_20260917-pilot6_calibration-retail-transfer-low-2w-40tps-r1_retail-transfer-low_w0_81,1000,transfer_20260917-pilot6_calibration-retail-transfer-low-2w-40tps-r1_retail-transfer-low_w0_r1_664],  with error: Error: Failed to submit trasaction with status code: 11
2026.09.17-11:17:22.702[31m error[39m [caliper] [connectors/peer-gateway/PeerGateway] 	Failed to perform submit transaction [Transfer] using arguments [wlt_c_20260917-pilot6_calibration-retail-transfer-low-2w-40tps-r1_retail-transfer-low_w0_27,wlt_c_20260917-pilot6_calibration-retail-transfer-low-2w-40tps-r1_retail-transfer-low_w0_77,1000,transfer_20260917-pilot6_calibration-retail-transfer-low-2w-40tps-r1_retail-transfer-low_w0_r1_661],  with error: Error: Failed to submit trasaction with status code: 11
2026.09.17-11:17:22.703[31m error[39m [caliper] [connectors/peer-gateway/PeerGateway] 	Failed to perform submit transaction [Transfer] using arguments [wlt_c_20260917-pilot6_calibration-retail-transfer-low-2w-40tps-r1_retail-transfer-low_w0_28,wlt_c_20260917-pilot6_calibration-retail-transfer-low-2w-40tps-r1_retail-transfer-low_w0_78,1000,transfer_20260917-pilot6_calibration-retail-transfer-low-2w-40tps-r1_retail-transfer-low_w0_r1_662],  with error: Error: Failed to submit trasaction with status code: 11
2026.09.17-11:17:22.715[31m error[39m [caliper] [connectors/peer-gateway/PeerGateway] 	Failed to perform submit transaction [Transfer] using arguments [wlt_c_20260917-pilot6_calibration-retail-transfer-low-2w-40tps-r1_retail-transfer-low_w0_29,wlt_c_20260917-pilot6_calibration-retail-transfer-low-2w-40tps-r1_retail-transfer-low_w0_79,1000,transfer_20260917-pilot6_calibration-retail-transfer-low-2w-40tps-r1_retail-transfer-low_w0_r1_663],  with error: Error: Failed to submit trasaction with status code: 11
2026.09.17-11:17:24.166[31m error[39m [caliper] [connectors/peer-gateway/PeerGateway] 	Failed to perform submit transaction [Transfer] using arguments [wlt_c_20260917-pilot6_calibration-retail-transfer-low-2w-40tps-r1_retail-transfer-low_w1_16,wlt_c_20260917-pilot6_calibration-retail-transfer-low-2w-40tps-r1_retail-transfer-low_w1_66,1000,transfer_20260917-pilot6_calibration-retail-transfer-low-2w-40tps-r1_retail-transfer-low_w1_r1_692],  with error: Error: Failed to submit trasaction with status code: 11
2026.09.17-11:17:24.167[31m error[39m [caliper] [connectors/peer-gateway/PeerGateway] 	Failed to perform submit transaction [Transfer] using arguments [wlt_c_20260917-pilot6_calibration-retail-transfer-low-2w-40tps-r1_retail-transfer-low_w0_17,wlt_c_20260917-pilot6_calibration-retail-transfer-low-2w-40tps-r1_retail-transfer-low_w0_67,1000,transfer_20260917-pilot6_calibration-retail-transfer-low-2w-40tps-r1_retail-transfer-low_w0_r1_693],  with error: Error: Failed to submit trasaction with status code: 11
2026.09.17-11:17:24.402[31m error[39m [caliper] [connectors/peer-gateway/PeerGateway] 	Failed to perform submit transaction [Transfer] using arguments [wlt_c_20260917-pilot6_calibration-retail-transfer-low-2w-40tps-r1_retail-transfer-low_w1_24,wlt_c_20260917-pilot6_calibration-retail-transfer-low-2w-40tps-r1_retail-transfer-low_w1_74,1000,transfer_20260917-pilot6_calibration-retail-transfer-low-2w-40tps-r1_retail-transfer-low_w1_r1_699],  with error: Error: Failed to submit trasaction with status code: 11
2026.09.17-11:17:24.404[31m error[39m [caliper] [connectors/peer-gateway/PeerGateway] 	Failed to perform submit transaction [Transfer] using arguments [wlt_c_20260917-pilot6_calibration-retail-transfer-low-2w-40tps-r1_retail-transfer-low_w0_24,wlt_c_20260917-pilot6_calibration-retail-transfer-low-2w-40tps-r1_retail-transfer-low_w0_74,1000,transfer_20260917-pilot6_calibration-retail-transfer-low-2w-40tps-r1_retail-transfer-low_w0_r1_699],  with error: Error: Failed to submit trasaction with status code: 11
2026.09.17-11:17:24.748[31m error[39m [caliper] [connectors/peer-gateway/PeerGateway] 	Failed to perform submit transaction [Transfer] using arguments [wlt_c_20260917-pilot6_calibration-retail-transfer-low-2w-40tps-r1_retail-transfer-low_w0_26,wlt_c_20260917-pilot6_calibration-retail-transfer-low-2w-40tps-r1_retail-transfer-low_w0_76,1000,transfer_20260917-pilot6_calibration-retail-transfer-low-2w-40tps-r1_retail-transfer-low_w0_r1_700],  with error: Error: Failed to submit trasaction with status code: 11
2026.09.17-11:17:24.748[31m error[39m [caliper] [connectors/peer-gateway/PeerGateway] 	Failed to perform submit transaction [Transfer] using arguments [wlt_c_20260917-pilot6_calibration-retail-transfer-low-2w-40tps-r1_retail-transfer-low_w1_31,wlt_c_20260917-pilot6_calibration-retail-transfer-low-2w-40tps-r1_retail-transfer-low_w1_81,1000,transfer_20260917-pilot6_calibration-retail-transfer-low-2w-40tps-r1_retail-transfer-low_w1_r1_704],  with error: Error: Failed to submit trasaction with status code: 11
2026.09.17-11:17:24.749[31m error[39m [caliper] [connectors/peer-gateway/PeerGateway] 	Failed to perform submit transaction [Transfer] using arguments [wlt_c_20260917-pilot6_calibration-retail-transfer-low-2w-40tps-r1_retail-transfer-low_w1_28,wlt_c_20260917-pilot6_calibration-retail-transfer-low-2w-40tps-r1_retail-transfer-low_w1_78,1000,transfer_20260917-pilot6_calibration-retail-transfer-low-2w-40tps-r1_retail-transfer-low_w1_r1_702],  with error: Error: Failed to submit trasaction with status code: 11
2026.09.17-11:17:24.750[31m error[39m [caliper] [connectors/peer-gateway/PeerGateway] 	Failed to perform submit transaction [Transfer] using arguments [wlt_c_20260917-pilot6_calibration-retail-transfer-low-2w-40tps-r1_retail-transfer-low_w1_27,wlt_c_20260917-pilot6_calibration-retail-transfer-low-2w-40tps-r1_retail-transfer-low_w1_77,1000,transfer_20260917-pilot6_calibration-retail-transfer-low-2w-40tps-r1_retail-transfer-low_w1_r1_701],  with error: Error: Failed to submit trasaction with status code: 11
2026.09.17-11:17:24.750[31m error[39m [caliper] [connectors/peer-gateway/PeerGateway] 	Failed to perform submit transaction [Transfer] using arguments [wlt_c_20260917-pilot6_calibration-retail-transfer-low-2w-40tps-r1_retail-transfer-low_w1_26,wlt_c_20260917-pilot6_calibration-retail-transfer-low-2w-40tps-r1_retail-transfer-low_w1_76,1000,transfer_20260917-pilot6_calibration-retail-transfer-low-2w-40tps-r1_retail-transfer-low_w1_r1_700],  with error: Error: Failed to submit trasaction with status code: 11
2026.09.17-11:17:24.784[32m info [39m [caliper] [default-observer] 	[retail-transfer-low-40tps Round 1 Transaction Info] - Submitted: 1486 Succ: 1091 Fail:289 Unfinished:106
2026.09.17-11:17:24.856[31m error[39m [caliper] [connectors/peer-gateway/PeerGateway] 	Failed to perform submit transaction [Transfer] using arguments [wlt_c_20260917-pilot6_calibration-retail-transfer-low-2w-40tps-r1_retail-transfer-low_w0_39,wlt_c_20260917-pilot6_calibration-retail-transfer-low-2w-40tps-r1_retail-transfer-low_w0_89,1000,transfer_20260917-pilot6_calibration-retail-transfer-low-2w-40tps-r1_retail-transfer-low_w0_r1_711],  with error: Error: Failed to submit trasaction with status code: 11
2026.09.17-11:17:24.857[31m error[39m [caliper] [connectors/peer-gateway/PeerGateway] 	Failed to perform submit transaction [Transfer] using arguments [wlt_c_20260917-pilot6_calibration-retail-transfer-low-2w-40tps-r1_retail-transfer-low_w0_32,wlt_c_20260917-pilot6_calibration-retail-transfer-low-2w-40tps-r1_retail-transfer-low_w0_82,1000,transfer_20260917-pilot6_calibration-retail-transfer-low-2w-40tps-r1_retail-transfer-low_w0_r1_705],  with error: Error: Failed to submit trasaction with status code: 11
2026.09.17-11:17:24.857[31m error[39m [caliper] [connectors/peer-gateway/PeerGateway] 	Failed to perform submit transaction [Transfer] using arguments [wlt_c_20260917-pilot6_calibration-retail-transfer-low-2w-40tps-r1_retail-transfer-low_w0_34,wlt_c_20260917-pilot6_calibration-retail-transfer-low-2w-40tps-r1_retail-transfer-low_w0_84,1000,transfer_20260917-pilot6_calibration-retail-transfer-low-2w-40tps-r1_retail-transfer-low_w0_r1_707],  with error: Error: Failed to submit trasaction with status code: 11
2026.09.17-11:17:24.858[31m error[39m [caliper] [connectors/peer-gateway/PeerGateway] 	Failed to perform submit transaction [Transfer] using arguments [wlt_c_20260917-pilot6_calibration-retail-transfer-low-2w-40tps-r1_retail-transfer-low_w0_33,wlt_c_20260917-pilot6_calibration-retail-transfer-low-2w-40tps-r1_retail-transfer-low_w0_83,1000,transfer_20260917-pilot6_calibration-retail-transfer-low-2w-40tps-r1_retail-transfer-low_w0_r1_706],  with error: Error: Failed to submit trasaction with status code: 11
2026.09.17-11:17:24.858[31m error[39m [caliper] [connectors/peer-gateway/PeerGateway] 	Failed to perform submit transaction [Transfer] using arguments [wlt_c_20260917-pilot6_calibration-retail-transfer-low-2w-40tps-r1_retail-transfer-low_w0_36,wlt_c_20260917-pilot6_calibration-retail-transfer-low-2w-40tps-r1_retail-transfer-low_w0_86,1000,transfer_20260917-pilot6_calibration-retail-transfer-low-2w-40tps-r1_retail-transfer-low_w0_r1_708],  with error: Error: Failed to submit trasaction with status code: 11
2026.09.17-11:17:24.859[31m error[39m [caliper] [connectors/peer-gateway/PeerGateway] 	Failed to perform submit transaction [Transfer] using arguments [wlt_c_20260917-pilot6_calibration-retail-transfer-low-2w-40tps-r1_retail-transfer-low_w1_33,wlt_c_20260917-pilot6_calibration-retail-transfer-low-2w-40tps-r1_retail-transfer-low_w1_83,1000,transfer_20260917-pilot6_calibration-retail-transfer-low-2w-40tps-r1_retail-transfer-low_w1_r1_706],  with error: Error: Failed to submit trasaction with status code: 11
2026.09.17-11:17:24.859[31m error[39m [caliper] [connectors/peer-gateway/PeerGateway] 	Failed to perform submit transaction [Transfer] using arguments [wlt_c_20260917-pilot6_calibration-retail-transfer-low-2w-40tps-r1_retail-transfer-low_w0_38,wlt_c_20260917-pilot6_calibration-retail-transfer-low-2w-40tps-r1_retail-transfer-low_w0_88,1000,transfer_20260917-pilot6_calibration-retail-transfer-low-2w-40tps-r1_retail-transfer-low_w0_r1_710],  with error: Error: Failed to submit trasaction with status code: 11
2026.09.17-11:17:24.860[31m error[39m [caliper] [connectors/peer-gateway/PeerGateway] 	Failed to perform submit transaction [Transfer] using arguments [wlt_c_20260917-pilot6_calibration-retail-transfer-low-2w-40tps-r1_retail-transfer-low_w1_32,wlt_c_20260917-pilot6_calibration-retail-transfer-low-2w-40tps-r1_retail-transfer-low_w1_82,1000,transfer_20260917-pilot6_calibration-retail-transfer-low-2w-40tps-r1_retail-transfer-low_w1_r1_705],  with error: Error: Failed to submit trasaction with status code: 11
2026.09.17-11:17:24.861[31m error[39m [caliper] [connectors/peer-gateway/PeerGateway] 	Failed to perform submit transaction [Transfer] using arguments [wlt_c_20260917-pilot6_calibration-retail-transfer-low-2w-40tps-r1_retail-transfer-low_w1_34,wlt_c_20260917-pilot6_calibration-retail-transfer-low-2w-40tps-r1_retail-transfer-low_w1_84,1000,transfer_20260917-pilot6_calibration-retail-transfer-low-2w-40tps-r1_retail-transfer-low_w1_r1_707],  with error: Error: Failed to submit trasaction with status code: 11
2026.09.17-11:17:24.861[31m error[39m [caliper] [connectors/peer-gateway/PeerGateway] 	Failed to perform submit transaction [Transfer] using arguments [wlt_c_20260917-pilot6_calibration-retail-transfer-low-2w-40tps-r1_retail-transfer-low_w1_38,wlt_c_20260917-pilot6_calibration-retail-transfer-low-2w-40tps-r1_retail-transfer-low_w1_88,1000,transfer_20260917-pilot6_calibration-retail-transfer-low-2w-40tps-r1_retail-transfer-low_w1_r1_710],  with error: Error: Failed to submit trasaction with status code: 11
2026.09.17-11:17:24.971[31m error[39m [caliper] [connectors/peer-gateway/PeerGateway] 	Failed to perform submit transaction [Transfer] using arguments [wlt_c_20260917-pilot6_calibration-retail-transfer-low-2w-40tps-r1_retail-transfer-low_w1_39,wlt_c_20260917-pilot6_calibration-retail-transfer-low-2w-40tps-r1_retail-transfer-low_w1_89,1000,transfer_20260917-pilot6_calibration-retail-transfer-low-2w-40tps-r1_retail-transfer-low_w1_r1_711],  with error: Error: Failed to submit trasaction with status code: 11
2026.09.17-11:17:24.972[31m error[39m [caliper] [connectors/peer-gateway/PeerGateway] 	Failed to perform submit transaction [Transfer] using arguments [wlt_c_20260917-pilot6_calibration-retail-transfer-low-2w-40tps-r1_retail-transfer-low_w1_36,wlt_c_20260917-pilot6_calibration-retail-transfer-low-2w-40tps-r1_retail-transfer-low_w1_86,1000,transfer_20260917-pilot6_calibration-retail-transfer-low-2w-40tps-r1_retail-transfer-low_w1_r1_708],  with error: Error: Failed to submit trasaction with status code: 11
2026.09.17-11:17:24.973[31m error[39m [caliper] [connectors/peer-gateway/PeerGateway] 	Failed to perform submit transaction [Transfer] using arguments [wlt_c_20260917-pilot6_calibration-retail-transfer-low-2w-40tps-r1_retail-transfer-low_w1_41,wlt_c_20260917-pilot6_calibration-retail-transfer-low-2w-40tps-r1_retail-transfer-low_w1_91,1000,transfer_20260917-pilot6_calibration-retail-transfer-low-2w-40tps-r1_retail-transfer-low_w1_r1_712],  with error: Error: Failed to submit trasaction with status code: 11
2026.09.17-11:17:24.973[31m error[39m [caliper] [connectors/peer-gateway/PeerGateway] 	Failed to perform submit transaction [Transfer] using arguments [wlt_c_20260917-pilot6_calibration-retail-transfer-low-2w-40tps-r1_retail-transfer-low_w1_37,wlt_c_20260917-pilot6_calibration-retail-transfer-low-2w-40tps-r1_retail-transfer-low_w1_87,1000,transfer_20260917-pilot6_calibration-retail-transfer-low-2w-40tps-r1_retail-transfer-low_w1_r1_709],  with error: Error: Failed to submit trasaction with status code: 11
2026.09.17-11:17:24.974[31m error[39m [caliper] [connectors/peer-gateway/PeerGateway] 	Failed to perform submit transaction [Transfer] using arguments [wlt_c_20260917-pilot6_calibration-retail-transfer-low-2w-40tps-r1_retail-transfer-low_w1_43,wlt_c_20260917-pilot6_calibration-retail-transfer-low-2w-40tps-r1_retail-transfer-low_w1_93,1000,transfer_20260917-pilot6_calibration-retail-transfer-low-2w-40tps-r1_retail-transfer-low_w1_r1_714],  with error: Error: Failed to submit trasaction with status code: 11
2026.09.17-11:17:24.976[31m error[39m [caliper] [connectors/peer-gateway/PeerGateway] 	Failed to perform submit transaction [Transfer] using arguments [wlt_c_20260917-pilot6_calibration-retail-transfer-low-2w-40tps-r1_retail-transfer-low_w0_44,wlt_c_20260917-pilot6_calibration-retail-transfer-low-2w-40tps-r1_retail-transfer-low_w0_94,1000,transfer_20260917-pilot6_calibration-retail-transfer-low-2w-40tps-r1_retail-transfer-low_w0_r1_715],  with error: Error: Failed to submit trasaction with status code: 11
2026.09.17-11:17:24.978[31m error[39m [caliper] [connectors/peer-gateway/PeerGateway] 	Failed to perform submit transaction [Transfer] using arguments [wlt_c_20260917-pilot6_calibration-retail-transfer-low-2w-40tps-r1_retail-transfer-low_w0_37,wlt_c_20260917-pilot6_calibration-retail-transfer-low-2w-40tps-r1_retail-transfer-low_w0_87,1000,transfer_20260917-pilot6_calibration-retail-transfer-low-2w-40tps-r1_retail-transfer-low_w0_r1_709],  with error: Error: Failed to submit trasaction with status code: 11
2026.09.17-11:17:24.979[31m error[39m [caliper] [connectors/peer-gateway/PeerGateway] 	Failed to perform submit transaction [Transfer] using arguments [wlt_c_20260917-pilot6_calibration-retail-transfer-low-2w-40tps-r1_retail-transfer-low_w0_41,wlt_c_20260917-pilot6_calibration-retail-transfer-low-2w-40tps-r1_retail-transfer-low_w0_91,1000,transfer_20260917-pilot6_calibration-retail-transfer-low-2w-40tps-r1_retail-transfer-low_w0_r1_712],  with error: Error: Failed to submit trasaction with status code: 11
2026.09.17-11:17:24.980[31m error[39m [caliper] [connectors/peer-gateway/PeerGateway] 	Failed to perform submit transaction [Transfer] using arguments [wlt_c_20260917-pilot6_calibration-retail-transfer-low-2w-40tps-r1_retail-transfer-low_w0_42,wlt_c_20260917-pilot6_calibration-retail-transfer-low-2w-40tps-r1_retail-transfer-low_w0_92,1000,transfer_20260917-pilot6_calibration-retail-transfer-low-2w-40tps-r1_retail-transfer-low_w0_r1_713],  with error: Error: Failed to submit trasaction with status code: 11
2026.09.17-11:17:24.981[31m error[39m [caliper] [connectors/peer-gateway/PeerGateway] 	Failed to perform submit transaction [Transfer] using arguments [wlt_c_20260917-pilot6_calibration-retail-transfer-low-2w-40tps-r1_retail-transfer-low_w0_43,wlt_c_20260917-pilot6_calibration-retail-transfer-low-2w-40tps-r1_retail-transfer-low_w0_93,1000,transfer_20260917-pilot6_calibration-retail-transfer-low-2w-40tps-r1_retail-transfer-low_w0_r1_714],  with error: Error: Failed to submit trasaction with status code: 11
2026.09.17-11:17:25.071[31m error[39m [caliper] [connectors/peer-gateway/PeerGateway] 	Failed to perform submit transaction [Transfer] using arguments [wlt_c_20260917-pilot6_calibration-retail-transfer-low-2w-40tps-r1_retail-transfer-low_w1_48,wlt_c_20260917-pilot6_calibration-retail-transfer-low-2w-40tps-r1_retail-transfer-low_w1_98,1000,transfer_20260917-pilot6_calibration-retail-transfer-low-2w-40tps-r1_retail-transfer-low_w1_r1_718],  with error: Error: Failed to submit trasaction with status code: 11
2026.09.17-11:17:25.074[31m error[39m [caliper] [connectors/peer-gateway/PeerGateway] 	Failed to perform submit transaction [Transfer] using arguments [wlt_c_20260917-pilot6_calibration-retail-transfer-low-2w-40tps-r1_retail-transfer-low_w0_46,wlt_c_20260917-pilot6_calibration-retail-transfer-low-2w-40tps-r1_retail-transfer-low_w0_96,1000,transfer_20260917-pilot6_calibration-retail-transfer-low-2w-40tps-r1_retail-transfer-low_w0_r1_716],  with error: Error: Failed to submit trasaction with status code: 11
2026.09.17-11:17:25.077[31m error[39m [caliper] [connectors/peer-gateway/PeerGateway] 	Failed to perform submit transaction [Transfer] using arguments [wlt_c_20260917-pilot6_calibration-retail-transfer-low-2w-40tps-r1_retail-transfer-low_w1_42,wlt_c_20260917-pilot6_calibration-retail-transfer-low-2w-40tps-r1_retail-transfer-low_w1_92,1000,transfer_20260917-pilot6_calibration-retail-transfer-low-2w-40tps-r1_retail-transfer-low_w1_r1_713],  with error: Error: Failed to submit trasaction with status code: 11
2026.09.17-11:17:25.078[31m error[39m [caliper] [connectors/peer-gateway/PeerGateway] 	Failed to perform submit transaction [Transfer] using arguments [wlt_c_20260917-pilot6_calibration-retail-transfer-low-2w-40tps-r1_retail-transfer-low_w1_44,wlt_c_20260917-pilot6_calibration-retail-transfer-low-2w-40tps-r1_retail-transfer-low_w1_94,1000,transfer_20260917-pilot6_calibration-retail-transfer-low-2w-40tps-r1_retail-transfer-low_w1_r1_715],  with error: Error: Failed to submit trasaction with status code: 11
2026.09.17-11:17:25.078[31m error[39m [caliper] [connectors/peer-gateway/PeerGateway] 	Failed to perform submit transaction [Transfer] using arguments [wlt_c_20260917-pilot6_calibration-retail-transfer-low-2w-40tps-r1_retail-transfer-low_w1_49,wlt_c_20260917-pilot6_calibration-retail-transfer-low-2w-40tps-r1_retail-transfer-low_w1_99,1000,transfer_20260917-pilot6_calibration-retail-transfer-low-2w-40tps-r1_retail-transfer-low_w1_r1_719],  with error: Error: Failed to submit trasaction with status code: 11
2026.09.17-11:17:25.081[31m error[39m [caliper] [connectors/peer-gateway/PeerGateway] 	Failed to perform submit transaction [Transfer] using arguments [wlt_c_20260917-pilot6_calibration-retail-transfer-low-2w-40tps-r1_retail-transfer-low_w0_47,wlt_c_20260917-pilot6_calibration-retail-transfer-low-2w-40tps-r1_retail-transfer-low_w0_97,1000,transfer_20260917-pilot6_calibration-retail-transfer-low-2w-40tps-r1_retail-transfer-low_w0_r1_717],  with error: Error: Failed to submit trasaction with status code: 11
2026.09.17-11:17:25.083[31m error[39m [caliper] [connectors/peer-gateway/PeerGateway] 	Failed to perform submit transaction [Transfer] using arguments [wlt_c_20260917-pilot6_calibration-retail-transfer-low-2w-40tps-r1_retail-transfer-low_w0_48,wlt_c_20260917-pilot6_calibration-retail-transfer-low-2w-40tps-r1_retail-transfer-low_w0_98,1000,transfer_20260917-pilot6_calibration-retail-transfer-low-2w-40tps-r1_retail-transfer-low_w0_r1_718],  with error: Error: Failed to submit trasaction with status code: 11
2026.09.17-11:17:25.085[31m error[39m [caliper] [connectors/peer-gateway/PeerGateway] 	Failed to perform submit transaction [Transfer] using arguments [wlt_c_20260917-pilot6_calibration-retail-transfer-low-2w-40tps-r1_retail-transfer-low_w0_49,wlt_c_20260917-pilot6_calibration-retail-transfer-low-2w-40tps-r1_retail-transfer-low_w0_99,1000,transfer_20260917-pilot6_calibration-retail-transfer-low-2w-40tps-r1_retail-transfer-low_w0_r1_719],  with error: Error: Failed to submit trasaction with status code: 11
2026.09.17-11:17:25.086[31m error[39m [caliper] [connectors/peer-gateway/PeerGateway] 	Failed to perform submit transaction [Transfer] using arguments [wlt_c_20260917-pilot6_calibration-retail-transfer-low-2w-40tps-r1_retail-transfer-low_w1_46,wlt_c_20260917-pilot6_calibration-retail-transfer-low-2w-40tps-r1_retail-transfer-low_w1_96,1000,transfer_20260917-pilot6_calibration-retail-transfer-low-2w-40tps-r1_retail-transfer-low_w1_r1_716],  with error: Error: Failed to submit trasaction with status code: 11
2026.09.17-11:17:25.086[31m error[39m [caliper] [connectors/peer-gateway/PeerGateway] 	Failed to perform submit transaction [Transfer] using arguments [wlt_c_20260917-pilot6_calibration-retail-transfer-low-2w-40tps-r1_retail-transfer-low_w1_47,wlt_c_20260917-pilot6_calibration-retail-transfer-low-2w-40tps-r1_retail-transfer-low_w1_97,1000,transfer_20260917-pilot6_calibration-retail-transfer-low-2w-40tps-r1_retail-transfer-low_w1_r1_717],  with error: Error: Failed to submit trasaction with status code: 11
2026.09.17-11:17:25.153[31m error[39m [caliper] [connectors/peer-gateway/PeerGateway] 	Failed to perform submit transaction [Transfer] using arguments [wlt_c_20260917-pilot6_calibration-retail-transfer-low-2w-40tps-r1_retail-transfer-low_w0_1,wlt_c_20260917-pilot6_calibration-retail-transfer-low-2w-40tps-r1_retail-transfer-low_w0_51,1000,transfer_20260917-pilot6_calibration-retail-transfer-low-2w-40tps-r1_retail-transfer-low_w0_r1_720],  with error: Error: Failed to submit trasaction with status code: 11
2026.09.17-11:17:25.154[31m error[39m [caliper] [connectors/peer-gateway/PeerGateway] 	Failed to perform submit transaction [Transfer] using arguments [wlt_c_20260917-pilot6_calibration-retail-transfer-low-2w-40tps-r1_retail-transfer-low_w1_6,wlt_c_20260917-pilot6_calibration-retail-transfer-low-2w-40tps-r1_retail-transfer-low_w1_56,1000,transfer_20260917-pilot6_calibration-retail-transfer-low-2w-40tps-r1_retail-transfer-low_w1_r1_724],  with error: Error: Failed to submit trasaction with status code: 11
2026.09.17-11:17:25.155[31m error[39m [caliper] [connectors/peer-gateway/PeerGateway] 	Failed to perform submit transaction [Transfer] using arguments [wlt_c_20260917-pilot6_calibration-retail-transfer-low-2w-40tps-r1_retail-transfer-low_w0_4,wlt_c_20260917-pilot6_calibration-retail-transfer-low-2w-40tps-r1_retail-transfer-low_w0_54,1000,transfer_20260917-pilot6_calibration-retail-transfer-low-2w-40tps-r1_retail-transfer-low_w0_r1_723],  with error: Error: Failed to submit trasaction with status code: 11
2026.09.17-11:17:25.156[31m error[39m [caliper] [connectors/peer-gateway/PeerGateway] 	Failed to perform submit transaction [Transfer] using arguments [wlt_c_20260917-pilot6_calibration-retail-transfer-low-2w-40tps-r1_retail-transfer-low_w0_3,wlt_c_20260917-pilot6_calibration-retail-transfer-low-2w-40tps-r1_retail-transfer-low_w0_53,1000,transfer_20260917-pilot6_calibration-retail-transfer-low-2w-40tps-r1_retail-transfer-low_w0_r1_722],  with error: Error: Failed to submit trasaction with status code: 11
2026.09.17-11:17:25.158[31m error[39m [caliper] [connectors/peer-gateway/PeerGateway] 	Failed to perform submit transaction [Transfer] using arguments [wlt_c_20260917-pilot6_calibration-retail-transfer-low-2w-40tps-r1_retail-transfer-low_w1_3,wlt_c_20260917-pilot6_calibration-retail-transfer-low-2w-40tps-r1_retail-transfer-low_w1_53,1000,transfer_20260917-pilot6_calibration-retail-transfer-low-2w-40tps-r1_retail-transfer-low_w1_r1_722],  with error: Error: Failed to submit trasaction with status code: 11
2026.09.17-11:17:25.160[31m error[39m [caliper] [connectors/peer-gateway/PeerGateway] 	Failed to perform submit transaction [Transfer] using arguments [wlt_c_20260917-pilot6_calibration-retail-transfer-low-2w-40tps-r1_retail-transfer-low_w1_1,wlt_c_20260917-pilot6_calibration-retail-transfer-low-2w-40tps-r1_retail-transfer-low_w1_51,1000,transfer_20260917-pilot6_calibration-retail-transfer-low-2w-40tps-r1_retail-transfer-low_w1_r1_720],  with error: Error: Failed to submit trasaction with status code: 11
2026.09.17-11:17:25.161[31m error[39m [caliper] [connectors/peer-gateway/PeerGateway] 	Failed to perform submit transaction [Transfer] using arguments [wlt_c_20260917-pilot6_calibration-retail-transfer-low-2w-40tps-r1_retail-transfer-low_w1_2,wlt_c_20260917-pilot6_calibration-retail-transfer-low-2w-40tps-r1_retail-transfer-low_w1_52,1000,transfer_20260917-pilot6_calibration-retail-transfer-low-2w-40tps-r1_retail-transfer-low_w1_r1_721],  with error: Error: Failed to submit trasaction with status code: 11
2026.09.17-11:17:25.161[31m error[39m [caliper] [connectors/peer-gateway/PeerGateway] 	Failed to perform submit transaction [Transfer] using arguments [wlt_c_20260917-pilot6_calibration-retail-transfer-low-2w-40tps-r1_retail-transfer-low_w1_4,wlt_c_20260917-pilot6_calibration-retail-transfer-low-2w-40tps-r1_retail-transfer-low_w1_54,1000,transfer_20260917-pilot6_calibration-retail-transfer-low-2w-40tps-r1_retail-transfer-low_w1_r1_723],  with error: Error: Failed to submit trasaction with status code: 11
2026.09.17-11:17:25.159[31m error[39m [caliper] [connectors/peer-gateway/PeerGateway] 	Failed to perform submit transaction [Transfer] using arguments [wlt_c_20260917-pilot6_calibration-retail-transfer-low-2w-40tps-r1_retail-transfer-low_w0_2,wlt_c_20260917-pilot6_calibration-retail-transfer-low-2w-40tps-r1_retail-transfer-low_w0_52,1000,transfer_20260917-pilot6_calibration-retail-transfer-low-2w-40tps-r1_retail-transfer-low_w0_r1_721],  with error: Error: Failed to submit trasaction with status code: 11
2026.09.17-11:17:25.163[31m error[39m [caliper] [connectors/peer-gateway/PeerGateway] 	Failed to perform submit transaction [Transfer] using arguments [wlt_c_20260917-pilot6_calibration-retail-transfer-low-2w-40tps-r1_retail-transfer-low_w0_6,wlt_c_20260917-pilot6_calibration-retail-transfer-low-2w-40tps-r1_retail-transfer-low_w0_56,1000,transfer_20260917-pilot6_calibration-retail-transfer-low-2w-40tps-r1_retail-transfer-low_w0_r1_724],  with error: Error: Failed to submit trasaction with status code: 11
2026.09.17-11:17:25.241[31m error[39m [caliper] [connectors/peer-gateway/PeerGateway] 	Failed to perform submit transaction [Transfer] using arguments [wlt_c_20260917-pilot6_calibration-retail-transfer-low-2w-40tps-r1_retail-transfer-low_w0_11,wlt_c_20260917-pilot6_calibration-retail-transfer-low-2w-40tps-r1_retail-transfer-low_w0_61,1000,transfer_20260917-pilot6_calibration-retail-transfer-low-2w-40tps-r1_retail-transfer-low_w0_r1_728],  with error: Error: Failed to submit trasaction with status code: 11
2026.09.17-11:17:25.243[31m error[39m [caliper] [connectors/peer-gateway/PeerGateway] 	Failed to perform submit transaction [Transfer] using arguments [wlt_c_20260917-pilot6_calibration-retail-transfer-low-2w-40tps-r1_retail-transfer-low_w0_9,wlt_c_20260917-pilot6_calibration-retail-transfer-low-2w-40tps-r1_retail-transfer-low_w0_59,1000,transfer_20260917-pilot6_calibration-retail-transfer-low-2w-40tps-r1_retail-transfer-low_w0_r1_727],  with error: Error: Failed to submit trasaction with status code: 11
2026.09.17-11:17:25.244[31m error[39m [caliper] [connectors/peer-gateway/PeerGateway] 	Failed to perform submit transaction [Transfer] using arguments [wlt_c_20260917-pilot6_calibration-retail-transfer-low-2w-40tps-r1_retail-transfer-low_w0_8,wlt_c_20260917-pilot6_calibration-retail-transfer-low-2w-40tps-r1_retail-transfer-low_w0_58,1000,transfer_20260917-pilot6_calibration-retail-transfer-low-2w-40tps-r1_retail-transfer-low_w0_r1_726],  with error: Error: Failed to submit trasaction with status code: 11
2026.09.17-11:17:25.244[31m error[39m [caliper] [connectors/peer-gateway/PeerGateway] 	Failed to perform submit transaction [Transfer] using arguments [wlt_c_20260917-pilot6_calibration-retail-transfer-low-2w-40tps-r1_retail-transfer-low_w0_7,wlt_c_20260917-pilot6_calibration-retail-transfer-low-2w-40tps-r1_retail-transfer-low_w0_57,1000,transfer_20260917-pilot6_calibration-retail-transfer-low-2w-40tps-r1_retail-transfer-low_w0_r1_725],  with error: Error: Failed to submit trasaction with status code: 11
2026.09.17-11:17:25.244[31m error[39m [caliper] [connectors/peer-gateway/PeerGateway] 	Failed to perform submit transaction [Transfer] using arguments [wlt_c_20260917-pilot6_calibration-retail-transfer-low-2w-40tps-r1_retail-transfer-low_w0_12,wlt_c_20260917-pilot6_calibration-retail-transfer-low-2w-40tps-r1_retail-transfer-low_w0_62,1000,transfer_20260917-pilot6_calibration-retail-transfer-low-2w-40tps-r1_retail-transfer-low_w0_r1_729],  with error: Error: Failed to submit trasaction with status code: 11
2026.09.17-11:17:25.246[31m error[39m [caliper] [connectors/peer-gateway/PeerGateway] 	Failed to perform submit transaction [Transfer] using arguments [wlt_c_20260917-pilot6_calibration-retail-transfer-low-2w-40tps-r1_retail-transfer-low_w1_8,wlt_c_20260917-pilot6_calibration-retail-transfer-low-2w-40tps-r1_retail-transfer-low_w1_58,1000,transfer_20260917-pilot6_calibration-retail-transfer-low-2w-40tps-r1_retail-transfer-low_w1_r1_726],  with error: Error: Failed to submit trasaction with status code: 11
2026.09.17-11:17:25.247[31m error[39m [caliper] [connectors/peer-gateway/PeerGateway] 	Failed to perform submit transaction [Transfer] using arguments [wlt_c_20260917-pilot6_calibration-retail-transfer-low-2w-40tps-r1_retail-transfer-low_w1_7,wlt_c_20260917-pilot6_calibration-retail-transfer-low-2w-40tps-r1_retail-transfer-low_w1_57,1000,transfer_20260917-pilot6_calibration-retail-transfer-low-2w-40tps-r1_retail-transfer-low_w1_r1_725],  with error: Error: Failed to submit trasaction with status code: 11
2026.09.17-11:17:25.248[31m error[39m [caliper] [connectors/peer-gateway/PeerGateway] 	Failed to perform submit transaction [Transfer] using arguments [wlt_c_20260917-pilot6_calibration-retail-transfer-low-2w-40tps-r1_retail-transfer-low_w1_9,wlt_c_20260917-pilot6_calibration-retail-transfer-low-2w-40tps-r1_retail-transfer-low_w1_59,1000,transfer_20260917-pilot6_calibration-retail-transfer-low-2w-40tps-r1_retail-transfer-low_w1_r1_727],  with error: Error: Failed to submit trasaction with status code: 11
2026.09.17-11:17:25.248[31m error[39m [caliper] [connectors/peer-gateway/PeerGateway] 	Failed to perform submit transaction [Transfer] using arguments [wlt_c_20260917-pilot6_calibration-retail-transfer-low-2w-40tps-r1_retail-transfer-low_w1_11,wlt_c_20260917-pilot6_calibration-retail-transfer-low-2w-40tps-r1_retail-transfer-low_w1_61,1000,transfer_20260917-pilot6_calibration-retail-transfer-low-2w-40tps-r1_retail-transfer-low_w1_r1_728],  with error: Error: Failed to submit trasaction with status code: 11
2026.09.17-11:17:25.249[31m error[39m [caliper] [connectors/peer-gateway/PeerGateway] 	Failed to perform submit transaction [Transfer] using arguments [wlt_c_20260917-pilot6_calibration-retail-transfer-low-2w-40tps-r1_retail-transfer-low_w1_12,wlt_c_20260917-pilot6_calibration-retail-transfer-low-2w-40tps-r1_retail-transfer-low_w1_62,1000,transfer_20260917-pilot6_calibration-retail-transfer-low-2w-40tps-r1_retail-transfer-low_w1_r1_729],  with error: Error: Failed to submit trasaction with status code: 11
2026.09.17-11:17:25.431[31m error[39m [caliper] [connectors/peer-gateway/PeerGateway] 	Failed to perform submit transaction [Transfer] using arguments [wlt_c_20260917-pilot6_calibration-retail-transfer-low-2w-40tps-r1_retail-transfer-low_w0_14,wlt_c_20260917-pilot6_calibration-retail-transfer-low-2w-40tps-r1_retail-transfer-low_w0_64,1000,transfer_20260917-pilot6_calibration-retail-transfer-low-2w-40tps-r1_retail-transfer-low_w0_r1_731],  with error: Error: Failed to submit trasaction with status code: 11
2026.09.17-11:17:25.432[31m error[39m [caliper] [connectors/peer-gateway/PeerGateway] 	Failed to perform submit transaction [Transfer] using arguments [wlt_c_20260917-pilot6_calibration-retail-transfer-low-2w-40tps-r1_retail-transfer-low_w0_18,wlt_c_20260917-pilot6_calibration-retail-transfer-low-2w-40tps-r1_retail-transfer-low_w0_68,1000,transfer_20260917-pilot6_calibration-retail-transfer-low-2w-40tps-r1_retail-transfer-low_w0_r1_734],  with error: Error: Failed to submit trasaction with status code: 11
2026.09.17-11:17:25.432[31m error[39m [caliper] [connectors/peer-gateway/PeerGateway] 	Failed to perform submit transaction [Transfer] using arguments [wlt_c_20260917-pilot6_calibration-retail-transfer-low-2w-40tps-r1_retail-transfer-low_w0_13,wlt_c_20260917-pilot6_calibration-retail-transfer-low-2w-40tps-r1_retail-transfer-low_w0_63,1000,transfer_20260917-pilot6_calibration-retail-transfer-low-2w-40tps-r1_retail-transfer-low_w0_r1_730],  with error: Error: Failed to submit trasaction with status code: 11
2026.09.17-11:17:25.433[31m error[39m [caliper] [connectors/peer-gateway/PeerGateway] 	Failed to perform submit transaction [Transfer] using arguments [wlt_c_20260917-pilot6_calibration-retail-transfer-low-2w-40tps-r1_retail-transfer-low_w0_16,wlt_c_20260917-pilot6_calibration-retail-transfer-low-2w-40tps-r1_retail-transfer-low_w0_66,1000,transfer_20260917-pilot6_calibration-retail-transfer-low-2w-40tps-r1_retail-transfer-low_w0_r1_732],  with error: Error: Failed to submit trasaction with status code: 11
2026.09.17-11:17:25.435[31m error[39m [caliper] [connectors/peer-gateway/PeerGateway] 	Failed to perform submit transaction [Transfer] using arguments [wlt_c_20260917-pilot6_calibration-retail-transfer-low-2w-40tps-r1_retail-transfer-low_w1_19,wlt_c_20260917-pilot6_calibration-retail-transfer-low-2w-40tps-r1_retail-transfer-low_w1_69,1000,transfer_20260917-pilot6_calibration-retail-transfer-low-2w-40tps-r1_retail-transfer-low_w1_r1_735],  with error: Error: Failed to submit trasaction with status code: 11
2026.09.17-11:17:25.437[31m error[39m [caliper] [connectors/peer-gateway/PeerGateway] 	Failed to perform submit transaction [Transfer] using arguments [wlt_c_20260917-pilot6_calibration-retail-transfer-low-2w-40tps-r1_retail-transfer-low_w1_13,wlt_c_20260917-pilot6_calibration-retail-transfer-low-2w-40tps-r1_retail-transfer-low_w1_63,1000,transfer_20260917-pilot6_calibration-retail-transfer-low-2w-40tps-r1_retail-transfer-low_w1_r1_730],  with error: Error: Failed to submit trasaction with status code: 11
2026.09.17-11:17:25.438[31m error[39m [caliper] [connectors/peer-gateway/PeerGateway] 	Failed to perform submit transaction [Transfer] using arguments [wlt_c_20260917-pilot6_calibration-retail-transfer-low-2w-40tps-r1_retail-transfer-low_w1_17,wlt_c_20260917-pilot6_calibration-retail-transfer-low-2w-40tps-r1_retail-transfer-low_w1_67,1000,transfer_20260917-pilot6_calibration-retail-transfer-low-2w-40tps-r1_retail-transfer-low_w1_r1_733],  with error: Error: Failed to submit trasaction with status code: 11
2026.09.17-11:17:25.439[31m error[39m [caliper] [connectors/peer-gateway/PeerGateway] 	Failed to perform submit transaction [Transfer] using arguments [wlt_c_20260917-pilot6_calibration-retail-transfer-low-2w-40tps-r1_retail-transfer-low_w1_14,wlt_c_20260917-pilot6_calibration-retail-transfer-low-2w-40tps-r1_retail-transfer-low_w1_64,1000,transfer_20260917-pilot6_calibration-retail-transfer-low-2w-40tps-r1_retail-transfer-low_w1_r1_731],  with error: Error: Failed to submit trasaction with status code: 11
2026.09.17-11:17:25.568[31m error[39m [caliper] [connectors/peer-gateway/PeerGateway] 	Failed to perform submit transaction [Transfer] using arguments [wlt_c_20260917-pilot6_calibration-retail-transfer-low-2w-40tps-r1_retail-transfer-low_w0_19,wlt_c_20260917-pilot6_calibration-retail-transfer-low-2w-40tps-r1_retail-transfer-low_w0_69,1000,transfer_20260917-pilot6_calibration-retail-transfer-low-2w-40tps-r1_retail-transfer-low_w0_r1_735],  with error: Error: Failed to submit trasaction with status code: 11
2026.09.17-11:17:25.570[31m error[39m [caliper] [connectors/peer-gateway/PeerGateway] 	Failed to perform submit transaction [Transfer] using arguments [wlt_c_20260917-pilot6_calibration-retail-transfer-low-2w-40tps-r1_retail-transfer-low_w1_18,wlt_c_20260917-pilot6_calibration-retail-transfer-low-2w-40tps-r1_retail-transfer-low_w1_68,1000,transfer_20260917-pilot6_calibration-retail-transfer-low-2w-40tps-r1_retail-transfer-low_w1_r1_734],  with error: Error: Failed to submit trasaction with status code: 11
2026.09.17-11:17:25.569[31m error[39m [caliper] [connectors/peer-gateway/PeerGateway] 	Failed to perform submit transaction [Transfer] using arguments [wlt_c_20260917-pilot6_calibration-retail-transfer-low-2w-40tps-r1_retail-transfer-low_w0_21,wlt_c_20260917-pilot6_calibration-retail-transfer-low-2w-40tps-r1_retail-transfer-low_w0_71,1000,transfer_20260917-pilot6_calibration-retail-transfer-low-2w-40tps-r1_retail-transfer-low_w0_r1_736],  with error: Error: Failed to submit trasaction with status code: 11
2026.09.17-11:17:25.570[31m error[39m [caliper] [connectors/peer-gateway/PeerGateway] 	Failed to perform submit transaction [Transfer] using arguments [wlt_c_20260917-pilot6_calibration-retail-transfer-low-2w-40tps-r1_retail-transfer-low_w1_21,wlt_c_20260917-pilot6_calibration-retail-transfer-low-2w-40tps-r1_retail-transfer-low_w1_71,1000,transfer_20260917-pilot6_calibration-retail-transfer-low-2w-40tps-r1_retail-transfer-low_w1_r1_736],  with error: Error: Failed to submit trasaction with status code: 11
2026.09.17-11:17:25.570[31m error[39m [caliper] [connectors/peer-gateway/PeerGateway] 	Failed to perform submit transaction [Transfer] using arguments [wlt_c_20260917-pilot6_calibration-retail-transfer-low-2w-40tps-r1_retail-transfer-low_w0_23,wlt_c_20260917-pilot6_calibration-retail-transfer-low-2w-40tps-r1_retail-transfer-low_w0_73,1000,transfer_20260917-pilot6_calibration-retail-transfer-low-2w-40tps-r1_retail-transfer-low_w0_r1_738],  with error: Error: Failed to submit trasaction with status code: 11
2026.09.17-11:17:25.570[31m error[39m [caliper] [connectors/peer-gateway/PeerGateway] 	Failed to perform submit transaction [Transfer] using arguments [wlt_c_20260917-pilot6_calibration-retail-transfer-low-2w-40tps-r1_retail-transfer-low_w1_23,wlt_c_20260917-pilot6_calibration-retail-transfer-low-2w-40tps-r1_retail-transfer-low_w1_73,1000,transfer_20260917-pilot6_calibration-retail-transfer-low-2w-40tps-r1_retail-transfer-low_w1_r1_738],  with error: Error: Failed to submit trasaction with status code: 11
2026.09.17-11:17:25.571[31m error[39m [caliper] [connectors/peer-gateway/PeerGateway] 	Failed to perform submit transaction [Transfer] using arguments [wlt_c_20260917-pilot6_calibration-retail-transfer-low-2w-40tps-r1_retail-transfer-low_w1_22,wlt_c_20260917-pilot6_calibration-retail-transfer-low-2w-40tps-r1_retail-transfer-low_w1_72,1000,transfer_20260917-pilot6_calibration-retail-transfer-low-2w-40tps-r1_retail-transfer-low_w1_r1_737],  with error: Error: Failed to submit trasaction with status code: 11
2026.09.17-11:17:25.571[31m error[39m [caliper] [connectors/peer-gateway/PeerGateway] 	Failed to perform submit transaction [Transfer] using arguments [wlt_c_20260917-pilot6_calibration-retail-transfer-low-2w-40tps-r1_retail-transfer-low_w0_22,wlt_c_20260917-pilot6_calibration-retail-transfer-low-2w-40tps-r1_retail-transfer-low_w0_72,1000,transfer_20260917-pilot6_calibration-retail-transfer-low-2w-40tps-r1_retail-transfer-low_w0_r1_737],  with error: Error: Failed to submit trasaction with status code: 11
2026.09.17-11:17:25.719[31m error[39m [caliper] [connectors/peer-gateway/PeerGateway] 	Failed to perform submit transaction [Transfer] using arguments [wlt_c_20260917-pilot6_calibration-retail-transfer-low-2w-40tps-r1_retail-transfer-low_w0_27,wlt_c_20260917-pilot6_calibration-retail-transfer-low-2w-40tps-r1_retail-transfer-low_w0_77,1000,transfer_20260917-pilot6_calibration-retail-transfer-low-2w-40tps-r1_retail-transfer-low_w0_r1_741],  with error: Error: Failed to submit trasaction with status code: 11
2026.09.17-11:17:25.720[31m error[39m [caliper] [connectors/peer-gateway/PeerGateway] 	Failed to perform submit transaction [Transfer] using arguments [wlt_c_20260917-pilot6_calibration-retail-transfer-low-2w-40tps-r1_retail-transfer-low_w0_31,wlt_c_20260917-pilot6_calibration-retail-transfer-low-2w-40tps-r1_retail-transfer-low_w0_81,1000,transfer_20260917-pilot6_calibration-retail-transfer-low-2w-40tps-r1_retail-transfer-low_w0_r1_744],  with error: Error: Failed to submit trasaction with status code: 11
2026.09.17-11:17:25.720[31m error[39m [caliper] [connectors/peer-gateway/PeerGateway] 	Failed to perform submit transaction [Transfer] using arguments [wlt_c_20260917-pilot6_calibration-retail-transfer-low-2w-40tps-r1_retail-transfer-low_w1_29,wlt_c_20260917-pilot6_calibration-retail-transfer-low-2w-40tps-r1_retail-transfer-low_w1_79,1000,transfer_20260917-pilot6_calibration-retail-transfer-low-2w-40tps-r1_retail-transfer-low_w1_r1_743],  with error: Error: Failed to submit trasaction with status code: 11
2026.09.17-11:17:25.720[31m error[39m [caliper] [connectors/peer-gateway/PeerGateway] 	Failed to perform submit transaction [Transfer] using arguments [wlt_c_20260917-pilot6_calibration-retail-transfer-low-2w-40tps-r1_retail-transfer-low_w0_28,wlt_c_20260917-pilot6_calibration-retail-transfer-low-2w-40tps-r1_retail-transfer-low_w0_78,1000,transfer_20260917-pilot6_calibration-retail-transfer-low-2w-40tps-r1_retail-transfer-low_w0_r1_742],  with error: Error: Failed to submit trasaction with status code: 11
2026.09.17-11:17:25.984[31m error[39m [caliper] [connectors/peer-gateway/PeerGateway] 	Failed to perform submit transaction [Transfer] using arguments [wlt_c_20260917-pilot6_calibration-retail-transfer-low-2w-40tps-r1_retail-transfer-low_w0_29,wlt_c_20260917-pilot6_calibration-retail-transfer-low-2w-40tps-r1_retail-transfer-low_w0_79,1000,transfer_20260917-pilot6_calibration-retail-transfer-low-2w-40tps-r1_retail-transfer-low_w0_r1_743],  with error: Error: Failed to submit trasaction with status code: 11
2026.09.17-11:17:29.784[32m info [39m [caliper] [default-observer] 	[retail-transfer-low-40tps Round 1 Transaction Info] - Submitted: 1688 Succ: 1261 Fail:369 Unfinished:58
2026.09.17-11:17:34.784[32m info [39m [caliper] [default-observer] 	[retail-transfer-low-40tps Round 1 Transaction Info] - Submitted: 1888 Succ: 1441 Fail:369 Unfinished:78
2026.09.17-11:17:37.114[31m error[39m [caliper] [connectors/peer-gateway/PeerGateway] 	Failed to perform submit transaction [Transfer] using arguments [wlt_c_20260917-pilot6_calibration-retail-transfer-low-2w-40tps-r1_retail-transfer-low_w0_43,wlt_c_20260917-pilot6_calibration-retail-transfer-low-2w-40tps-r1_retail-transfer-low_w0_93,1000,transfer_20260917-pilot6_calibration-retail-transfer-low-2w-40tps-r1_retail-transfer-low_w0_r1_954],  with error: Error: Failed to submit trasaction with status code: 11
2026.09.17-11:17:37.306[31m error[39m [caliper] [connectors/peer-gateway/PeerGateway] 	Failed to perform submit transaction [Transfer] using arguments [wlt_c_20260917-pilot6_calibration-retail-transfer-low-2w-40tps-r1_retail-transfer-low_w1_12,wlt_c_20260917-pilot6_calibration-retail-transfer-low-2w-40tps-r1_retail-transfer-low_w1_62,1000,transfer_20260917-pilot6_calibration-retail-transfer-low-2w-40tps-r1_retail-transfer-low_w1_r1_969],  with error: Error: Failed to submit trasaction with status code: 11
2026.09.17-11:17:37.312[31m error[39m [caliper] [connectors/peer-gateway/PeerGateway] 	Failed to perform submit transaction [Transfer] using arguments [wlt_c_20260917-pilot6_calibration-retail-transfer-low-2w-40tps-r1_retail-transfer-low_w1_6,wlt_c_20260917-pilot6_calibration-retail-transfer-low-2w-40tps-r1_retail-transfer-low_w1_56,1000,transfer_20260917-pilot6_calibration-retail-transfer-low-2w-40tps-r1_retail-transfer-low_w1_r1_964],  with error: Error: Failed to submit trasaction with status code: 11
2026.09.17-11:17:37.312[31m error[39m [caliper] [connectors/peer-gateway/PeerGateway] 	Failed to perform submit transaction [Transfer] using arguments [wlt_c_20260917-pilot6_calibration-retail-transfer-low-2w-40tps-r1_retail-transfer-low_w0_12,wlt_c_20260917-pilot6_calibration-retail-transfer-low-2w-40tps-r1_retail-transfer-low_w0_62,1000,transfer_20260917-pilot6_calibration-retail-transfer-low-2w-40tps-r1_retail-transfer-low_w0_r1_969],  with error: Error: Failed to submit trasaction with status code: 11
2026.09.17-11:17:37.547[31m error[39m [caliper] [connectors/peer-gateway/PeerGateway] 	Failed to perform submit transaction [Transfer] using arguments [wlt_c_20260917-pilot6_calibration-retail-transfer-low-2w-40tps-r1_retail-transfer-low_w1_11,wlt_c_20260917-pilot6_calibration-retail-transfer-low-2w-40tps-r1_retail-transfer-low_w1_61,1000,transfer_20260917-pilot6_calibration-retail-transfer-low-2w-40tps-r1_retail-transfer-low_w1_r1_968],  with error: Error: Failed to submit trasaction with status code: 11
2026.09.17-11:17:37.549[31m error[39m [caliper] [connectors/peer-gateway/PeerGateway] 	Failed to perform submit transaction [Transfer] using arguments [wlt_c_20260917-pilot6_calibration-retail-transfer-low-2w-40tps-r1_retail-transfer-low_w0_11,wlt_c_20260917-pilot6_calibration-retail-transfer-low-2w-40tps-r1_retail-transfer-low_w0_61,1000,transfer_20260917-pilot6_calibration-retail-transfer-low-2w-40tps-r1_retail-transfer-low_w0_r1_968],  with error: Error: Failed to submit trasaction with status code: 11
2026.09.17-11:17:37.550[31m error[39m [caliper] [connectors/peer-gateway/PeerGateway] 	Failed to perform submit transaction [Transfer] using arguments [wlt_c_20260917-pilot6_calibration-retail-transfer-low-2w-40tps-r1_retail-transfer-low_w0_8,wlt_c_20260917-pilot6_calibration-retail-transfer-low-2w-40tps-r1_retail-transfer-low_w0_58,1000,transfer_20260917-pilot6_calibration-retail-transfer-low-2w-40tps-r1_retail-transfer-low_w0_r1_966],  with error: Error: Failed to submit trasaction with status code: 11
2026.09.17-11:17:37.554[31m error[39m [caliper] [connectors/peer-gateway/PeerGateway] 	Failed to perform submit transaction [Transfer] using arguments [wlt_c_20260917-pilot6_calibration-retail-transfer-low-2w-40tps-r1_retail-transfer-low_w0_7,wlt_c_20260917-pilot6_calibration-retail-transfer-low-2w-40tps-r1_retail-transfer-low_w0_57,1000,transfer_20260917-pilot6_calibration-retail-transfer-low-2w-40tps-r1_retail-transfer-low_w0_r1_965],  with error: Error: Failed to submit trasaction with status code: 11
2026.09.17-11:17:37.783[31m error[39m [caliper] [connectors/peer-gateway/PeerGateway] 	Failed to perform submit transaction [Transfer] using arguments [wlt_c_20260917-pilot6_calibration-retail-transfer-low-2w-40tps-r1_retail-transfer-low_w0_6,wlt_c_20260917-pilot6_calibration-retail-transfer-low-2w-40tps-r1_retail-transfer-low_w0_56,1000,transfer_20260917-pilot6_calibration-retail-transfer-low-2w-40tps-r1_retail-transfer-low_w0_r1_964],  with error: Error: Failed to submit trasaction with status code: 11
2026.09.17-11:17:37.786[31m error[39m [caliper] [connectors/peer-gateway/PeerGateway] 	Failed to perform submit transaction [Transfer] using arguments [wlt_c_20260917-pilot6_calibration-retail-transfer-low-2w-40tps-r1_retail-transfer-low_w1_7,wlt_c_20260917-pilot6_calibration-retail-transfer-low-2w-40tps-r1_retail-transfer-low_w1_57,1000,transfer_20260917-pilot6_calibration-retail-transfer-low-2w-40tps-r1_retail-transfer-low_w1_r1_965],  with error: Error: Failed to submit trasaction with status code: 11
2026.09.17-11:17:37.786[31m error[39m [caliper] [connectors/peer-gateway/PeerGateway] 	Failed to perform submit transaction [Transfer] using arguments [wlt_c_20260917-pilot6_calibration-retail-transfer-low-2w-40tps-r1_retail-transfer-low_w1_9,wlt_c_20260917-pilot6_calibration-retail-transfer-low-2w-40tps-r1_retail-transfer-low_w1_59,1000,transfer_20260917-pilot6_calibration-retail-transfer-low-2w-40tps-r1_retail-transfer-low_w1_r1_967],  with error: Error: Failed to submit trasaction with status code: 11
2026.09.17-11:17:37.929[31m error[39m [caliper] [connectors/peer-gateway/PeerGateway] 	Failed to perform submit transaction [Transfer] using arguments [wlt_c_20260917-pilot6_calibration-retail-transfer-low-2w-40tps-r1_retail-transfer-low_w1_14,wlt_c_20260917-pilot6_calibration-retail-transfer-low-2w-40tps-r1_retail-transfer-low_w1_64,1000,transfer_20260917-pilot6_calibration-retail-transfer-low-2w-40tps-r1_retail-transfer-low_w1_r1_971],  with error: Error: Failed to submit trasaction with status code: 11
2026.09.17-11:17:37.929[31m error[39m [caliper] [connectors/peer-gateway/PeerGateway] 	Failed to perform submit transaction [Transfer] using arguments [wlt_c_20260917-pilot6_calibration-retail-transfer-low-2w-40tps-r1_retail-transfer-low_w0_14,wlt_c_20260917-pilot6_calibration-retail-transfer-low-2w-40tps-r1_retail-transfer-low_w0_64,1000,transfer_20260917-pilot6_calibration-retail-transfer-low-2w-40tps-r1_retail-transfer-low_w0_r1_971],  with error: Error: Failed to submit trasaction with status code: 11
2026.09.17-11:17:37.929[31m error[39m [caliper] [connectors/peer-gateway/PeerGateway] 	Failed to perform submit transaction [Transfer] using arguments [wlt_c_20260917-pilot6_calibration-retail-transfer-low-2w-40tps-r1_retail-transfer-low_w1_13,wlt_c_20260917-pilot6_calibration-retail-transfer-low-2w-40tps-r1_retail-transfer-low_w1_63,1000,transfer_20260917-pilot6_calibration-retail-transfer-low-2w-40tps-r1_retail-transfer-low_w1_r1_970],  with error: Error: Failed to submit trasaction with status code: 11
2026.09.17-11:17:37.929[31m error[39m [caliper] [connectors/peer-gateway/PeerGateway] 	Failed to perform submit transaction [Transfer] using arguments [wlt_c_20260917-pilot6_calibration-retail-transfer-low-2w-40tps-r1_retail-transfer-low_w0_21,wlt_c_20260917-pilot6_calibration-retail-transfer-low-2w-40tps-r1_retail-transfer-low_w0_71,1000,transfer_20260917-pilot6_calibration-retail-transfer-low-2w-40tps-r1_retail-transfer-low_w0_r1_976],  with error: Error: Failed to submit trasaction with status code: 11
2026.09.17-11:17:37.929[31m error[39m [caliper] [connectors/peer-gateway/PeerGateway] 	Failed to perform submit transaction [Transfer] using arguments [wlt_c_20260917-pilot6_calibration-retail-transfer-low-2w-40tps-r1_retail-transfer-low_w0_17,wlt_c_20260917-pilot6_calibration-retail-transfer-low-2w-40tps-r1_retail-transfer-low_w0_67,1000,transfer_20260917-pilot6_calibration-retail-transfer-low-2w-40tps-r1_retail-transfer-low_w0_r1_973],  with error: Error: Failed to submit trasaction with status code: 11
2026.09.17-11:17:37.932[31m error[39m [caliper] [connectors/peer-gateway/PeerGateway] 	Failed to perform submit transaction [Transfer] using arguments [wlt_c_20260917-pilot6_calibration-retail-transfer-low-2w-40tps-r1_retail-transfer-low_w0_19,wlt_c_20260917-pilot6_calibration-retail-transfer-low-2w-40tps-r1_retail-transfer-low_w0_69,1000,transfer_20260917-pilot6_calibration-retail-transfer-low-2w-40tps-r1_retail-transfer-low_w0_r1_975],  with error: Error: Failed to submit trasaction with status code: 11
2026.09.17-11:17:37.933[31m error[39m [caliper] [connectors/peer-gateway/PeerGateway] 	Failed to perform submit transaction [Transfer] using arguments [wlt_c_20260917-pilot6_calibration-retail-transfer-low-2w-40tps-r1_retail-transfer-low_w1_17,wlt_c_20260917-pilot6_calibration-retail-transfer-low-2w-40tps-r1_retail-transfer-low_w1_67,1000,transfer_20260917-pilot6_calibration-retail-transfer-low-2w-40tps-r1_retail-transfer-low_w1_r1_973],  with error: Error: Failed to submit trasaction with status code: 11
2026.09.17-11:17:37.934[31m error[39m [caliper] [connectors/peer-gateway/PeerGateway] 	Failed to perform submit transaction [Transfer] using arguments [wlt_c_20260917-pilot6_calibration-retail-transfer-low-2w-40tps-r1_retail-transfer-low_w1_18,wlt_c_20260917-pilot6_calibration-retail-transfer-low-2w-40tps-r1_retail-transfer-low_w1_68,1000,transfer_20260917-pilot6_calibration-retail-transfer-low-2w-40tps-r1_retail-transfer-low_w1_r1_974],  with error: Error: Failed to submit trasaction with status code: 11
2026.09.17-11:17:37.934[31m error[39m [caliper] [connectors/peer-gateway/PeerGateway] 	Failed to perform submit transaction [Transfer] using arguments [wlt_c_20260917-pilot6_calibration-retail-transfer-low-2w-40tps-r1_retail-transfer-low_w1_19,wlt_c_20260917-pilot6_calibration-retail-transfer-low-2w-40tps-r1_retail-transfer-low_w1_69,1000,transfer_20260917-pilot6_calibration-retail-transfer-low-2w-40tps-r1_retail-transfer-low_w1_r1_975],  with error: Error: Failed to submit trasaction with status code: 11
2026.09.17-11:17:38.052[31m error[39m [caliper] [connectors/peer-gateway/PeerGateway] 	Failed to perform submit transaction [Transfer] using arguments [wlt_c_20260917-pilot6_calibration-retail-transfer-low-2w-40tps-r1_retail-transfer-low_w0_26,wlt_c_20260917-pilot6_calibration-retail-transfer-low-2w-40tps-r1_retail-transfer-low_w0_76,1000,transfer_20260917-pilot6_calibration-retail-transfer-low-2w-40tps-r1_retail-transfer-low_w0_r1_980],  with error: Error: Failed to submit trasaction with status code: 11
2026.09.17-11:17:38.052[31m error[39m [caliper] [connectors/peer-gateway/PeerGateway] 	Failed to perform submit transaction [Transfer] using arguments [wlt_c_20260917-pilot6_calibration-retail-transfer-low-2w-40tps-r1_retail-transfer-low_w1_16,wlt_c_20260917-pilot6_calibration-retail-transfer-low-2w-40tps-r1_retail-transfer-low_w1_66,1000,transfer_20260917-pilot6_calibration-retail-transfer-low-2w-40tps-r1_retail-transfer-low_w1_r1_972],  with error: Error: Failed to submit trasaction with status code: 11
2026.09.17-11:17:38.052[31m error[39m [caliper] [connectors/peer-gateway/PeerGateway] 	Failed to perform submit transaction [Transfer] using arguments [wlt_c_20260917-pilot6_calibration-retail-transfer-low-2w-40tps-r1_retail-transfer-low_w0_16,wlt_c_20260917-pilot6_calibration-retail-transfer-low-2w-40tps-r1_retail-transfer-low_w0_66,1000,transfer_20260917-pilot6_calibration-retail-transfer-low-2w-40tps-r1_retail-transfer-low_w0_r1_972],  with error: Error: Failed to submit trasaction with status code: 11
2026.09.17-11:17:38.053[31m error[39m [caliper] [connectors/peer-gateway/PeerGateway] 	Failed to perform submit transaction [Transfer] using arguments [wlt_c_20260917-pilot6_calibration-retail-transfer-low-2w-40tps-r1_retail-transfer-low_w0_18,wlt_c_20260917-pilot6_calibration-retail-transfer-low-2w-40tps-r1_retail-transfer-low_w0_68,1000,transfer_20260917-pilot6_calibration-retail-transfer-low-2w-40tps-r1_retail-transfer-low_w0_r1_974],  with error: Error: Failed to submit trasaction with status code: 11
2026.09.17-11:17:38.054[31m error[39m [caliper] [connectors/peer-gateway/PeerGateway] 	Failed to perform submit transaction [Transfer] using arguments [wlt_c_20260917-pilot6_calibration-retail-transfer-low-2w-40tps-r1_retail-transfer-low_w0_23,wlt_c_20260917-pilot6_calibration-retail-transfer-low-2w-40tps-r1_retail-transfer-low_w0_73,1000,transfer_20260917-pilot6_calibration-retail-transfer-low-2w-40tps-r1_retail-transfer-low_w0_r1_978],  with error: Error: Failed to submit trasaction with status code: 11
2026.09.17-11:17:38.052[31m error[39m [caliper] [connectors/peer-gateway/PeerGateway] 	Failed to perform submit transaction [Transfer] using arguments [wlt_c_20260917-pilot6_calibration-retail-transfer-low-2w-40tps-r1_retail-transfer-low_w1_22,wlt_c_20260917-pilot6_calibration-retail-transfer-low-2w-40tps-r1_retail-transfer-low_w1_72,1000,transfer_20260917-pilot6_calibration-retail-transfer-low-2w-40tps-r1_retail-transfer-low_w1_r1_977],  with error: Error: Failed to submit trasaction with status code: 11
2026.09.17-11:17:38.055[31m error[39m [caliper] [connectors/peer-gateway/PeerGateway] 	Failed to perform submit transaction [Transfer] using arguments [wlt_c_20260917-pilot6_calibration-retail-transfer-low-2w-40tps-r1_retail-transfer-low_w1_23,wlt_c_20260917-pilot6_calibration-retail-transfer-low-2w-40tps-r1_retail-transfer-low_w1_73,1000,transfer_20260917-pilot6_calibration-retail-transfer-low-2w-40tps-r1_retail-transfer-low_w1_r1_978],  with error: Error: Failed to submit trasaction with status code: 11
2026.09.17-11:17:38.055[31m error[39m [caliper] [connectors/peer-gateway/PeerGateway] 	Failed to perform submit transaction [Transfer] using arguments [wlt_c_20260917-pilot6_calibration-retail-transfer-low-2w-40tps-r1_retail-transfer-low_w0_22,wlt_c_20260917-pilot6_calibration-retail-transfer-low-2w-40tps-r1_retail-transfer-low_w0_72,1000,transfer_20260917-pilot6_calibration-retail-transfer-low-2w-40tps-r1_retail-transfer-low_w0_r1_977],  with error: Error: Failed to submit trasaction with status code: 11
2026.09.17-11:17:38.055[31m error[39m [caliper] [connectors/peer-gateway/PeerGateway] 	Failed to perform submit transaction [Transfer] using arguments [wlt_c_20260917-pilot6_calibration-retail-transfer-low-2w-40tps-r1_retail-transfer-low_w1_27,wlt_c_20260917-pilot6_calibration-retail-transfer-low-2w-40tps-r1_retail-transfer-low_w1_77,1000,transfer_20260917-pilot6_calibration-retail-transfer-low-2w-40tps-r1_retail-transfer-low_w1_r1_981],  with error: Error: Failed to submit trasaction with status code: 11
2026.09.17-11:17:38.059[31m error[39m [caliper] [connectors/peer-gateway/PeerGateway] 	Failed to perform submit transaction [Transfer] using arguments [wlt_c_20260917-pilot6_calibration-retail-transfer-low-2w-40tps-r1_retail-transfer-low_w1_21,wlt_c_20260917-pilot6_calibration-retail-transfer-low-2w-40tps-r1_retail-transfer-low_w1_71,1000,transfer_20260917-pilot6_calibration-retail-transfer-low-2w-40tps-r1_retail-transfer-low_w1_r1_976],  with error: Error: Failed to submit trasaction with status code: 11
2026.09.17-11:17:38.198[31m error[39m [caliper] [connectors/peer-gateway/PeerGateway] 	Failed to perform submit transaction [Transfer] using arguments [wlt_c_20260917-pilot6_calibration-retail-transfer-low-2w-40tps-r1_retail-transfer-low_w0_24,wlt_c_20260917-pilot6_calibration-retail-transfer-low-2w-40tps-r1_retail-transfer-low_w0_74,1000,transfer_20260917-pilot6_calibration-retail-transfer-low-2w-40tps-r1_retail-transfer-low_w0_r1_979],  with error: Error: Failed to submit trasaction with status code: 11
2026.09.17-11:17:38.198[31m error[39m [caliper] [connectors/peer-gateway/PeerGateway] 	Failed to perform submit transaction [Transfer] using arguments [wlt_c_20260917-pilot6_calibration-retail-transfer-low-2w-40tps-r1_retail-transfer-low_w1_26,wlt_c_20260917-pilot6_calibration-retail-transfer-low-2w-40tps-r1_retail-transfer-low_w1_76,1000,transfer_20260917-pilot6_calibration-retail-transfer-low-2w-40tps-r1_retail-transfer-low_w1_r1_980],  with error: Error: Failed to submit trasaction with status code: 11
2026.09.17-11:17:38.198[31m error[39m [caliper] [connectors/peer-gateway/PeerGateway] 	Failed to perform submit transaction [Transfer] using arguments [wlt_c_20260917-pilot6_calibration-retail-transfer-low-2w-40tps-r1_retail-transfer-low_w0_27,wlt_c_20260917-pilot6_calibration-retail-transfer-low-2w-40tps-r1_retail-transfer-low_w0_77,1000,transfer_20260917-pilot6_calibration-retail-transfer-low-2w-40tps-r1_retail-transfer-low_w0_r1_981],  with error: Error: Failed to submit trasaction with status code: 11
2026.09.17-11:17:38.198[31m error[39m [caliper] [connectors/peer-gateway/PeerGateway] 	Failed to perform submit transaction [Transfer] using arguments [wlt_c_20260917-pilot6_calibration-retail-transfer-low-2w-40tps-r1_retail-transfer-low_w1_24,wlt_c_20260917-pilot6_calibration-retail-transfer-low-2w-40tps-r1_retail-transfer-low_w1_74,1000,transfer_20260917-pilot6_calibration-retail-transfer-low-2w-40tps-r1_retail-transfer-low_w1_r1_979],  with error: Error: Failed to submit trasaction with status code: 11
2026.09.17-11:17:38.198[31m error[39m [caliper] [connectors/peer-gateway/PeerGateway] 	Failed to perform submit transaction [Transfer] using arguments [wlt_c_20260917-pilot6_calibration-retail-transfer-low-2w-40tps-r1_retail-transfer-low_w0_28,wlt_c_20260917-pilot6_calibration-retail-transfer-low-2w-40tps-r1_retail-transfer-low_w0_78,1000,transfer_20260917-pilot6_calibration-retail-transfer-low-2w-40tps-r1_retail-transfer-low_w0_r1_982],  with error: Error: Failed to submit trasaction with status code: 11
2026.09.17-11:17:38.199[31m error[39m [caliper] [connectors/peer-gateway/PeerGateway] 	Failed to perform submit transaction [Transfer] using arguments [wlt_c_20260917-pilot6_calibration-retail-transfer-low-2w-40tps-r1_retail-transfer-low_w1_28,wlt_c_20260917-pilot6_calibration-retail-transfer-low-2w-40tps-r1_retail-transfer-low_w1_78,1000,transfer_20260917-pilot6_calibration-retail-transfer-low-2w-40tps-r1_retail-transfer-low_w1_r1_982],  with error: Error: Failed to submit trasaction with status code: 11
2026.09.17-11:17:38.199[31m error[39m [caliper] [connectors/peer-gateway/PeerGateway] 	Failed to perform submit transaction [Transfer] using arguments [wlt_c_20260917-pilot6_calibration-retail-transfer-low-2w-40tps-r1_retail-transfer-low_w0_29,wlt_c_20260917-pilot6_calibration-retail-transfer-low-2w-40tps-r1_retail-transfer-low_w0_79,1000,transfer_20260917-pilot6_calibration-retail-transfer-low-2w-40tps-r1_retail-transfer-low_w0_r1_983],  with error: Error: Failed to submit trasaction with status code: 11
2026.09.17-11:17:38.199[31m error[39m [caliper] [connectors/peer-gateway/PeerGateway] 	Failed to perform submit transaction [Transfer] using arguments [wlt_c_20260917-pilot6_calibration-retail-transfer-low-2w-40tps-r1_retail-transfer-low_w0_34,wlt_c_20260917-pilot6_calibration-retail-transfer-low-2w-40tps-r1_retail-transfer-low_w0_84,1000,transfer_20260917-pilot6_calibration-retail-transfer-low-2w-40tps-r1_retail-transfer-low_w0_r1_987],  with error: Error: Failed to submit trasaction with status code: 11
2026.09.17-11:17:38.199[31m error[39m [caliper] [connectors/peer-gateway/PeerGateway] 	Failed to perform submit transaction [Transfer] using arguments [wlt_c_20260917-pilot6_calibration-retail-transfer-low-2w-40tps-r1_retail-transfer-low_w1_32,wlt_c_20260917-pilot6_calibration-retail-transfer-low-2w-40tps-r1_retail-transfer-low_w1_82,1000,transfer_20260917-pilot6_calibration-retail-transfer-low-2w-40tps-r1_retail-transfer-low_w1_r1_985],  with error: Error: Failed to submit trasaction with status code: 11
2026.09.17-11:17:38.201[31m error[39m [caliper] [connectors/peer-gateway/PeerGateway] 	Failed to perform submit transaction [Transfer] using arguments [wlt_c_20260917-pilot6_calibration-retail-transfer-low-2w-40tps-r1_retail-transfer-low_w1_29,wlt_c_20260917-pilot6_calibration-retail-transfer-low-2w-40tps-r1_retail-transfer-low_w1_79,1000,transfer_20260917-pilot6_calibration-retail-transfer-low-2w-40tps-r1_retail-transfer-low_w1_r1_983],  with error: Error: Failed to submit trasaction with status code: 11
2026.09.17-11:17:38.291[31m error[39m [caliper] [connectors/peer-gateway/PeerGateway] 	Failed to perform submit transaction [Transfer] using arguments [wlt_c_20260917-pilot6_calibration-retail-transfer-low-2w-40tps-r1_retail-transfer-low_w0_37,wlt_c_20260917-pilot6_calibration-retail-transfer-low-2w-40tps-r1_retail-transfer-low_w0_87,1000,transfer_20260917-pilot6_calibration-retail-transfer-low-2w-40tps-r1_retail-transfer-low_w0_r1_989],  with error: Error: Failed to submit trasaction with status code: 11
2026.09.17-11:17:38.292[31m error[39m [caliper] [connectors/peer-gateway/PeerGateway] 	Failed to perform submit transaction [Transfer] using arguments [wlt_c_20260917-pilot6_calibration-retail-transfer-low-2w-40tps-r1_retail-transfer-low_w1_34,wlt_c_20260917-pilot6_calibration-retail-transfer-low-2w-40tps-r1_retail-transfer-low_w1_84,1000,transfer_20260917-pilot6_calibration-retail-transfer-low-2w-40tps-r1_retail-transfer-low_w1_r1_987],  with error: Error: Failed to submit trasaction with status code: 11
2026.09.17-11:17:38.293[31m error[39m [caliper] [connectors/peer-gateway/PeerGateway] 	Failed to perform submit transaction [Transfer] using arguments [wlt_c_20260917-pilot6_calibration-retail-transfer-low-2w-40tps-r1_retail-transfer-low_w0_32,wlt_c_20260917-pilot6_calibration-retail-transfer-low-2w-40tps-r1_retail-transfer-low_w0_82,1000,transfer_20260917-pilot6_calibration-retail-transfer-low-2w-40tps-r1_retail-transfer-low_w0_r1_985],  with error: Error: Failed to submit trasaction with status code: 11
2026.09.17-11:17:38.294[31m error[39m [caliper] [connectors/peer-gateway/PeerGateway] 	Failed to perform submit transaction [Transfer] using arguments [wlt_c_20260917-pilot6_calibration-retail-transfer-low-2w-40tps-r1_retail-transfer-low_w0_31,wlt_c_20260917-pilot6_calibration-retail-transfer-low-2w-40tps-r1_retail-transfer-low_w0_81,1000,transfer_20260917-pilot6_calibration-retail-transfer-low-2w-40tps-r1_retail-transfer-low_w0_r1_984],  with error: Error: Failed to submit trasaction with status code: 11
2026.09.17-11:17:38.294[31m error[39m [caliper] [connectors/peer-gateway/PeerGateway] 	Failed to perform submit transaction [Transfer] using arguments [wlt_c_20260917-pilot6_calibration-retail-transfer-low-2w-40tps-r1_retail-transfer-low_w0_36,wlt_c_20260917-pilot6_calibration-retail-transfer-low-2w-40tps-r1_retail-transfer-low_w0_86,1000,transfer_20260917-pilot6_calibration-retail-transfer-low-2w-40tps-r1_retail-transfer-low_w0_r1_988],  with error: Error: Failed to submit trasaction with status code: 11
2026.09.17-11:17:38.294[31m error[39m [caliper] [connectors/peer-gateway/PeerGateway] 	Failed to perform submit transaction [Transfer] using arguments [wlt_c_20260917-pilot6_calibration-retail-transfer-low-2w-40tps-r1_retail-transfer-low_w0_33,wlt_c_20260917-pilot6_calibration-retail-transfer-low-2w-40tps-r1_retail-transfer-low_w0_83,1000,transfer_20260917-pilot6_calibration-retail-transfer-low-2w-40tps-r1_retail-transfer-low_w0_r1_986],  with error: Error: Failed to submit trasaction with status code: 11
2026.09.17-11:17:38.294[31m error[39m [caliper] [connectors/peer-gateway/PeerGateway] 	Failed to perform submit transaction [Transfer] using arguments [wlt_c_20260917-pilot6_calibration-retail-transfer-low-2w-40tps-r1_retail-transfer-low_w1_33,wlt_c_20260917-pilot6_calibration-retail-transfer-low-2w-40tps-r1_retail-transfer-low_w1_83,1000,transfer_20260917-pilot6_calibration-retail-transfer-low-2w-40tps-r1_retail-transfer-low_w1_r1_986],  with error: Error: Failed to submit trasaction with status code: 11
2026.09.17-11:17:38.295[31m error[39m [caliper] [connectors/peer-gateway/PeerGateway] 	Failed to perform submit transaction [Transfer] using arguments [wlt_c_20260917-pilot6_calibration-retail-transfer-low-2w-40tps-r1_retail-transfer-low_w1_36,wlt_c_20260917-pilot6_calibration-retail-transfer-low-2w-40tps-r1_retail-transfer-low_w1_86,1000,transfer_20260917-pilot6_calibration-retail-transfer-low-2w-40tps-r1_retail-transfer-low_w1_r1_988],  with error: Error: Failed to submit trasaction with status code: 11
2026.09.17-11:17:38.295[31m error[39m [caliper] [connectors/peer-gateway/PeerGateway] 	Failed to perform submit transaction [Transfer] using arguments [wlt_c_20260917-pilot6_calibration-retail-transfer-low-2w-40tps-r1_retail-transfer-low_w1_38,wlt_c_20260917-pilot6_calibration-retail-transfer-low-2w-40tps-r1_retail-transfer-low_w1_88,1000,transfer_20260917-pilot6_calibration-retail-transfer-low-2w-40tps-r1_retail-transfer-low_w1_r1_990],  with error: Error: Failed to submit trasaction with status code: 11
2026.09.17-11:17:38.296[31m error[39m [caliper] [connectors/peer-gateway/PeerGateway] 	Failed to perform submit transaction [Transfer] using arguments [wlt_c_20260917-pilot6_calibration-retail-transfer-low-2w-40tps-r1_retail-transfer-low_w1_31,wlt_c_20260917-pilot6_calibration-retail-transfer-low-2w-40tps-r1_retail-transfer-low_w1_81,1000,transfer_20260917-pilot6_calibration-retail-transfer-low-2w-40tps-r1_retail-transfer-low_w1_r1_984],  with error: Error: Failed to submit trasaction with status code: 11
2026.09.17-11:17:38.423[31m error[39m [caliper] [connectors/peer-gateway/PeerGateway] 	Failed to perform submit transaction [Transfer] using arguments [wlt_c_20260917-pilot6_calibration-retail-transfer-low-2w-40tps-r1_retail-transfer-low_w1_44,wlt_c_20260917-pilot6_calibration-retail-transfer-low-2w-40tps-r1_retail-transfer-low_w1_94,1000,transfer_20260917-pilot6_calibration-retail-transfer-low-2w-40tps-r1_retail-transfer-low_w1_r1_995],  with error: Error: Failed to submit trasaction with status code: 11
2026.09.17-11:17:38.423[31m error[39m [caliper] [connectors/peer-gateway/PeerGateway] 	Failed to perform submit transaction [Transfer] using arguments [wlt_c_20260917-pilot6_calibration-retail-transfer-low-2w-40tps-r1_retail-transfer-low_w1_41,wlt_c_20260917-pilot6_calibration-retail-transfer-low-2w-40tps-r1_retail-transfer-low_w1_91,1000,transfer_20260917-pilot6_calibration-retail-transfer-low-2w-40tps-r1_retail-transfer-low_w1_r1_992],  with error: Error: Failed to submit trasaction with status code: 11
2026.09.17-11:17:38.423[31m error[39m [caliper] [connectors/peer-gateway/PeerGateway] 	Failed to perform submit transaction [Transfer] using arguments [wlt_c_20260917-pilot6_calibration-retail-transfer-low-2w-40tps-r1_retail-transfer-low_w0_39,wlt_c_20260917-pilot6_calibration-retail-transfer-low-2w-40tps-r1_retail-transfer-low_w0_89,1000,transfer_20260917-pilot6_calibration-retail-transfer-low-2w-40tps-r1_retail-transfer-low_w0_r1_991],  with error: Error: Failed to submit trasaction with status code: 11
2026.09.17-11:17:38.424[31m error[39m [caliper] [connectors/peer-gateway/PeerGateway] 	Failed to perform submit transaction [Transfer] using arguments [wlt_c_20260917-pilot6_calibration-retail-transfer-low-2w-40tps-r1_retail-transfer-low_w1_42,wlt_c_20260917-pilot6_calibration-retail-transfer-low-2w-40tps-r1_retail-transfer-low_w1_92,1000,transfer_20260917-pilot6_calibration-retail-transfer-low-2w-40tps-r1_retail-transfer-low_w1_r1_993],  with error: Error: Failed to submit trasaction with status code: 11
2026.09.17-11:17:38.424[31m error[39m [caliper] [connectors/peer-gateway/PeerGateway] 	Failed to perform submit transaction [Transfer] using arguments [wlt_c_20260917-pilot6_calibration-retail-transfer-low-2w-40tps-r1_retail-transfer-low_w0_38,wlt_c_20260917-pilot6_calibration-retail-transfer-low-2w-40tps-r1_retail-transfer-low_w0_88,1000,transfer_20260917-pilot6_calibration-retail-transfer-low-2w-40tps-r1_retail-transfer-low_w0_r1_990],  with error: Error: Failed to submit trasaction with status code: 11
2026.09.17-11:17:38.424[31m error[39m [caliper] [connectors/peer-gateway/PeerGateway] 	Failed to perform submit transaction [Transfer] using arguments [wlt_c_20260917-pilot6_calibration-retail-transfer-low-2w-40tps-r1_retail-transfer-low_w1_39,wlt_c_20260917-pilot6_calibration-retail-transfer-low-2w-40tps-r1_retail-transfer-low_w1_89,1000,transfer_20260917-pilot6_calibration-retail-transfer-low-2w-40tps-r1_retail-transfer-low_w1_r1_991],  with error: Error: Failed to submit trasaction with status code: 11
2026.09.17-11:17:38.424[31m error[39m [caliper] [connectors/peer-gateway/PeerGateway] 	Failed to perform submit transaction [Transfer] using arguments [wlt_c_20260917-pilot6_calibration-retail-transfer-low-2w-40tps-r1_retail-transfer-low_w0_41,wlt_c_20260917-pilot6_calibration-retail-transfer-low-2w-40tps-r1_retail-transfer-low_w0_91,1000,transfer_20260917-pilot6_calibration-retail-transfer-low-2w-40tps-r1_retail-transfer-low_w0_r1_992],  with error: Error: Failed to submit trasaction with status code: 11
2026.09.17-11:17:38.424[31m error[39m [caliper] [connectors/peer-gateway/PeerGateway] 	Failed to perform submit transaction [Transfer] using arguments [wlt_c_20260917-pilot6_calibration-retail-transfer-low-2w-40tps-r1_retail-transfer-low_w1_37,wlt_c_20260917-pilot6_calibration-retail-transfer-low-2w-40tps-r1_retail-transfer-low_w1_87,1000,transfer_20260917-pilot6_calibration-retail-transfer-low-2w-40tps-r1_retail-transfer-low_w1_r1_989],  with error: Error: Failed to submit trasaction with status code: 11
2026.09.17-11:17:38.424[31m error[39m [caliper] [connectors/peer-gateway/PeerGateway] 	Failed to perform submit transaction [Transfer] using arguments [wlt_c_20260917-pilot6_calibration-retail-transfer-low-2w-40tps-r1_retail-transfer-low_w0_42,wlt_c_20260917-pilot6_calibration-retail-transfer-low-2w-40tps-r1_retail-transfer-low_w0_92,1000,transfer_20260917-pilot6_calibration-retail-transfer-low-2w-40tps-r1_retail-transfer-low_w0_r1_993],  with error: Error: Failed to submit trasaction with status code: 11
2026.09.17-11:17:38.425[31m error[39m [caliper] [connectors/peer-gateway/PeerGateway] 	Failed to perform submit transaction [Transfer] using arguments [wlt_c_20260917-pilot6_calibration-retail-transfer-low-2w-40tps-r1_retail-transfer-low_w1_48,wlt_c_20260917-pilot6_calibration-retail-transfer-low-2w-40tps-r1_retail-transfer-low_w1_98,1000,transfer_20260917-pilot6_calibration-retail-transfer-low-2w-40tps-r1_retail-transfer-low_w1_r1_998],  with error: Error: Failed to submit trasaction with status code: 11
2026.09.17-11:17:38.595[31m error[39m [caliper] [connectors/peer-gateway/PeerGateway] 	Failed to perform submit transaction [Transfer] using arguments [wlt_c_20260917-pilot6_calibration-retail-transfer-low-2w-40tps-r1_retail-transfer-low_w1_46,wlt_c_20260917-pilot6_calibration-retail-transfer-low-2w-40tps-r1_retail-transfer-low_w1_96,1000,transfer_20260917-pilot6_calibration-retail-transfer-low-2w-40tps-r1_retail-transfer-low_w1_r1_996],  with error: Error: Failed to submit trasaction with status code: 11
2026.09.17-11:17:38.596[31m error[39m [caliper] [connectors/peer-gateway/PeerGateway] 	Failed to perform submit transaction [Transfer] using arguments [wlt_c_20260917-pilot6_calibration-retail-transfer-low-2w-40tps-r1_retail-transfer-low_w1_43,wlt_c_20260917-pilot6_calibration-retail-transfer-low-2w-40tps-r1_retail-transfer-low_w1_93,1000,transfer_20260917-pilot6_calibration-retail-transfer-low-2w-40tps-r1_retail-transfer-low_w1_r1_994],  with error: Error: Failed to submit trasaction with status code: 11
2026.09.17-11:17:38.598[31m error[39m [caliper] [connectors/peer-gateway/PeerGateway] 	Failed to perform submit transaction [Transfer] using arguments [wlt_c_20260917-pilot6_calibration-retail-transfer-low-2w-40tps-r1_retail-transfer-low_w1_49,wlt_c_20260917-pilot6_calibration-retail-transfer-low-2w-40tps-r1_retail-transfer-low_w1_99,1000,transfer_20260917-pilot6_calibration-retail-transfer-low-2w-40tps-r1_retail-transfer-low_w1_r1_999],  with error: Error: Failed to submit trasaction with status code: 11
2026.09.17-11:17:38.598[31m error[39m [caliper] [connectors/peer-gateway/PeerGateway] 	Failed to perform submit transaction [Transfer] using arguments [wlt_c_20260917-pilot6_calibration-retail-transfer-low-2w-40tps-r1_retail-transfer-low_w1_47,wlt_c_20260917-pilot6_calibration-retail-transfer-low-2w-40tps-r1_retail-transfer-low_w1_97,1000,transfer_20260917-pilot6_calibration-retail-transfer-low-2w-40tps-r1_retail-transfer-low_w1_r1_997],  with error: Error: Failed to submit trasaction with status code: 11
2026.09.17-11:17:38.598[31m error[39m [caliper] [connectors/peer-gateway/PeerGateway] 	Failed to perform submit transaction [Transfer] using arguments [wlt_c_20260917-pilot6_calibration-retail-transfer-low-2w-40tps-r1_retail-transfer-low_w0_48,wlt_c_20260917-pilot6_calibration-retail-transfer-low-2w-40tps-r1_retail-transfer-low_w0_98,1000,transfer_20260917-pilot6_calibration-retail-transfer-low-2w-40tps-r1_retail-transfer-low_w0_r1_998],  with error: Error: Failed to submit trasaction with status code: 11
2026.09.17-11:17:38.599[31m error[39m [caliper] [connectors/peer-gateway/PeerGateway] 	Failed to perform submit transaction [Transfer] using arguments [wlt_c_20260917-pilot6_calibration-retail-transfer-low-2w-40tps-r1_retail-transfer-low_w0_49,wlt_c_20260917-pilot6_calibration-retail-transfer-low-2w-40tps-r1_retail-transfer-low_w0_99,1000,transfer_20260917-pilot6_calibration-retail-transfer-low-2w-40tps-r1_retail-transfer-low_w0_r1_999],  with error: Error: Failed to submit trasaction with status code: 11
2026.09.17-11:17:38.599[31m error[39m [caliper] [connectors/peer-gateway/PeerGateway] 	Failed to perform submit transaction [Transfer] using arguments [wlt_c_20260917-pilot6_calibration-retail-transfer-low-2w-40tps-r1_retail-transfer-low_w0_44,wlt_c_20260917-pilot6_calibration-retail-transfer-low-2w-40tps-r1_retail-transfer-low_w0_94,1000,transfer_20260917-pilot6_calibration-retail-transfer-low-2w-40tps-r1_retail-transfer-low_w0_r1_995],  with error: Error: Failed to submit trasaction with status code: 11
2026.09.17-11:17:38.599[31m error[39m [caliper] [connectors/peer-gateway/PeerGateway] 	Failed to perform submit transaction [Transfer] using arguments [wlt_c_20260917-pilot6_calibration-retail-transfer-low-2w-40tps-r1_retail-transfer-low_w0_46,wlt_c_20260917-pilot6_calibration-retail-transfer-low-2w-40tps-r1_retail-transfer-low_w0_96,1000,transfer_20260917-pilot6_calibration-retail-transfer-low-2w-40tps-r1_retail-transfer-low_w0_r1_996],  with error: Error: Failed to submit trasaction with status code: 11
2026.09.17-11:17:38.599[31m error[39m [caliper] [connectors/peer-gateway/PeerGateway] 	Failed to perform submit transaction [Transfer] using arguments [wlt_c_20260917-pilot6_calibration-retail-transfer-low-2w-40tps-r1_retail-transfer-low_w0_47,wlt_c_20260917-pilot6_calibration-retail-transfer-low-2w-40tps-r1_retail-transfer-low_w0_97,1000,transfer_20260917-pilot6_calibration-retail-transfer-low-2w-40tps-r1_retail-transfer-low_w0_r1_997],  with error: Error: Failed to submit trasaction with status code: 11
2026.09.17-11:17:38.878[31m error[39m [caliper] [connectors/peer-gateway/PeerGateway] 	Failed to perform submit transaction [Transfer] using arguments [wlt_c_20260917-pilot6_calibration-retail-transfer-low-2w-40tps-r1_retail-transfer-low_w1_4,wlt_c_20260917-pilot6_calibration-retail-transfer-low-2w-40tps-r1_retail-transfer-low_w1_54,1000,transfer_20260917-pilot6_calibration-retail-transfer-low-2w-40tps-r1_retail-transfer-low_w1_r1_1003],  with error: Error: Failed to submit trasaction with status code: 11
2026.09.17-11:17:38.879[31m error[39m [caliper] [connectors/peer-gateway/PeerGateway] 	Failed to perform submit transaction [Transfer] using arguments [wlt_c_20260917-pilot6_calibration-retail-transfer-low-2w-40tps-r1_retail-transfer-low_w0_4,wlt_c_20260917-pilot6_calibration-retail-transfer-low-2w-40tps-r1_retail-transfer-low_w0_54,1000,transfer_20260917-pilot6_calibration-retail-transfer-low-2w-40tps-r1_retail-transfer-low_w0_r1_1003],  with error: Error: Failed to submit trasaction with status code: 11
2026.09.17-11:17:38.880[31m error[39m [caliper] [connectors/peer-gateway/PeerGateway] 	Failed to perform submit transaction [Transfer] using arguments [wlt_c_20260917-pilot6_calibration-retail-transfer-low-2w-40tps-r1_retail-transfer-low_w0_2,wlt_c_20260917-pilot6_calibration-retail-transfer-low-2w-40tps-r1_retail-transfer-low_w0_52,1000,transfer_20260917-pilot6_calibration-retail-transfer-low-2w-40tps-r1_retail-transfer-low_w0_r1_1001],  with error: Error: Failed to submit trasaction with status code: 11
2026.09.17-11:17:38.881[31m error[39m [caliper] [connectors/peer-gateway/PeerGateway] 	Failed to perform submit transaction [Transfer] using arguments [wlt_c_20260917-pilot6_calibration-retail-transfer-low-2w-40tps-r1_retail-transfer-low_w0_1,wlt_c_20260917-pilot6_calibration-retail-transfer-low-2w-40tps-r1_retail-transfer-low_w0_51,1000,transfer_20260917-pilot6_calibration-retail-transfer-low-2w-40tps-r1_retail-transfer-low_w0_r1_1000],  with error: Error: Failed to submit trasaction with status code: 11
2026.09.17-11:17:38.882[31m error[39m [caliper] [connectors/peer-gateway/PeerGateway] 	Failed to perform submit transaction [Transfer] using arguments [wlt_c_20260917-pilot6_calibration-retail-transfer-low-2w-40tps-r1_retail-transfer-low_w1_3,wlt_c_20260917-pilot6_calibration-retail-transfer-low-2w-40tps-r1_retail-transfer-low_w1_53,1000,transfer_20260917-pilot6_calibration-retail-transfer-low-2w-40tps-r1_retail-transfer-low_w1_r1_1002],  with error: Error: Failed to submit trasaction with status code: 11
2026.09.17-11:17:38.883[31m error[39m [caliper] [connectors/peer-gateway/PeerGateway] 	Failed to perform submit transaction [Transfer] using arguments [wlt_c_20260917-pilot6_calibration-retail-transfer-low-2w-40tps-r1_retail-transfer-low_w1_2,wlt_c_20260917-pilot6_calibration-retail-transfer-low-2w-40tps-r1_retail-transfer-low_w1_52,1000,transfer_20260917-pilot6_calibration-retail-transfer-low-2w-40tps-r1_retail-transfer-low_w1_r1_1001],  with error: Error: Failed to submit trasaction with status code: 11
2026.09.17-11:17:38.884[31m error[39m [caliper] [connectors/peer-gateway/PeerGateway] 	Failed to perform submit transaction [Transfer] using arguments [wlt_c_20260917-pilot6_calibration-retail-transfer-low-2w-40tps-r1_retail-transfer-low_w0_3,wlt_c_20260917-pilot6_calibration-retail-transfer-low-2w-40tps-r1_retail-transfer-low_w0_53,1000,transfer_20260917-pilot6_calibration-retail-transfer-low-2w-40tps-r1_retail-transfer-low_w0_r1_1002],  with error: Error: Failed to submit trasaction with status code: 11
2026.09.17-11:17:38.893[31m error[39m [caliper] [connectors/peer-gateway/PeerGateway] 	Failed to perform submit transaction [Transfer] using arguments [wlt_c_20260917-pilot6_calibration-retail-transfer-low-2w-40tps-r1_retail-transfer-low_w1_1,wlt_c_20260917-pilot6_calibration-retail-transfer-low-2w-40tps-r1_retail-transfer-low_w1_51,1000,transfer_20260917-pilot6_calibration-retail-transfer-low-2w-40tps-r1_retail-transfer-low_w1_r1_1000],  with error: Error: Failed to submit trasaction with status code: 11
2026.09.17-11:17:39.134[31m error[39m [caliper] [connectors/peer-gateway/PeerGateway] 	Failed to perform submit transaction [Transfer] using arguments [wlt_c_20260917-pilot6_calibration-retail-transfer-low-2w-40tps-r1_retail-transfer-low_w0_13,wlt_c_20260917-pilot6_calibration-retail-transfer-low-2w-40tps-r1_retail-transfer-low_w0_63,1000,transfer_20260917-pilot6_calibration-retail-transfer-low-2w-40tps-r1_retail-transfer-low_w0_r1_1010],  with error: Error: Failed to submit trasaction with status code: 11
2026.09.17-11:17:39.142[31m error[39m [caliper] [connectors/peer-gateway/PeerGateway] 	Failed to perform submit transaction [Transfer] using arguments [wlt_c_20260917-pilot6_calibration-retail-transfer-low-2w-40tps-r1_retail-transfer-low_w1_8,wlt_c_20260917-pilot6_calibration-retail-transfer-low-2w-40tps-r1_retail-transfer-low_w1_58,1000,transfer_20260917-pilot6_calibration-retail-transfer-low-2w-40tps-r1_retail-transfer-low_w1_r1_1006],  with error: Error: Failed to submit trasaction with status code: 11
2026.09.17-11:17:39.148[31m error[39m [caliper] [connectors/peer-gateway/PeerGateway] 	Failed to perform submit transaction [Transfer] using arguments [wlt_c_20260917-pilot6_calibration-retail-transfer-low-2w-40tps-r1_retail-transfer-low_w0_9,wlt_c_20260917-pilot6_calibration-retail-transfer-low-2w-40tps-r1_retail-transfer-low_w0_59,1000,transfer_20260917-pilot6_calibration-retail-transfer-low-2w-40tps-r1_retail-transfer-low_w0_r1_1007],  with error: Error: Failed to submit trasaction with status code: 11
2026.09.17-11:17:39.785[32m info [39m [caliper] [default-observer] 	[retail-transfer-low-40tps Round 1 Transaction Info] - Submitted: 2088 Succ: 1564 Fail:446 Unfinished:78
2026.09.17-11:17:43.696[31m error[39m [caliper] [connectors/peer-gateway/PeerGateway] 	Failed to perform submit transaction [Transfer] using arguments [wlt_c_20260917-pilot6_calibration-retail-transfer-low-2w-40tps-r1_retail-transfer-low_w0_44,wlt_c_20260917-pilot6_calibration-retail-transfer-low-2w-40tps-r1_retail-transfer-low_w0_94,1000,transfer_20260917-pilot6_calibration-retail-transfer-low-2w-40tps-r1_retail-transfer-low_w0_r1_1075],  with error: Error: Failed to submit trasaction with status code: 11
2026.09.17-11:17:43.696[31m error[39m [caliper] [connectors/peer-gateway/PeerGateway] 	Failed to perform submit transaction [Transfer] using arguments [wlt_c_20260917-pilot6_calibration-retail-transfer-low-2w-40tps-r1_retail-transfer-low_w1_44,wlt_c_20260917-pilot6_calibration-retail-transfer-low-2w-40tps-r1_retail-transfer-low_w1_94,1000,transfer_20260917-pilot6_calibration-retail-transfer-low-2w-40tps-r1_retail-transfer-low_w1_r1_1075],  with error: Error: Failed to submit trasaction with status code: 11
2026.09.17-11:17:43.698[31m error[39m [caliper] [connectors/peer-gateway/PeerGateway] 	Failed to perform submit transaction [Transfer] using arguments [wlt_c_20260917-pilot6_calibration-retail-transfer-low-2w-40tps-r1_retail-transfer-low_w0_2,wlt_c_20260917-pilot6_calibration-retail-transfer-low-2w-40tps-r1_retail-transfer-low_w0_52,1000,transfer_20260917-pilot6_calibration-retail-transfer-low-2w-40tps-r1_retail-transfer-low_w0_r1_1081],  with error: Error: Failed to submit trasaction with status code: 11
2026.09.17-11:17:43.703[31m error[39m [caliper] [connectors/peer-gateway/PeerGateway] 	Failed to perform submit transaction [Transfer] using arguments [wlt_c_20260917-pilot6_calibration-retail-transfer-low-2w-40tps-r1_retail-transfer-low_w1_1,wlt_c_20260917-pilot6_calibration-retail-transfer-low-2w-40tps-r1_retail-transfer-low_w1_51,1000,transfer_20260917-pilot6_calibration-retail-transfer-low-2w-40tps-r1_retail-transfer-low_w1_r1_1080],  with error: Error: Failed to submit trasaction with status code: 11
2026.09.17-11:17:43.929[31m error[39m [caliper] [connectors/peer-gateway/PeerGateway] 	Failed to perform submit transaction [Transfer] using arguments [wlt_c_20260917-pilot6_calibration-retail-transfer-low-2w-40tps-r1_retail-transfer-low_w1_3,wlt_c_20260917-pilot6_calibration-retail-transfer-low-2w-40tps-r1_retail-transfer-low_w1_53,1000,transfer_20260917-pilot6_calibration-retail-transfer-low-2w-40tps-r1_retail-transfer-low_w1_r1_1082],  with error: Error: Failed to submit trasaction with status code: 11
2026.09.17-11:17:43.930[31m error[39m [caliper] [connectors/peer-gateway/PeerGateway] 	Failed to perform submit transaction [Transfer] using arguments [wlt_c_20260917-pilot6_calibration-retail-transfer-low-2w-40tps-r1_retail-transfer-low_w0_3,wlt_c_20260917-pilot6_calibration-retail-transfer-low-2w-40tps-r1_retail-transfer-low_w0_53,1000,transfer_20260917-pilot6_calibration-retail-transfer-low-2w-40tps-r1_retail-transfer-low_w0_r1_1082],  with error: Error: Failed to submit trasaction with status code: 11
2026.09.17-11:17:43.930[31m error[39m [caliper] [connectors/peer-gateway/PeerGateway] 	Failed to perform submit transaction [Transfer] using arguments [wlt_c_20260917-pilot6_calibration-retail-transfer-low-2w-40tps-r1_retail-transfer-low_w0_1,wlt_c_20260917-pilot6_calibration-retail-transfer-low-2w-40tps-r1_retail-transfer-low_w0_51,1000,transfer_20260917-pilot6_calibration-retail-transfer-low-2w-40tps-r1_retail-transfer-low_w0_r1_1080],  with error: Error: Failed to submit trasaction with status code: 11
2026.09.17-11:17:43.930[31m error[39m [caliper] [connectors/peer-gateway/PeerGateway] 	Failed to perform submit transaction [Transfer] using arguments [wlt_c_20260917-pilot6_calibration-retail-transfer-low-2w-40tps-r1_retail-transfer-low_w1_2,wlt_c_20260917-pilot6_calibration-retail-transfer-low-2w-40tps-r1_retail-transfer-low_w1_52,1000,transfer_20260917-pilot6_calibration-retail-transfer-low-2w-40tps-r1_retail-transfer-low_w1_r1_1081],  with error: Error: Failed to submit trasaction with status code: 11
2026.09.17-11:17:43.934[31m error[39m [caliper] [connectors/peer-gateway/PeerGateway] 	Failed to perform submit transaction [Transfer] using arguments [wlt_c_20260917-pilot6_calibration-retail-transfer-low-2w-40tps-r1_retail-transfer-low_w1_9,wlt_c_20260917-pilot6_calibration-retail-transfer-low-2w-40tps-r1_retail-transfer-low_w1_59,1000,transfer_20260917-pilot6_calibration-retail-transfer-low-2w-40tps-r1_retail-transfer-low_w1_r1_1087],  with error: Error: Failed to submit trasaction with status code: 11
2026.09.17-11:17:44.114[31m error[39m [caliper] [connectors/peer-gateway/PeerGateway] 	Failed to perform submit transaction [Transfer] using arguments [wlt_c_20260917-pilot6_calibration-retail-transfer-low-2w-40tps-r1_retail-transfer-low_w1_11,wlt_c_20260917-pilot6_calibration-retail-transfer-low-2w-40tps-r1_retail-transfer-low_w1_61,1000,transfer_20260917-pilot6_calibration-retail-transfer-low-2w-40tps-r1_retail-transfer-low_w1_r1_1088],  with error: Error: Failed to submit trasaction with status code: 11
2026.09.17-11:17:44.117[31m error[39m [caliper] [connectors/peer-gateway/PeerGateway] 	Failed to perform submit transaction [Transfer] using arguments [wlt_c_20260917-pilot6_calibration-retail-transfer-low-2w-40tps-r1_retail-transfer-low_w1_13,wlt_c_20260917-pilot6_calibration-retail-transfer-low-2w-40tps-r1_retail-transfer-low_w1_63,1000,transfer_20260917-pilot6_calibration-retail-transfer-low-2w-40tps-r1_retail-transfer-low_w1_r1_1090],  with error: Error: Failed to submit trasaction with status code: 11
2026.09.17-11:17:44.117[31m error[39m [caliper] [connectors/peer-gateway/PeerGateway] 	Failed to perform submit transaction [Transfer] using arguments [wlt_c_20260917-pilot6_calibration-retail-transfer-low-2w-40tps-r1_retail-transfer-low_w1_7,wlt_c_20260917-pilot6_calibration-retail-transfer-low-2w-40tps-r1_retail-transfer-low_w1_57,1000,transfer_20260917-pilot6_calibration-retail-transfer-low-2w-40tps-r1_retail-transfer-low_w1_r1_1085],  with error: Error: Failed to submit trasaction with status code: 11
2026.09.17-11:17:44.118[31m error[39m [caliper] [connectors/peer-gateway/PeerGateway] 	Failed to perform submit transaction [Transfer] using arguments [wlt_c_20260917-pilot6_calibration-retail-transfer-low-2w-40tps-r1_retail-transfer-low_w1_12,wlt_c_20260917-pilot6_calibration-retail-transfer-low-2w-40tps-r1_retail-transfer-low_w1_62,1000,transfer_20260917-pilot6_calibration-retail-transfer-low-2w-40tps-r1_retail-transfer-low_w1_r1_1089],  with error: Error: Failed to submit trasaction with status code: 11
2026.09.17-11:17:44.120[31m error[39m [caliper] [connectors/peer-gateway/PeerGateway] 	Failed to perform submit transaction [Transfer] using arguments [wlt_c_20260917-pilot6_calibration-retail-transfer-low-2w-40tps-r1_retail-transfer-low_w0_8,wlt_c_20260917-pilot6_calibration-retail-transfer-low-2w-40tps-r1_retail-transfer-low_w0_58,1000,transfer_20260917-pilot6_calibration-retail-transfer-low-2w-40tps-r1_retail-transfer-low_w0_r1_1086],  with error: Error: Failed to submit trasaction with status code: 11
2026.09.17-11:17:44.120[31m error[39m [caliper] [connectors/peer-gateway/PeerGateway] 	Failed to perform submit transaction [Transfer] using arguments [wlt_c_20260917-pilot6_calibration-retail-transfer-low-2w-40tps-r1_retail-transfer-low_w0_12,wlt_c_20260917-pilot6_calibration-retail-transfer-low-2w-40tps-r1_retail-transfer-low_w0_62,1000,transfer_20260917-pilot6_calibration-retail-transfer-low-2w-40tps-r1_retail-transfer-low_w0_r1_1089],  with error: Error: Failed to submit trasaction with status code: 11
2026.09.17-11:17:44.120[31m error[39m [caliper] [connectors/peer-gateway/PeerGateway] 	Failed to perform submit transaction [Transfer] using arguments [wlt_c_20260917-pilot6_calibration-retail-transfer-low-2w-40tps-r1_retail-transfer-low_w0_11,wlt_c_20260917-pilot6_calibration-retail-transfer-low-2w-40tps-r1_retail-transfer-low_w0_61,1000,transfer_20260917-pilot6_calibration-retail-transfer-low-2w-40tps-r1_retail-transfer-low_w0_r1_1088],  with error: Error: Failed to submit trasaction with status code: 11
2026.09.17-11:17:44.121[31m error[39m [caliper] [connectors/peer-gateway/PeerGateway] 	Failed to perform submit transaction [Transfer] using arguments [wlt_c_20260917-pilot6_calibration-retail-transfer-low-2w-40tps-r1_retail-transfer-low_w0_9,wlt_c_20260917-pilot6_calibration-retail-transfer-low-2w-40tps-r1_retail-transfer-low_w0_59,1000,transfer_20260917-pilot6_calibration-retail-transfer-low-2w-40tps-r1_retail-transfer-low_w0_r1_1087],  with error: Error: Failed to submit trasaction with status code: 11
2026.09.17-11:17:44.122[31m error[39m [caliper] [connectors/peer-gateway/PeerGateway] 	Failed to perform submit transaction [Transfer] using arguments [wlt_c_20260917-pilot6_calibration-retail-transfer-low-2w-40tps-r1_retail-transfer-low_w0_7,wlt_c_20260917-pilot6_calibration-retail-transfer-low-2w-40tps-r1_retail-transfer-low_w0_57,1000,transfer_20260917-pilot6_calibration-retail-transfer-low-2w-40tps-r1_retail-transfer-low_w0_r1_1085],  with error: Error: Failed to submit trasaction with status code: 11
2026.09.17-11:17:44.233[31m error[39m [caliper] [connectors/peer-gateway/PeerGateway] 	Failed to perform submit transaction [Transfer] using arguments [wlt_c_20260917-pilot6_calibration-retail-transfer-low-2w-40tps-r1_retail-transfer-low_w1_14,wlt_c_20260917-pilot6_calibration-retail-transfer-low-2w-40tps-r1_retail-transfer-low_w1_64,1000,transfer_20260917-pilot6_calibration-retail-transfer-low-2w-40tps-r1_retail-transfer-low_w1_r1_1091],  with error: Error: Failed to submit trasaction with status code: 11
2026.09.17-11:17:44.235[31m error[39m [caliper] [connectors/peer-gateway/PeerGateway] 	Failed to perform submit transaction [Transfer] using arguments [wlt_c_20260917-pilot6_calibration-retail-transfer-low-2w-40tps-r1_retail-transfer-low_w1_21,wlt_c_20260917-pilot6_calibration-retail-transfer-low-2w-40tps-r1_retail-transfer-low_w1_71,1000,transfer_20260917-pilot6_calibration-retail-transfer-low-2w-40tps-r1_retail-transfer-low_w1_r1_1096],  with error: Error: Failed to submit trasaction with status code: 11
2026.09.17-11:17:44.236[31m error[39m [caliper] [connectors/peer-gateway/PeerGateway] 	Failed to perform submit transaction [Transfer] using arguments [wlt_c_20260917-pilot6_calibration-retail-transfer-low-2w-40tps-r1_retail-transfer-low_w1_22,wlt_c_20260917-pilot6_calibration-retail-transfer-low-2w-40tps-r1_retail-transfer-low_w1_72,1000,transfer_20260917-pilot6_calibration-retail-transfer-low-2w-40tps-r1_retail-transfer-low_w1_r1_1097],  with error: Error: Failed to submit trasaction with status code: 11
2026.09.17-11:17:44.236[31m error[39m [caliper] [connectors/peer-gateway/PeerGateway] 	Failed to perform submit transaction [Transfer] using arguments [wlt_c_20260917-pilot6_calibration-retail-transfer-low-2w-40tps-r1_retail-transfer-low_w1_8,wlt_c_20260917-pilot6_calibration-retail-transfer-low-2w-40tps-r1_retail-transfer-low_w1_58,1000,transfer_20260917-pilot6_calibration-retail-transfer-low-2w-40tps-r1_retail-transfer-low_w1_r1_1086],  with error: Error: Failed to submit trasaction with status code: 11
2026.09.17-11:17:44.236[31m error[39m [caliper] [connectors/peer-gateway/PeerGateway] 	Failed to perform submit transaction [Transfer] using arguments [wlt_c_20260917-pilot6_calibration-retail-transfer-low-2w-40tps-r1_retail-transfer-low_w1_18,wlt_c_20260917-pilot6_calibration-retail-transfer-low-2w-40tps-r1_retail-transfer-low_w1_68,1000,transfer_20260917-pilot6_calibration-retail-transfer-low-2w-40tps-r1_retail-transfer-low_w1_r1_1094],  with error: Error: Failed to submit trasaction with status code: 11
2026.09.17-11:17:44.243[31m error[39m [caliper] [connectors/peer-gateway/PeerGateway] 	Failed to perform submit transaction [Transfer] using arguments [wlt_c_20260917-pilot6_calibration-retail-transfer-low-2w-40tps-r1_retail-transfer-low_w0_18,wlt_c_20260917-pilot6_calibration-retail-transfer-low-2w-40tps-r1_retail-transfer-low_w0_68,1000,transfer_20260917-pilot6_calibration-retail-transfer-low-2w-40tps-r1_retail-transfer-low_w0_r1_1094],  with error: Error: Failed to submit trasaction with status code: 11
2026.09.17-11:17:44.251[31m error[39m [caliper] [connectors/peer-gateway/PeerGateway] 	Failed to perform submit transaction [Transfer] using arguments [wlt_c_20260917-pilot6_calibration-retail-transfer-low-2w-40tps-r1_retail-transfer-low_w0_17,wlt_c_20260917-pilot6_calibration-retail-transfer-low-2w-40tps-r1_retail-transfer-low_w0_67,1000,transfer_20260917-pilot6_calibration-retail-transfer-low-2w-40tps-r1_retail-transfer-low_w0_r1_1093],  with error: Error: Failed to submit trasaction with status code: 11
2026.09.17-11:17:44.252[31m error[39m [caliper] [connectors/peer-gateway/PeerGateway] 	Failed to perform submit transaction [Transfer] using arguments [wlt_c_20260917-pilot6_calibration-retail-transfer-low-2w-40tps-r1_retail-transfer-low_w0_16,wlt_c_20260917-pilot6_calibration-retail-transfer-low-2w-40tps-r1_retail-transfer-low_w0_66,1000,transfer_20260917-pilot6_calibration-retail-transfer-low-2w-40tps-r1_retail-transfer-low_w0_r1_1092],  with error: Error: Failed to submit trasaction with status code: 11
2026.09.17-11:17:44.252[31m error[39m [caliper] [connectors/peer-gateway/PeerGateway] 	Failed to perform submit transaction [Transfer] using arguments [wlt_c_20260917-pilot6_calibration-retail-transfer-low-2w-40tps-r1_retail-transfer-low_w0_13,wlt_c_20260917-pilot6_calibration-retail-transfer-low-2w-40tps-r1_retail-transfer-low_w0_63,1000,transfer_20260917-pilot6_calibration-retail-transfer-low-2w-40tps-r1_retail-transfer-low_w0_r1_1090],  with error: Error: Failed to submit trasaction with status code: 11
2026.09.17-11:17:44.252[31m error[39m [caliper] [connectors/peer-gateway/PeerGateway] 	Failed to perform submit transaction [Transfer] using arguments [wlt_c_20260917-pilot6_calibration-retail-transfer-low-2w-40tps-r1_retail-transfer-low_w0_14,wlt_c_20260917-pilot6_calibration-retail-transfer-low-2w-40tps-r1_retail-transfer-low_w0_64,1000,transfer_20260917-pilot6_calibration-retail-transfer-low-2w-40tps-r1_retail-transfer-low_w0_r1_1091],  with error: Error: Failed to submit trasaction with status code: 11
2026.09.17-11:17:44.327[31m error[39m [caliper] [connectors/peer-gateway/PeerGateway] 	Failed to perform submit transaction [Transfer] using arguments [wlt_c_20260917-pilot6_calibration-retail-transfer-low-2w-40tps-r1_retail-transfer-low_w1_27,wlt_c_20260917-pilot6_calibration-retail-transfer-low-2w-40tps-r1_retail-transfer-low_w1_77,1000,transfer_20260917-pilot6_calibration-retail-transfer-low-2w-40tps-r1_retail-transfer-low_w1_r1_1101],  with error: Error: Failed to submit trasaction with status code: 11
2026.09.17-11:17:44.330[31m error[39m [caliper] [connectors/peer-gateway/PeerGateway] 	Failed to perform submit transaction [Transfer] using arguments [wlt_c_20260917-pilot6_calibration-retail-transfer-low-2w-40tps-r1_retail-transfer-low_w0_21,wlt_c_20260917-pilot6_calibration-retail-transfer-low-2w-40tps-r1_retail-transfer-low_w0_71,1000,transfer_20260917-pilot6_calibration-retail-transfer-low-2w-40tps-r1_retail-transfer-low_w0_r1_1096],  with error: Error: Failed to submit trasaction with status code: 11
2026.09.17-11:17:44.330[31m error[39m [caliper] [connectors/peer-gateway/PeerGateway] 	Failed to perform submit transaction [Transfer] using arguments [wlt_c_20260917-pilot6_calibration-retail-transfer-low-2w-40tps-r1_retail-transfer-low_w1_23,wlt_c_20260917-pilot6_calibration-retail-transfer-low-2w-40tps-r1_retail-transfer-low_w1_73,1000,transfer_20260917-pilot6_calibration-retail-transfer-low-2w-40tps-r1_retail-transfer-low_w1_r1_1098],  with error: Error: Failed to submit trasaction with status code: 11
2026.09.17-11:17:44.330[31m error[39m [caliper] [connectors/peer-gateway/PeerGateway] 	Failed to perform submit transaction [Transfer] using arguments [wlt_c_20260917-pilot6_calibration-retail-transfer-low-2w-40tps-r1_retail-transfer-low_w1_16,wlt_c_20260917-pilot6_calibration-retail-transfer-low-2w-40tps-r1_retail-transfer-low_w1_66,1000,transfer_20260917-pilot6_calibration-retail-transfer-low-2w-40tps-r1_retail-transfer-low_w1_r1_1092],  with error: Error: Failed to submit trasaction with status code: 11
2026.09.17-11:17:44.331[31m error[39m [caliper] [connectors/peer-gateway/PeerGateway] 	Failed to perform submit transaction [Transfer] using arguments [wlt_c_20260917-pilot6_calibration-retail-transfer-low-2w-40tps-r1_retail-transfer-low_w0_19,wlt_c_20260917-pilot6_calibration-retail-transfer-low-2w-40tps-r1_retail-transfer-low_w0_69,1000,transfer_20260917-pilot6_calibration-retail-transfer-low-2w-40tps-r1_retail-transfer-low_w0_r1_1095],  with error: Error: Failed to submit trasaction with status code: 11
2026.09.17-11:17:44.331[31m error[39m [caliper] [connectors/peer-gateway/PeerGateway] 	Failed to perform submit transaction [Transfer] using arguments [wlt_c_20260917-pilot6_calibration-retail-transfer-low-2w-40tps-r1_retail-transfer-low_w1_17,wlt_c_20260917-pilot6_calibration-retail-transfer-low-2w-40tps-r1_retail-transfer-low_w1_67,1000,transfer_20260917-pilot6_calibration-retail-transfer-low-2w-40tps-r1_retail-transfer-low_w1_r1_1093],  with error: Error: Failed to submit trasaction with status code: 11
2026.09.17-11:17:44.331[31m error[39m [caliper] [connectors/peer-gateway/PeerGateway] 	Failed to perform submit transaction [Transfer] using arguments [wlt_c_20260917-pilot6_calibration-retail-transfer-low-2w-40tps-r1_retail-transfer-low_w1_26,wlt_c_20260917-pilot6_calibration-retail-transfer-low-2w-40tps-r1_retail-transfer-low_w1_76,1000,transfer_20260917-pilot6_calibration-retail-transfer-low-2w-40tps-r1_retail-transfer-low_w1_r1_1100],  with error: Error: Failed to submit trasaction with status code: 11
2026.09.17-11:17:44.331[31m error[39m [caliper] [connectors/peer-gateway/PeerGateway] 	Failed to perform submit transaction [Transfer] using arguments [wlt_c_20260917-pilot6_calibration-retail-transfer-low-2w-40tps-r1_retail-transfer-low_w1_19,wlt_c_20260917-pilot6_calibration-retail-transfer-low-2w-40tps-r1_retail-transfer-low_w1_69,1000,transfer_20260917-pilot6_calibration-retail-transfer-low-2w-40tps-r1_retail-transfer-low_w1_r1_1095],  with error: Error: Failed to submit trasaction with status code: 11
2026.09.17-11:17:44.332[31m error[39m [caliper] [connectors/peer-gateway/PeerGateway] 	Failed to perform submit transaction [Transfer] using arguments [wlt_c_20260917-pilot6_calibration-retail-transfer-low-2w-40tps-r1_retail-transfer-low_w0_22,wlt_c_20260917-pilot6_calibration-retail-transfer-low-2w-40tps-r1_retail-transfer-low_w0_72,1000,transfer_20260917-pilot6_calibration-retail-transfer-low-2w-40tps-r1_retail-transfer-low_w0_r1_1097],  with error: Error: Failed to submit trasaction with status code: 11
2026.09.17-11:17:44.333[31m error[39m [caliper] [connectors/peer-gateway/PeerGateway] 	Failed to perform submit transaction [Transfer] using arguments [wlt_c_20260917-pilot6_calibration-retail-transfer-low-2w-40tps-r1_retail-transfer-low_w0_23,wlt_c_20260917-pilot6_calibration-retail-transfer-low-2w-40tps-r1_retail-transfer-low_w0_73,1000,transfer_20260917-pilot6_calibration-retail-transfer-low-2w-40tps-r1_retail-transfer-low_w0_r1_1098],  with error: Error: Failed to submit trasaction with status code: 11
2026.09.17-11:17:44.424[31m error[39m [caliper] [connectors/peer-gateway/PeerGateway] 	Failed to perform submit transaction [Transfer] using arguments [wlt_c_20260917-pilot6_calibration-retail-transfer-low-2w-40tps-r1_retail-transfer-low_w1_31,wlt_c_20260917-pilot6_calibration-retail-transfer-low-2w-40tps-r1_retail-transfer-low_w1_81,1000,transfer_20260917-pilot6_calibration-retail-transfer-low-2w-40tps-r1_retail-transfer-low_w1_r1_1104],  with error: Error: Failed to submit trasaction with status code: 11
2026.09.17-11:17:44.425[31m error[39m [caliper] [connectors/peer-gateway/PeerGateway] 	Failed to perform submit transaction [Transfer] using arguments [wlt_c_20260917-pilot6_calibration-retail-transfer-low-2w-40tps-r1_retail-transfer-low_w0_34,wlt_c_20260917-pilot6_calibration-retail-transfer-low-2w-40tps-r1_retail-transfer-low_w0_84,1000,transfer_20260917-pilot6_calibration-retail-transfer-low-2w-40tps-r1_retail-transfer-low_w0_r1_1107],  with error: Error: Failed to submit trasaction with status code: 11
2026.09.17-11:17:44.426[31m error[39m [caliper] [connectors/peer-gateway/PeerGateway] 	Failed to perform submit transaction [Transfer] using arguments [wlt_c_20260917-pilot6_calibration-retail-transfer-low-2w-40tps-r1_retail-transfer-low_w0_24,wlt_c_20260917-pilot6_calibration-retail-transfer-low-2w-40tps-r1_retail-transfer-low_w0_74,1000,transfer_20260917-pilot6_calibration-retail-transfer-low-2w-40tps-r1_retail-transfer-low_w0_r1_1099],  with error: Error: Failed to submit trasaction with status code: 11
2026.09.17-11:17:44.426[31m error[39m [caliper] [connectors/peer-gateway/PeerGateway] 	Failed to perform submit transaction [Transfer] using arguments [wlt_c_20260917-pilot6_calibration-retail-transfer-low-2w-40tps-r1_retail-transfer-low_w0_28,wlt_c_20260917-pilot6_calibration-retail-transfer-low-2w-40tps-r1_retail-transfer-low_w0_78,1000,transfer_20260917-pilot6_calibration-retail-transfer-low-2w-40tps-r1_retail-transfer-low_w0_r1_1102],  with error: Error: Failed to submit trasaction with status code: 11
2026.09.17-11:17:44.426[31m error[39m [caliper] [connectors/peer-gateway/PeerGateway] 	Failed to perform submit transaction [Transfer] using arguments [wlt_c_20260917-pilot6_calibration-retail-transfer-low-2w-40tps-r1_retail-transfer-low_w0_26,wlt_c_20260917-pilot6_calibration-retail-transfer-low-2w-40tps-r1_retail-transfer-low_w0_76,1000,transfer_20260917-pilot6_calibration-retail-transfer-low-2w-40tps-r1_retail-transfer-low_w0_r1_1100],  with error: Error: Failed to submit trasaction with status code: 11
2026.09.17-11:17:44.427[31m error[39m [caliper] [connectors/peer-gateway/PeerGateway] 	Failed to perform submit transaction [Transfer] using arguments [wlt_c_20260917-pilot6_calibration-retail-transfer-low-2w-40tps-r1_retail-transfer-low_w0_27,wlt_c_20260917-pilot6_calibration-retail-transfer-low-2w-40tps-r1_retail-transfer-low_w0_77,1000,transfer_20260917-pilot6_calibration-retail-transfer-low-2w-40tps-r1_retail-transfer-low_w0_r1_1101],  with error: Error: Failed to submit trasaction with status code: 11
2026.09.17-11:17:44.427[31m error[39m [caliper] [connectors/peer-gateway/PeerGateway] 	Failed to perform submit transaction [Transfer] using arguments [wlt_c_20260917-pilot6_calibration-retail-transfer-low-2w-40tps-r1_retail-transfer-low_w1_29,wlt_c_20260917-pilot6_calibration-retail-transfer-low-2w-40tps-r1_retail-transfer-low_w1_79,1000,transfer_20260917-pilot6_calibration-retail-transfer-low-2w-40tps-r1_retail-transfer-low_w1_r1_1103],  with error: Error: Failed to submit trasaction with status code: 11
2026.09.17-11:17:44.429[31m error[39m [caliper] [connectors/peer-gateway/PeerGateway] 	Failed to perform submit transaction [Transfer] using arguments [wlt_c_20260917-pilot6_calibration-retail-transfer-low-2w-40tps-r1_retail-transfer-low_w1_28,wlt_c_20260917-pilot6_calibration-retail-transfer-low-2w-40tps-r1_retail-transfer-low_w1_78,1000,transfer_20260917-pilot6_calibration-retail-transfer-low-2w-40tps-r1_retail-transfer-low_w1_r1_1102],  with error: Error: Failed to submit trasaction with status code: 11
2026.09.17-11:17:44.430[31m error[39m [caliper] [connectors/peer-gateway/PeerGateway] 	Failed to perform submit transaction [Transfer] using arguments [wlt_c_20260917-pilot6_calibration-retail-transfer-low-2w-40tps-r1_retail-transfer-low_w1_33,wlt_c_20260917-pilot6_calibration-retail-transfer-low-2w-40tps-r1_retail-transfer-low_w1_83,1000,transfer_20260917-pilot6_calibration-retail-transfer-low-2w-40tps-r1_retail-transfer-low_w1_r1_1106],  with error: Error: Failed to submit trasaction with status code: 11
2026.09.17-11:17:44.431[31m error[39m [caliper] [connectors/peer-gateway/PeerGateway] 	Failed to perform submit transaction [Transfer] using arguments [wlt_c_20260917-pilot6_calibration-retail-transfer-low-2w-40tps-r1_retail-transfer-low_w1_24,wlt_c_20260917-pilot6_calibration-retail-transfer-low-2w-40tps-r1_retail-transfer-low_w1_74,1000,transfer_20260917-pilot6_calibration-retail-transfer-low-2w-40tps-r1_retail-transfer-low_w1_r1_1099],  with error: Error: Failed to submit trasaction with status code: 11
2026.09.17-11:17:44.501[31m error[39m [caliper] [connectors/peer-gateway/PeerGateway] 	Failed to perform submit transaction [Transfer] using arguments [wlt_c_20260917-pilot6_calibration-retail-transfer-low-2w-40tps-r1_retail-transfer-low_w0_37,wlt_c_20260917-pilot6_calibration-retail-transfer-low-2w-40tps-r1_retail-transfer-low_w0_87,1000,transfer_20260917-pilot6_calibration-retail-transfer-low-2w-40tps-r1_retail-transfer-low_w0_r1_1109],  with error: Error: Failed to submit trasaction with status code: 11
2026.09.17-11:17:44.501[31m error[39m [caliper] [connectors/peer-gateway/PeerGateway] 	Failed to perform submit transaction [Transfer] using arguments [wlt_c_20260917-pilot6_calibration-retail-transfer-low-2w-40tps-r1_retail-transfer-low_w1_34,wlt_c_20260917-pilot6_calibration-retail-transfer-low-2w-40tps-r1_retail-transfer-low_w1_84,1000,transfer_20260917-pilot6_calibration-retail-transfer-low-2w-40tps-r1_retail-transfer-low_w1_r1_1107],  with error: Error: Failed to submit trasaction with status code: 11
2026.09.17-11:17:44.501[31m error[39m [caliper] [connectors/peer-gateway/PeerGateway] 	Failed to perform submit transaction [Transfer] using arguments [wlt_c_20260917-pilot6_calibration-retail-transfer-low-2w-40tps-r1_retail-transfer-low_w0_29,wlt_c_20260917-pilot6_calibration-retail-transfer-low-2w-40tps-r1_retail-transfer-low_w0_79,1000,transfer_20260917-pilot6_calibration-retail-transfer-low-2w-40tps-r1_retail-transfer-low_w0_r1_1103],  with error: Error: Failed to submit trasaction with status code: 11
2026.09.17-11:17:44.502[31m error[39m [caliper] [connectors/peer-gateway/PeerGateway] 	Failed to perform submit transaction [Transfer] using arguments [wlt_c_20260917-pilot6_calibration-retail-transfer-low-2w-40tps-r1_retail-transfer-low_w0_31,wlt_c_20260917-pilot6_calibration-retail-transfer-low-2w-40tps-r1_retail-transfer-low_w0_81,1000,transfer_20260917-pilot6_calibration-retail-transfer-low-2w-40tps-r1_retail-transfer-low_w0_r1_1104],  with error: Error: Failed to submit trasaction with status code: 11
2026.09.17-11:17:44.502[31m error[39m [caliper] [connectors/peer-gateway/PeerGateway] 	Failed to perform submit transaction [Transfer] using arguments [wlt_c_20260917-pilot6_calibration-retail-transfer-low-2w-40tps-r1_retail-transfer-low_w0_32,wlt_c_20260917-pilot6_calibration-retail-transfer-low-2w-40tps-r1_retail-transfer-low_w0_82,1000,transfer_20260917-pilot6_calibration-retail-transfer-low-2w-40tps-r1_retail-transfer-low_w0_r1_1105],  with error: Error: Failed to submit trasaction with status code: 11
2026.09.17-11:17:44.502[31m error[39m [caliper] [connectors/peer-gateway/PeerGateway] 	Failed to perform submit transaction [Transfer] using arguments [wlt_c_20260917-pilot6_calibration-retail-transfer-low-2w-40tps-r1_retail-transfer-low_w1_32,wlt_c_20260917-pilot6_calibration-retail-transfer-low-2w-40tps-r1_retail-transfer-low_w1_82,1000,transfer_20260917-pilot6_calibration-retail-transfer-low-2w-40tps-r1_retail-transfer-low_w1_r1_1105],  with error: Error: Failed to submit trasaction with status code: 11
2026.09.17-11:17:44.503[31m error[39m [caliper] [connectors/peer-gateway/PeerGateway] 	Failed to perform submit transaction [Transfer] using arguments [wlt_c_20260917-pilot6_calibration-retail-transfer-low-2w-40tps-r1_retail-transfer-low_w0_36,wlt_c_20260917-pilot6_calibration-retail-transfer-low-2w-40tps-r1_retail-transfer-low_w0_86,1000,transfer_20260917-pilot6_calibration-retail-transfer-low-2w-40tps-r1_retail-transfer-low_w0_r1_1108],  with error: Error: Failed to submit trasaction with status code: 11
2026.09.17-11:17:44.503[31m error[39m [caliper] [connectors/peer-gateway/PeerGateway] 	Failed to perform submit transaction [Transfer] using arguments [wlt_c_20260917-pilot6_calibration-retail-transfer-low-2w-40tps-r1_retail-transfer-low_w0_33,wlt_c_20260917-pilot6_calibration-retail-transfer-low-2w-40tps-r1_retail-transfer-low_w0_83,1000,transfer_20260917-pilot6_calibration-retail-transfer-low-2w-40tps-r1_retail-transfer-low_w0_r1_1106],  with error: Error: Failed to submit trasaction with status code: 11
2026.09.17-11:17:44.504[31m error[39m [caliper] [connectors/peer-gateway/PeerGateway] 	Failed to perform submit transaction [Transfer] using arguments [wlt_c_20260917-pilot6_calibration-retail-transfer-low-2w-40tps-r1_retail-transfer-low_w1_37,wlt_c_20260917-pilot6_calibration-retail-transfer-low-2w-40tps-r1_retail-transfer-low_w1_87,1000,transfer_20260917-pilot6_calibration-retail-transfer-low-2w-40tps-r1_retail-transfer-low_w1_r1_1109],  with error: Error: Failed to submit trasaction with status code: 11
2026.09.17-11:17:44.505[31m error[39m [caliper] [connectors/peer-gateway/PeerGateway] 	Failed to perform submit transaction [Transfer] using arguments [wlt_c_20260917-pilot6_calibration-retail-transfer-low-2w-40tps-r1_retail-transfer-low_w1_36,wlt_c_20260917-pilot6_calibration-retail-transfer-low-2w-40tps-r1_retail-transfer-low_w1_86,1000,transfer_20260917-pilot6_calibration-retail-transfer-low-2w-40tps-r1_retail-transfer-low_w1_r1_1108],  with error: Error: Failed to submit trasaction with status code: 11
2026.09.17-11:17:44.598[31m error[39m [caliper] [connectors/peer-gateway/PeerGateway] 	Failed to perform submit transaction [Transfer] using arguments [wlt_c_20260917-pilot6_calibration-retail-transfer-low-2w-40tps-r1_retail-transfer-low_w1_43,wlt_c_20260917-pilot6_calibration-retail-transfer-low-2w-40tps-r1_retail-transfer-low_w1_93,1000,transfer_20260917-pilot6_calibration-retail-transfer-low-2w-40tps-r1_retail-transfer-low_w1_r1_1114],  with error: Error: Failed to submit trasaction with status code: 11
2026.09.17-11:17:44.598[31m error[39m [caliper] [connectors/peer-gateway/PeerGateway] 	Failed to perform submit transaction [Transfer] using arguments [wlt_c_20260917-pilot6_calibration-retail-transfer-low-2w-40tps-r1_retail-transfer-low_w1_39,wlt_c_20260917-pilot6_calibration-retail-transfer-low-2w-40tps-r1_retail-transfer-low_w1_89,1000,transfer_20260917-pilot6_calibration-retail-transfer-low-2w-40tps-r1_retail-transfer-low_w1_r1_1111],  with error: Error: Failed to submit trasaction with status code: 11
2026.09.17-11:17:44.599[31m error[39m [caliper] [connectors/peer-gateway/PeerGateway] 	Failed to perform submit transaction [Transfer] using arguments [wlt_c_20260917-pilot6_calibration-retail-transfer-low-2w-40tps-r1_retail-transfer-low_w1_38,wlt_c_20260917-pilot6_calibration-retail-transfer-low-2w-40tps-r1_retail-transfer-low_w1_88,1000,transfer_20260917-pilot6_calibration-retail-transfer-low-2w-40tps-r1_retail-transfer-low_w1_r1_1110],  with error: Error: Failed to submit trasaction with status code: 11
2026.09.17-11:17:44.601[31m error[39m [caliper] [connectors/peer-gateway/PeerGateway] 	Failed to perform submit transaction [Transfer] using arguments [wlt_c_20260917-pilot6_calibration-retail-transfer-low-2w-40tps-r1_retail-transfer-low_w0_46,wlt_c_20260917-pilot6_calibration-retail-transfer-low-2w-40tps-r1_retail-transfer-low_w0_96,1000,transfer_20260917-pilot6_calibration-retail-transfer-low-2w-40tps-r1_retail-transfer-low_w0_r1_1116],  with error: Error: Failed to submit trasaction with status code: 11
2026.09.17-11:17:44.601[31m error[39m [caliper] [connectors/peer-gateway/PeerGateway] 	Failed to perform submit transaction [Transfer] using arguments [wlt_c_20260917-pilot6_calibration-retail-transfer-low-2w-40tps-r1_retail-transfer-low_w0_39,wlt_c_20260917-pilot6_calibration-retail-transfer-low-2w-40tps-r1_retail-transfer-low_w0_89,1000,transfer_20260917-pilot6_calibration-retail-transfer-low-2w-40tps-r1_retail-transfer-low_w0_r1_1111],  with error: Error: Failed to submit trasaction with status code: 11
2026.09.17-11:17:44.601[31m error[39m [caliper] [connectors/peer-gateway/PeerGateway] 	Failed to perform submit transaction [Transfer] using arguments [wlt_c_20260917-pilot6_calibration-retail-transfer-low-2w-40tps-r1_retail-transfer-low_w0_38,wlt_c_20260917-pilot6_calibration-retail-transfer-low-2w-40tps-r1_retail-transfer-low_w0_88,1000,transfer_20260917-pilot6_calibration-retail-transfer-low-2w-40tps-r1_retail-transfer-low_w0_r1_1110],  with error: Error: Failed to submit trasaction with status code: 11
2026.09.17-11:17:44.601[31m error[39m [caliper] [connectors/peer-gateway/PeerGateway] 	Failed to perform submit transaction [Transfer] using arguments [wlt_c_20260917-pilot6_calibration-retail-transfer-low-2w-40tps-r1_retail-transfer-low_w0_42,wlt_c_20260917-pilot6_calibration-retail-transfer-low-2w-40tps-r1_retail-transfer-low_w0_92,1000,transfer_20260917-pilot6_calibration-retail-transfer-low-2w-40tps-r1_retail-transfer-low_w0_r1_1113],  with error: Error: Failed to submit trasaction with status code: 11
2026.09.17-11:17:44.602[31m error[39m [caliper] [connectors/peer-gateway/PeerGateway] 	Failed to perform submit transaction [Transfer] using arguments [wlt_c_20260917-pilot6_calibration-retail-transfer-low-2w-40tps-r1_retail-transfer-low_w0_47,wlt_c_20260917-pilot6_calibration-retail-transfer-low-2w-40tps-r1_retail-transfer-low_w0_97,1000,transfer_20260917-pilot6_calibration-retail-transfer-low-2w-40tps-r1_retail-transfer-low_w0_r1_1117],  with error: Error: Failed to submit trasaction with status code: 11
2026.09.17-11:17:44.602[31m error[39m [caliper] [connectors/peer-gateway/PeerGateway] 	Failed to perform submit transaction [Transfer] using arguments [wlt_c_20260917-pilot6_calibration-retail-transfer-low-2w-40tps-r1_retail-transfer-low_w0_43,wlt_c_20260917-pilot6_calibration-retail-transfer-low-2w-40tps-r1_retail-transfer-low_w0_93,1000,transfer_20260917-pilot6_calibration-retail-transfer-low-2w-40tps-r1_retail-transfer-low_w0_r1_1114],  with error: Error: Failed to submit trasaction with status code: 11
2026.09.17-11:17:44.729[31m error[39m [caliper] [connectors/peer-gateway/PeerGateway] 	Failed to perform submit transaction [Transfer] using arguments [wlt_c_20260917-pilot6_calibration-retail-transfer-low-2w-40tps-r1_retail-transfer-low_w1_46,wlt_c_20260917-pilot6_calibration-retail-transfer-low-2w-40tps-r1_retail-transfer-low_w1_96,1000,transfer_20260917-pilot6_calibration-retail-transfer-low-2w-40tps-r1_retail-transfer-low_w1_r1_1116],  with error: Error: Failed to submit trasaction with status code: 11
2026.09.17-11:17:44.730[31m error[39m [caliper] [connectors/peer-gateway/PeerGateway] 	Failed to perform submit transaction [Transfer] using arguments [wlt_c_20260917-pilot6_calibration-retail-transfer-low-2w-40tps-r1_retail-transfer-low_w1_41,wlt_c_20260917-pilot6_calibration-retail-transfer-low-2w-40tps-r1_retail-transfer-low_w1_91,1000,transfer_20260917-pilot6_calibration-retail-transfer-low-2w-40tps-r1_retail-transfer-low_w1_r1_1112],  with error: Error: Failed to submit trasaction with status code: 11
2026.09.17-11:17:44.730[31m error[39m [caliper] [connectors/peer-gateway/PeerGateway] 	Failed to perform submit transaction [Transfer] using arguments [wlt_c_20260917-pilot6_calibration-retail-transfer-low-2w-40tps-r1_retail-transfer-low_w1_47,wlt_c_20260917-pilot6_calibration-retail-transfer-low-2w-40tps-r1_retail-transfer-low_w1_97,1000,transfer_20260917-pilot6_calibration-retail-transfer-low-2w-40tps-r1_retail-transfer-low_w1_r1_1117],  with error: Error: Failed to submit trasaction with status code: 11
2026.09.17-11:17:44.730[31m error[39m [caliper] [connectors/peer-gateway/PeerGateway] 	Failed to perform submit transaction [Transfer] using arguments [wlt_c_20260917-pilot6_calibration-retail-transfer-low-2w-40tps-r1_retail-transfer-low_w1_42,wlt_c_20260917-pilot6_calibration-retail-transfer-low-2w-40tps-r1_retail-transfer-low_w1_92,1000,transfer_20260917-pilot6_calibration-retail-transfer-low-2w-40tps-r1_retail-transfer-low_w1_r1_1113],  with error: Error: Failed to submit trasaction with status code: 11
2026.09.17-11:17:44.732[31m error[39m [caliper] [connectors/peer-gateway/PeerGateway] 	Failed to perform submit transaction [Transfer] using arguments [wlt_c_20260917-pilot6_calibration-retail-transfer-low-2w-40tps-r1_retail-transfer-low_w0_48,wlt_c_20260917-pilot6_calibration-retail-transfer-low-2w-40tps-r1_retail-transfer-low_w0_98,1000,transfer_20260917-pilot6_calibration-retail-transfer-low-2w-40tps-r1_retail-transfer-low_w0_r1_1118],  with error: Error: Failed to submit trasaction with status code: 11
2026.09.17-11:17:44.732[31m error[39m [caliper] [connectors/peer-gateway/PeerGateway] 	Failed to perform submit transaction [Transfer] using arguments [wlt_c_20260917-pilot6_calibration-retail-transfer-low-2w-40tps-r1_retail-transfer-low_w0_41,wlt_c_20260917-pilot6_calibration-retail-transfer-low-2w-40tps-r1_retail-transfer-low_w0_91,1000,transfer_20260917-pilot6_calibration-retail-transfer-low-2w-40tps-r1_retail-transfer-low_w0_r1_1112],  with error: Error: Failed to submit trasaction with status code: 11
2026.09.17-11:17:44.785[32m info [39m [caliper] [default-observer] 	[retail-transfer-low-40tps Round 1 Transaction Info] - Submitted: 2289 Succ: 1713 Fail:467 Unfinished:109
2026.09.17-11:17:44.905[31m error[39m [caliper] [connectors/peer-gateway/PeerGateway] 	Failed to perform submit transaction [Transfer] using arguments [wlt_c_20260917-pilot6_calibration-retail-transfer-low-2w-40tps-r1_retail-transfer-low_w0_4,wlt_c_20260917-pilot6_calibration-retail-transfer-low-2w-40tps-r1_retail-transfer-low_w0_54,1000,transfer_20260917-pilot6_calibration-retail-transfer-low-2w-40tps-r1_retail-transfer-low_w0_r1_1123],  with error: Error: Failed to submit trasaction with status code: 11
2026.09.17-11:17:44.906[31m error[39m [caliper] [connectors/peer-gateway/PeerGateway] 	Failed to perform submit transaction [Transfer] using arguments [wlt_c_20260917-pilot6_calibration-retail-transfer-low-2w-40tps-r1_retail-transfer-low_w1_6,wlt_c_20260917-pilot6_calibration-retail-transfer-low-2w-40tps-r1_retail-transfer-low_w1_56,1000,transfer_20260917-pilot6_calibration-retail-transfer-low-2w-40tps-r1_retail-transfer-low_w1_r1_1124],  with error: Error: Failed to submit trasaction with status code: 11
2026.09.17-11:17:44.906[31m error[39m [caliper] [connectors/peer-gateway/PeerGateway] 	Failed to perform submit transaction [Transfer] using arguments [wlt_c_20260917-pilot6_calibration-retail-transfer-low-2w-40tps-r1_retail-transfer-low_w0_49,wlt_c_20260917-pilot6_calibration-retail-transfer-low-2w-40tps-r1_retail-transfer-low_w0_99,1000,transfer_20260917-pilot6_calibration-retail-transfer-low-2w-40tps-r1_retail-transfer-low_w0_r1_1119],  with error: Error: Failed to submit trasaction with status code: 11
2026.09.17-11:17:44.906[31m error[39m [caliper] [connectors/peer-gateway/PeerGateway] 	Failed to perform submit transaction [Transfer] using arguments [wlt_c_20260917-pilot6_calibration-retail-transfer-low-2w-40tps-r1_retail-transfer-low_w1_49,wlt_c_20260917-pilot6_calibration-retail-transfer-low-2w-40tps-r1_retail-transfer-low_w1_99,1000,transfer_20260917-pilot6_calibration-retail-transfer-low-2w-40tps-r1_retail-transfer-low_w1_r1_1119],  with error: Error: Failed to submit trasaction with status code: 11
2026.09.17-11:17:44.906[31m error[39m [caliper] [connectors/peer-gateway/PeerGateway] 	Failed to perform submit transaction [Transfer] using arguments [wlt_c_20260917-pilot6_calibration-retail-transfer-low-2w-40tps-r1_retail-transfer-low_w0_6,wlt_c_20260917-pilot6_calibration-retail-transfer-low-2w-40tps-r1_retail-transfer-low_w0_56,1000,transfer_20260917-pilot6_calibration-retail-transfer-low-2w-40tps-r1_retail-transfer-low_w0_r1_1124],  with error: Error: Failed to submit trasaction with status code: 11
2026.09.17-11:17:44.906[31m error[39m [caliper] [connectors/peer-gateway/PeerGateway] 	Failed to perform submit transaction [Transfer] using arguments [wlt_c_20260917-pilot6_calibration-retail-transfer-low-2w-40tps-r1_retail-transfer-low_w1_4,wlt_c_20260917-pilot6_calibration-retail-transfer-low-2w-40tps-r1_retail-transfer-low_w1_54,1000,transfer_20260917-pilot6_calibration-retail-transfer-low-2w-40tps-r1_retail-transfer-low_w1_r1_1123],  with error: Error: Failed to submit trasaction with status code: 11
2026.09.17-11:17:44.910[31m error[39m [caliper] [connectors/peer-gateway/PeerGateway] 	Failed to perform submit transaction [Transfer] using arguments [wlt_c_20260917-pilot6_calibration-retail-transfer-low-2w-40tps-r1_retail-transfer-low_w1_48,wlt_c_20260917-pilot6_calibration-retail-transfer-low-2w-40tps-r1_retail-transfer-low_w1_98,1000,transfer_20260917-pilot6_calibration-retail-transfer-low-2w-40tps-r1_retail-transfer-low_w1_r1_1118],  with error: Error: Failed to submit trasaction with status code: 11
2026.09.17-11:17:49.340[32m info [39m [caliper] [connectors/peer-gateway/PeerGateway] 	disconnecting gateway for user User1
2026.09.17-11:17:49.340[32m info [39m [caliper] [connectors/peer-gateway/PeerGateway] 	disconnecting gateway for user _HimbaraBankOrgMSP_User1
2026.09.17-11:17:49.340[32m info [39m [caliper] [connectors/peer-gateway/PeerGateway] 	disconnecting gateway for user _CommercialBankOrgMSP_User1
2026.09.17-11:17:49.340[32m info [39m [caliper] [connectors/peer-gateway/PeerGateway] 	disconnecting gRpc client at peer peer0.bi.paynet
2026.09.17-11:17:49.340[32m info [39m [caliper] [connectors/peer-gateway/PeerGateway] 	disconnecting gRpc client at peer peer0.himbara.paynet
2026.09.17-11:17:49.343[32m info [39m [caliper] [connectors/peer-gateway/PeerGateway] 	disconnecting gRpc client at peer peer0.commercial.paynet
2026.09.17-11:17:49.343[32m info [39m [caliper] [worker-message-handler] 	Worker#1 finished Round#1
2026.09.17-11:17:49.786[32m info [39m [caliper] [default-observer] 	Resetting txCount indicator count
2026.09.17-11:17:50.243[32m info [39m [caliper] [connectors/peer-gateway/PeerGateway] 	disconnecting gateway for user User1
2026.09.17-11:17:50.243[32m info [39m [caliper] [connectors/peer-gateway/PeerGateway] 	disconnecting gateway for user _HimbaraBankOrgMSP_User1
2026.09.17-11:17:50.243[32m info [39m [caliper] [connectors/peer-gateway/PeerGateway] 	disconnecting gateway for user _CommercialBankOrgMSP_User1
2026.09.17-11:17:50.243[32m info [39m [caliper] [connectors/peer-gateway/PeerGateway] 	disconnecting gRpc client at peer peer0.bi.paynet
2026.09.17-11:17:50.243[32m info [39m [caliper] [connectors/peer-gateway/PeerGateway] 	disconnecting gRpc client at peer peer0.himbara.paynet
2026.09.17-11:17:50.243[32m info [39m [caliper] [connectors/peer-gateway/PeerGateway] 	disconnecting gRpc client at peer peer0.commercial.paynet
2026.09.17-11:17:50.243[32m info [39m [caliper] [worker-message-handler] 	Worker#0 finished Round#1
2026.09.17-11:17:55.247[32m info [39m [caliper] [default-observer] 	Resetting txCount indicator count
2026.09.17-11:17:55.247[32m info [39m [caliper] [report-builder] 	### Test result ###
2026.09.17-11:17:55.249[32m info [39m [caliper] [report-builder] 	
+---------------------------+------+------+-----------------+-----------------+-----------------+-----------------+------------------+
| Name                      | Succ | Fail | Send Rate (TPS) | Max Latency (s) | Min Latency (s) | Avg Latency (s) | Throughput (TPS) |
|---------------------------|------|------|-----------------|-----------------|-----------------|-----------------|------------------|
| retail-transfer-low-40tps | 1873 | 529  | 40.0            | 4.34            | 0.12            | 1.90            | 38.6             |
+---------------------------+------+------+-----------------+-----------------+-----------------+-----------------+------------------+

2026.09.17-11:17:55.254[32m info [39m [caliper] [report-builder] 	### docker resource stats ###'
2026.09.17-11:17:55.256[32m info [39m [caliper] [report-builder] 	
+-----------------------------+-----------+-----------+------------------+------------------+-----------------+------------------+-----------------+----------------+
| Name                        | CPU%(max) | CPU%(avg) | Memory(max) [MB] | Memory(avg) [MB] | Traffic In [MB] | Traffic Out [MB] | Disc Write [MB] | Disc Read [KB] |
|-----------------------------|-----------|-----------|------------------|------------------|-----------------|------------------|-----------------|----------------|
| /peer0.commercial.paynet    | 0.22375   | 0.14      | 122              | 116              | 36.5            | 12.5             | 59.7            | 0.00           |
|-----------------------------|-----------|-----------|------------------|------------------|-----------------|------------------|-----------------|----------------|
| /peer0.pjp.paynet           | 0.22625   | 0.15125   | 123              | 116              | 36.5            | 12.5             | 60.1            | 0.00           |
|-----------------------------|-----------|-----------|------------------|------------------|-----------------|------------------|-----------------|----------------|
| /peer0.ojk.paynet           | 0.20125   | 0.14      | 119              | 113              | 36.5            | 12.5             | 59.4            | 0.00           |
|-----------------------------|-----------|-----------|------------------|------------------|-----------------|------------------|-----------------|----------------|
| /peer0.himbara.paynet       | 0.65      | 0.43625   | 129              | 125              | 75.4            | 72.8             | 61.0            | 0.00           |
|-----------------------------|-----------|-----------|------------------|------------------|-----------------|------------------|-----------------|----------------|
| /peer0.bi.paynet            | 0.2       | 0.1475    | 123              | 117              | 36.5            | 12.6             | 60.1            | 0.00           |
|-----------------------------|-----------|-----------|------------------|------------------|-----------------|------------------|-----------------|----------------|
| /couchdb0.commercial.paynet | 2.36125   | 1.29875   | 69.2             | 58.1             | 12.0            | 15.4             | 255             | 896            |
|-----------------------------|-----------|-----------|------------------|------------------|-----------------|------------------|-----------------|----------------|
| /couchdb0.pjp.paynet        | 2.34      | 1.38875   | 68.7             | 59.1             | 12.0            | 15.4             | 218             | 576            |
|-----------------------------|-----------|-----------|------------------|------------------|-----------------|------------------|-----------------|----------------|
| /couchdb0.himbara.paynet    | 1.84625   | 1.155     | 66.8             | 57.3             | 11.7            | 5.79             | 330             | 960            |
|-----------------------------|-----------|-----------|------------------|------------------|-----------------|------------------|-----------------|----------------|
| /orderer.paynet             | 0.145     | 0.09875   | 77.4             | 61.1             | 21.8            | 104              | 64.9            | 0.00           |
|-----------------------------|-----------|-----------|------------------|------------------|-----------------|------------------|-----------------|----------------|
| /couchdb0.ojk.paynet        | 2.62      | 1.35125   | 75.6             | 59.7             | 12.0            | 15.4             | 239             | 784            |
|-----------------------------|-----------|-----------|------------------|------------------|-----------------|------------------|-----------------|----------------|
| /couchdb0.bi.paynet         | 2.0925    | 1.34875   | 76.7             | 58.6             | 12.0            | 15.4             | 237             | 784            |
+-----------------------------+-----------+-----------+------------------+------------------+-----------------+------------------+-----------------+----------------+

2026.09.17-11:17:55.257[32m info [39m [caliper] [report-builder] 	### process resource stats ###'
2026.09.17-11:17:55.258[32m info [39m [caliper] [report-builder] 	
+-------------------+-----------+-----------+-----------------+-----------------+
| Name              | CPU%(max) | CPU%(avg) | Memory(max) [B] | Memory(avg) [B] |
|-------------------|-----------|-----------|-----------------|-----------------|
| node caliper(sum) | 95.33     | 63.77     | -               | -               |
+-------------------+-----------+-----------+-----------------+-----------------+

2026.09.17-11:17:55.258[32m info [39m [caliper] [round-orchestrator] 	Finished round 2 (retail-transfer-low-40tps) in 62.307 seconds
2026.09.17-11:17:55.258[32m info [39m [caliper] [monitor.js] 	Stopping all monitors
2026.09.17-11:17:55.459[32m info [39m [caliper] [report-builder] 	### All test results ###
2026.09.17-11:17:55.459[32m info [39m [caliper] [report-builder] 	
+----------------------------------+------+------+-----------------+-----------------+-----------------+-----------------+------------------+
| Name                             | Succ | Fail | Send Rate (TPS) | Max Latency (s) | Min Latency (s) | Avg Latency (s) | Throughput (TPS) |
|----------------------------------|------|------|-----------------|-----------------|-----------------|-----------------|------------------|
| warmup-retail-transfer-low-40tps | 152  | 0    | 5.1             | 2.10            | 0.13            | 0.98            | 4.7              |
|----------------------------------|------|------|-----------------|-----------------|-----------------|-----------------|------------------|
| retail-transfer-low-40tps        | 1873 | 529  | 40.0            | 4.34            | 0.12            | 1.90            | 38.6             |
+----------------------------------+------+------+-----------------+-----------------+-----------------+-----------------+------------------+

2026.09.17-11:17:55.466[32m info [39m [caliper] [report-builder] 	Generated report with path /home/mfachrizalg/2026/Skripsi/bi-coin/bi-coin-fabric/report.html
2026.09.17-11:17:55.466[32m info [39m [caliper] [monitor.js] 	Stopping all monitors
2026.09.17-11:17:55.466[32m info [39m [caliper] [worker-orchestrator] 	Sending exit message to connected workers
2026.09.17-11:17:55.466[32m info [39m [caliper] [round-orchestrator] 	Benchmark finished in 317.284 seconds. Total rounds: 2. Successful rounds: 2. Failed rounds: 0.
2026.09.17-11:17:55.466[32m info [39m [caliper] [caliper-engine] 	Network configuration attribute "caliper.command.end" is not present, skipping end command
2026.09.17-11:17:55.466[32m info [39m [caliper] [cli-launch-manager] 	Benchmark successfully finished!
2026.09.17-11:17:55.466[32m info [39m [caliper] [worker-message-handler] 	Worker#0 is exiting
2026.09.17-11:17:55.467[32m info [39m [caliper] [worker-message-handler] 	Worker#1 is exiting
