2026.09.17-11:18:28.471[32m info [39m [caliper] [cli-launch-manager] 	Set workspace path: /home/mfachrizalg/2026/Skripsi/bi-coin/bi-coin-fabric
2026.09.17-11:18:28.472[32m info [39m [caliper] [cli-launch-manager] 	Set benchmark configuration path: /home/mfachrizalg/2026/Skripsi/bi-coin/bi-coin-fabric/benchmark/results/statistical-20260917-pilot6/runs/calibration-retail-transfer-low-2w-40tps-r2/benchconfig.yaml
2026.09.17-11:18:28.473[32m info [39m [caliper] [cli-launch-manager] 	Set network configuration path: /home/mfachrizalg/2026/Skripsi/bi-coin/bi-coin-fabric/benchmark/networkconfig.yaml
2026.09.17-11:18:28.473[32m info [39m [caliper] [cli-launch-manager] 	Set SUT type: fabric
2026.09.17-11:18:28.491[32m info [39m [caliper] [caliper-engine] 	Starting benchmark flow
2026.09.17-11:18:28.492[32m info [39m [caliper] [caliper-engine] 	Network configuration attribute "caliper.command.start" is not present, skipping start command
2026.09.17-11:18:29.034[32m info [39m [caliper] [FabricConnectorFactory] 	Initializing peer gateway connector compatible with installed fabric-gateway SDK: 1.5.0
2026.09.17-11:18:29.042[32m info [39m [caliper] [IdentityManager] 	Adding User1 (admin=false) as User1 for organization BankIndonesiaOrgMSP
2026.09.17-11:18:29.043[32m info [39m [caliper] [IdentityManager] 	Adding User1 (admin=false) as _HimbaraBankOrgMSP_User1 for organization HimbaraBankOrgMSP
2026.09.17-11:18:29.044[32m info [39m [caliper] [IdentityManager] 	Adding User1 (admin=false) as _CommercialBankOrgMSP_User1 for organization CommercialBankOrgMSP
2026.09.17-11:18:29.046[32m info [39m [caliper] [connectors/peer-gateway/PeerGateway] 	Fabric-Gateway SDK version: 1.5.0 for Peer-Gateway connector; TLS based on BankIndonesiaOrgMSP: server
2026.09.17-11:18:29.046[32m info [39m [caliper] [caliper-engine] 	Executed "init" step in 0.001 seconds
2026.09.17-11:18:29.046[33m warn [39m [caliper] [connectors/peer-gateway/PeerGateway] 	Install smart contract not available for the Fabric Peer Gateway connector
2026.09.17-11:18:29.046[32m info [39m [caliper] [caliper-engine] 	Executed "install" step in 0 seconds
2026.09.17-11:18:29.048[32m info [39m [caliper] [monitor.js] 	Attempting to create resource monitor of type docker
2026.09.17-11:18:29.048[32m info [39m [caliper] [monitor.js] 	Attempting to create resource monitor of type process
2026.09.17-11:18:29.049[32m info [39m [caliper] [default-observer] 	Observer interval set to 5000 milliseconds
2026.09.17-11:18:29.052[32m info [39m [caliper] [round-orchestrator] 	Preparing worker connections
2026.09.17-11:18:29.052[32m info [39m [caliper] [worker-orchestrator] 	Launching worker 1 of 2
2026.09.17-11:18:29.057[32m info [39m [caliper] [worker-orchestrator] 	Launching worker 2 of 2
2026.09.17-11:18:29.060[32m info [39m [caliper] [worker-orchestrator] 	Messenger not configured, entering configure phase...
2026.09.17-11:18:29.061[32m info [39m [caliper] [worker-orchestrator] 	No existing workers detected, entering worker launch phase...
2026.09.17-11:18:29.062[32m info [39m [caliper] [worker-orchestrator] 	Waiting for 2 workers to be connected...
2026.09.17-11:18:29.395[32m info [39m [caliper] [cli-launch-worker] 	Set workspace path: /home/mfachrizalg/2026/Skripsi/bi-coin/bi-coin-fabric
2026.09.17-11:18:29.396[32m info [39m [caliper] [cli-launch-worker] 	Set benchmark configuration path: /home/mfachrizalg/2026/Skripsi/bi-coin/bi-coin-fabric/benchmark/results/statistical-20260917-pilot6/runs/calibration-retail-transfer-low-2w-40tps-r2/benchconfig.yaml
2026.09.17-11:18:29.397[32m info [39m [caliper] [cli-launch-worker] 	Set network configuration path: /home/mfachrizalg/2026/Skripsi/bi-coin/bi-coin-fabric/benchmark/networkconfig.yaml
2026.09.17-11:18:29.397[32m info [39m [caliper] [cli-launch-worker] 	Set SUT type: fabric
2026.09.17-11:18:29.404[32m info [39m [caliper] [cli-launch-worker] 	Set workspace path: /home/mfachrizalg/2026/Skripsi/bi-coin/bi-coin-fabric
2026.09.17-11:18:29.405[32m info [39m [caliper] [cli-launch-worker] 	Set benchmark configuration path: /home/mfachrizalg/2026/Skripsi/bi-coin/bi-coin-fabric/benchmark/results/statistical-20260917-pilot6/runs/calibration-retail-transfer-low-2w-40tps-r2/benchconfig.yaml
2026.09.17-11:18:29.405[32m info [39m [caliper] [cli-launch-worker] 	Set network configuration path: /home/mfachrizalg/2026/Skripsi/bi-coin/bi-coin-fabric/benchmark/networkconfig.yaml
2026.09.17-11:18:29.405[32m info [39m [caliper] [cli-launch-worker] 	Set SUT type: fabric
2026.09.17-11:18:29.428[32m info [39m [caliper] [worker-orchestrator] 	2 workers connected, progressing to worker assignment phase.
2026.09.17-11:18:29.428[32m info [39m [caliper] [worker-orchestrator] 	Workers currently unassigned, awaiting index assignment...
2026.09.17-11:18:29.428[32m info [39m [caliper] [worker-orchestrator] 	Waiting for 2 workers to be assigned...
2026.09.17-11:18:29.474[32m info [39m [caliper] [worker-orchestrator] 	2 workers assigned, progressing to worker initialization phase.
2026.09.17-11:18:29.474[32m info [39m [caliper] [worker-orchestrator] 	Waiting for 2 workers to be ready...
2026.09.17-11:18:29.475[32m info [39m [caliper] [worker-message-handler] 	Initializing Worker#1...
2026.09.17-11:18:29.475[32m info [39m [caliper] [worker-message-handler] 	Initializing Worker#0...
2026.09.17-11:18:30.039[32m info [39m [caliper] [FabricConnectorFactory] 	Initializing peer gateway connector compatible with installed fabric-gateway SDK: 1.5.0
2026.09.17-11:18:30.044[32m info [39m [caliper] [IdentityManager] 	Adding User1 (admin=false) as User1 for organization BankIndonesiaOrgMSP
2026.09.17-11:18:30.045[32m info [39m [caliper] [IdentityManager] 	Adding User1 (admin=false) as _HimbaraBankOrgMSP_User1 for organization HimbaraBankOrgMSP
2026.09.17-11:18:30.046[32m info [39m [caliper] [IdentityManager] 	Adding User1 (admin=false) as _CommercialBankOrgMSP_User1 for organization CommercialBankOrgMSP
2026.09.17-11:18:30.050[32m info [39m [caliper] [worker-message-handler] 	Worker#0 initialized
2026.09.17-11:18:30.088[32m info [39m [caliper] [FabricConnectorFactory] 	Initializing peer gateway connector compatible with installed fabric-gateway SDK: 1.5.0
2026.09.17-11:18:30.105[32m info [39m [caliper] [IdentityManager] 	Adding User1 (admin=false) as User1 for organization BankIndonesiaOrgMSP
2026.09.17-11:18:30.106[32m info [39m [caliper] [IdentityManager] 	Adding User1 (admin=false) as _HimbaraBankOrgMSP_User1 for organization HimbaraBankOrgMSP
2026.09.17-11:18:30.107[32m info [39m [caliper] [IdentityManager] 	Adding User1 (admin=false) as _CommercialBankOrgMSP_User1 for organization CommercialBankOrgMSP
2026.09.17-11:18:30.111[32m info [39m [caliper] [worker-message-handler] 	Worker#1 initialized
2026.09.17-11:18:30.112[32m info [39m [caliper] [worker-orchestrator] 	2 workers ready, progressing to test preparation phase.
2026.09.17-11:18:30.112[32m info [39m [caliper] [round-orchestrator] 	Started round 1 (warmup-retail-transfer-low-40tps)
2026.09.17-11:18:30.113[32m info [39m [caliper] [worker-message-handler] 	Preparing Worker#0 for Round#0
2026.09.17-11:18:30.114[32m info [39m [caliper] [worker-message-handler] 	Preparing Worker#1 for Round#0
2026.09.17-11:18:30.129[32m info [39m [caliper] [connectors/peer-gateway/PeerGateway] 	Generating contract map for user User1
2026.09.17-11:18:30.130[32m info [39m [caliper] [connectors/peer-gateway/PeerGateway] 	Generating contract map for user User1
2026.09.17-11:18:30.133[32m info [39m [caliper] [connectors/peer-gateway/PeerGateway] 	Generating contract map for user _HimbaraBankOrgMSP_User1
2026.09.17-11:18:30.135[32m info [39m [caliper] [connectors/peer-gateway/PeerGateway] 	Generating contract map for user _HimbaraBankOrgMSP_User1
2026.09.17-11:18:30.136[32m info [39m [caliper] [connectors/peer-gateway/PeerGateway] 	Generating contract map for user _CommercialBankOrgMSP_User1
2026.09.17-11:18:30.136[32m info [39m [caliper] [caliper-worker] 	Info: worker 0 prepare test phase for round 0 is starting...
2026.09.17-11:18:30.139[32m info [39m [caliper] [connectors/peer-gateway/PeerGateway] 	Generating contract map for user _CommercialBankOrgMSP_User1
2026.09.17-11:18:30.139[32m info [39m [caliper] [caliper-worker] 	Info: worker 1 prepare test phase for round 0 is starting...
2026.09.17-11:18:30.185[31m error[39m [caliper] [connectors/peer-gateway/PeerGateway] 	Failed to perform query transaction [GetParticipant] using arguments [bench_custodian_20260917-pilot6_calibration-retail-transfer-low-2w-40tps-r2_retail-transfer-low],  with error: GatewayError: 2 UNKNOWN: evaluate call to endorser returned error: chaincode response 500, participant bench_custodian_20260917-pilot6_calibration-retail-transfer-low-2w-40tps-r2_retail-transfer-low not found
Details:
-  peer0.bi.paynet:7051:chaincode response 500, participant bench_custodian_20260917-pilot6_calibration-retail-transfer-low-2w-40tps-r2_retail-transfer-low not found
2026.09.17-11:20:22.969[32m info [39m [caliper] [connectors/peer-gateway/PeerGateway] 	disconnecting gateway for user User1
2026.09.17-11:20:22.969[32m info [39m [caliper] [connectors/peer-gateway/PeerGateway] 	disconnecting gateway for user _HimbaraBankOrgMSP_User1
2026.09.17-11:20:22.969[32m info [39m [caliper] [connectors/peer-gateway/PeerGateway] 	disconnecting gateway for user _CommercialBankOrgMSP_User1
2026.09.17-11:20:22.969[32m info [39m [caliper] [connectors/peer-gateway/PeerGateway] 	disconnecting gRpc client at peer peer0.bi.paynet
2026.09.17-11:20:22.970[32m info [39m [caliper] [connectors/peer-gateway/PeerGateway] 	disconnecting gRpc client at peer peer0.himbara.paynet
2026.09.17-11:20:22.970[32m info [39m [caliper] [connectors/peer-gateway/PeerGateway] 	disconnecting gRpc client at peer peer0.commercial.paynet
2026.09.17-11:20:22.970[32m info [39m [caliper] [caliper-worker] 	Info: worker 0 prepare test phase for round 0 is completed
2026.09.17-11:20:22.970[32m info [39m [caliper] [worker-message-handler] 	Worker#0 prepared for Round#0
2026.09.17-11:21:46.962[32m info [39m [caliper] [connectors/peer-gateway/PeerGateway] 	disconnecting gateway for user User1
2026.09.17-11:21:46.962[32m info [39m [caliper] [connectors/peer-gateway/PeerGateway] 	disconnecting gateway for user _HimbaraBankOrgMSP_User1
2026.09.17-11:21:46.963[32m info [39m [caliper] [connectors/peer-gateway/PeerGateway] 	disconnecting gateway for user _CommercialBankOrgMSP_User1
2026.09.17-11:21:46.963[32m info [39m [caliper] [connectors/peer-gateway/PeerGateway] 	disconnecting gRpc client at peer peer0.bi.paynet
2026.09.17-11:21:46.963[32m info [39m [caliper] [connectors/peer-gateway/PeerGateway] 	disconnecting gRpc client at peer peer0.himbara.paynet
2026.09.17-11:21:46.963[32m info [39m [caliper] [connectors/peer-gateway/PeerGateway] 	disconnecting gRpc client at peer peer0.commercial.paynet
2026.09.17-11:21:46.963[32m info [39m [caliper] [caliper-worker] 	Info: worker 1 prepare test phase for round 0 is completed
2026.09.17-11:21:46.964[32m info [39m [caliper] [worker-message-handler] 	Worker#1 prepared for Round#0
2026.09.17-11:21:46.965[32m info [39m [caliper] [worker-orchestrator] 	2 workers prepared, progressing to test phase.
2026.09.17-11:21:49.082[32m info [39m [caliper] [monitor-process] 	Registering node caliper(sum) within process monitor
2026.09.17-11:21:49.314[32m info [39m [caliper] [monitor-process] 	Starting process monitor with update interval 1000 ms
2026.09.17-11:21:49.314[32m info [39m [caliper] [round-orchestrator] 	Monitors successfully started
2026.09.17-11:21:49.315[32m info [39m [caliper] [worker-message-handler] 	Worker#0 is starting Round#0
2026.09.17-11:21:49.315[32m info [39m [caliper] [worker-message-handler] 	Worker#1 is starting Round#0
2026.09.17-11:21:49.320[32m info [39m [caliper] [connectors/peer-gateway/PeerGateway] 	Generating contract map for user User1
2026.09.17-11:21:49.320[32m info [39m [caliper] [connectors/peer-gateway/PeerGateway] 	Generating contract map for user User1
2026.09.17-11:21:49.322[32m info [39m [caliper] [connectors/peer-gateway/PeerGateway] 	Generating contract map for user _HimbaraBankOrgMSP_User1
2026.09.17-11:21:49.322[32m info [39m [caliper] [connectors/peer-gateway/PeerGateway] 	Generating contract map for user _HimbaraBankOrgMSP_User1
2026.09.17-11:21:49.324[32m info [39m [caliper] [connectors/peer-gateway/PeerGateway] 	Generating contract map for user _CommercialBankOrgMSP_User1
2026.09.17-11:21:49.324[32m info [39m [caliper] [connectors/peer-gateway/PeerGateway] 	Generating contract map for user _CommercialBankOrgMSP_User1
2026.09.17-11:21:49.326[32m info [39m [caliper] [caliper-worker] 	Worker #1 starting workload loop
2026.09.17-11:21:49.326[32m info [39m [caliper] [caliper-worker] 	Worker #0 starting workload loop
2026.09.17-11:21:51.967[32m info [39m [caliper] [default-observer] 	[warmup-retail-transfer-low-40tps Round 0 Transaction Info] - Submitted: 11 Succ: 10 Fail:0 Unfinished:1
2026.09.17-11:21:56.967[32m info [39m [caliper] [default-observer] 	[warmup-retail-transfer-low-40tps Round 0 Transaction Info] - Submitted: 36 Succ: 30 Fail:0 Unfinished:6
2026.09.17-11:22:01.968[32m info [39m [caliper] [default-observer] 	[warmup-retail-transfer-low-40tps Round 0 Transaction Info] - Submitted: 62 Succ: 60 Fail:0 Unfinished:2
2026.09.17-11:22:06.969[32m info [39m [caliper] [default-observer] 	[warmup-retail-transfer-low-40tps Round 0 Transaction Info] - Submitted: 86 Succ: 80 Fail:0 Unfinished:6
2026.09.17-11:22:11.969[32m info [39m [caliper] [default-observer] 	[warmup-retail-transfer-low-40tps Round 0 Transaction Info] - Submitted: 112 Succ: 110 Fail:0 Unfinished:2
2026.09.17-11:22:16.971[32m info [39m [caliper] [default-observer] 	[warmup-retail-transfer-low-40tps Round 0 Transaction Info] - Submitted: 136 Succ: 130 Fail:0 Unfinished:6
2026.09.17-11:22:21.972[32m info [39m [caliper] [default-observer] 	[warmup-retail-transfer-low-40tps Round 0 Transaction Info] - Submitted: 152 Succ: 152 Fail:0 Unfinished:0
2026.09.17-11:22:22.436[32m info [39m [caliper] [connectors/peer-gateway/PeerGateway] 	disconnecting gateway for user User1
2026.09.17-11:22:22.436[32m info [39m [caliper] [connectors/peer-gateway/PeerGateway] 	disconnecting gateway for user _HimbaraBankOrgMSP_User1
2026.09.17-11:22:22.436[32m info [39m [caliper] [connectors/peer-gateway/PeerGateway] 	disconnecting gateway for user _CommercialBankOrgMSP_User1
2026.09.17-11:22:22.436[32m info [39m [caliper] [connectors/peer-gateway/PeerGateway] 	disconnecting gRpc client at peer peer0.bi.paynet
2026.09.17-11:22:22.436[32m info [39m [caliper] [connectors/peer-gateway/PeerGateway] 	disconnecting gateway for user User1
2026.09.17-11:22:22.436[32m info [39m [caliper] [connectors/peer-gateway/PeerGateway] 	disconnecting gRpc client at peer peer0.himbara.paynet
2026.09.17-11:22:22.436[32m info [39m [caliper] [connectors/peer-gateway/PeerGateway] 	disconnecting gateway for user _HimbaraBankOrgMSP_User1
2026.09.17-11:22:22.436[32m info [39m [caliper] [connectors/peer-gateway/PeerGateway] 	disconnecting gateway for user _CommercialBankOrgMSP_User1
2026.09.17-11:22:22.436[32m info [39m [caliper] [connectors/peer-gateway/PeerGateway] 	disconnecting gRpc client at peer peer0.bi.paynet
2026.09.17-11:22:22.436[32m info [39m [caliper] [connectors/peer-gateway/PeerGateway] 	disconnecting gRpc client at peer peer0.commercial.paynet
2026.09.17-11:22:22.436[32m info [39m [caliper] [connectors/peer-gateway/PeerGateway] 	disconnecting gRpc client at peer peer0.himbara.paynet
2026.09.17-11:22:22.436[32m info [39m [caliper] [worker-message-handler] 	Worker#1 finished Round#0
2026.09.17-11:22:22.437[32m info [39m [caliper] [connectors/peer-gateway/PeerGateway] 	disconnecting gRpc client at peer peer0.commercial.paynet
2026.09.17-11:22:22.437[32m info [39m [caliper] [worker-message-handler] 	Worker#0 finished Round#0
2026.09.17-11:22:27.459[32m info [39m [caliper] [default-observer] 	Resetting txCount indicator count
2026.09.17-11:22:27.460[32m info [39m [caliper] [report-builder] 	### Test result ###
2026.09.17-11:22:27.465[32m info [39m [caliper] [report-builder] 	
+----------------------------------+------+------+-----------------+-----------------+-----------------+-----------------+------------------+
| Name                             | Succ | Fail | Send Rate (TPS) | Max Latency (s) | Min Latency (s) | Avg Latency (s) | Throughput (TPS) |
|----------------------------------|------|------|-----------------|-----------------|-----------------|-----------------|------------------|
| warmup-retail-transfer-low-40tps | 152  | 0    | 5.1             | 2.09            | 0.12            | 0.98            | 4.7              |
+----------------------------------+------+------+-----------------+-----------------+-----------------+-----------------+------------------+

2026.09.17-11:22:27.470[32m info [39m [caliper] [report-builder] 	### docker resource stats ###'
2026.09.17-11:22:27.473[32m info [39m [caliper] [report-builder] 	
+-----------------------------+-----------+-----------+------------------+------------------+-----------------+------------------+-----------------+----------------+
| Name                        | CPU%(max) | CPU%(avg) | Memory(max) [MB] | Memory(avg) [MB] | Traffic In [MB] | Traffic Out [MB] | Disc Write [MB] | Disc Read [KB] |
|-----------------------------|-----------|-----------|------------------|------------------|-----------------|------------------|-----------------|----------------|
| /peer0.bi.paynet            | 0.0575    | 0.02875   | 106              | 103              | 2.58            | 1.20             | 4.35            | 0.00           |
|-----------------------------|-----------|-----------|------------------|------------------|-----------------|------------------|-----------------|----------------|
| /peer0.commercial.paynet    | 0.05125   | 0.0275    | 103              | 102              | 2.56            | 1.17             | 4.38            | 0.00           |
|-----------------------------|-----------|-----------|------------------|------------------|-----------------|------------------|-----------------|----------------|
| /peer0.ojk.paynet           | 0.045     | 0.02375   | 107              | 105              | 2.57            | 1.18             | 3.85            | 0.00           |
|-----------------------------|-----------|-----------|------------------|------------------|-----------------|------------------|-----------------|----------------|
| /peer0.pjp.paynet           | 0.0425    | 0.025     | 104              | 102              | 2.58            | 1.18             | 4.25            | 0.00           |
|-----------------------------|-----------|-----------|------------------|------------------|-----------------|------------------|-----------------|----------------|
| /peer0.himbara.paynet       | 0.1125    | 0.06625   | 106              | 104              | 5.53            | 5.41             | 4.44            | 0.00           |
|-----------------------------|-----------|-----------|------------------|------------------|-----------------|------------------|-----------------|----------------|
| /couchdb0.pjp.paynet        | 0.305     | 0.0625    | 54.1             | 52.8             | 0.957           | 1.05             | 41.8            | 0.00           |
|-----------------------------|-----------|-----------|------------------|------------------|-----------------|------------------|-----------------|----------------|
| /orderer.paynet             | 0.01125   | 0.00625   | 50.2             | 47.5             | 1.41            | 6.62             | 4.86            | 0.00           |
|-----------------------------|-----------|-----------|------------------|------------------|-----------------|------------------|-----------------|----------------|
| /couchdb0.himbara.paynet    | 0.17875   | 0.07625   | 52.8             | 51.0             | 0.953           | 0.533            | 6.85            | 16.0           |
|-----------------------------|-----------|-----------|------------------|------------------|-----------------|------------------|-----------------|----------------|
| /couchdb0.commercial.paynet | 0.11625   | 0.04125   | 54.3             | 53.0             | 0.957           | 1.05             | 6.77            | 16.0           |
|-----------------------------|-----------|-----------|------------------|------------------|-----------------|------------------|-----------------|----------------|
| /couchdb0.bi.paynet         | 0.23375   | 0.03625   | 52.3             | 51.4             | 0.956           | 1.04             | 6.38            | 0.00           |
|-----------------------------|-----------|-----------|------------------|------------------|-----------------|------------------|-----------------|----------------|
| /couchdb0.ojk.paynet        | 0.08125   | 0.0275    | 53.0             | 52.1             | 0.957           | 1.05             | 6.87            | 0.00           |
+-----------------------------+-----------+-----------+------------------+------------------+-----------------+------------------+-----------------+----------------+

2026.09.17-11:22:27.473[32m info [39m [caliper] [report-builder] 	### process resource stats ###'
2026.09.17-11:22:27.474[32m info [39m [caliper] [report-builder] 	
+-------------------+-----------+-----------+-----------------+-----------------+
| Name              | CPU%(max) | CPU%(avg) | Memory(max) [B] | Memory(avg) [B] |
|-------------------|-----------|-----------|-----------------|-----------------|
| node caliper(sum) | 34.62     | 19.34     | -               | -               |
+-------------------+-----------+-----------+-----------------+-----------------+

2026.09.17-11:22:27.474[32m info [39m [caliper] [round-orchestrator] 	Finished round 1 (warmup-retail-transfer-low-40tps) in 32.11 seconds
2026.09.17-11:22:27.474[32m info [39m [caliper] [monitor.js] 	Stopping all monitors
2026.09.17-11:22:27.675[32m info [39m [caliper] [round-orchestrator] 	Waiting 5 seconds for the next round...
2026.09.17-11:22:32.675[32m info [39m [caliper] [round-orchestrator] 	Started round 2 (retail-transfer-low-40tps)
2026.09.17-11:22:32.676[32m info [39m [caliper] [worker-message-handler] 	Preparing Worker#0 for Round#1
2026.09.17-11:22:32.676[32m info [39m [caliper] [worker-message-handler] 	Preparing Worker#1 for Round#1
2026.09.17-11:22:32.679[32m info [39m [caliper] [connectors/peer-gateway/PeerGateway] 	Generating contract map for user User1
2026.09.17-11:22:32.679[32m info [39m [caliper] [connectors/peer-gateway/PeerGateway] 	Generating contract map for user User1
2026.09.17-11:22:32.681[32m info [39m [caliper] [connectors/peer-gateway/PeerGateway] 	Generating contract map for user _HimbaraBankOrgMSP_User1
2026.09.17-11:22:32.681[32m info [39m [caliper] [connectors/peer-gateway/PeerGateway] 	Generating contract map for user _HimbaraBankOrgMSP_User1
2026.09.17-11:22:32.684[32m info [39m [caliper] [connectors/peer-gateway/PeerGateway] 	Generating contract map for user _CommercialBankOrgMSP_User1
2026.09.17-11:22:32.684[32m info [39m [caliper] [connectors/peer-gateway/PeerGateway] 	Generating contract map for user _CommercialBankOrgMSP_User1
2026.09.17-11:22:32.684[32m info [39m [caliper] [caliper-worker] 	Info: worker 1 prepare test phase for round 1 is starting...
2026.09.17-11:22:32.684[32m info [39m [caliper] [caliper-worker] 	Info: worker 0 prepare test phase for round 1 is starting...
2026.09.17-11:22:32.699[32m info [39m [caliper] [connectors/peer-gateway/PeerGateway] 	disconnecting gateway for user User1
2026.09.17-11:22:32.699[32m info [39m [caliper] [connectors/peer-gateway/PeerGateway] 	disconnecting gateway for user _HimbaraBankOrgMSP_User1
2026.09.17-11:22:32.700[32m info [39m [caliper] [connectors/peer-gateway/PeerGateway] 	disconnecting gateway for user _CommercialBankOrgMSP_User1
2026.09.17-11:22:32.700[32m info [39m [caliper] [connectors/peer-gateway/PeerGateway] 	disconnecting gRpc client at peer peer0.bi.paynet
2026.09.17-11:22:32.700[32m info [39m [caliper] [connectors/peer-gateway/PeerGateway] 	disconnecting gRpc client at peer peer0.himbara.paynet
2026.09.17-11:22:32.700[32m info [39m [caliper] [connectors/peer-gateway/PeerGateway] 	disconnecting gRpc client at peer peer0.commercial.paynet
2026.09.17-11:22:32.700[32m info [39m [caliper] [caliper-worker] 	Info: worker 1 prepare test phase for round 1 is completed
2026.09.17-11:22:32.700[32m info [39m [caliper] [worker-message-handler] 	Worker#1 prepared for Round#1
2026.09.17-11:22:36.952[32m info [39m [caliper] [connectors/peer-gateway/PeerGateway] 	disconnecting gateway for user User1
2026.09.17-11:22:36.952[32m info [39m [caliper] [connectors/peer-gateway/PeerGateway] 	disconnecting gateway for user _HimbaraBankOrgMSP_User1
2026.09.17-11:22:36.952[32m info [39m [caliper] [connectors/peer-gateway/PeerGateway] 	disconnecting gateway for user _CommercialBankOrgMSP_User1
2026.09.17-11:22:36.952[32m info [39m [caliper] [connectors/peer-gateway/PeerGateway] 	disconnecting gRpc client at peer peer0.bi.paynet
2026.09.17-11:22:36.952[32m info [39m [caliper] [connectors/peer-gateway/PeerGateway] 	disconnecting gRpc client at peer peer0.himbara.paynet
2026.09.17-11:22:36.953[32m info [39m [caliper] [connectors/peer-gateway/PeerGateway] 	disconnecting gRpc client at peer peer0.commercial.paynet
2026.09.17-11:22:36.953[32m info [39m [caliper] [caliper-worker] 	Info: worker 0 prepare test phase for round 1 is completed
2026.09.17-11:22:36.953[32m info [39m [caliper] [worker-message-handler] 	Worker#0 prepared for Round#1
2026.09.17-11:22:36.954[32m info [39m [caliper] [worker-orchestrator] 	2 workers prepared, progressing to test phase.
2026.09.17-11:22:39.000[32m info [39m [caliper] [monitor-process] 	Registering node caliper(sum) within process monitor
2026.09.17-11:22:39.138[32m info [39m [caliper] [monitor-process] 	Starting process monitor with update interval 1000 ms
2026.09.17-11:22:39.138[32m info [39m [caliper] [round-orchestrator] 	Monitors successfully started
2026.09.17-11:22:39.138[32m info [39m [caliper] [worker-message-handler] 	Worker#0 is starting Round#1
2026.09.17-11:22:39.139[32m info [39m [caliper] [worker-message-handler] 	Worker#1 is starting Round#1
2026.09.17-11:22:39.142[32m info [39m [caliper] [connectors/peer-gateway/PeerGateway] 	Generating contract map for user User1
2026.09.17-11:22:39.145[32m info [39m [caliper] [connectors/peer-gateway/PeerGateway] 	Generating contract map for user User1
2026.09.17-11:22:39.145[32m info [39m [caliper] [connectors/peer-gateway/PeerGateway] 	Generating contract map for user _HimbaraBankOrgMSP_User1
2026.09.17-11:22:39.147[32m info [39m [caliper] [connectors/peer-gateway/PeerGateway] 	Generating contract map for user _HimbaraBankOrgMSP_User1
2026.09.17-11:22:39.150[32m info [39m [caliper] [connectors/peer-gateway/PeerGateway] 	Generating contract map for user _CommercialBankOrgMSP_User1
2026.09.17-11:22:39.150[32m info [39m [caliper] [connectors/peer-gateway/PeerGateway] 	Generating contract map for user _CommercialBankOrgMSP_User1
2026.09.17-11:22:39.151[32m info [39m [caliper] [caliper-worker] 	Worker #0 starting workload loop
2026.09.17-11:22:39.151[32m info [39m [caliper] [caliper-worker] 	Worker #1 starting workload loop
2026.09.17-11:22:41.957[32m info [39m [caliper] [default-observer] 	[retail-transfer-low-40tps Round 1 Transaction Info] - Submitted: 80 Succ: 70 Fail:0 Unfinished:10
2026.09.17-11:22:46.958[32m info [39m [caliper] [default-observer] 	[retail-transfer-low-40tps Round 1 Transaction Info] - Submitted: 282 Succ: 250 Fail:0 Unfinished:32
2026.09.17-11:22:51.644[31m error[39m [caliper] [connectors/peer-gateway/PeerGateway] 	Failed to perform submit transaction [Transfer] using arguments [wlt_c_20260917-pilot6_calibration-retail-transfer-low-2w-40tps-r2_retail-transfer-low_w0_47,wlt_c_20260917-pilot6_calibration-retail-transfer-low-2w-40tps-r2_retail-transfer-low_w0_97,1000,transfer_20260917-pilot6_calibration-retail-transfer-low-2w-40tps-r2_retail-transfer-low_w0_r1_197],  with error: Error: Failed to submit trasaction with status code: 11
2026.09.17-11:22:51.959[32m info [39m [caliper] [default-observer] 	[retail-transfer-low-40tps Round 1 Transaction Info] - Submitted: 483 Succ: 380 Fail:0 Unfinished:103
2026.09.17-11:22:51.973[31m error[39m [caliper] [connectors/peer-gateway/PeerGateway] 	Failed to perform submit transaction [Transfer] using arguments [wlt_c_20260917-pilot6_calibration-retail-transfer-low-2w-40tps-r2_retail-transfer-low_w0_4,wlt_c_20260917-pilot6_calibration-retail-transfer-low-2w-40tps-r2_retail-transfer-low_w0_54,1000,transfer_20260917-pilot6_calibration-retail-transfer-low-2w-40tps-r2_retail-transfer-low_w0_r1_203],  with error: Error: Failed to submit trasaction with status code: 11
2026.09.17-11:22:51.975[31m error[39m [caliper] [connectors/peer-gateway/PeerGateway] 	Failed to perform submit transaction [Transfer] using arguments [wlt_c_20260917-pilot6_calibration-retail-transfer-low-2w-40tps-r2_retail-transfer-low_w1_6,wlt_c_20260917-pilot6_calibration-retail-transfer-low-2w-40tps-r2_retail-transfer-low_w1_56,1000,transfer_20260917-pilot6_calibration-retail-transfer-low-2w-40tps-r2_retail-transfer-low_w1_r1_204],  with error: Error: Failed to submit trasaction with status code: 11
2026.09.17-11:22:52.481[31m error[39m [caliper] [connectors/peer-gateway/PeerGateway] 	Failed to perform submit transaction [Transfer] using arguments [wlt_c_20260917-pilot6_calibration-retail-transfer-low-2w-40tps-r2_retail-transfer-low_w0_7,wlt_c_20260917-pilot6_calibration-retail-transfer-low-2w-40tps-r2_retail-transfer-low_w0_57,1000,transfer_20260917-pilot6_calibration-retail-transfer-low-2w-40tps-r2_retail-transfer-low_w0_r1_205],  with error: Error: Failed to submit trasaction with status code: 11
2026.09.17-11:22:52.491[31m error[39m [caliper] [connectors/peer-gateway/PeerGateway] 	Failed to perform submit transaction [Transfer] using arguments [wlt_c_20260917-pilot6_calibration-retail-transfer-low-2w-40tps-r2_retail-transfer-low_w0_13,wlt_c_20260917-pilot6_calibration-retail-transfer-low-2w-40tps-r2_retail-transfer-low_w0_63,1000,transfer_20260917-pilot6_calibration-retail-transfer-low-2w-40tps-r2_retail-transfer-low_w0_r1_210],  with error: Error: Failed to submit trasaction with status code: 11
2026.09.17-11:22:52.671[31m error[39m [caliper] [connectors/peer-gateway/PeerGateway] 	Failed to perform submit transaction [Transfer] using arguments [wlt_c_20260917-pilot6_calibration-retail-transfer-low-2w-40tps-r2_retail-transfer-low_w0_19,wlt_c_20260917-pilot6_calibration-retail-transfer-low-2w-40tps-r2_retail-transfer-low_w0_69,1000,transfer_20260917-pilot6_calibration-retail-transfer-low-2w-40tps-r2_retail-transfer-low_w0_r1_215],  with error: Error: Failed to submit trasaction with status code: 11
2026.09.17-11:22:52.674[31m error[39m [caliper] [connectors/peer-gateway/PeerGateway] 	Failed to perform submit transaction [Transfer] using arguments [wlt_c_20260917-pilot6_calibration-retail-transfer-low-2w-40tps-r2_retail-transfer-low_w0_14,wlt_c_20260917-pilot6_calibration-retail-transfer-low-2w-40tps-r2_retail-transfer-low_w0_64,1000,transfer_20260917-pilot6_calibration-retail-transfer-low-2w-40tps-r2_retail-transfer-low_w0_r1_211],  with error: Error: Failed to submit trasaction with status code: 11
2026.09.17-11:22:52.677[31m error[39m [caliper] [connectors/peer-gateway/PeerGateway] 	Failed to perform submit transaction [Transfer] using arguments [wlt_c_20260917-pilot6_calibration-retail-transfer-low-2w-40tps-r2_retail-transfer-low_w1_14,wlt_c_20260917-pilot6_calibration-retail-transfer-low-2w-40tps-r2_retail-transfer-low_w1_64,1000,transfer_20260917-pilot6_calibration-retail-transfer-low-2w-40tps-r2_retail-transfer-low_w1_r1_211],  with error: Error: Failed to submit trasaction with status code: 11
2026.09.17-11:22:52.678[31m error[39m [caliper] [connectors/peer-gateway/PeerGateway] 	Failed to perform submit transaction [Transfer] using arguments [wlt_c_20260917-pilot6_calibration-retail-transfer-low-2w-40tps-r2_retail-transfer-low_w1_13,wlt_c_20260917-pilot6_calibration-retail-transfer-low-2w-40tps-r2_retail-transfer-low_w1_63,1000,transfer_20260917-pilot6_calibration-retail-transfer-low-2w-40tps-r2_retail-transfer-low_w1_r1_210],  with error: Error: Failed to submit trasaction with status code: 11
2026.09.17-11:22:52.678[31m error[39m [caliper] [connectors/peer-gateway/PeerGateway] 	Failed to perform submit transaction [Transfer] using arguments [wlt_c_20260917-pilot6_calibration-retail-transfer-low-2w-40tps-r2_retail-transfer-low_w1_16,wlt_c_20260917-pilot6_calibration-retail-transfer-low-2w-40tps-r2_retail-transfer-low_w1_66,1000,transfer_20260917-pilot6_calibration-retail-transfer-low-2w-40tps-r2_retail-transfer-low_w1_r1_212],  with error: Error: Failed to submit trasaction with status code: 11
2026.09.17-11:22:52.682[31m error[39m [caliper] [connectors/peer-gateway/PeerGateway] 	Failed to perform submit transaction [Transfer] using arguments [wlt_c_20260917-pilot6_calibration-retail-transfer-low-2w-40tps-r2_retail-transfer-low_w0_16,wlt_c_20260917-pilot6_calibration-retail-transfer-low-2w-40tps-r2_retail-transfer-low_w0_66,1000,transfer_20260917-pilot6_calibration-retail-transfer-low-2w-40tps-r2_retail-transfer-low_w0_r1_212],  with error: Error: Failed to submit trasaction with status code: 11
2026.09.17-11:22:52.683[31m error[39m [caliper] [connectors/peer-gateway/PeerGateway] 	Failed to perform submit transaction [Transfer] using arguments [wlt_c_20260917-pilot6_calibration-retail-transfer-low-2w-40tps-r2_retail-transfer-low_w0_21,wlt_c_20260917-pilot6_calibration-retail-transfer-low-2w-40tps-r2_retail-transfer-low_w0_71,1000,transfer_20260917-pilot6_calibration-retail-transfer-low-2w-40tps-r2_retail-transfer-low_w0_r1_216],  with error: Error: Failed to submit trasaction with status code: 11
2026.09.17-11:22:52.684[31m error[39m [caliper] [connectors/peer-gateway/PeerGateway] 	Failed to perform submit transaction [Transfer] using arguments [wlt_c_20260917-pilot6_calibration-retail-transfer-low-2w-40tps-r2_retail-transfer-low_w0_17,wlt_c_20260917-pilot6_calibration-retail-transfer-low-2w-40tps-r2_retail-transfer-low_w0_67,1000,transfer_20260917-pilot6_calibration-retail-transfer-low-2w-40tps-r2_retail-transfer-low_w0_r1_213],  with error: Error: Failed to submit trasaction with status code: 11
2026.09.17-11:22:52.831[31m error[39m [caliper] [connectors/peer-gateway/PeerGateway] 	Failed to perform submit transaction [Transfer] using arguments [wlt_c_20260917-pilot6_calibration-retail-transfer-low-2w-40tps-r2_retail-transfer-low_w1_21,wlt_c_20260917-pilot6_calibration-retail-transfer-low-2w-40tps-r2_retail-transfer-low_w1_71,1000,transfer_20260917-pilot6_calibration-retail-transfer-low-2w-40tps-r2_retail-transfer-low_w1_r1_216],  with error: Error: Failed to submit trasaction with status code: 11
2026.09.17-11:22:52.832[31m error[39m [caliper] [connectors/peer-gateway/PeerGateway] 	Failed to perform submit transaction [Transfer] using arguments [wlt_c_20260917-pilot6_calibration-retail-transfer-low-2w-40tps-r2_retail-transfer-low_w1_22,wlt_c_20260917-pilot6_calibration-retail-transfer-low-2w-40tps-r2_retail-transfer-low_w1_72,1000,transfer_20260917-pilot6_calibration-retail-transfer-low-2w-40tps-r2_retail-transfer-low_w1_r1_217],  with error: Error: Failed to submit trasaction with status code: 11
2026.09.17-11:22:52.832[31m error[39m [caliper] [connectors/peer-gateway/PeerGateway] 	Failed to perform submit transaction [Transfer] using arguments [wlt_c_20260917-pilot6_calibration-retail-transfer-low-2w-40tps-r2_retail-transfer-low_w0_22,wlt_c_20260917-pilot6_calibration-retail-transfer-low-2w-40tps-r2_retail-transfer-low_w0_72,1000,transfer_20260917-pilot6_calibration-retail-transfer-low-2w-40tps-r2_retail-transfer-low_w0_r1_217],  with error: Error: Failed to submit trasaction with status code: 11
2026.09.17-11:22:52.833[31m error[39m [caliper] [connectors/peer-gateway/PeerGateway] 	Failed to perform submit transaction [Transfer] using arguments [wlt_c_20260917-pilot6_calibration-retail-transfer-low-2w-40tps-r2_retail-transfer-low_w1_18,wlt_c_20260917-pilot6_calibration-retail-transfer-low-2w-40tps-r2_retail-transfer-low_w1_68,1000,transfer_20260917-pilot6_calibration-retail-transfer-low-2w-40tps-r2_retail-transfer-low_w1_r1_214],  with error: Error: Failed to submit trasaction with status code: 11
2026.09.17-11:22:52.833[31m error[39m [caliper] [connectors/peer-gateway/PeerGateway] 	Failed to perform submit transaction [Transfer] using arguments [wlt_c_20260917-pilot6_calibration-retail-transfer-low-2w-40tps-r2_retail-transfer-low_w1_19,wlt_c_20260917-pilot6_calibration-retail-transfer-low-2w-40tps-r2_retail-transfer-low_w1_69,1000,transfer_20260917-pilot6_calibration-retail-transfer-low-2w-40tps-r2_retail-transfer-low_w1_r1_215],  with error: Error: Failed to submit trasaction with status code: 11
2026.09.17-11:22:52.936[31m error[39m [caliper] [connectors/peer-gateway/PeerGateway] 	Failed to perform submit transaction [Transfer] using arguments [wlt_c_20260917-pilot6_calibration-retail-transfer-low-2w-40tps-r2_retail-transfer-low_w0_31,wlt_c_20260917-pilot6_calibration-retail-transfer-low-2w-40tps-r2_retail-transfer-low_w0_81,1000,transfer_20260917-pilot6_calibration-retail-transfer-low-2w-40tps-r2_retail-transfer-low_w0_r1_224],  with error: Error: Failed to submit trasaction with status code: 11
2026.09.17-11:22:52.938[31m error[39m [caliper] [connectors/peer-gateway/PeerGateway] 	Failed to perform submit transaction [Transfer] using arguments [wlt_c_20260917-pilot6_calibration-retail-transfer-low-2w-40tps-r2_retail-transfer-low_w0_28,wlt_c_20260917-pilot6_calibration-retail-transfer-low-2w-40tps-r2_retail-transfer-low_w0_78,1000,transfer_20260917-pilot6_calibration-retail-transfer-low-2w-40tps-r2_retail-transfer-low_w0_r1_222],  with error: Error: Failed to submit trasaction with status code: 11
2026.09.17-11:22:52.938[31m error[39m [caliper] [connectors/peer-gateway/PeerGateway] 	Failed to perform submit transaction [Transfer] using arguments [wlt_c_20260917-pilot6_calibration-retail-transfer-low-2w-40tps-r2_retail-transfer-low_w1_29,wlt_c_20260917-pilot6_calibration-retail-transfer-low-2w-40tps-r2_retail-transfer-low_w1_79,1000,transfer_20260917-pilot6_calibration-retail-transfer-low-2w-40tps-r2_retail-transfer-low_w1_r1_223],  with error: Error: Failed to submit trasaction with status code: 11
2026.09.17-11:22:52.939[31m error[39m [caliper] [connectors/peer-gateway/PeerGateway] 	Failed to perform submit transaction [Transfer] using arguments [wlt_c_20260917-pilot6_calibration-retail-transfer-low-2w-40tps-r2_retail-transfer-low_w0_32,wlt_c_20260917-pilot6_calibration-retail-transfer-low-2w-40tps-r2_retail-transfer-low_w0_82,1000,transfer_20260917-pilot6_calibration-retail-transfer-low-2w-40tps-r2_retail-transfer-low_w0_r1_225],  with error: Error: Failed to submit trasaction with status code: 11
2026.09.17-11:22:52.940[31m error[39m [caliper] [connectors/peer-gateway/PeerGateway] 	Failed to perform submit transaction [Transfer] using arguments [wlt_c_20260917-pilot6_calibration-retail-transfer-low-2w-40tps-r2_retail-transfer-low_w0_29,wlt_c_20260917-pilot6_calibration-retail-transfer-low-2w-40tps-r2_retail-transfer-low_w0_79,1000,transfer_20260917-pilot6_calibration-retail-transfer-low-2w-40tps-r2_retail-transfer-low_w0_r1_223],  with error: Error: Failed to submit trasaction with status code: 11
2026.09.17-11:22:52.941[31m error[39m [caliper] [connectors/peer-gateway/PeerGateway] 	Failed to perform submit transaction [Transfer] using arguments [wlt_c_20260917-pilot6_calibration-retail-transfer-low-2w-40tps-r2_retail-transfer-low_w1_26,wlt_c_20260917-pilot6_calibration-retail-transfer-low-2w-40tps-r2_retail-transfer-low_w1_76,1000,transfer_20260917-pilot6_calibration-retail-transfer-low-2w-40tps-r2_retail-transfer-low_w1_r1_220],  with error: Error: Failed to submit trasaction with status code: 11
2026.09.17-11:22:52.944[31m error[39m [caliper] [connectors/peer-gateway/PeerGateway] 	Failed to perform submit transaction [Transfer] using arguments [wlt_c_20260917-pilot6_calibration-retail-transfer-low-2w-40tps-r2_retail-transfer-low_w1_28,wlt_c_20260917-pilot6_calibration-retail-transfer-low-2w-40tps-r2_retail-transfer-low_w1_78,1000,transfer_20260917-pilot6_calibration-retail-transfer-low-2w-40tps-r2_retail-transfer-low_w1_r1_222],  with error: Error: Failed to submit trasaction with status code: 11
2026.09.17-11:22:52.945[31m error[39m [caliper] [connectors/peer-gateway/PeerGateway] 	Failed to perform submit transaction [Transfer] using arguments [wlt_c_20260917-pilot6_calibration-retail-transfer-low-2w-40tps-r2_retail-transfer-low_w1_32,wlt_c_20260917-pilot6_calibration-retail-transfer-low-2w-40tps-r2_retail-transfer-low_w1_82,1000,transfer_20260917-pilot6_calibration-retail-transfer-low-2w-40tps-r2_retail-transfer-low_w1_r1_225],  with error: Error: Failed to submit trasaction with status code: 11
2026.09.17-11:22:52.946[31m error[39m [caliper] [connectors/peer-gateway/PeerGateway] 	Failed to perform submit transaction [Transfer] using arguments [wlt_c_20260917-pilot6_calibration-retail-transfer-low-2w-40tps-r2_retail-transfer-low_w1_27,wlt_c_20260917-pilot6_calibration-retail-transfer-low-2w-40tps-r2_retail-transfer-low_w1_77,1000,transfer_20260917-pilot6_calibration-retail-transfer-low-2w-40tps-r2_retail-transfer-low_w1_r1_221],  with error: Error: Failed to submit trasaction with status code: 11
2026.09.17-11:22:52.946[31m error[39m [caliper] [connectors/peer-gateway/PeerGateway] 	Failed to perform submit transaction [Transfer] using arguments [wlt_c_20260917-pilot6_calibration-retail-transfer-low-2w-40tps-r2_retail-transfer-low_w1_31,wlt_c_20260917-pilot6_calibration-retail-transfer-low-2w-40tps-r2_retail-transfer-low_w1_81,1000,transfer_20260917-pilot6_calibration-retail-transfer-low-2w-40tps-r2_retail-transfer-low_w1_r1_224],  with error: Error: Failed to submit trasaction with status code: 11
2026.09.17-11:22:53.186[31m error[39m [caliper] [connectors/peer-gateway/PeerGateway] 	Failed to perform submit transaction [Transfer] using arguments [wlt_c_20260917-pilot6_calibration-retail-transfer-low-2w-40tps-r2_retail-transfer-low_w0_37,wlt_c_20260917-pilot6_calibration-retail-transfer-low-2w-40tps-r2_retail-transfer-low_w0_87,1000,transfer_20260917-pilot6_calibration-retail-transfer-low-2w-40tps-r2_retail-transfer-low_w0_r1_229],  with error: Error: Failed to submit trasaction with status code: 11
2026.09.17-11:22:53.187[31m error[39m [caliper] [connectors/peer-gateway/PeerGateway] 	Failed to perform submit transaction [Transfer] using arguments [wlt_c_20260917-pilot6_calibration-retail-transfer-low-2w-40tps-r2_retail-transfer-low_w1_33,wlt_c_20260917-pilot6_calibration-retail-transfer-low-2w-40tps-r2_retail-transfer-low_w1_83,1000,transfer_20260917-pilot6_calibration-retail-transfer-low-2w-40tps-r2_retail-transfer-low_w1_r1_226],  with error: Error: Failed to submit trasaction with status code: 11
2026.09.17-11:22:53.187[31m error[39m [caliper] [connectors/peer-gateway/PeerGateway] 	Failed to perform submit transaction [Transfer] using arguments [wlt_c_20260917-pilot6_calibration-retail-transfer-low-2w-40tps-r2_retail-transfer-low_w1_34,wlt_c_20260917-pilot6_calibration-retail-transfer-low-2w-40tps-r2_retail-transfer-low_w1_84,1000,transfer_20260917-pilot6_calibration-retail-transfer-low-2w-40tps-r2_retail-transfer-low_w1_r1_227],  with error: Error: Failed to submit trasaction with status code: 11
2026.09.17-11:22:53.188[31m error[39m [caliper] [connectors/peer-gateway/PeerGateway] 	Failed to perform submit transaction [Transfer] using arguments [wlt_c_20260917-pilot6_calibration-retail-transfer-low-2w-40tps-r2_retail-transfer-low_w0_27,wlt_c_20260917-pilot6_calibration-retail-transfer-low-2w-40tps-r2_retail-transfer-low_w0_77,1000,transfer_20260917-pilot6_calibration-retail-transfer-low-2w-40tps-r2_retail-transfer-low_w0_r1_221],  with error: Error: Failed to submit trasaction with status code: 11
2026.09.17-11:22:53.188[31m error[39m [caliper] [connectors/peer-gateway/PeerGateway] 	Failed to perform submit transaction [Transfer] using arguments [wlt_c_20260917-pilot6_calibration-retail-transfer-low-2w-40tps-r2_retail-transfer-low_w1_37,wlt_c_20260917-pilot6_calibration-retail-transfer-low-2w-40tps-r2_retail-transfer-low_w1_87,1000,transfer_20260917-pilot6_calibration-retail-transfer-low-2w-40tps-r2_retail-transfer-low_w1_r1_229],  with error: Error: Failed to submit trasaction with status code: 11
2026.09.17-11:22:53.188[31m error[39m [caliper] [connectors/peer-gateway/PeerGateway] 	Failed to perform submit transaction [Transfer] using arguments [wlt_c_20260917-pilot6_calibration-retail-transfer-low-2w-40tps-r2_retail-transfer-low_w0_26,wlt_c_20260917-pilot6_calibration-retail-transfer-low-2w-40tps-r2_retail-transfer-low_w0_76,1000,transfer_20260917-pilot6_calibration-retail-transfer-low-2w-40tps-r2_retail-transfer-low_w0_r1_220],  with error: Error: Failed to submit trasaction with status code: 11
2026.09.17-11:22:53.443[31m error[39m [caliper] [connectors/peer-gateway/PeerGateway] 	Failed to perform submit transaction [Transfer] using arguments [wlt_c_20260917-pilot6_calibration-retail-transfer-low-2w-40tps-r2_retail-transfer-low_w0_41,wlt_c_20260917-pilot6_calibration-retail-transfer-low-2w-40tps-r2_retail-transfer-low_w0_91,1000,transfer_20260917-pilot6_calibration-retail-transfer-low-2w-40tps-r2_retail-transfer-low_w0_r1_232],  with error: Error: Failed to submit trasaction with status code: 11
2026.09.17-11:22:53.443[31m error[39m [caliper] [connectors/peer-gateway/PeerGateway] 	Failed to perform submit transaction [Transfer] using arguments [wlt_c_20260917-pilot6_calibration-retail-transfer-low-2w-40tps-r2_retail-transfer-low_w0_38,wlt_c_20260917-pilot6_calibration-retail-transfer-low-2w-40tps-r2_retail-transfer-low_w0_88,1000,transfer_20260917-pilot6_calibration-retail-transfer-low-2w-40tps-r2_retail-transfer-low_w0_r1_230],  with error: Error: Failed to submit trasaction with status code: 11
2026.09.17-11:22:53.445[31m error[39m [caliper] [connectors/peer-gateway/PeerGateway] 	Failed to perform submit transaction [Transfer] using arguments [wlt_c_20260917-pilot6_calibration-retail-transfer-low-2w-40tps-r2_retail-transfer-low_w1_38,wlt_c_20260917-pilot6_calibration-retail-transfer-low-2w-40tps-r2_retail-transfer-low_w1_88,1000,transfer_20260917-pilot6_calibration-retail-transfer-low-2w-40tps-r2_retail-transfer-low_w1_r1_230],  with error: Error: Failed to submit trasaction with status code: 11
2026.09.17-11:22:53.446[31m error[39m [caliper] [connectors/peer-gateway/PeerGateway] 	Failed to perform submit transaction [Transfer] using arguments [wlt_c_20260917-pilot6_calibration-retail-transfer-low-2w-40tps-r2_retail-transfer-low_w0_43,wlt_c_20260917-pilot6_calibration-retail-transfer-low-2w-40tps-r2_retail-transfer-low_w0_93,1000,transfer_20260917-pilot6_calibration-retail-transfer-low-2w-40tps-r2_retail-transfer-low_w0_r1_234],  with error: Error: Failed to submit trasaction with status code: 11
2026.09.17-11:22:53.449[31m error[39m [caliper] [connectors/peer-gateway/PeerGateway] 	Failed to perform submit transaction [Transfer] using arguments [wlt_c_20260917-pilot6_calibration-retail-transfer-low-2w-40tps-r2_retail-transfer-low_w0_44,wlt_c_20260917-pilot6_calibration-retail-transfer-low-2w-40tps-r2_retail-transfer-low_w0_94,1000,transfer_20260917-pilot6_calibration-retail-transfer-low-2w-40tps-r2_retail-transfer-low_w0_r1_235],  with error: Error: Failed to submit trasaction with status code: 11
2026.09.17-11:22:53.449[31m error[39m [caliper] [connectors/peer-gateway/PeerGateway] 	Failed to perform submit transaction [Transfer] using arguments [wlt_c_20260917-pilot6_calibration-retail-transfer-low-2w-40tps-r2_retail-transfer-low_w0_42,wlt_c_20260917-pilot6_calibration-retail-transfer-low-2w-40tps-r2_retail-transfer-low_w0_92,1000,transfer_20260917-pilot6_calibration-retail-transfer-low-2w-40tps-r2_retail-transfer-low_w0_r1_233],  with error: Error: Failed to submit trasaction with status code: 11
2026.09.17-11:22:53.460[31m error[39m [caliper] [connectors/peer-gateway/PeerGateway] 	Failed to perform submit transaction [Transfer] using arguments [wlt_c_20260917-pilot6_calibration-retail-transfer-low-2w-40tps-r2_retail-transfer-low_w1_42,wlt_c_20260917-pilot6_calibration-retail-transfer-low-2w-40tps-r2_retail-transfer-low_w1_92,1000,transfer_20260917-pilot6_calibration-retail-transfer-low-2w-40tps-r2_retail-transfer-low_w1_r1_233],  with error: Error: Failed to submit trasaction with status code: 11
2026.09.17-11:22:53.464[31m error[39m [caliper] [connectors/peer-gateway/PeerGateway] 	Failed to perform submit transaction [Transfer] using arguments [wlt_c_20260917-pilot6_calibration-retail-transfer-low-2w-40tps-r2_retail-transfer-low_w1_44,wlt_c_20260917-pilot6_calibration-retail-transfer-low-2w-40tps-r2_retail-transfer-low_w1_94,1000,transfer_20260917-pilot6_calibration-retail-transfer-low-2w-40tps-r2_retail-transfer-low_w1_r1_235],  with error: Error: Failed to submit trasaction with status code: 11
2026.09.17-11:22:53.465[31m error[39m [caliper] [connectors/peer-gateway/PeerGateway] 	Failed to perform submit transaction [Transfer] using arguments [wlt_c_20260917-pilot6_calibration-retail-transfer-low-2w-40tps-r2_retail-transfer-low_w1_43,wlt_c_20260917-pilot6_calibration-retail-transfer-low-2w-40tps-r2_retail-transfer-low_w1_93,1000,transfer_20260917-pilot6_calibration-retail-transfer-low-2w-40tps-r2_retail-transfer-low_w1_r1_234],  with error: Error: Failed to submit trasaction with status code: 11
2026.09.17-11:22:53.466[31m error[39m [caliper] [connectors/peer-gateway/PeerGateway] 	Failed to perform submit transaction [Transfer] using arguments [wlt_c_20260917-pilot6_calibration-retail-transfer-low-2w-40tps-r2_retail-transfer-low_w1_46,wlt_c_20260917-pilot6_calibration-retail-transfer-low-2w-40tps-r2_retail-transfer-low_w1_96,1000,transfer_20260917-pilot6_calibration-retail-transfer-low-2w-40tps-r2_retail-transfer-low_w1_r1_236],  with error: Error: Failed to submit trasaction with status code: 11
2026.09.17-11:22:53.712[31m error[39m [caliper] [connectors/peer-gateway/PeerGateway] 	Failed to perform submit transaction [Transfer] using arguments [wlt_c_20260917-pilot6_calibration-retail-transfer-low-2w-40tps-r2_retail-transfer-low_w1_48,wlt_c_20260917-pilot6_calibration-retail-transfer-low-2w-40tps-r2_retail-transfer-low_w1_98,1000,transfer_20260917-pilot6_calibration-retail-transfer-low-2w-40tps-r2_retail-transfer-low_w1_r1_238],  with error: Error: Failed to submit trasaction with status code: 11
2026.09.17-11:22:53.713[31m error[39m [caliper] [connectors/peer-gateway/PeerGateway] 	Failed to perform submit transaction [Transfer] using arguments [wlt_c_20260917-pilot6_calibration-retail-transfer-low-2w-40tps-r2_retail-transfer-low_w0_46,wlt_c_20260917-pilot6_calibration-retail-transfer-low-2w-40tps-r2_retail-transfer-low_w0_96,1000,transfer_20260917-pilot6_calibration-retail-transfer-low-2w-40tps-r2_retail-transfer-low_w0_r1_236],  with error: Error: Failed to submit trasaction with status code: 11
2026.09.17-11:22:53.713[31m error[39m [caliper] [connectors/peer-gateway/PeerGateway] 	Failed to perform submit transaction [Transfer] using arguments [wlt_c_20260917-pilot6_calibration-retail-transfer-low-2w-40tps-r2_retail-transfer-low_w0_39,wlt_c_20260917-pilot6_calibration-retail-transfer-low-2w-40tps-r2_retail-transfer-low_w0_89,1000,transfer_20260917-pilot6_calibration-retail-transfer-low-2w-40tps-r2_retail-transfer-low_w0_r1_231],  with error: Error: Failed to submit trasaction with status code: 11
2026.09.17-11:22:53.714[31m error[39m [caliper] [connectors/peer-gateway/PeerGateway] 	Failed to perform submit transaction [Transfer] using arguments [wlt_c_20260917-pilot6_calibration-retail-transfer-low-2w-40tps-r2_retail-transfer-low_w0_48,wlt_c_20260917-pilot6_calibration-retail-transfer-low-2w-40tps-r2_retail-transfer-low_w0_98,1000,transfer_20260917-pilot6_calibration-retail-transfer-low-2w-40tps-r2_retail-transfer-low_w0_r1_238],  with error: Error: Failed to submit trasaction with status code: 11
2026.09.17-11:22:53.715[31m error[39m [caliper] [connectors/peer-gateway/PeerGateway] 	Failed to perform submit transaction [Transfer] using arguments [wlt_c_20260917-pilot6_calibration-retail-transfer-low-2w-40tps-r2_retail-transfer-low_w1_39,wlt_c_20260917-pilot6_calibration-retail-transfer-low-2w-40tps-r2_retail-transfer-low_w1_89,1000,transfer_20260917-pilot6_calibration-retail-transfer-low-2w-40tps-r2_retail-transfer-low_w1_r1_231],  with error: Error: Failed to submit trasaction with status code: 11
2026.09.17-11:22:53.716[31m error[39m [caliper] [connectors/peer-gateway/PeerGateway] 	Failed to perform submit transaction [Transfer] using arguments [wlt_c_20260917-pilot6_calibration-retail-transfer-low-2w-40tps-r2_retail-transfer-low_w1_41,wlt_c_20260917-pilot6_calibration-retail-transfer-low-2w-40tps-r2_retail-transfer-low_w1_91,1000,transfer_20260917-pilot6_calibration-retail-transfer-low-2w-40tps-r2_retail-transfer-low_w1_r1_232],  with error: Error: Failed to submit trasaction with status code: 11
2026.09.17-11:22:53.717[31m error[39m [caliper] [connectors/peer-gateway/PeerGateway] 	Failed to perform submit transaction [Transfer] using arguments [wlt_c_20260917-pilot6_calibration-retail-transfer-low-2w-40tps-r2_retail-transfer-low_w1_47,wlt_c_20260917-pilot6_calibration-retail-transfer-low-2w-40tps-r2_retail-transfer-low_w1_97,1000,transfer_20260917-pilot6_calibration-retail-transfer-low-2w-40tps-r2_retail-transfer-low_w1_r1_237],  with error: Error: Failed to submit trasaction with status code: 11
2026.09.17-11:22:53.717[31m error[39m [caliper] [connectors/peer-gateway/PeerGateway] 	Failed to perform submit transaction [Transfer] using arguments [wlt_c_20260917-pilot6_calibration-retail-transfer-low-2w-40tps-r2_retail-transfer-low_w1_1,wlt_c_20260917-pilot6_calibration-retail-transfer-low-2w-40tps-r2_retail-transfer-low_w1_51,1000,transfer_20260917-pilot6_calibration-retail-transfer-low-2w-40tps-r2_retail-transfer-low_w1_r1_240],  with error: Error: Failed to submit trasaction with status code: 11
2026.09.17-11:22:53.718[31m error[39m [caliper] [connectors/peer-gateway/PeerGateway] 	Failed to perform submit transaction [Transfer] using arguments [wlt_c_20260917-pilot6_calibration-retail-transfer-low-2w-40tps-r2_retail-transfer-low_w1_49,wlt_c_20260917-pilot6_calibration-retail-transfer-low-2w-40tps-r2_retail-transfer-low_w1_99,1000,transfer_20260917-pilot6_calibration-retail-transfer-low-2w-40tps-r2_retail-transfer-low_w1_r1_239],  with error: Error: Failed to submit trasaction with status code: 11
2026.09.17-11:22:53.876[31m error[39m [caliper] [connectors/peer-gateway/PeerGateway] 	Failed to perform submit transaction [Transfer] using arguments [wlt_c_20260917-pilot6_calibration-retail-transfer-low-2w-40tps-r2_retail-transfer-low_w0_3,wlt_c_20260917-pilot6_calibration-retail-transfer-low-2w-40tps-r2_retail-transfer-low_w0_53,1000,transfer_20260917-pilot6_calibration-retail-transfer-low-2w-40tps-r2_retail-transfer-low_w0_r1_242],  with error: Error: Failed to submit trasaction with status code: 11
2026.09.17-11:22:53.880[31m error[39m [caliper] [connectors/peer-gateway/PeerGateway] 	Failed to perform submit transaction [Transfer] using arguments [wlt_c_20260917-pilot6_calibration-retail-transfer-low-2w-40tps-r2_retail-transfer-low_w0_6,wlt_c_20260917-pilot6_calibration-retail-transfer-low-2w-40tps-r2_retail-transfer-low_w0_56,1000,transfer_20260917-pilot6_calibration-retail-transfer-low-2w-40tps-r2_retail-transfer-low_w0_r1_244],  with error: Error: Failed to submit trasaction with status code: 11
2026.09.17-11:22:53.880[31m error[39m [caliper] [connectors/peer-gateway/PeerGateway] 	Failed to perform submit transaction [Transfer] using arguments [wlt_c_20260917-pilot6_calibration-retail-transfer-low-2w-40tps-r2_retail-transfer-low_w1_4,wlt_c_20260917-pilot6_calibration-retail-transfer-low-2w-40tps-r2_retail-transfer-low_w1_54,1000,transfer_20260917-pilot6_calibration-retail-transfer-low-2w-40tps-r2_retail-transfer-low_w1_r1_243],  with error: Error: Failed to submit trasaction with status code: 11
2026.09.17-11:22:53.882[31m error[39m [caliper] [connectors/peer-gateway/PeerGateway] 	Failed to perform submit transaction [Transfer] using arguments [wlt_c_20260917-pilot6_calibration-retail-transfer-low-2w-40tps-r2_retail-transfer-low_w1_2,wlt_c_20260917-pilot6_calibration-retail-transfer-low-2w-40tps-r2_retail-transfer-low_w1_52,1000,transfer_20260917-pilot6_calibration-retail-transfer-low-2w-40tps-r2_retail-transfer-low_w1_r1_241],  with error: Error: Failed to submit trasaction with status code: 11
2026.09.17-11:22:53.882[31m error[39m [caliper] [connectors/peer-gateway/PeerGateway] 	Failed to perform submit transaction [Transfer] using arguments [wlt_c_20260917-pilot6_calibration-retail-transfer-low-2w-40tps-r2_retail-transfer-low_w0_1,wlt_c_20260917-pilot6_calibration-retail-transfer-low-2w-40tps-r2_retail-transfer-low_w0_51,1000,transfer_20260917-pilot6_calibration-retail-transfer-low-2w-40tps-r2_retail-transfer-low_w0_r1_240],  with error: Error: Failed to submit trasaction with status code: 11
2026.09.17-11:22:53.883[31m error[39m [caliper] [connectors/peer-gateway/PeerGateway] 	Failed to perform submit transaction [Transfer] using arguments [wlt_c_20260917-pilot6_calibration-retail-transfer-low-2w-40tps-r2_retail-transfer-low_w0_2,wlt_c_20260917-pilot6_calibration-retail-transfer-low-2w-40tps-r2_retail-transfer-low_w0_52,1000,transfer_20260917-pilot6_calibration-retail-transfer-low-2w-40tps-r2_retail-transfer-low_w0_r1_241],  with error: Error: Failed to submit trasaction with status code: 11
2026.09.17-11:22:53.883[31m error[39m [caliper] [connectors/peer-gateway/PeerGateway] 	Failed to perform submit transaction [Transfer] using arguments [wlt_c_20260917-pilot6_calibration-retail-transfer-low-2w-40tps-r2_retail-transfer-low_w0_49,wlt_c_20260917-pilot6_calibration-retail-transfer-low-2w-40tps-r2_retail-transfer-low_w0_99,1000,transfer_20260917-pilot6_calibration-retail-transfer-low-2w-40tps-r2_retail-transfer-low_w0_r1_239],  with error: Error: Failed to submit trasaction with status code: 11
2026.09.17-11:22:53.885[31m error[39m [caliper] [connectors/peer-gateway/PeerGateway] 	Failed to perform submit transaction [Transfer] using arguments [wlt_c_20260917-pilot6_calibration-retail-transfer-low-2w-40tps-r2_retail-transfer-low_w1_3,wlt_c_20260917-pilot6_calibration-retail-transfer-low-2w-40tps-r2_retail-transfer-low_w1_53,1000,transfer_20260917-pilot6_calibration-retail-transfer-low-2w-40tps-r2_retail-transfer-low_w1_r1_242],  with error: Error: Failed to submit trasaction with status code: 11
2026.09.17-11:22:53.999[31m error[39m [caliper] [connectors/peer-gateway/PeerGateway] 	Failed to perform submit transaction [Transfer] using arguments [wlt_c_20260917-pilot6_calibration-retail-transfer-low-2w-40tps-r2_retail-transfer-low_w0_9,wlt_c_20260917-pilot6_calibration-retail-transfer-low-2w-40tps-r2_retail-transfer-low_w0_59,1000,transfer_20260917-pilot6_calibration-retail-transfer-low-2w-40tps-r2_retail-transfer-low_w0_r1_247],  with error: Error: Failed to submit trasaction with status code: 11
2026.09.17-11:22:54.000[31m error[39m [caliper] [connectors/peer-gateway/PeerGateway] 	Failed to perform submit transaction [Transfer] using arguments [wlt_c_20260917-pilot6_calibration-retail-transfer-low-2w-40tps-r2_retail-transfer-low_w0_12,wlt_c_20260917-pilot6_calibration-retail-transfer-low-2w-40tps-r2_retail-transfer-low_w0_62,1000,transfer_20260917-pilot6_calibration-retail-transfer-low-2w-40tps-r2_retail-transfer-low_w0_r1_249],  with error: Error: Failed to submit trasaction with status code: 11
2026.09.17-11:22:53.999[31m error[39m [caliper] [connectors/peer-gateway/PeerGateway] 	Failed to perform submit transaction [Transfer] using arguments [wlt_c_20260917-pilot6_calibration-retail-transfer-low-2w-40tps-r2_retail-transfer-low_w1_7,wlt_c_20260917-pilot6_calibration-retail-transfer-low-2w-40tps-r2_retail-transfer-low_w1_57,1000,transfer_20260917-pilot6_calibration-retail-transfer-low-2w-40tps-r2_retail-transfer-low_w1_r1_245],  with error: Error: Failed to submit trasaction with status code: 11
2026.09.17-11:22:54.000[31m error[39m [caliper] [connectors/peer-gateway/PeerGateway] 	Failed to perform submit transaction [Transfer] using arguments [wlt_c_20260917-pilot6_calibration-retail-transfer-low-2w-40tps-r2_retail-transfer-low_w0_11,wlt_c_20260917-pilot6_calibration-retail-transfer-low-2w-40tps-r2_retail-transfer-low_w0_61,1000,transfer_20260917-pilot6_calibration-retail-transfer-low-2w-40tps-r2_retail-transfer-low_w0_r1_248],  with error: Error: Failed to submit trasaction with status code: 11
2026.09.17-11:22:54.001[31m error[39m [caliper] [connectors/peer-gateway/PeerGateway] 	Failed to perform submit transaction [Transfer] using arguments [wlt_c_20260917-pilot6_calibration-retail-transfer-low-2w-40tps-r2_retail-transfer-low_w1_9,wlt_c_20260917-pilot6_calibration-retail-transfer-low-2w-40tps-r2_retail-transfer-low_w1_59,1000,transfer_20260917-pilot6_calibration-retail-transfer-low-2w-40tps-r2_retail-transfer-low_w1_r1_247],  with error: Error: Failed to submit trasaction with status code: 11
2026.09.17-11:22:54.001[31m error[39m [caliper] [connectors/peer-gateway/PeerGateway] 	Failed to perform submit transaction [Transfer] using arguments [wlt_c_20260917-pilot6_calibration-retail-transfer-low-2w-40tps-r2_retail-transfer-low_w0_8,wlt_c_20260917-pilot6_calibration-retail-transfer-low-2w-40tps-r2_retail-transfer-low_w0_58,1000,transfer_20260917-pilot6_calibration-retail-transfer-low-2w-40tps-r2_retail-transfer-low_w0_r1_246],  with error: Error: Failed to submit trasaction with status code: 11
2026.09.17-11:22:54.003[31m error[39m [caliper] [connectors/peer-gateway/PeerGateway] 	Failed to perform submit transaction [Transfer] using arguments [wlt_c_20260917-pilot6_calibration-retail-transfer-low-2w-40tps-r2_retail-transfer-low_w1_12,wlt_c_20260917-pilot6_calibration-retail-transfer-low-2w-40tps-r2_retail-transfer-low_w1_62,1000,transfer_20260917-pilot6_calibration-retail-transfer-low-2w-40tps-r2_retail-transfer-low_w1_r1_249],  with error: Error: Failed to submit trasaction with status code: 11
2026.09.17-11:22:54.005[31m error[39m [caliper] [connectors/peer-gateway/PeerGateway] 	Failed to perform submit transaction [Transfer] using arguments [wlt_c_20260917-pilot6_calibration-retail-transfer-low-2w-40tps-r2_retail-transfer-low_w1_11,wlt_c_20260917-pilot6_calibration-retail-transfer-low-2w-40tps-r2_retail-transfer-low_w1_61,1000,transfer_20260917-pilot6_calibration-retail-transfer-low-2w-40tps-r2_retail-transfer-low_w1_r1_248],  with error: Error: Failed to submit trasaction with status code: 11
2026.09.17-11:22:54.005[31m error[39m [caliper] [connectors/peer-gateway/PeerGateway] 	Failed to perform submit transaction [Transfer] using arguments [wlt_c_20260917-pilot6_calibration-retail-transfer-low-2w-40tps-r2_retail-transfer-low_w1_8,wlt_c_20260917-pilot6_calibration-retail-transfer-low-2w-40tps-r2_retail-transfer-low_w1_58,1000,transfer_20260917-pilot6_calibration-retail-transfer-low-2w-40tps-r2_retail-transfer-low_w1_r1_246],  with error: Error: Failed to submit trasaction with status code: 11
2026.09.17-11:22:54.217[31m error[39m [caliper] [connectors/peer-gateway/PeerGateway] 	Failed to perform submit transaction [Transfer] using arguments [wlt_c_20260917-pilot6_calibration-retail-transfer-low-2w-40tps-r2_retail-transfer-low_w0_18,wlt_c_20260917-pilot6_calibration-retail-transfer-low-2w-40tps-r2_retail-transfer-low_w0_68,1000,transfer_20260917-pilot6_calibration-retail-transfer-low-2w-40tps-r2_retail-transfer-low_w0_r1_254],  with error: Error: Failed to submit trasaction with status code: 11
2026.09.17-11:22:54.220[31m error[39m [caliper] [connectors/peer-gateway/PeerGateway] 	Failed to perform submit transaction [Transfer] using arguments [wlt_c_20260917-pilot6_calibration-retail-transfer-low-2w-40tps-r2_retail-transfer-low_w1_23,wlt_c_20260917-pilot6_calibration-retail-transfer-low-2w-40tps-r2_retail-transfer-low_w1_73,1000,transfer_20260917-pilot6_calibration-retail-transfer-low-2w-40tps-r2_retail-transfer-low_w1_r1_258],  with error: Error: Failed to submit trasaction with status code: 11
2026.09.17-11:22:54.464[31m error[39m [caliper] [connectors/peer-gateway/PeerGateway] 	Failed to perform submit transaction [Transfer] using arguments [wlt_c_20260917-pilot6_calibration-retail-transfer-low-2w-40tps-r2_retail-transfer-low_w0_24,wlt_c_20260917-pilot6_calibration-retail-transfer-low-2w-40tps-r2_retail-transfer-low_w0_74,1000,transfer_20260917-pilot6_calibration-retail-transfer-low-2w-40tps-r2_retail-transfer-low_w0_r1_259],  with error: Error: Failed to submit trasaction with status code: 11
2026.09.17-11:22:54.469[31m error[39m [caliper] [connectors/peer-gateway/PeerGateway] 	Failed to perform submit transaction [Transfer] using arguments [wlt_c_20260917-pilot6_calibration-retail-transfer-low-2w-40tps-r2_retail-transfer-low_w1_17,wlt_c_20260917-pilot6_calibration-retail-transfer-low-2w-40tps-r2_retail-transfer-low_w1_67,1000,transfer_20260917-pilot6_calibration-retail-transfer-low-2w-40tps-r2_retail-transfer-low_w1_r1_253],  with error: Error: Failed to submit trasaction with status code: 11
2026.09.17-11:22:54.472[31m error[39m [caliper] [connectors/peer-gateway/PeerGateway] 	Failed to perform submit transaction [Transfer] using arguments [wlt_c_20260917-pilot6_calibration-retail-transfer-low-2w-40tps-r2_retail-transfer-low_w1_24,wlt_c_20260917-pilot6_calibration-retail-transfer-low-2w-40tps-r2_retail-transfer-low_w1_74,1000,transfer_20260917-pilot6_calibration-retail-transfer-low-2w-40tps-r2_retail-transfer-low_w1_r1_259],  with error: Error: Failed to submit trasaction with status code: 11
2026.09.17-11:22:54.474[31m error[39m [caliper] [connectors/peer-gateway/PeerGateway] 	Failed to perform submit transaction [Transfer] using arguments [wlt_c_20260917-pilot6_calibration-retail-transfer-low-2w-40tps-r2_retail-transfer-low_w0_23,wlt_c_20260917-pilot6_calibration-retail-transfer-low-2w-40tps-r2_retail-transfer-low_w0_73,1000,transfer_20260917-pilot6_calibration-retail-transfer-low-2w-40tps-r2_retail-transfer-low_w0_r1_258],  with error: Error: Failed to submit trasaction with status code: 11
2026.09.17-11:22:54.799[31m error[39m [caliper] [connectors/peer-gateway/PeerGateway] 	Failed to perform submit transaction [Transfer] using arguments [wlt_c_20260917-pilot6_calibration-retail-transfer-low-2w-40tps-r2_retail-transfer-low_w0_33,wlt_c_20260917-pilot6_calibration-retail-transfer-low-2w-40tps-r2_retail-transfer-low_w0_83,1000,transfer_20260917-pilot6_calibration-retail-transfer-low-2w-40tps-r2_retail-transfer-low_w0_r1_266],  with error: Error: Failed to submit trasaction with status code: 11
2026.09.17-11:22:54.800[31m error[39m [caliper] [connectors/peer-gateway/PeerGateway] 	Failed to perform submit transaction [Transfer] using arguments [wlt_c_20260917-pilot6_calibration-retail-transfer-low-2w-40tps-r2_retail-transfer-low_w0_34,wlt_c_20260917-pilot6_calibration-retail-transfer-low-2w-40tps-r2_retail-transfer-low_w0_84,1000,transfer_20260917-pilot6_calibration-retail-transfer-low-2w-40tps-r2_retail-transfer-low_w0_r1_267],  with error: Error: Failed to submit trasaction with status code: 11
2026.09.17-11:22:55.098[31m error[39m [caliper] [connectors/peer-gateway/PeerGateway] 	Failed to perform submit transaction [Transfer] using arguments [wlt_c_20260917-pilot6_calibration-retail-transfer-low-2w-40tps-r2_retail-transfer-low_w1_36,wlt_c_20260917-pilot6_calibration-retail-transfer-low-2w-40tps-r2_retail-transfer-low_w1_86,1000,transfer_20260917-pilot6_calibration-retail-transfer-low-2w-40tps-r2_retail-transfer-low_w1_r1_268],  with error: Error: Failed to submit trasaction with status code: 11
2026.09.17-11:22:55.447[31m error[39m [caliper] [connectors/peer-gateway/PeerGateway] 	Failed to perform submit transaction [Transfer] using arguments [wlt_c_20260917-pilot6_calibration-retail-transfer-low-2w-40tps-r2_retail-transfer-low_w0_36,wlt_c_20260917-pilot6_calibration-retail-transfer-low-2w-40tps-r2_retail-transfer-low_w0_86,1000,transfer_20260917-pilot6_calibration-retail-transfer-low-2w-40tps-r2_retail-transfer-low_w0_r1_268],  with error: Error: Failed to submit trasaction with status code: 11
2026.09.17-11:22:55.658[31m error[39m [caliper] [connectors/peer-gateway/PeerGateway] 	Failed to perform submit transaction [Transfer] using arguments [wlt_c_20260917-pilot6_calibration-retail-transfer-low-2w-40tps-r2_retail-transfer-low_w0_47,wlt_c_20260917-pilot6_calibration-retail-transfer-low-2w-40tps-r2_retail-transfer-low_w0_97,1000,transfer_20260917-pilot6_calibration-retail-transfer-low-2w-40tps-r2_retail-transfer-low_w0_r1_277],  with error: Error: Failed to submit trasaction with status code: 11
2026.09.17-11:22:55.972[31m error[39m [caliper] [connectors/peer-gateway/PeerGateway] 	Failed to perform submit transaction [Transfer] using arguments [wlt_c_20260917-pilot6_calibration-retail-transfer-low-2w-40tps-r2_retail-transfer-low_w0_7,wlt_c_20260917-pilot6_calibration-retail-transfer-low-2w-40tps-r2_retail-transfer-low_w0_57,1000,transfer_20260917-pilot6_calibration-retail-transfer-low-2w-40tps-r2_retail-transfer-low_w0_r1_285],  with error: Error: Failed to submit trasaction with status code: 11
2026.09.17-11:22:55.978[31m error[39m [caliper] [connectors/peer-gateway/PeerGateway] 	Failed to perform submit transaction [Transfer] using arguments [wlt_c_20260917-pilot6_calibration-retail-transfer-low-2w-40tps-r2_retail-transfer-low_w1_6,wlt_c_20260917-pilot6_calibration-retail-transfer-low-2w-40tps-r2_retail-transfer-low_w1_56,1000,transfer_20260917-pilot6_calibration-retail-transfer-low-2w-40tps-r2_retail-transfer-low_w1_r1_284],  with error: Error: Failed to submit trasaction with status code: 11
2026.09.17-11:22:55.978[31m error[39m [caliper] [connectors/peer-gateway/PeerGateway] 	Failed to perform submit transaction [Transfer] using arguments [wlt_c_20260917-pilot6_calibration-retail-transfer-low-2w-40tps-r2_retail-transfer-low_w0_4,wlt_c_20260917-pilot6_calibration-retail-transfer-low-2w-40tps-r2_retail-transfer-low_w0_54,1000,transfer_20260917-pilot6_calibration-retail-transfer-low-2w-40tps-r2_retail-transfer-low_w0_r1_283],  with error: Error: Failed to submit trasaction with status code: 11
2026.09.17-11:22:56.261[31m error[39m [caliper] [connectors/peer-gateway/PeerGateway] 	Failed to perform submit transaction [Transfer] using arguments [wlt_c_20260917-pilot6_calibration-retail-transfer-low-2w-40tps-r2_retail-transfer-low_w0_13,wlt_c_20260917-pilot6_calibration-retail-transfer-low-2w-40tps-r2_retail-transfer-low_w0_63,1000,transfer_20260917-pilot6_calibration-retail-transfer-low-2w-40tps-r2_retail-transfer-low_w0_r1_290],  with error: Error: Failed to submit trasaction with status code: 11
2026.09.17-11:22:56.263[31m error[39m [caliper] [connectors/peer-gateway/PeerGateway] 	Failed to perform submit transaction [Transfer] using arguments [wlt_c_20260917-pilot6_calibration-retail-transfer-low-2w-40tps-r2_retail-transfer-low_w1_13,wlt_c_20260917-pilot6_calibration-retail-transfer-low-2w-40tps-r2_retail-transfer-low_w1_63,1000,transfer_20260917-pilot6_calibration-retail-transfer-low-2w-40tps-r2_retail-transfer-low_w1_r1_290],  with error: Error: Failed to submit trasaction with status code: 11
2026.09.17-11:22:56.512[31m error[39m [caliper] [connectors/peer-gateway/PeerGateway] 	Failed to perform submit transaction [Transfer] using arguments [wlt_c_20260917-pilot6_calibration-retail-transfer-low-2w-40tps-r2_retail-transfer-low_w1_16,wlt_c_20260917-pilot6_calibration-retail-transfer-low-2w-40tps-r2_retail-transfer-low_w1_66,1000,transfer_20260917-pilot6_calibration-retail-transfer-low-2w-40tps-r2_retail-transfer-low_w1_r1_292],  with error: Error: Failed to submit trasaction with status code: 11
2026.09.17-11:22:56.516[31m error[39m [caliper] [connectors/peer-gateway/PeerGateway] 	Failed to perform submit transaction [Transfer] using arguments [wlt_c_20260917-pilot6_calibration-retail-transfer-low-2w-40tps-r2_retail-transfer-low_w0_14,wlt_c_20260917-pilot6_calibration-retail-transfer-low-2w-40tps-r2_retail-transfer-low_w0_64,1000,transfer_20260917-pilot6_calibration-retail-transfer-low-2w-40tps-r2_retail-transfer-low_w0_r1_291],  with error: Error: Failed to submit trasaction with status code: 11
2026.09.17-11:22:56.517[31m error[39m [caliper] [connectors/peer-gateway/PeerGateway] 	Failed to perform submit transaction [Transfer] using arguments [wlt_c_20260917-pilot6_calibration-retail-transfer-low-2w-40tps-r2_retail-transfer-low_w0_17,wlt_c_20260917-pilot6_calibration-retail-transfer-low-2w-40tps-r2_retail-transfer-low_w0_67,1000,transfer_20260917-pilot6_calibration-retail-transfer-low-2w-40tps-r2_retail-transfer-low_w0_r1_293],  with error: Error: Failed to submit trasaction with status code: 11
2026.09.17-11:22:56.517[31m error[39m [caliper] [connectors/peer-gateway/PeerGateway] 	Failed to perform submit transaction [Transfer] using arguments [wlt_c_20260917-pilot6_calibration-retail-transfer-low-2w-40tps-r2_retail-transfer-low_w1_14,wlt_c_20260917-pilot6_calibration-retail-transfer-low-2w-40tps-r2_retail-transfer-low_w1_64,1000,transfer_20260917-pilot6_calibration-retail-transfer-low-2w-40tps-r2_retail-transfer-low_w1_r1_291],  with error: Error: Failed to submit trasaction with status code: 11
2026.09.17-11:22:56.517[31m error[39m [caliper] [connectors/peer-gateway/PeerGateway] 	Failed to perform submit transaction [Transfer] using arguments [wlt_c_20260917-pilot6_calibration-retail-transfer-low-2w-40tps-r2_retail-transfer-low_w1_18,wlt_c_20260917-pilot6_calibration-retail-transfer-low-2w-40tps-r2_retail-transfer-low_w1_68,1000,transfer_20260917-pilot6_calibration-retail-transfer-low-2w-40tps-r2_retail-transfer-low_w1_r1_294],  with error: Error: Failed to submit trasaction with status code: 11
2026.09.17-11:22:56.518[31m error[39m [caliper] [connectors/peer-gateway/PeerGateway] 	Failed to perform submit transaction [Transfer] using arguments [wlt_c_20260917-pilot6_calibration-retail-transfer-low-2w-40tps-r2_retail-transfer-low_w0_16,wlt_c_20260917-pilot6_calibration-retail-transfer-low-2w-40tps-r2_retail-transfer-low_w0_66,1000,transfer_20260917-pilot6_calibration-retail-transfer-low-2w-40tps-r2_retail-transfer-low_w0_r1_292],  with error: Error: Failed to submit trasaction with status code: 11
2026.09.17-11:22:56.670[31m error[39m [caliper] [connectors/peer-gateway/PeerGateway] 	Failed to perform submit transaction [Transfer] using arguments [wlt_c_20260917-pilot6_calibration-retail-transfer-low-2w-40tps-r2_retail-transfer-low_w1_26,wlt_c_20260917-pilot6_calibration-retail-transfer-low-2w-40tps-r2_retail-transfer-low_w1_76,1000,transfer_20260917-pilot6_calibration-retail-transfer-low-2w-40tps-r2_retail-transfer-low_w1_r1_300],  with error: Error: Failed to submit trasaction with status code: 11
2026.09.17-11:22:56.672[31m error[39m [caliper] [connectors/peer-gateway/PeerGateway] 	Failed to perform submit transaction [Transfer] using arguments [wlt_c_20260917-pilot6_calibration-retail-transfer-low-2w-40tps-r2_retail-transfer-low_w1_19,wlt_c_20260917-pilot6_calibration-retail-transfer-low-2w-40tps-r2_retail-transfer-low_w1_69,1000,transfer_20260917-pilot6_calibration-retail-transfer-low-2w-40tps-r2_retail-transfer-low_w1_r1_295],  with error: Error: Failed to submit trasaction with status code: 11
2026.09.17-11:22:56.675[31m error[39m [caliper] [connectors/peer-gateway/PeerGateway] 	Failed to perform submit transaction [Transfer] using arguments [wlt_c_20260917-pilot6_calibration-retail-transfer-low-2w-40tps-r2_retail-transfer-low_w0_19,wlt_c_20260917-pilot6_calibration-retail-transfer-low-2w-40tps-r2_retail-transfer-low_w0_69,1000,transfer_20260917-pilot6_calibration-retail-transfer-low-2w-40tps-r2_retail-transfer-low_w0_r1_295],  with error: Error: Failed to submit trasaction with status code: 11
2026.09.17-11:22:56.676[31m error[39m [caliper] [connectors/peer-gateway/PeerGateway] 	Failed to perform submit transaction [Transfer] using arguments [wlt_c_20260917-pilot6_calibration-retail-transfer-low-2w-40tps-r2_retail-transfer-low_w1_21,wlt_c_20260917-pilot6_calibration-retail-transfer-low-2w-40tps-r2_retail-transfer-low_w1_71,1000,transfer_20260917-pilot6_calibration-retail-transfer-low-2w-40tps-r2_retail-transfer-low_w1_r1_296],  with error: Error: Failed to submit trasaction with status code: 11
2026.09.17-11:22:56.676[31m error[39m [caliper] [connectors/peer-gateway/PeerGateway] 	Failed to perform submit transaction [Transfer] using arguments [wlt_c_20260917-pilot6_calibration-retail-transfer-low-2w-40tps-r2_retail-transfer-low_w1_22,wlt_c_20260917-pilot6_calibration-retail-transfer-low-2w-40tps-r2_retail-transfer-low_w1_72,1000,transfer_20260917-pilot6_calibration-retail-transfer-low-2w-40tps-r2_retail-transfer-low_w1_r1_297],  with error: Error: Failed to submit trasaction with status code: 11
2026.09.17-11:22:56.677[31m error[39m [caliper] [connectors/peer-gateway/PeerGateway] 	Failed to perform submit transaction [Transfer] using arguments [wlt_c_20260917-pilot6_calibration-retail-transfer-low-2w-40tps-r2_retail-transfer-low_w0_21,wlt_c_20260917-pilot6_calibration-retail-transfer-low-2w-40tps-r2_retail-transfer-low_w0_71,1000,transfer_20260917-pilot6_calibration-retail-transfer-low-2w-40tps-r2_retail-transfer-low_w0_r1_296],  with error: Error: Failed to submit trasaction with status code: 11
2026.09.17-11:22:56.678[31m error[39m [caliper] [connectors/peer-gateway/PeerGateway] 	Failed to perform submit transaction [Transfer] using arguments [wlt_c_20260917-pilot6_calibration-retail-transfer-low-2w-40tps-r2_retail-transfer-low_w0_22,wlt_c_20260917-pilot6_calibration-retail-transfer-low-2w-40tps-r2_retail-transfer-low_w0_72,1000,transfer_20260917-pilot6_calibration-retail-transfer-low-2w-40tps-r2_retail-transfer-low_w0_r1_297],  with error: Error: Failed to submit trasaction with status code: 11
2026.09.17-11:22:56.680[31m error[39m [caliper] [connectors/peer-gateway/PeerGateway] 	Failed to perform submit transaction [Transfer] using arguments [wlt_c_20260917-pilot6_calibration-retail-transfer-low-2w-40tps-r2_retail-transfer-low_w0_26,wlt_c_20260917-pilot6_calibration-retail-transfer-low-2w-40tps-r2_retail-transfer-low_w0_76,1000,transfer_20260917-pilot6_calibration-retail-transfer-low-2w-40tps-r2_retail-transfer-low_w0_r1_300],  with error: Error: Failed to submit trasaction with status code: 11
2026.09.17-11:22:56.886[31m error[39m [caliper] [connectors/peer-gateway/PeerGateway] 	Failed to perform submit transaction [Transfer] using arguments [wlt_c_20260917-pilot6_calibration-retail-transfer-low-2w-40tps-r2_retail-transfer-low_w1_33,wlt_c_20260917-pilot6_calibration-retail-transfer-low-2w-40tps-r2_retail-transfer-low_w1_83,1000,transfer_20260917-pilot6_calibration-retail-transfer-low-2w-40tps-r2_retail-transfer-low_w1_r1_306],  with error: Error: Failed to submit trasaction with status code: 11
2026.09.17-11:22:56.887[31m error[39m [caliper] [connectors/peer-gateway/PeerGateway] 	Failed to perform submit transaction [Transfer] using arguments [wlt_c_20260917-pilot6_calibration-retail-transfer-low-2w-40tps-r2_retail-transfer-low_w0_27,wlt_c_20260917-pilot6_calibration-retail-transfer-low-2w-40tps-r2_retail-transfer-low_w0_77,1000,transfer_20260917-pilot6_calibration-retail-transfer-low-2w-40tps-r2_retail-transfer-low_w0_r1_301],  with error: Error: Failed to submit trasaction with status code: 11
2026.09.17-11:22:56.888[31m error[39m [caliper] [connectors/peer-gateway/PeerGateway] 	Failed to perform submit transaction [Transfer] using arguments [wlt_c_20260917-pilot6_calibration-retail-transfer-low-2w-40tps-r2_retail-transfer-low_w1_27,wlt_c_20260917-pilot6_calibration-retail-transfer-low-2w-40tps-r2_retail-transfer-low_w1_77,1000,transfer_20260917-pilot6_calibration-retail-transfer-low-2w-40tps-r2_retail-transfer-low_w1_r1_301],  with error: Error: Failed to submit trasaction with status code: 11
2026.09.17-11:22:56.888[31m error[39m [caliper] [connectors/peer-gateway/PeerGateway] 	Failed to perform submit transaction [Transfer] using arguments [wlt_c_20260917-pilot6_calibration-retail-transfer-low-2w-40tps-r2_retail-transfer-low_w1_28,wlt_c_20260917-pilot6_calibration-retail-transfer-low-2w-40tps-r2_retail-transfer-low_w1_78,1000,transfer_20260917-pilot6_calibration-retail-transfer-low-2w-40tps-r2_retail-transfer-low_w1_r1_302],  with error: Error: Failed to submit trasaction with status code: 11
2026.09.17-11:22:56.889[31m error[39m [caliper] [connectors/peer-gateway/PeerGateway] 	Failed to perform submit transaction [Transfer] using arguments [wlt_c_20260917-pilot6_calibration-retail-transfer-low-2w-40tps-r2_retail-transfer-low_w1_32,wlt_c_20260917-pilot6_calibration-retail-transfer-low-2w-40tps-r2_retail-transfer-low_w1_82,1000,transfer_20260917-pilot6_calibration-retail-transfer-low-2w-40tps-r2_retail-transfer-low_w1_r1_305],  with error: Error: Failed to submit trasaction with status code: 11
2026.09.17-11:22:56.889[31m error[39m [caliper] [connectors/peer-gateway/PeerGateway] 	Failed to perform submit transaction [Transfer] using arguments [wlt_c_20260917-pilot6_calibration-retail-transfer-low-2w-40tps-r2_retail-transfer-low_w0_32,wlt_c_20260917-pilot6_calibration-retail-transfer-low-2w-40tps-r2_retail-transfer-low_w0_82,1000,transfer_20260917-pilot6_calibration-retail-transfer-low-2w-40tps-r2_retail-transfer-low_w0_r1_305],  with error: Error: Failed to submit trasaction with status code: 11
2026.09.17-11:22:56.890[31m error[39m [caliper] [connectors/peer-gateway/PeerGateway] 	Failed to perform submit transaction [Transfer] using arguments [wlt_c_20260917-pilot6_calibration-retail-transfer-low-2w-40tps-r2_retail-transfer-low_w1_31,wlt_c_20260917-pilot6_calibration-retail-transfer-low-2w-40tps-r2_retail-transfer-low_w1_81,1000,transfer_20260917-pilot6_calibration-retail-transfer-low-2w-40tps-r2_retail-transfer-low_w1_r1_304],  with error: Error: Failed to submit trasaction with status code: 11
2026.09.17-11:22:56.961[32m info [39m [caliper] [default-observer] 	[retail-transfer-low-40tps Round 1 Transaction Info] - Submitted: 683 Succ: 486 Fail:84 Unfinished:113
2026.09.17-11:22:57.122[31m error[39m [caliper] [connectors/peer-gateway/PeerGateway] 	Failed to perform submit transaction [Transfer] using arguments [wlt_c_20260917-pilot6_calibration-retail-transfer-low-2w-40tps-r2_retail-transfer-low_w0_38,wlt_c_20260917-pilot6_calibration-retail-transfer-low-2w-40tps-r2_retail-transfer-low_w0_88,1000,transfer_20260917-pilot6_calibration-retail-transfer-low-2w-40tps-r2_retail-transfer-low_w0_r1_310],  with error: Error: Failed to submit trasaction with status code: 11
2026.09.17-11:22:57.123[31m error[39m [caliper] [connectors/peer-gateway/PeerGateway] 	Failed to perform submit transaction [Transfer] using arguments [wlt_c_20260917-pilot6_calibration-retail-transfer-low-2w-40tps-r2_retail-transfer-low_w0_28,wlt_c_20260917-pilot6_calibration-retail-transfer-low-2w-40tps-r2_retail-transfer-low_w0_78,1000,transfer_20260917-pilot6_calibration-retail-transfer-low-2w-40tps-r2_retail-transfer-low_w0_r1_302],  with error: Error: Failed to submit trasaction with status code: 11
2026.09.17-11:22:57.123[31m error[39m [caliper] [connectors/peer-gateway/PeerGateway] 	Failed to perform submit transaction [Transfer] using arguments [wlt_c_20260917-pilot6_calibration-retail-transfer-low-2w-40tps-r2_retail-transfer-low_w1_29,wlt_c_20260917-pilot6_calibration-retail-transfer-low-2w-40tps-r2_retail-transfer-low_w1_79,1000,transfer_20260917-pilot6_calibration-retail-transfer-low-2w-40tps-r2_retail-transfer-low_w1_r1_303],  with error: Error: Failed to submit trasaction with status code: 11
2026.09.17-11:22:57.124[31m error[39m [caliper] [connectors/peer-gateway/PeerGateway] 	Failed to perform submit transaction [Transfer] using arguments [wlt_c_20260917-pilot6_calibration-retail-transfer-low-2w-40tps-r2_retail-transfer-low_w1_34,wlt_c_20260917-pilot6_calibration-retail-transfer-low-2w-40tps-r2_retail-transfer-low_w1_84,1000,transfer_20260917-pilot6_calibration-retail-transfer-low-2w-40tps-r2_retail-transfer-low_w1_r1_307],  with error: Error: Failed to submit trasaction with status code: 11
2026.09.17-11:22:57.124[31m error[39m [caliper] [connectors/peer-gateway/PeerGateway] 	Failed to perform submit transaction [Transfer] using arguments [wlt_c_20260917-pilot6_calibration-retail-transfer-low-2w-40tps-r2_retail-transfer-low_w0_31,wlt_c_20260917-pilot6_calibration-retail-transfer-low-2w-40tps-r2_retail-transfer-low_w0_81,1000,transfer_20260917-pilot6_calibration-retail-transfer-low-2w-40tps-r2_retail-transfer-low_w0_r1_304],  with error: Error: Failed to submit trasaction with status code: 11
2026.09.17-11:22:57.124[31m error[39m [caliper] [connectors/peer-gateway/PeerGateway] 	Failed to perform submit transaction [Transfer] using arguments [wlt_c_20260917-pilot6_calibration-retail-transfer-low-2w-40tps-r2_retail-transfer-low_w0_29,wlt_c_20260917-pilot6_calibration-retail-transfer-low-2w-40tps-r2_retail-transfer-low_w0_79,1000,transfer_20260917-pilot6_calibration-retail-transfer-low-2w-40tps-r2_retail-transfer-low_w0_r1_303],  with error: Error: Failed to submit trasaction with status code: 11
2026.09.17-11:22:57.125[31m error[39m [caliper] [connectors/peer-gateway/PeerGateway] 	Failed to perform submit transaction [Transfer] using arguments [wlt_c_20260917-pilot6_calibration-retail-transfer-low-2w-40tps-r2_retail-transfer-low_w0_37,wlt_c_20260917-pilot6_calibration-retail-transfer-low-2w-40tps-r2_retail-transfer-low_w0_87,1000,transfer_20260917-pilot6_calibration-retail-transfer-low-2w-40tps-r2_retail-transfer-low_w0_r1_309],  with error: Error: Failed to submit trasaction with status code: 11
2026.09.17-11:22:57.268[31m error[39m [caliper] [connectors/peer-gateway/PeerGateway] 	Failed to perform submit transaction [Transfer] using arguments [wlt_c_20260917-pilot6_calibration-retail-transfer-low-2w-40tps-r2_retail-transfer-low_w0_46,wlt_c_20260917-pilot6_calibration-retail-transfer-low-2w-40tps-r2_retail-transfer-low_w0_96,1000,transfer_20260917-pilot6_calibration-retail-transfer-low-2w-40tps-r2_retail-transfer-low_w0_r1_316],  with error: Error: Failed to submit trasaction with status code: 11
2026.09.17-11:22:57.268[31m error[39m [caliper] [connectors/peer-gateway/PeerGateway] 	Failed to perform submit transaction [Transfer] using arguments [wlt_c_20260917-pilot6_calibration-retail-transfer-low-2w-40tps-r2_retail-transfer-low_w0_39,wlt_c_20260917-pilot6_calibration-retail-transfer-low-2w-40tps-r2_retail-transfer-low_w0_89,1000,transfer_20260917-pilot6_calibration-retail-transfer-low-2w-40tps-r2_retail-transfer-low_w0_r1_311],  with error: Error: Failed to submit trasaction with status code: 11
2026.09.17-11:22:57.269[31m error[39m [caliper] [connectors/peer-gateway/PeerGateway] 	Failed to perform submit transaction [Transfer] using arguments [wlt_c_20260917-pilot6_calibration-retail-transfer-low-2w-40tps-r2_retail-transfer-low_w0_41,wlt_c_20260917-pilot6_calibration-retail-transfer-low-2w-40tps-r2_retail-transfer-low_w0_91,1000,transfer_20260917-pilot6_calibration-retail-transfer-low-2w-40tps-r2_retail-transfer-low_w0_r1_312],  with error: Error: Failed to submit trasaction with status code: 11
2026.09.17-11:22:57.272[31m error[39m [caliper] [connectors/peer-gateway/PeerGateway] 	Failed to perform submit transaction [Transfer] using arguments [wlt_c_20260917-pilot6_calibration-retail-transfer-low-2w-40tps-r2_retail-transfer-low_w0_42,wlt_c_20260917-pilot6_calibration-retail-transfer-low-2w-40tps-r2_retail-transfer-low_w0_92,1000,transfer_20260917-pilot6_calibration-retail-transfer-low-2w-40tps-r2_retail-transfer-low_w0_r1_313],  with error: Error: Failed to submit trasaction with status code: 11
2026.09.17-11:22:57.274[31m error[39m [caliper] [connectors/peer-gateway/PeerGateway] 	Failed to perform submit transaction [Transfer] using arguments [wlt_c_20260917-pilot6_calibration-retail-transfer-low-2w-40tps-r2_retail-transfer-low_w1_39,wlt_c_20260917-pilot6_calibration-retail-transfer-low-2w-40tps-r2_retail-transfer-low_w1_89,1000,transfer_20260917-pilot6_calibration-retail-transfer-low-2w-40tps-r2_retail-transfer-low_w1_r1_311],  with error: Error: Failed to submit trasaction with status code: 11
2026.09.17-11:22:57.275[31m error[39m [caliper] [connectors/peer-gateway/PeerGateway] 	Failed to perform submit transaction [Transfer] using arguments [wlt_c_20260917-pilot6_calibration-retail-transfer-low-2w-40tps-r2_retail-transfer-low_w1_41,wlt_c_20260917-pilot6_calibration-retail-transfer-low-2w-40tps-r2_retail-transfer-low_w1_91,1000,transfer_20260917-pilot6_calibration-retail-transfer-low-2w-40tps-r2_retail-transfer-low_w1_r1_312],  with error: Error: Failed to submit trasaction with status code: 11
2026.09.17-11:22:57.275[31m error[39m [caliper] [connectors/peer-gateway/PeerGateway] 	Failed to perform submit transaction [Transfer] using arguments [wlt_c_20260917-pilot6_calibration-retail-transfer-low-2w-40tps-r2_retail-transfer-low_w1_37,wlt_c_20260917-pilot6_calibration-retail-transfer-low-2w-40tps-r2_retail-transfer-low_w1_87,1000,transfer_20260917-pilot6_calibration-retail-transfer-low-2w-40tps-r2_retail-transfer-low_w1_r1_309],  with error: Error: Failed to submit trasaction with status code: 11
2026.09.17-11:22:57.275[31m error[39m [caliper] [connectors/peer-gateway/PeerGateway] 	Failed to perform submit transaction [Transfer] using arguments [wlt_c_20260917-pilot6_calibration-retail-transfer-low-2w-40tps-r2_retail-transfer-low_w1_38,wlt_c_20260917-pilot6_calibration-retail-transfer-low-2w-40tps-r2_retail-transfer-low_w1_88,1000,transfer_20260917-pilot6_calibration-retail-transfer-low-2w-40tps-r2_retail-transfer-low_w1_r1_310],  with error: Error: Failed to submit trasaction with status code: 11
2026.09.17-11:22:57.276[31m error[39m [caliper] [connectors/peer-gateway/PeerGateway] 	Failed to perform submit transaction [Transfer] using arguments [wlt_c_20260917-pilot6_calibration-retail-transfer-low-2w-40tps-r2_retail-transfer-low_w1_44,wlt_c_20260917-pilot6_calibration-retail-transfer-low-2w-40tps-r2_retail-transfer-low_w1_94,1000,transfer_20260917-pilot6_calibration-retail-transfer-low-2w-40tps-r2_retail-transfer-low_w1_r1_315],  with error: Error: Failed to submit trasaction with status code: 11
2026.09.17-11:22:57.276[31m error[39m [caliper] [connectors/peer-gateway/PeerGateway] 	Failed to perform submit transaction [Transfer] using arguments [wlt_c_20260917-pilot6_calibration-retail-transfer-low-2w-40tps-r2_retail-transfer-low_w1_42,wlt_c_20260917-pilot6_calibration-retail-transfer-low-2w-40tps-r2_retail-transfer-low_w1_92,1000,transfer_20260917-pilot6_calibration-retail-transfer-low-2w-40tps-r2_retail-transfer-low_w1_r1_313],  with error: Error: Failed to submit trasaction with status code: 11
2026.09.17-11:22:57.436[31m error[39m [caliper] [connectors/peer-gateway/PeerGateway] 	Failed to perform submit transaction [Transfer] using arguments [wlt_c_20260917-pilot6_calibration-retail-transfer-low-2w-40tps-r2_retail-transfer-low_w0_49,wlt_c_20260917-pilot6_calibration-retail-transfer-low-2w-40tps-r2_retail-transfer-low_w0_99,1000,transfer_20260917-pilot6_calibration-retail-transfer-low-2w-40tps-r2_retail-transfer-low_w0_r1_319],  with error: Error: Failed to submit trasaction with status code: 11
2026.09.17-11:22:57.436[31m error[39m [caliper] [connectors/peer-gateway/PeerGateway] 	Failed to perform submit transaction [Transfer] using arguments [wlt_c_20260917-pilot6_calibration-retail-transfer-low-2w-40tps-r2_retail-transfer-low_w0_43,wlt_c_20260917-pilot6_calibration-retail-transfer-low-2w-40tps-r2_retail-transfer-low_w0_93,1000,transfer_20260917-pilot6_calibration-retail-transfer-low-2w-40tps-r2_retail-transfer-low_w0_r1_314],  with error: Error: Failed to submit trasaction with status code: 11
2026.09.17-11:22:57.438[31m error[39m [caliper] [connectors/peer-gateway/PeerGateway] 	Failed to perform submit transaction [Transfer] using arguments [wlt_c_20260917-pilot6_calibration-retail-transfer-low-2w-40tps-r2_retail-transfer-low_w1_47,wlt_c_20260917-pilot6_calibration-retail-transfer-low-2w-40tps-r2_retail-transfer-low_w1_97,1000,transfer_20260917-pilot6_calibration-retail-transfer-low-2w-40tps-r2_retail-transfer-low_w1_r1_317],  with error: Error: Failed to submit trasaction with status code: 11
2026.09.17-11:22:57.439[31m error[39m [caliper] [connectors/peer-gateway/PeerGateway] 	Failed to perform submit transaction [Transfer] using arguments [wlt_c_20260917-pilot6_calibration-retail-transfer-low-2w-40tps-r2_retail-transfer-low_w1_46,wlt_c_20260917-pilot6_calibration-retail-transfer-low-2w-40tps-r2_retail-transfer-low_w1_96,1000,transfer_20260917-pilot6_calibration-retail-transfer-low-2w-40tps-r2_retail-transfer-low_w1_r1_316],  with error: Error: Failed to submit trasaction with status code: 11
2026.09.17-11:22:57.440[31m error[39m [caliper] [connectors/peer-gateway/PeerGateway] 	Failed to perform submit transaction [Transfer] using arguments [wlt_c_20260917-pilot6_calibration-retail-transfer-low-2w-40tps-r2_retail-transfer-low_w1_43,wlt_c_20260917-pilot6_calibration-retail-transfer-low-2w-40tps-r2_retail-transfer-low_w1_93,1000,transfer_20260917-pilot6_calibration-retail-transfer-low-2w-40tps-r2_retail-transfer-low_w1_r1_314],  with error: Error: Failed to submit trasaction with status code: 11
2026.09.17-11:22:57.440[31m error[39m [caliper] [connectors/peer-gateway/PeerGateway] 	Failed to perform submit transaction [Transfer] using arguments [wlt_c_20260917-pilot6_calibration-retail-transfer-low-2w-40tps-r2_retail-transfer-low_w1_49,wlt_c_20260917-pilot6_calibration-retail-transfer-low-2w-40tps-r2_retail-transfer-low_w1_99,1000,transfer_20260917-pilot6_calibration-retail-transfer-low-2w-40tps-r2_retail-transfer-low_w1_r1_319],  with error: Error: Failed to submit trasaction with status code: 11
2026.09.17-11:22:57.441[31m error[39m [caliper] [connectors/peer-gateway/PeerGateway] 	Failed to perform submit transaction [Transfer] using arguments [wlt_c_20260917-pilot6_calibration-retail-transfer-low-2w-40tps-r2_retail-transfer-low_w1_48,wlt_c_20260917-pilot6_calibration-retail-transfer-low-2w-40tps-r2_retail-transfer-low_w1_98,1000,transfer_20260917-pilot6_calibration-retail-transfer-low-2w-40tps-r2_retail-transfer-low_w1_r1_318],  with error: Error: Failed to submit trasaction with status code: 11
2026.09.17-11:22:57.442[31m error[39m [caliper] [connectors/peer-gateway/PeerGateway] 	Failed to perform submit transaction [Transfer] using arguments [wlt_c_20260917-pilot6_calibration-retail-transfer-low-2w-40tps-r2_retail-transfer-low_w0_48,wlt_c_20260917-pilot6_calibration-retail-transfer-low-2w-40tps-r2_retail-transfer-low_w0_98,1000,transfer_20260917-pilot6_calibration-retail-transfer-low-2w-40tps-r2_retail-transfer-low_w0_r1_318],  with error: Error: Failed to submit trasaction with status code: 11
2026.09.17-11:22:57.443[31m error[39m [caliper] [connectors/peer-gateway/PeerGateway] 	Failed to perform submit transaction [Transfer] using arguments [wlt_c_20260917-pilot6_calibration-retail-transfer-low-2w-40tps-r2_retail-transfer-low_w0_44,wlt_c_20260917-pilot6_calibration-retail-transfer-low-2w-40tps-r2_retail-transfer-low_w0_94,1000,transfer_20260917-pilot6_calibration-retail-transfer-low-2w-40tps-r2_retail-transfer-low_w0_r1_315],  with error: Error: Failed to submit trasaction with status code: 11
2026.09.17-11:22:57.625[31m error[39m [caliper] [connectors/peer-gateway/PeerGateway] 	Failed to perform submit transaction [Transfer] using arguments [wlt_c_20260917-pilot6_calibration-retail-transfer-low-2w-40tps-r2_retail-transfer-low_w1_1,wlt_c_20260917-pilot6_calibration-retail-transfer-low-2w-40tps-r2_retail-transfer-low_w1_51,1000,transfer_20260917-pilot6_calibration-retail-transfer-low-2w-40tps-r2_retail-transfer-low_w1_r1_320],  with error: Error: Failed to submit trasaction with status code: 11
2026.09.17-11:22:57.626[31m error[39m [caliper] [connectors/peer-gateway/PeerGateway] 	Failed to perform submit transaction [Transfer] using arguments [wlt_c_20260917-pilot6_calibration-retail-transfer-low-2w-40tps-r2_retail-transfer-low_w1_4,wlt_c_20260917-pilot6_calibration-retail-transfer-low-2w-40tps-r2_retail-transfer-low_w1_54,1000,transfer_20260917-pilot6_calibration-retail-transfer-low-2w-40tps-r2_retail-transfer-low_w1_r1_323],  with error: Error: Failed to submit trasaction with status code: 11
2026.09.17-11:22:57.627[31m error[39m [caliper] [connectors/peer-gateway/PeerGateway] 	Failed to perform submit transaction [Transfer] using arguments [wlt_c_20260917-pilot6_calibration-retail-transfer-low-2w-40tps-r2_retail-transfer-low_w1_3,wlt_c_20260917-pilot6_calibration-retail-transfer-low-2w-40tps-r2_retail-transfer-low_w1_53,1000,transfer_20260917-pilot6_calibration-retail-transfer-low-2w-40tps-r2_retail-transfer-low_w1_r1_322],  with error: Error: Failed to submit trasaction with status code: 11
2026.09.17-11:22:57.628[31m error[39m [caliper] [connectors/peer-gateway/PeerGateway] 	Failed to perform submit transaction [Transfer] using arguments [wlt_c_20260917-pilot6_calibration-retail-transfer-low-2w-40tps-r2_retail-transfer-low_w0_1,wlt_c_20260917-pilot6_calibration-retail-transfer-low-2w-40tps-r2_retail-transfer-low_w0_51,1000,transfer_20260917-pilot6_calibration-retail-transfer-low-2w-40tps-r2_retail-transfer-low_w0_r1_320],  with error: Error: Failed to submit trasaction with status code: 11
2026.09.17-11:22:57.628[31m error[39m [caliper] [connectors/peer-gateway/PeerGateway] 	Failed to perform submit transaction [Transfer] using arguments [wlt_c_20260917-pilot6_calibration-retail-transfer-low-2w-40tps-r2_retail-transfer-low_w0_3,wlt_c_20260917-pilot6_calibration-retail-transfer-low-2w-40tps-r2_retail-transfer-low_w0_53,1000,transfer_20260917-pilot6_calibration-retail-transfer-low-2w-40tps-r2_retail-transfer-low_w0_r1_322],  with error: Error: Failed to submit trasaction with status code: 11
2026.09.17-11:22:57.629[31m error[39m [caliper] [connectors/peer-gateway/PeerGateway] 	Failed to perform submit transaction [Transfer] using arguments [wlt_c_20260917-pilot6_calibration-retail-transfer-low-2w-40tps-r2_retail-transfer-low_w0_2,wlt_c_20260917-pilot6_calibration-retail-transfer-low-2w-40tps-r2_retail-transfer-low_w0_52,1000,transfer_20260917-pilot6_calibration-retail-transfer-low-2w-40tps-r2_retail-transfer-low_w0_r1_321],  with error: Error: Failed to submit trasaction with status code: 11
2026.09.17-11:22:57.630[31m error[39m [caliper] [connectors/peer-gateway/PeerGateway] 	Failed to perform submit transaction [Transfer] using arguments [wlt_c_20260917-pilot6_calibration-retail-transfer-low-2w-40tps-r2_retail-transfer-low_w1_7,wlt_c_20260917-pilot6_calibration-retail-transfer-low-2w-40tps-r2_retail-transfer-low_w1_57,1000,transfer_20260917-pilot6_calibration-retail-transfer-low-2w-40tps-r2_retail-transfer-low_w1_r1_325],  with error: Error: Failed to submit trasaction with status code: 11
2026.09.17-11:22:57.630[31m error[39m [caliper] [connectors/peer-gateway/PeerGateway] 	Failed to perform submit transaction [Transfer] using arguments [wlt_c_20260917-pilot6_calibration-retail-transfer-low-2w-40tps-r2_retail-transfer-low_w1_2,wlt_c_20260917-pilot6_calibration-retail-transfer-low-2w-40tps-r2_retail-transfer-low_w1_52,1000,transfer_20260917-pilot6_calibration-retail-transfer-low-2w-40tps-r2_retail-transfer-low_w1_r1_321],  with error: Error: Failed to submit trasaction with status code: 11
2026.09.17-11:22:57.796[31m error[39m [caliper] [connectors/peer-gateway/PeerGateway] 	Failed to perform submit transaction [Transfer] using arguments [wlt_c_20260917-pilot6_calibration-retail-transfer-low-2w-40tps-r2_retail-transfer-low_w1_9,wlt_c_20260917-pilot6_calibration-retail-transfer-low-2w-40tps-r2_retail-transfer-low_w1_59,1000,transfer_20260917-pilot6_calibration-retail-transfer-low-2w-40tps-r2_retail-transfer-low_w1_r1_327],  with error: Error: Failed to submit trasaction with status code: 11
2026.09.17-11:22:57.797[31m error[39m [caliper] [connectors/peer-gateway/PeerGateway] 	Failed to perform submit transaction [Transfer] using arguments [wlt_c_20260917-pilot6_calibration-retail-transfer-low-2w-40tps-r2_retail-transfer-low_w1_8,wlt_c_20260917-pilot6_calibration-retail-transfer-low-2w-40tps-r2_retail-transfer-low_w1_58,1000,transfer_20260917-pilot6_calibration-retail-transfer-low-2w-40tps-r2_retail-transfer-low_w1_r1_326],  with error: Error: Failed to submit trasaction with status code: 11
2026.09.17-11:22:57.798[31m error[39m [caliper] [connectors/peer-gateway/PeerGateway] 	Failed to perform submit transaction [Transfer] using arguments [wlt_c_20260917-pilot6_calibration-retail-transfer-low-2w-40tps-r2_retail-transfer-low_w0_11,wlt_c_20260917-pilot6_calibration-retail-transfer-low-2w-40tps-r2_retail-transfer-low_w0_61,1000,transfer_20260917-pilot6_calibration-retail-transfer-low-2w-40tps-r2_retail-transfer-low_w0_r1_328],  with error: Error: Failed to submit trasaction with status code: 11
2026.09.17-11:22:57.798[31m error[39m [caliper] [connectors/peer-gateway/PeerGateway] 	Failed to perform submit transaction [Transfer] using arguments [wlt_c_20260917-pilot6_calibration-retail-transfer-low-2w-40tps-r2_retail-transfer-low_w1_12,wlt_c_20260917-pilot6_calibration-retail-transfer-low-2w-40tps-r2_retail-transfer-low_w1_62,1000,transfer_20260917-pilot6_calibration-retail-transfer-low-2w-40tps-r2_retail-transfer-low_w1_r1_329],  with error: Error: Failed to submit trasaction with status code: 11
2026.09.17-11:22:57.798[31m error[39m [caliper] [connectors/peer-gateway/PeerGateway] 	Failed to perform submit transaction [Transfer] using arguments [wlt_c_20260917-pilot6_calibration-retail-transfer-low-2w-40tps-r2_retail-transfer-low_w0_6,wlt_c_20260917-pilot6_calibration-retail-transfer-low-2w-40tps-r2_retail-transfer-low_w0_56,1000,transfer_20260917-pilot6_calibration-retail-transfer-low-2w-40tps-r2_retail-transfer-low_w0_r1_324],  with error: Error: Failed to submit trasaction with status code: 11
2026.09.17-11:22:57.798[31m error[39m [caliper] [connectors/peer-gateway/PeerGateway] 	Failed to perform submit transaction [Transfer] using arguments [wlt_c_20260917-pilot6_calibration-retail-transfer-low-2w-40tps-r2_retail-transfer-low_w1_11,wlt_c_20260917-pilot6_calibration-retail-transfer-low-2w-40tps-r2_retail-transfer-low_w1_61,1000,transfer_20260917-pilot6_calibration-retail-transfer-low-2w-40tps-r2_retail-transfer-low_w1_r1_328],  with error: Error: Failed to submit trasaction with status code: 11
2026.09.17-11:22:57.799[31m error[39m [caliper] [connectors/peer-gateway/PeerGateway] 	Failed to perform submit transaction [Transfer] using arguments [wlt_c_20260917-pilot6_calibration-retail-transfer-low-2w-40tps-r2_retail-transfer-low_w0_8,wlt_c_20260917-pilot6_calibration-retail-transfer-low-2w-40tps-r2_retail-transfer-low_w0_58,1000,transfer_20260917-pilot6_calibration-retail-transfer-low-2w-40tps-r2_retail-transfer-low_w0_r1_326],  with error: Error: Failed to submit trasaction with status code: 11
2026.09.17-11:22:57.800[31m error[39m [caliper] [connectors/peer-gateway/PeerGateway] 	Failed to perform submit transaction [Transfer] using arguments [wlt_c_20260917-pilot6_calibration-retail-transfer-low-2w-40tps-r2_retail-transfer-low_w0_12,wlt_c_20260917-pilot6_calibration-retail-transfer-low-2w-40tps-r2_retail-transfer-low_w0_62,1000,transfer_20260917-pilot6_calibration-retail-transfer-low-2w-40tps-r2_retail-transfer-low_w0_r1_329],  with error: Error: Failed to submit trasaction with status code: 11
2026.09.17-11:22:57.977[31m error[39m [caliper] [connectors/peer-gateway/PeerGateway] 	Failed to perform submit transaction [Transfer] using arguments [wlt_c_20260917-pilot6_calibration-retail-transfer-low-2w-40tps-r2_retail-transfer-low_w0_9,wlt_c_20260917-pilot6_calibration-retail-transfer-low-2w-40tps-r2_retail-transfer-low_w0_59,1000,transfer_20260917-pilot6_calibration-retail-transfer-low-2w-40tps-r2_retail-transfer-low_w0_r1_327],  with error: Error: Failed to submit trasaction with status code: 11
2026.09.17-11:22:57.979[31m error[39m [caliper] [connectors/peer-gateway/PeerGateway] 	Failed to perform submit transaction [Transfer] using arguments [wlt_c_20260917-pilot6_calibration-retail-transfer-low-2w-40tps-r2_retail-transfer-low_w1_17,wlt_c_20260917-pilot6_calibration-retail-transfer-low-2w-40tps-r2_retail-transfer-low_w1_67,1000,transfer_20260917-pilot6_calibration-retail-transfer-low-2w-40tps-r2_retail-transfer-low_w1_r1_333],  with error: Error: Failed to submit trasaction with status code: 11
2026.09.17-11:22:58.111[31m error[39m [caliper] [connectors/peer-gateway/PeerGateway] 	Failed to perform submit transaction [Transfer] using arguments [wlt_c_20260917-pilot6_calibration-retail-transfer-low-2w-40tps-r2_retail-transfer-low_w0_18,wlt_c_20260917-pilot6_calibration-retail-transfer-low-2w-40tps-r2_retail-transfer-low_w0_68,1000,transfer_20260917-pilot6_calibration-retail-transfer-low-2w-40tps-r2_retail-transfer-low_w0_r1_334],  with error: Error: Failed to submit trasaction with status code: 11
2026.09.17-11:22:58.116[31m error[39m [caliper] [connectors/peer-gateway/PeerGateway] 	Failed to perform submit transaction [Transfer] using arguments [wlt_c_20260917-pilot6_calibration-retail-transfer-low-2w-40tps-r2_retail-transfer-low_w1_23,wlt_c_20260917-pilot6_calibration-retail-transfer-low-2w-40tps-r2_retail-transfer-low_w1_73,1000,transfer_20260917-pilot6_calibration-retail-transfer-low-2w-40tps-r2_retail-transfer-low_w1_r1_338],  with error: Error: Failed to submit trasaction with status code: 11
2026.09.17-11:22:58.116[31m error[39m [caliper] [connectors/peer-gateway/PeerGateway] 	Failed to perform submit transaction [Transfer] using arguments [wlt_c_20260917-pilot6_calibration-retail-transfer-low-2w-40tps-r2_retail-transfer-low_w0_23,wlt_c_20260917-pilot6_calibration-retail-transfer-low-2w-40tps-r2_retail-transfer-low_w0_73,1000,transfer_20260917-pilot6_calibration-retail-transfer-low-2w-40tps-r2_retail-transfer-low_w0_r1_338],  with error: Error: Failed to submit trasaction with status code: 11
2026.09.17-11:22:58.265[31m error[39m [caliper] [connectors/peer-gateway/PeerGateway] 	Failed to perform submit transaction [Transfer] using arguments [wlt_c_20260917-pilot6_calibration-retail-transfer-low-2w-40tps-r2_retail-transfer-low_w0_24,wlt_c_20260917-pilot6_calibration-retail-transfer-low-2w-40tps-r2_retail-transfer-low_w0_74,1000,transfer_20260917-pilot6_calibration-retail-transfer-low-2w-40tps-r2_retail-transfer-low_w0_r1_339],  with error: Error: Failed to submit trasaction with status code: 11
2026.09.17-11:22:58.268[31m error[39m [caliper] [connectors/peer-gateway/PeerGateway] 	Failed to perform submit transaction [Transfer] using arguments [wlt_c_20260917-pilot6_calibration-retail-transfer-low-2w-40tps-r2_retail-transfer-low_w1_24,wlt_c_20260917-pilot6_calibration-retail-transfer-low-2w-40tps-r2_retail-transfer-low_w1_74,1000,transfer_20260917-pilot6_calibration-retail-transfer-low-2w-40tps-r2_retail-transfer-low_w1_r1_339],  with error: Error: Failed to submit trasaction with status code: 11
2026.09.17-11:22:58.434[31m error[39m [caliper] [connectors/peer-gateway/PeerGateway] 	Failed to perform submit transaction [Transfer] using arguments [wlt_c_20260917-pilot6_calibration-retail-transfer-low-2w-40tps-r2_retail-transfer-low_w1_36,wlt_c_20260917-pilot6_calibration-retail-transfer-low-2w-40tps-r2_retail-transfer-low_w1_86,1000,transfer_20260917-pilot6_calibration-retail-transfer-low-2w-40tps-r2_retail-transfer-low_w1_r1_348],  with error: Error: Failed to submit trasaction with status code: 11
2026.09.17-11:22:58.438[31m error[39m [caliper] [connectors/peer-gateway/PeerGateway] 	Failed to perform submit transaction [Transfer] using arguments [wlt_c_20260917-pilot6_calibration-retail-transfer-low-2w-40tps-r2_retail-transfer-low_w0_33,wlt_c_20260917-pilot6_calibration-retail-transfer-low-2w-40tps-r2_retail-transfer-low_w0_83,1000,transfer_20260917-pilot6_calibration-retail-transfer-low-2w-40tps-r2_retail-transfer-low_w0_r1_346],  with error: Error: Failed to submit trasaction with status code: 11
2026.09.17-11:22:58.439[31m error[39m [caliper] [connectors/peer-gateway/PeerGateway] 	Failed to perform submit transaction [Transfer] using arguments [wlt_c_20260917-pilot6_calibration-retail-transfer-low-2w-40tps-r2_retail-transfer-low_w0_34,wlt_c_20260917-pilot6_calibration-retail-transfer-low-2w-40tps-r2_retail-transfer-low_w0_84,1000,transfer_20260917-pilot6_calibration-retail-transfer-low-2w-40tps-r2_retail-transfer-low_w0_r1_347],  with error: Error: Failed to submit trasaction with status code: 11
2026.09.17-11:22:58.440[31m error[39m [caliper] [connectors/peer-gateway/PeerGateway] 	Failed to perform submit transaction [Transfer] using arguments [wlt_c_20260917-pilot6_calibration-retail-transfer-low-2w-40tps-r2_retail-transfer-low_w0_36,wlt_c_20260917-pilot6_calibration-retail-transfer-low-2w-40tps-r2_retail-transfer-low_w0_86,1000,transfer_20260917-pilot6_calibration-retail-transfer-low-2w-40tps-r2_retail-transfer-low_w0_r1_348],  with error: Error: Failed to submit trasaction with status code: 11
2026.09.17-11:22:58.829[31m error[39m [caliper] [connectors/peer-gateway/PeerGateway] 	Failed to perform submit transaction [Transfer] using arguments [wlt_c_20260917-pilot6_calibration-retail-transfer-low-2w-40tps-r2_retail-transfer-low_w0_47,wlt_c_20260917-pilot6_calibration-retail-transfer-low-2w-40tps-r2_retail-transfer-low_w0_97,1000,transfer_20260917-pilot6_calibration-retail-transfer-low-2w-40tps-r2_retail-transfer-low_w0_r1_357],  with error: Error: Failed to submit trasaction with status code: 11
2026.09.17-11:22:59.019[31m error[39m [caliper] [connectors/peer-gateway/PeerGateway] 	Failed to perform submit transaction [Transfer] using arguments [wlt_c_20260917-pilot6_calibration-retail-transfer-low-2w-40tps-r2_retail-transfer-low_w0_7,wlt_c_20260917-pilot6_calibration-retail-transfer-low-2w-40tps-r2_retail-transfer-low_w0_57,1000,transfer_20260917-pilot6_calibration-retail-transfer-low-2w-40tps-r2_retail-transfer-low_w0_r1_365],  with error: Error: Failed to submit trasaction with status code: 11
2026.09.17-11:22:59.021[31m error[39m [caliper] [connectors/peer-gateway/PeerGateway] 	Failed to perform submit transaction [Transfer] using arguments [wlt_c_20260917-pilot6_calibration-retail-transfer-low-2w-40tps-r2_retail-transfer-low_w1_6,wlt_c_20260917-pilot6_calibration-retail-transfer-low-2w-40tps-r2_retail-transfer-low_w1_56,1000,transfer_20260917-pilot6_calibration-retail-transfer-low-2w-40tps-r2_retail-transfer-low_w1_r1_364],  with error: Error: Failed to submit trasaction with status code: 11
2026.09.17-11:22:59.226[31m error[39m [caliper] [connectors/peer-gateway/PeerGateway] 	Failed to perform submit transaction [Transfer] using arguments [wlt_c_20260917-pilot6_calibration-retail-transfer-low-2w-40tps-r2_retail-transfer-low_w0_4,wlt_c_20260917-pilot6_calibration-retail-transfer-low-2w-40tps-r2_retail-transfer-low_w0_54,1000,transfer_20260917-pilot6_calibration-retail-transfer-low-2w-40tps-r2_retail-transfer-low_w0_r1_363],  with error: Error: Failed to submit trasaction with status code: 11
2026.09.17-11:22:59.420[31m error[39m [caliper] [connectors/peer-gateway/PeerGateway] 	Failed to perform submit transaction [Transfer] using arguments [wlt_c_20260917-pilot6_calibration-retail-transfer-low-2w-40tps-r2_retail-transfer-low_w1_13,wlt_c_20260917-pilot6_calibration-retail-transfer-low-2w-40tps-r2_retail-transfer-low_w1_63,1000,transfer_20260917-pilot6_calibration-retail-transfer-low-2w-40tps-r2_retail-transfer-low_w1_r1_370],  with error: Error: Failed to submit trasaction with status code: 11
2026.09.17-11:22:59.420[31m error[39m [caliper] [connectors/peer-gateway/PeerGateway] 	Failed to perform submit transaction [Transfer] using arguments [wlt_c_20260917-pilot6_calibration-retail-transfer-low-2w-40tps-r2_retail-transfer-low_w1_14,wlt_c_20260917-pilot6_calibration-retail-transfer-low-2w-40tps-r2_retail-transfer-low_w1_64,1000,transfer_20260917-pilot6_calibration-retail-transfer-low-2w-40tps-r2_retail-transfer-low_w1_r1_371],  with error: Error: Failed to submit trasaction with status code: 11
2026.09.17-11:22:59.421[31m error[39m [caliper] [connectors/peer-gateway/PeerGateway] 	Failed to perform submit transaction [Transfer] using arguments [wlt_c_20260917-pilot6_calibration-retail-transfer-low-2w-40tps-r2_retail-transfer-low_w1_16,wlt_c_20260917-pilot6_calibration-retail-transfer-low-2w-40tps-r2_retail-transfer-low_w1_66,1000,transfer_20260917-pilot6_calibration-retail-transfer-low-2w-40tps-r2_retail-transfer-low_w1_r1_372],  with error: Error: Failed to submit trasaction with status code: 11
2026.09.17-11:22:59.422[31m error[39m [caliper] [connectors/peer-gateway/PeerGateway] 	Failed to perform submit transaction [Transfer] using arguments [wlt_c_20260917-pilot6_calibration-retail-transfer-low-2w-40tps-r2_retail-transfer-low_w0_13,wlt_c_20260917-pilot6_calibration-retail-transfer-low-2w-40tps-r2_retail-transfer-low_w0_63,1000,transfer_20260917-pilot6_calibration-retail-transfer-low-2w-40tps-r2_retail-transfer-low_w0_r1_370],  with error: Error: Failed to submit trasaction with status code: 11
2026.09.17-11:22:59.422[31m error[39m [caliper] [connectors/peer-gateway/PeerGateway] 	Failed to perform submit transaction [Transfer] using arguments [wlt_c_20260917-pilot6_calibration-retail-transfer-low-2w-40tps-r2_retail-transfer-low_w0_14,wlt_c_20260917-pilot6_calibration-retail-transfer-low-2w-40tps-r2_retail-transfer-low_w0_64,1000,transfer_20260917-pilot6_calibration-retail-transfer-low-2w-40tps-r2_retail-transfer-low_w0_r1_371],  with error: Error: Failed to submit trasaction with status code: 11
2026.09.17-11:22:59.423[31m error[39m [caliper] [connectors/peer-gateway/PeerGateway] 	Failed to perform submit transaction [Transfer] using arguments [wlt_c_20260917-pilot6_calibration-retail-transfer-low-2w-40tps-r2_retail-transfer-low_w0_16,wlt_c_20260917-pilot6_calibration-retail-transfer-low-2w-40tps-r2_retail-transfer-low_w0_66,1000,transfer_20260917-pilot6_calibration-retail-transfer-low-2w-40tps-r2_retail-transfer-low_w0_r1_372],  with error: Error: Failed to submit trasaction with status code: 11
2026.09.17-11:22:59.423[31m error[39m [caliper] [connectors/peer-gateway/PeerGateway] 	Failed to perform submit transaction [Transfer] using arguments [wlt_c_20260917-pilot6_calibration-retail-transfer-low-2w-40tps-r2_retail-transfer-low_w0_17,wlt_c_20260917-pilot6_calibration-retail-transfer-low-2w-40tps-r2_retail-transfer-low_w0_67,1000,transfer_20260917-pilot6_calibration-retail-transfer-low-2w-40tps-r2_retail-transfer-low_w0_r1_373],  with error: Error: Failed to submit trasaction with status code: 11
2026.09.17-11:22:59.579[31m error[39m [caliper] [connectors/peer-gateway/PeerGateway] 	Failed to perform submit transaction [Transfer] using arguments [wlt_c_20260917-pilot6_calibration-retail-transfer-low-2w-40tps-r2_retail-transfer-low_w1_19,wlt_c_20260917-pilot6_calibration-retail-transfer-low-2w-40tps-r2_retail-transfer-low_w1_69,1000,transfer_20260917-pilot6_calibration-retail-transfer-low-2w-40tps-r2_retail-transfer-low_w1_r1_375],  with error: Error: Failed to submit trasaction with status code: 11
2026.09.17-11:22:59.580[31m error[39m [caliper] [connectors/peer-gateway/PeerGateway] 	Failed to perform submit transaction [Transfer] using arguments [wlt_c_20260917-pilot6_calibration-retail-transfer-low-2w-40tps-r2_retail-transfer-low_w1_22,wlt_c_20260917-pilot6_calibration-retail-transfer-low-2w-40tps-r2_retail-transfer-low_w1_72,1000,transfer_20260917-pilot6_calibration-retail-transfer-low-2w-40tps-r2_retail-transfer-low_w1_r1_377],  with error: Error: Failed to submit trasaction with status code: 11
2026.09.17-11:22:59.581[31m error[39m [caliper] [connectors/peer-gateway/PeerGateway] 	Failed to perform submit transaction [Transfer] using arguments [wlt_c_20260917-pilot6_calibration-retail-transfer-low-2w-40tps-r2_retail-transfer-low_w0_22,wlt_c_20260917-pilot6_calibration-retail-transfer-low-2w-40tps-r2_retail-transfer-low_w0_72,1000,transfer_20260917-pilot6_calibration-retail-transfer-low-2w-40tps-r2_retail-transfer-low_w0_r1_377],  with error: Error: Failed to submit trasaction with status code: 11
2026.09.17-11:22:59.581[31m error[39m [caliper] [connectors/peer-gateway/PeerGateway] 	Failed to perform submit transaction [Transfer] using arguments [wlt_c_20260917-pilot6_calibration-retail-transfer-low-2w-40tps-r2_retail-transfer-low_w0_21,wlt_c_20260917-pilot6_calibration-retail-transfer-low-2w-40tps-r2_retail-transfer-low_w0_71,1000,transfer_20260917-pilot6_calibration-retail-transfer-low-2w-40tps-r2_retail-transfer-low_w0_r1_376],  with error: Error: Failed to submit trasaction with status code: 11
2026.09.17-11:23:01.962[32m info [39m [caliper] [default-observer] 	[retail-transfer-low-40tps Round 1 Transaction Info] - Submitted: 883 Succ: 650 Fail:175 Unfinished:58
2026.09.17-11:23:06.962[32m info [39m [caliper] [default-observer] 	[retail-transfer-low-40tps Round 1 Transaction Info] - Submitted: 1084 Succ: 860 Fail:175 Unfinished:49
2026.09.17-11:23:11.962[32m info [39m [caliper] [default-observer] 	[retail-transfer-low-40tps Round 1 Transaction Info] - Submitted: 1284 Succ: 1025 Fail:175 Unfinished:84
2026.09.17-11:23:13.584[31m error[39m [caliper] [connectors/peer-gateway/PeerGateway] 	Failed to perform submit transaction [Transfer] using arguments [wlt_c_20260917-pilot6_calibration-retail-transfer-low-2w-40tps-r2_retail-transfer-low_w1_46,wlt_c_20260917-pilot6_calibration-retail-transfer-low-2w-40tps-r2_retail-transfer-low_w1_96,1000,transfer_20260917-pilot6_calibration-retail-transfer-low-2w-40tps-r2_retail-transfer-low_w1_r1_636],  with error: Error: Failed to submit trasaction with status code: 11
2026.09.17-11:23:13.601[31m error[39m [caliper] [connectors/peer-gateway/PeerGateway] 	Failed to perform submit transaction [Transfer] using arguments [wlt_c_20260917-pilot6_calibration-retail-transfer-low-2w-40tps-r2_retail-transfer-low_w0_44,wlt_c_20260917-pilot6_calibration-retail-transfer-low-2w-40tps-r2_retail-transfer-low_w0_94,1000,transfer_20260917-pilot6_calibration-retail-transfer-low-2w-40tps-r2_retail-transfer-low_w0_r1_635],  with error: Error: Failed to submit trasaction with status code: 11
2026.09.17-11:23:13.867[31m error[39m [caliper] [connectors/peer-gateway/PeerGateway] 	Failed to perform submit transaction [Transfer] using arguments [wlt_c_20260917-pilot6_calibration-retail-transfer-low-2w-40tps-r2_retail-transfer-low_w0_46,wlt_c_20260917-pilot6_calibration-retail-transfer-low-2w-40tps-r2_retail-transfer-low_w0_96,1000,transfer_20260917-pilot6_calibration-retail-transfer-low-2w-40tps-r2_retail-transfer-low_w0_r1_636],  with error: Error: Failed to submit trasaction with status code: 11
2026.09.17-11:23:13.869[31m error[39m [caliper] [connectors/peer-gateway/PeerGateway] 	Failed to perform submit transaction [Transfer] using arguments [wlt_c_20260917-pilot6_calibration-retail-transfer-low-2w-40tps-r2_retail-transfer-low_w1_44,wlt_c_20260917-pilot6_calibration-retail-transfer-low-2w-40tps-r2_retail-transfer-low_w1_94,1000,transfer_20260917-pilot6_calibration-retail-transfer-low-2w-40tps-r2_retail-transfer-low_w1_r1_635],  with error: Error: Failed to submit trasaction with status code: 11
2026.09.17-11:23:14.252[31m error[39m [caliper] [connectors/peer-gateway/PeerGateway] 	Failed to perform submit transaction [Transfer] using arguments [wlt_c_20260917-pilot6_calibration-retail-transfer-low-2w-40tps-r2_retail-transfer-low_w0_6,wlt_c_20260917-pilot6_calibration-retail-transfer-low-2w-40tps-r2_retail-transfer-low_w0_56,1000,transfer_20260917-pilot6_calibration-retail-transfer-low-2w-40tps-r2_retail-transfer-low_w0_r1_644],  with error: Error: Failed to submit trasaction with status code: 11
2026.09.17-11:23:14.253[31m error[39m [caliper] [connectors/peer-gateway/PeerGateway] 	Failed to perform submit transaction [Transfer] using arguments [wlt_c_20260917-pilot6_calibration-retail-transfer-low-2w-40tps-r2_retail-transfer-low_w0_7,wlt_c_20260917-pilot6_calibration-retail-transfer-low-2w-40tps-r2_retail-transfer-low_w0_57,1000,transfer_20260917-pilot6_calibration-retail-transfer-low-2w-40tps-r2_retail-transfer-low_w0_r1_645],  with error: Error: Failed to submit trasaction with status code: 11
2026.09.17-11:23:14.264[31m error[39m [caliper] [connectors/peer-gateway/PeerGateway] 	Failed to perform submit transaction [Transfer] using arguments [wlt_c_20260917-pilot6_calibration-retail-transfer-low-2w-40tps-r2_retail-transfer-low_w1_7,wlt_c_20260917-pilot6_calibration-retail-transfer-low-2w-40tps-r2_retail-transfer-low_w1_57,1000,transfer_20260917-pilot6_calibration-retail-transfer-low-2w-40tps-r2_retail-transfer-low_w1_r1_645],  with error: Error: Failed to submit trasaction with status code: 11
2026.09.17-11:23:14.544[31m error[39m [caliper] [connectors/peer-gateway/PeerGateway] 	Failed to perform submit transaction [Transfer] using arguments [wlt_c_20260917-pilot6_calibration-retail-transfer-low-2w-40tps-r2_retail-transfer-low_w1_6,wlt_c_20260917-pilot6_calibration-retail-transfer-low-2w-40tps-r2_retail-transfer-low_w1_56,1000,transfer_20260917-pilot6_calibration-retail-transfer-low-2w-40tps-r2_retail-transfer-low_w1_r1_644],  with error: Error: Failed to submit trasaction with status code: 11
2026.09.17-11:23:14.545[31m error[39m [caliper] [connectors/peer-gateway/PeerGateway] 	Failed to perform submit transaction [Transfer] using arguments [wlt_c_20260917-pilot6_calibration-retail-transfer-low-2w-40tps-r2_retail-transfer-low_w1_9,wlt_c_20260917-pilot6_calibration-retail-transfer-low-2w-40tps-r2_retail-transfer-low_w1_59,1000,transfer_20260917-pilot6_calibration-retail-transfer-low-2w-40tps-r2_retail-transfer-low_w1_r1_647],  with error: Error: Failed to submit trasaction with status code: 11
2026.09.17-11:23:14.546[31m error[39m [caliper] [connectors/peer-gateway/PeerGateway] 	Failed to perform submit transaction [Transfer] using arguments [wlt_c_20260917-pilot6_calibration-retail-transfer-low-2w-40tps-r2_retail-transfer-low_w0_8,wlt_c_20260917-pilot6_calibration-retail-transfer-low-2w-40tps-r2_retail-transfer-low_w0_58,1000,transfer_20260917-pilot6_calibration-retail-transfer-low-2w-40tps-r2_retail-transfer-low_w0_r1_646],  with error: Error: Failed to submit trasaction with status code: 11
2026.09.17-11:23:14.548[31m error[39m [caliper] [connectors/peer-gateway/PeerGateway] 	Failed to perform submit transaction [Transfer] using arguments [wlt_c_20260917-pilot6_calibration-retail-transfer-low-2w-40tps-r2_retail-transfer-low_w0_9,wlt_c_20260917-pilot6_calibration-retail-transfer-low-2w-40tps-r2_retail-transfer-low_w0_59,1000,transfer_20260917-pilot6_calibration-retail-transfer-low-2w-40tps-r2_retail-transfer-low_w0_r1_647],  with error: Error: Failed to submit trasaction with status code: 11
2026.09.17-11:23:14.897[31m error[39m [caliper] [connectors/peer-gateway/PeerGateway] 	Failed to perform submit transaction [Transfer] using arguments [wlt_c_20260917-pilot6_calibration-retail-transfer-low-2w-40tps-r2_retail-transfer-low_w1_14,wlt_c_20260917-pilot6_calibration-retail-transfer-low-2w-40tps-r2_retail-transfer-low_w1_64,1000,transfer_20260917-pilot6_calibration-retail-transfer-low-2w-40tps-r2_retail-transfer-low_w1_r1_651],  with error: Error: Failed to submit trasaction with status code: 11
2026.09.17-11:23:14.898[31m error[39m [caliper] [connectors/peer-gateway/PeerGateway] 	Failed to perform submit transaction [Transfer] using arguments [wlt_c_20260917-pilot6_calibration-retail-transfer-low-2w-40tps-r2_retail-transfer-low_w0_14,wlt_c_20260917-pilot6_calibration-retail-transfer-low-2w-40tps-r2_retail-transfer-low_w0_64,1000,transfer_20260917-pilot6_calibration-retail-transfer-low-2w-40tps-r2_retail-transfer-low_w0_r1_651],  with error: Error: Failed to submit trasaction with status code: 11
2026.09.17-11:23:14.900[31m error[39m [caliper] [connectors/peer-gateway/PeerGateway] 	Failed to perform submit transaction [Transfer] using arguments [wlt_c_20260917-pilot6_calibration-retail-transfer-low-2w-40tps-r2_retail-transfer-low_w1_18,wlt_c_20260917-pilot6_calibration-retail-transfer-low-2w-40tps-r2_retail-transfer-low_w1_68,1000,transfer_20260917-pilot6_calibration-retail-transfer-low-2w-40tps-r2_retail-transfer-low_w1_r1_654],  with error: Error: Failed to submit trasaction with status code: 11
2026.09.17-11:23:14.901[31m error[39m [caliper] [connectors/peer-gateway/PeerGateway] 	Failed to perform submit transaction [Transfer] using arguments [wlt_c_20260917-pilot6_calibration-retail-transfer-low-2w-40tps-r2_retail-transfer-low_w0_13,wlt_c_20260917-pilot6_calibration-retail-transfer-low-2w-40tps-r2_retail-transfer-low_w0_63,1000,transfer_20260917-pilot6_calibration-retail-transfer-low-2w-40tps-r2_retail-transfer-low_w0_r1_650],  with error: Error: Failed to submit trasaction with status code: 11
2026.09.17-11:23:14.901[31m error[39m [caliper] [connectors/peer-gateway/PeerGateway] 	Failed to perform submit transaction [Transfer] using arguments [wlt_c_20260917-pilot6_calibration-retail-transfer-low-2w-40tps-r2_retail-transfer-low_w0_16,wlt_c_20260917-pilot6_calibration-retail-transfer-low-2w-40tps-r2_retail-transfer-low_w0_66,1000,transfer_20260917-pilot6_calibration-retail-transfer-low-2w-40tps-r2_retail-transfer-low_w0_r1_652],  with error: Error: Failed to submit trasaction with status code: 11
2026.09.17-11:23:14.901[31m error[39m [caliper] [connectors/peer-gateway/PeerGateway] 	Failed to perform submit transaction [Transfer] using arguments [wlt_c_20260917-pilot6_calibration-retail-transfer-low-2w-40tps-r2_retail-transfer-low_w1_13,wlt_c_20260917-pilot6_calibration-retail-transfer-low-2w-40tps-r2_retail-transfer-low_w1_63,1000,transfer_20260917-pilot6_calibration-retail-transfer-low-2w-40tps-r2_retail-transfer-low_w1_r1_650],  with error: Error: Failed to submit trasaction with status code: 11
2026.09.17-11:23:15.191[31m error[39m [caliper] [connectors/peer-gateway/PeerGateway] 	Failed to perform submit transaction [Transfer] using arguments [wlt_c_20260917-pilot6_calibration-retail-transfer-low-2w-40tps-r2_retail-transfer-low_w1_22,wlt_c_20260917-pilot6_calibration-retail-transfer-low-2w-40tps-r2_retail-transfer-low_w1_72,1000,transfer_20260917-pilot6_calibration-retail-transfer-low-2w-40tps-r2_retail-transfer-low_w1_r1_657],  with error: Error: Failed to submit trasaction with status code: 11
2026.09.17-11:23:15.191[31m error[39m [caliper] [connectors/peer-gateway/PeerGateway] 	Failed to perform submit transaction [Transfer] using arguments [wlt_c_20260917-pilot6_calibration-retail-transfer-low-2w-40tps-r2_retail-transfer-low_w1_33,wlt_c_20260917-pilot6_calibration-retail-transfer-low-2w-40tps-r2_retail-transfer-low_w1_83,1000,transfer_20260917-pilot6_calibration-retail-transfer-low-2w-40tps-r2_retail-transfer-low_w1_r1_666],  with error: Error: Failed to submit trasaction with status code: 11
2026.09.17-11:23:15.194[31m error[39m [caliper] [connectors/peer-gateway/PeerGateway] 	Failed to perform submit transaction [Transfer] using arguments [wlt_c_20260917-pilot6_calibration-retail-transfer-low-2w-40tps-r2_retail-transfer-low_w0_34,wlt_c_20260917-pilot6_calibration-retail-transfer-low-2w-40tps-r2_retail-transfer-low_w0_84,1000,transfer_20260917-pilot6_calibration-retail-transfer-low-2w-40tps-r2_retail-transfer-low_w0_r1_667],  with error: Error: Failed to submit trasaction with status code: 11
2026.09.17-11:23:15.196[31m error[39m [caliper] [connectors/peer-gateway/PeerGateway] 	Failed to perform submit transaction [Transfer] using arguments [wlt_c_20260917-pilot6_calibration-retail-transfer-low-2w-40tps-r2_retail-transfer-low_w0_24,wlt_c_20260917-pilot6_calibration-retail-transfer-low-2w-40tps-r2_retail-transfer-low_w0_74,1000,transfer_20260917-pilot6_calibration-retail-transfer-low-2w-40tps-r2_retail-transfer-low_w0_r1_659],  with error: Error: Failed to submit trasaction with status code: 11
2026.09.17-11:23:15.434[31m error[39m [caliper] [connectors/peer-gateway/PeerGateway] 	Failed to perform submit transaction [Transfer] using arguments [wlt_c_20260917-pilot6_calibration-retail-transfer-low-2w-40tps-r2_retail-transfer-low_w1_24,wlt_c_20260917-pilot6_calibration-retail-transfer-low-2w-40tps-r2_retail-transfer-low_w1_74,1000,transfer_20260917-pilot6_calibration-retail-transfer-low-2w-40tps-r2_retail-transfer-low_w1_r1_659],  with error: Error: Failed to submit trasaction with status code: 11
2026.09.17-11:23:15.435[31m error[39m [caliper] [connectors/peer-gateway/PeerGateway] 	Failed to perform submit transaction [Transfer] using arguments [wlt_c_20260917-pilot6_calibration-retail-transfer-low-2w-40tps-r2_retail-transfer-low_w0_37,wlt_c_20260917-pilot6_calibration-retail-transfer-low-2w-40tps-r2_retail-transfer-low_w0_87,1000,transfer_20260917-pilot6_calibration-retail-transfer-low-2w-40tps-r2_retail-transfer-low_w0_r1_669],  with error: Error: Failed to submit trasaction with status code: 11
2026.09.17-11:23:15.436[31m error[39m [caliper] [connectors/peer-gateway/PeerGateway] 	Failed to perform submit transaction [Transfer] using arguments [wlt_c_20260917-pilot6_calibration-retail-transfer-low-2w-40tps-r2_retail-transfer-low_w0_36,wlt_c_20260917-pilot6_calibration-retail-transfer-low-2w-40tps-r2_retail-transfer-low_w0_86,1000,transfer_20260917-pilot6_calibration-retail-transfer-low-2w-40tps-r2_retail-transfer-low_w0_r1_668],  with error: Error: Failed to submit trasaction with status code: 11
2026.09.17-11:23:15.439[31m error[39m [caliper] [connectors/peer-gateway/PeerGateway] 	Failed to perform submit transaction [Transfer] using arguments [wlt_c_20260917-pilot6_calibration-retail-transfer-low-2w-40tps-r2_retail-transfer-low_w1_36,wlt_c_20260917-pilot6_calibration-retail-transfer-low-2w-40tps-r2_retail-transfer-low_w1_86,1000,transfer_20260917-pilot6_calibration-retail-transfer-low-2w-40tps-r2_retail-transfer-low_w1_r1_668],  with error: Error: Failed to submit trasaction with status code: 11
2026.09.17-11:23:15.439[31m error[39m [caliper] [connectors/peer-gateway/PeerGateway] 	Failed to perform submit transaction [Transfer] using arguments [wlt_c_20260917-pilot6_calibration-retail-transfer-low-2w-40tps-r2_retail-transfer-low_w1_34,wlt_c_20260917-pilot6_calibration-retail-transfer-low-2w-40tps-r2_retail-transfer-low_w1_84,1000,transfer_20260917-pilot6_calibration-retail-transfer-low-2w-40tps-r2_retail-transfer-low_w1_r1_667],  with error: Error: Failed to submit trasaction with status code: 11
2026.09.17-11:23:15.441[31m error[39m [caliper] [connectors/peer-gateway/PeerGateway] 	Failed to perform submit transaction [Transfer] using arguments [wlt_c_20260917-pilot6_calibration-retail-transfer-low-2w-40tps-r2_retail-transfer-low_w0_32,wlt_c_20260917-pilot6_calibration-retail-transfer-low-2w-40tps-r2_retail-transfer-low_w0_82,1000,transfer_20260917-pilot6_calibration-retail-transfer-low-2w-40tps-r2_retail-transfer-low_w0_r1_665],  with error: Error: Failed to submit trasaction with status code: 11
2026.09.17-11:23:15.442[31m error[39m [caliper] [connectors/peer-gateway/PeerGateway] 	Failed to perform submit transaction [Transfer] using arguments [wlt_c_20260917-pilot6_calibration-retail-transfer-low-2w-40tps-r2_retail-transfer-low_w0_31,wlt_c_20260917-pilot6_calibration-retail-transfer-low-2w-40tps-r2_retail-transfer-low_w0_81,1000,transfer_20260917-pilot6_calibration-retail-transfer-low-2w-40tps-r2_retail-transfer-low_w0_r1_664],  with error: Error: Failed to submit trasaction with status code: 11
2026.09.17-11:23:15.442[31m error[39m [caliper] [connectors/peer-gateway/PeerGateway] 	Failed to perform submit transaction [Transfer] using arguments [wlt_c_20260917-pilot6_calibration-retail-transfer-low-2w-40tps-r2_retail-transfer-low_w0_29,wlt_c_20260917-pilot6_calibration-retail-transfer-low-2w-40tps-r2_retail-transfer-low_w0_79,1000,transfer_20260917-pilot6_calibration-retail-transfer-low-2w-40tps-r2_retail-transfer-low_w0_r1_663],  with error: Error: Failed to submit trasaction with status code: 11
2026.09.17-11:23:15.543[31m error[39m [caliper] [connectors/peer-gateway/PeerGateway] 	Failed to perform submit transaction [Transfer] using arguments [wlt_c_20260917-pilot6_calibration-retail-transfer-low-2w-40tps-r2_retail-transfer-low_w0_33,wlt_c_20260917-pilot6_calibration-retail-transfer-low-2w-40tps-r2_retail-transfer-low_w0_83,1000,transfer_20260917-pilot6_calibration-retail-transfer-low-2w-40tps-r2_retail-transfer-low_w0_r1_666],  with error: Error: Failed to submit trasaction with status code: 11
2026.09.17-11:23:15.544[31m error[39m [caliper] [connectors/peer-gateway/PeerGateway] 	Failed to perform submit transaction [Transfer] using arguments [wlt_c_20260917-pilot6_calibration-retail-transfer-low-2w-40tps-r2_retail-transfer-low_w0_28,wlt_c_20260917-pilot6_calibration-retail-transfer-low-2w-40tps-r2_retail-transfer-low_w0_78,1000,transfer_20260917-pilot6_calibration-retail-transfer-low-2w-40tps-r2_retail-transfer-low_w0_r1_662],  with error: Error: Failed to submit trasaction with status code: 11
2026.09.17-11:23:15.545[31m error[39m [caliper] [connectors/peer-gateway/PeerGateway] 	Failed to perform submit transaction [Transfer] using arguments [wlt_c_20260917-pilot6_calibration-retail-transfer-low-2w-40tps-r2_retail-transfer-low_w1_28,wlt_c_20260917-pilot6_calibration-retail-transfer-low-2w-40tps-r2_retail-transfer-low_w1_78,1000,transfer_20260917-pilot6_calibration-retail-transfer-low-2w-40tps-r2_retail-transfer-low_w1_r1_662],  with error: Error: Failed to submit trasaction with status code: 11
2026.09.17-11:23:15.545[31m error[39m [caliper] [connectors/peer-gateway/PeerGateway] 	Failed to perform submit transaction [Transfer] using arguments [wlt_c_20260917-pilot6_calibration-retail-transfer-low-2w-40tps-r2_retail-transfer-low_w1_29,wlt_c_20260917-pilot6_calibration-retail-transfer-low-2w-40tps-r2_retail-transfer-low_w1_79,1000,transfer_20260917-pilot6_calibration-retail-transfer-low-2w-40tps-r2_retail-transfer-low_w1_r1_663],  with error: Error: Failed to submit trasaction with status code: 11
2026.09.17-11:23:15.546[31m error[39m [caliper] [connectors/peer-gateway/PeerGateway] 	Failed to perform submit transaction [Transfer] using arguments [wlt_c_20260917-pilot6_calibration-retail-transfer-low-2w-40tps-r2_retail-transfer-low_w1_31,wlt_c_20260917-pilot6_calibration-retail-transfer-low-2w-40tps-r2_retail-transfer-low_w1_81,1000,transfer_20260917-pilot6_calibration-retail-transfer-low-2w-40tps-r2_retail-transfer-low_w1_r1_664],  with error: Error: Failed to submit trasaction with status code: 11
2026.09.17-11:23:15.547[31m error[39m [caliper] [connectors/peer-gateway/PeerGateway] 	Failed to perform submit transaction [Transfer] using arguments [wlt_c_20260917-pilot6_calibration-retail-transfer-low-2w-40tps-r2_retail-transfer-low_w0_26,wlt_c_20260917-pilot6_calibration-retail-transfer-low-2w-40tps-r2_retail-transfer-low_w0_76,1000,transfer_20260917-pilot6_calibration-retail-transfer-low-2w-40tps-r2_retail-transfer-low_w0_r1_660],  with error: Error: Failed to submit trasaction with status code: 11
2026.09.17-11:23:15.548[31m error[39m [caliper] [connectors/peer-gateway/PeerGateway] 	Failed to perform submit transaction [Transfer] using arguments [wlt_c_20260917-pilot6_calibration-retail-transfer-low-2w-40tps-r2_retail-transfer-low_w1_37,wlt_c_20260917-pilot6_calibration-retail-transfer-low-2w-40tps-r2_retail-transfer-low_w1_87,1000,transfer_20260917-pilot6_calibration-retail-transfer-low-2w-40tps-r2_retail-transfer-low_w1_r1_669],  with error: Error: Failed to submit trasaction with status code: 11
2026.09.17-11:23:15.550[31m error[39m [caliper] [connectors/peer-gateway/PeerGateway] 	Failed to perform submit transaction [Transfer] using arguments [wlt_c_20260917-pilot6_calibration-retail-transfer-low-2w-40tps-r2_retail-transfer-low_w1_32,wlt_c_20260917-pilot6_calibration-retail-transfer-low-2w-40tps-r2_retail-transfer-low_w1_82,1000,transfer_20260917-pilot6_calibration-retail-transfer-low-2w-40tps-r2_retail-transfer-low_w1_r1_665],  with error: Error: Failed to submit trasaction with status code: 11
2026.09.17-11:23:15.551[31m error[39m [caliper] [connectors/peer-gateway/PeerGateway] 	Failed to perform submit transaction [Transfer] using arguments [wlt_c_20260917-pilot6_calibration-retail-transfer-low-2w-40tps-r2_retail-transfer-low_w1_27,wlt_c_20260917-pilot6_calibration-retail-transfer-low-2w-40tps-r2_retail-transfer-low_w1_77,1000,transfer_20260917-pilot6_calibration-retail-transfer-low-2w-40tps-r2_retail-transfer-low_w1_r1_661],  with error: Error: Failed to submit trasaction with status code: 11
2026.09.17-11:23:15.648[31m error[39m [caliper] [connectors/peer-gateway/PeerGateway] 	Failed to perform submit transaction [Transfer] using arguments [wlt_c_20260917-pilot6_calibration-retail-transfer-low-2w-40tps-r2_retail-transfer-low_w0_42,wlt_c_20260917-pilot6_calibration-retail-transfer-low-2w-40tps-r2_retail-transfer-low_w0_92,1000,transfer_20260917-pilot6_calibration-retail-transfer-low-2w-40tps-r2_retail-transfer-low_w0_r1_673],  with error: Error: Failed to submit trasaction with status code: 11
2026.09.17-11:23:15.650[31m error[39m [caliper] [connectors/peer-gateway/PeerGateway] 	Failed to perform submit transaction [Transfer] using arguments [wlt_c_20260917-pilot6_calibration-retail-transfer-low-2w-40tps-r2_retail-transfer-low_w1_39,wlt_c_20260917-pilot6_calibration-retail-transfer-low-2w-40tps-r2_retail-transfer-low_w1_89,1000,transfer_20260917-pilot6_calibration-retail-transfer-low-2w-40tps-r2_retail-transfer-low_w1_r1_671],  with error: Error: Failed to submit trasaction with status code: 11
2026.09.17-11:23:15.651[31m error[39m [caliper] [connectors/peer-gateway/PeerGateway] 	Failed to perform submit transaction [Transfer] using arguments [wlt_c_20260917-pilot6_calibration-retail-transfer-low-2w-40tps-r2_retail-transfer-low_w0_39,wlt_c_20260917-pilot6_calibration-retail-transfer-low-2w-40tps-r2_retail-transfer-low_w0_89,1000,transfer_20260917-pilot6_calibration-retail-transfer-low-2w-40tps-r2_retail-transfer-low_w0_r1_671],  with error: Error: Failed to submit trasaction with status code: 11
2026.09.17-11:23:15.651[31m error[39m [caliper] [connectors/peer-gateway/PeerGateway] 	Failed to perform submit transaction [Transfer] using arguments [wlt_c_20260917-pilot6_calibration-retail-transfer-low-2w-40tps-r2_retail-transfer-low_w1_41,wlt_c_20260917-pilot6_calibration-retail-transfer-low-2w-40tps-r2_retail-transfer-low_w1_91,1000,transfer_20260917-pilot6_calibration-retail-transfer-low-2w-40tps-r2_retail-transfer-low_w1_r1_672],  with error: Error: Failed to submit trasaction with status code: 11
2026.09.17-11:23:15.651[31m error[39m [caliper] [connectors/peer-gateway/PeerGateway] 	Failed to perform submit transaction [Transfer] using arguments [wlt_c_20260917-pilot6_calibration-retail-transfer-low-2w-40tps-r2_retail-transfer-low_w0_38,wlt_c_20260917-pilot6_calibration-retail-transfer-low-2w-40tps-r2_retail-transfer-low_w0_88,1000,transfer_20260917-pilot6_calibration-retail-transfer-low-2w-40tps-r2_retail-transfer-low_w0_r1_670],  with error: Error: Failed to submit trasaction with status code: 11
2026.09.17-11:23:15.651[31m error[39m [caliper] [connectors/peer-gateway/PeerGateway] 	Failed to perform submit transaction [Transfer] using arguments [wlt_c_20260917-pilot6_calibration-retail-transfer-low-2w-40tps-r2_retail-transfer-low_w0_41,wlt_c_20260917-pilot6_calibration-retail-transfer-low-2w-40tps-r2_retail-transfer-low_w0_91,1000,transfer_20260917-pilot6_calibration-retail-transfer-low-2w-40tps-r2_retail-transfer-low_w0_r1_672],  with error: Error: Failed to submit trasaction with status code: 11
2026.09.17-11:23:15.652[31m error[39m [caliper] [connectors/peer-gateway/PeerGateway] 	Failed to perform submit transaction [Transfer] using arguments [wlt_c_20260917-pilot6_calibration-retail-transfer-low-2w-40tps-r2_retail-transfer-low_w1_38,wlt_c_20260917-pilot6_calibration-retail-transfer-low-2w-40tps-r2_retail-transfer-low_w1_88,1000,transfer_20260917-pilot6_calibration-retail-transfer-low-2w-40tps-r2_retail-transfer-low_w1_r1_670],  with error: Error: Failed to submit trasaction with status code: 11
2026.09.17-11:23:15.652[31m error[39m [caliper] [connectors/peer-gateway/PeerGateway] 	Failed to perform submit transaction [Transfer] using arguments [wlt_c_20260917-pilot6_calibration-retail-transfer-low-2w-40tps-r2_retail-transfer-low_w0_43,wlt_c_20260917-pilot6_calibration-retail-transfer-low-2w-40tps-r2_retail-transfer-low_w0_93,1000,transfer_20260917-pilot6_calibration-retail-transfer-low-2w-40tps-r2_retail-transfer-low_w0_r1_674],  with error: Error: Failed to submit trasaction with status code: 11
2026.09.17-11:23:15.653[31m error[39m [caliper] [connectors/peer-gateway/PeerGateway] 	Failed to perform submit transaction [Transfer] using arguments [wlt_c_20260917-pilot6_calibration-retail-transfer-low-2w-40tps-r2_retail-transfer-low_w1_42,wlt_c_20260917-pilot6_calibration-retail-transfer-low-2w-40tps-r2_retail-transfer-low_w1_92,1000,transfer_20260917-pilot6_calibration-retail-transfer-low-2w-40tps-r2_retail-transfer-low_w1_r1_673],  with error: Error: Failed to submit trasaction with status code: 11
2026.09.17-11:23:15.654[31m error[39m [caliper] [connectors/peer-gateway/PeerGateway] 	Failed to perform submit transaction [Transfer] using arguments [wlt_c_20260917-pilot6_calibration-retail-transfer-low-2w-40tps-r2_retail-transfer-low_w1_43,wlt_c_20260917-pilot6_calibration-retail-transfer-low-2w-40tps-r2_retail-transfer-low_w1_93,1000,transfer_20260917-pilot6_calibration-retail-transfer-low-2w-40tps-r2_retail-transfer-low_w1_r1_674],  with error: Error: Failed to submit trasaction with status code: 11
2026.09.17-11:23:15.945[31m error[39m [caliper] [connectors/peer-gateway/PeerGateway] 	Failed to perform submit transaction [Transfer] using arguments [wlt_c_20260917-pilot6_calibration-retail-transfer-low-2w-40tps-r2_retail-transfer-low_w1_47,wlt_c_20260917-pilot6_calibration-retail-transfer-low-2w-40tps-r2_retail-transfer-low_w1_97,1000,transfer_20260917-pilot6_calibration-retail-transfer-low-2w-40tps-r2_retail-transfer-low_w1_r1_677],  with error: Error: Failed to submit trasaction with status code: 11
2026.09.17-11:23:15.946[31m error[39m [caliper] [connectors/peer-gateway/PeerGateway] 	Failed to perform submit transaction [Transfer] using arguments [wlt_c_20260917-pilot6_calibration-retail-transfer-low-2w-40tps-r2_retail-transfer-low_w0_49,wlt_c_20260917-pilot6_calibration-retail-transfer-low-2w-40tps-r2_retail-transfer-low_w0_99,1000,transfer_20260917-pilot6_calibration-retail-transfer-low-2w-40tps-r2_retail-transfer-low_w0_r1_679],  with error: Error: Failed to submit trasaction with status code: 11
2026.09.17-11:23:15.946[31m error[39m [caliper] [connectors/peer-gateway/PeerGateway] 	Failed to perform submit transaction [Transfer] using arguments [wlt_c_20260917-pilot6_calibration-retail-transfer-low-2w-40tps-r2_retail-transfer-low_w1_48,wlt_c_20260917-pilot6_calibration-retail-transfer-low-2w-40tps-r2_retail-transfer-low_w1_98,1000,transfer_20260917-pilot6_calibration-retail-transfer-low-2w-40tps-r2_retail-transfer-low_w1_r1_678],  with error: Error: Failed to submit trasaction with status code: 11
2026.09.17-11:23:15.946[31m error[39m [caliper] [connectors/peer-gateway/PeerGateway] 	Failed to perform submit transaction [Transfer] using arguments [wlt_c_20260917-pilot6_calibration-retail-transfer-low-2w-40tps-r2_retail-transfer-low_w0_47,wlt_c_20260917-pilot6_calibration-retail-transfer-low-2w-40tps-r2_retail-transfer-low_w0_97,1000,transfer_20260917-pilot6_calibration-retail-transfer-low-2w-40tps-r2_retail-transfer-low_w0_r1_677],  with error: Error: Failed to submit trasaction with status code: 11
2026.09.17-11:23:15.947[31m error[39m [caliper] [connectors/peer-gateway/PeerGateway] 	Failed to perform submit transaction [Transfer] using arguments [wlt_c_20260917-pilot6_calibration-retail-transfer-low-2w-40tps-r2_retail-transfer-low_w1_49,wlt_c_20260917-pilot6_calibration-retail-transfer-low-2w-40tps-r2_retail-transfer-low_w1_99,1000,transfer_20260917-pilot6_calibration-retail-transfer-low-2w-40tps-r2_retail-transfer-low_w1_r1_679],  with error: Error: Failed to submit trasaction with status code: 11
2026.09.17-11:23:15.947[31m error[39m [caliper] [connectors/peer-gateway/PeerGateway] 	Failed to perform submit transaction [Transfer] using arguments [wlt_c_20260917-pilot6_calibration-retail-transfer-low-2w-40tps-r2_retail-transfer-low_w0_48,wlt_c_20260917-pilot6_calibration-retail-transfer-low-2w-40tps-r2_retail-transfer-low_w0_98,1000,transfer_20260917-pilot6_calibration-retail-transfer-low-2w-40tps-r2_retail-transfer-low_w0_r1_678],  with error: Error: Failed to submit trasaction with status code: 11
2026.09.17-11:23:16.173[31m error[39m [caliper] [connectors/peer-gateway/PeerGateway] 	Failed to perform submit transaction [Transfer] using arguments [wlt_c_20260917-pilot6_calibration-retail-transfer-low-2w-40tps-r2_retail-transfer-low_w1_11,wlt_c_20260917-pilot6_calibration-retail-transfer-low-2w-40tps-r2_retail-transfer-low_w1_61,1000,transfer_20260917-pilot6_calibration-retail-transfer-low-2w-40tps-r2_retail-transfer-low_w1_r1_688],  with error: Error: Failed to submit trasaction with status code: 11
2026.09.17-11:23:16.174[31m error[39m [caliper] [connectors/peer-gateway/PeerGateway] 	Failed to perform submit transaction [Transfer] using arguments [wlt_c_20260917-pilot6_calibration-retail-transfer-low-2w-40tps-r2_retail-transfer-low_w0_4,wlt_c_20260917-pilot6_calibration-retail-transfer-low-2w-40tps-r2_retail-transfer-low_w0_54,1000,transfer_20260917-pilot6_calibration-retail-transfer-low-2w-40tps-r2_retail-transfer-low_w0_r1_683],  with error: Error: Failed to submit trasaction with status code: 11
2026.09.17-11:23:16.175[31m error[39m [caliper] [connectors/peer-gateway/PeerGateway] 	Failed to perform submit transaction [Transfer] using arguments [wlt_c_20260917-pilot6_calibration-retail-transfer-low-2w-40tps-r2_retail-transfer-low_w1_1,wlt_c_20260917-pilot6_calibration-retail-transfer-low-2w-40tps-r2_retail-transfer-low_w1_51,1000,transfer_20260917-pilot6_calibration-retail-transfer-low-2w-40tps-r2_retail-transfer-low_w1_r1_680],  with error: Error: Failed to submit trasaction with status code: 11
2026.09.17-11:23:16.177[31m error[39m [caliper] [connectors/peer-gateway/PeerGateway] 	Failed to perform submit transaction [Transfer] using arguments [wlt_c_20260917-pilot6_calibration-retail-transfer-low-2w-40tps-r2_retail-transfer-low_w0_2,wlt_c_20260917-pilot6_calibration-retail-transfer-low-2w-40tps-r2_retail-transfer-low_w0_52,1000,transfer_20260917-pilot6_calibration-retail-transfer-low-2w-40tps-r2_retail-transfer-low_w0_r1_681],  with error: Error: Failed to submit trasaction with status code: 11
2026.09.17-11:23:16.177[31m error[39m [caliper] [connectors/peer-gateway/PeerGateway] 	Failed to perform submit transaction [Transfer] using arguments [wlt_c_20260917-pilot6_calibration-retail-transfer-low-2w-40tps-r2_retail-transfer-low_w1_2,wlt_c_20260917-pilot6_calibration-retail-transfer-low-2w-40tps-r2_retail-transfer-low_w1_52,1000,transfer_20260917-pilot6_calibration-retail-transfer-low-2w-40tps-r2_retail-transfer-low_w1_r1_681],  with error: Error: Failed to submit trasaction with status code: 11
2026.09.17-11:23:16.179[31m error[39m [caliper] [connectors/peer-gateway/PeerGateway] 	Failed to perform submit transaction [Transfer] using arguments [wlt_c_20260917-pilot6_calibration-retail-transfer-low-2w-40tps-r2_retail-transfer-low_w0_3,wlt_c_20260917-pilot6_calibration-retail-transfer-low-2w-40tps-r2_retail-transfer-low_w0_53,1000,transfer_20260917-pilot6_calibration-retail-transfer-low-2w-40tps-r2_retail-transfer-low_w0_r1_682],  with error: Error: Failed to submit trasaction with status code: 11
2026.09.17-11:23:16.180[31m error[39m [caliper] [connectors/peer-gateway/PeerGateway] 	Failed to perform submit transaction [Transfer] using arguments [wlt_c_20260917-pilot6_calibration-retail-transfer-low-2w-40tps-r2_retail-transfer-low_w1_4,wlt_c_20260917-pilot6_calibration-retail-transfer-low-2w-40tps-r2_retail-transfer-low_w1_54,1000,transfer_20260917-pilot6_calibration-retail-transfer-low-2w-40tps-r2_retail-transfer-low_w1_r1_683],  with error: Error: Failed to submit trasaction with status code: 11
2026.09.17-11:23:16.180[31m error[39m [caliper] [connectors/peer-gateway/PeerGateway] 	Failed to perform submit transaction [Transfer] using arguments [wlt_c_20260917-pilot6_calibration-retail-transfer-low-2w-40tps-r2_retail-transfer-low_w1_3,wlt_c_20260917-pilot6_calibration-retail-transfer-low-2w-40tps-r2_retail-transfer-low_w1_53,1000,transfer_20260917-pilot6_calibration-retail-transfer-low-2w-40tps-r2_retail-transfer-low_w1_r1_682],  with error: Error: Failed to submit trasaction with status code: 11
2026.09.17-11:23:16.182[31m error[39m [caliper] [connectors/peer-gateway/PeerGateway] 	Failed to perform submit transaction [Transfer] using arguments [wlt_c_20260917-pilot6_calibration-retail-transfer-low-2w-40tps-r2_retail-transfer-low_w0_1,wlt_c_20260917-pilot6_calibration-retail-transfer-low-2w-40tps-r2_retail-transfer-low_w0_51,1000,transfer_20260917-pilot6_calibration-retail-transfer-low-2w-40tps-r2_retail-transfer-low_w0_r1_680],  with error: Error: Failed to submit trasaction with status code: 11
2026.09.17-11:23:16.184[31m error[39m [caliper] [connectors/peer-gateway/PeerGateway] 	Failed to perform submit transaction [Transfer] using arguments [wlt_c_20260917-pilot6_calibration-retail-transfer-low-2w-40tps-r2_retail-transfer-low_w0_11,wlt_c_20260917-pilot6_calibration-retail-transfer-low-2w-40tps-r2_retail-transfer-low_w0_61,1000,transfer_20260917-pilot6_calibration-retail-transfer-low-2w-40tps-r2_retail-transfer-low_w0_r1_688],  with error: Error: Failed to submit trasaction with status code: 11
2026.09.17-11:23:16.515[31m error[39m [caliper] [connectors/peer-gateway/PeerGateway] 	Failed to perform submit transaction [Transfer] using arguments [wlt_c_20260917-pilot6_calibration-retail-transfer-low-2w-40tps-r2_retail-transfer-low_w1_8,wlt_c_20260917-pilot6_calibration-retail-transfer-low-2w-40tps-r2_retail-transfer-low_w1_58,1000,transfer_20260917-pilot6_calibration-retail-transfer-low-2w-40tps-r2_retail-transfer-low_w1_r1_686],  with error: Error: Failed to submit trasaction with status code: 11
2026.09.17-11:23:16.514[31m error[39m [caliper] [connectors/peer-gateway/PeerGateway] 	Failed to perform submit transaction [Transfer] using arguments [wlt_c_20260917-pilot6_calibration-retail-transfer-low-2w-40tps-r2_retail-transfer-low_w0_12,wlt_c_20260917-pilot6_calibration-retail-transfer-low-2w-40tps-r2_retail-transfer-low_w0_62,1000,transfer_20260917-pilot6_calibration-retail-transfer-low-2w-40tps-r2_retail-transfer-low_w0_r1_689],  with error: Error: Failed to submit trasaction with status code: 11
2026.09.17-11:23:16.519[31m error[39m [caliper] [connectors/peer-gateway/PeerGateway] 	Failed to perform submit transaction [Transfer] using arguments [wlt_c_20260917-pilot6_calibration-retail-transfer-low-2w-40tps-r2_retail-transfer-low_w1_12,wlt_c_20260917-pilot6_calibration-retail-transfer-low-2w-40tps-r2_retail-transfer-low_w1_62,1000,transfer_20260917-pilot6_calibration-retail-transfer-low-2w-40tps-r2_retail-transfer-low_w1_r1_689],  with error: Error: Failed to submit trasaction with status code: 11
2026.09.17-11:23:16.783[31m error[39m [caliper] [connectors/peer-gateway/PeerGateway] 	Failed to perform submit transaction [Transfer] using arguments [wlt_c_20260917-pilot6_calibration-retail-transfer-low-2w-40tps-r2_retail-transfer-low_w1_17,wlt_c_20260917-pilot6_calibration-retail-transfer-low-2w-40tps-r2_retail-transfer-low_w1_67,1000,transfer_20260917-pilot6_calibration-retail-transfer-low-2w-40tps-r2_retail-transfer-low_w1_r1_693],  with error: Error: Failed to submit trasaction with status code: 11
2026.09.17-11:23:16.789[31m error[39m [caliper] [connectors/peer-gateway/PeerGateway] 	Failed to perform submit transaction [Transfer] using arguments [wlt_c_20260917-pilot6_calibration-retail-transfer-low-2w-40tps-r2_retail-transfer-low_w1_16,wlt_c_20260917-pilot6_calibration-retail-transfer-low-2w-40tps-r2_retail-transfer-low_w1_66,1000,transfer_20260917-pilot6_calibration-retail-transfer-low-2w-40tps-r2_retail-transfer-low_w1_r1_692],  with error: Error: Failed to submit trasaction with status code: 11
2026.09.17-11:23:16.790[31m error[39m [caliper] [connectors/peer-gateway/PeerGateway] 	Failed to perform submit transaction [Transfer] using arguments [wlt_c_20260917-pilot6_calibration-retail-transfer-low-2w-40tps-r2_retail-transfer-low_w0_17,wlt_c_20260917-pilot6_calibration-retail-transfer-low-2w-40tps-r2_retail-transfer-low_w0_67,1000,transfer_20260917-pilot6_calibration-retail-transfer-low-2w-40tps-r2_retail-transfer-low_w0_r1_693],  with error: Error: Failed to submit trasaction with status code: 11
2026.09.17-11:23:16.790[31m error[39m [caliper] [connectors/peer-gateway/PeerGateway] 	Failed to perform submit transaction [Transfer] using arguments [wlt_c_20260917-pilot6_calibration-retail-transfer-low-2w-40tps-r2_retail-transfer-low_w0_18,wlt_c_20260917-pilot6_calibration-retail-transfer-low-2w-40tps-r2_retail-transfer-low_w0_68,1000,transfer_20260917-pilot6_calibration-retail-transfer-low-2w-40tps-r2_retail-transfer-low_w0_r1_694],  with error: Error: Failed to submit trasaction with status code: 11
2026.09.17-11:23:16.962[32m info [39m [caliper] [default-observer] 	[retail-transfer-low-40tps Round 1 Transaction Info] - Submitted: 1484 Succ: 1131 Fail:239 Unfinished:114
2026.09.17-11:23:17.146[31m error[39m [caliper] [connectors/peer-gateway/PeerGateway] 	Failed to perform submit transaction [Transfer] using arguments [wlt_c_20260917-pilot6_calibration-retail-transfer-low-2w-40tps-r2_retail-transfer-low_w1_23,wlt_c_20260917-pilot6_calibration-retail-transfer-low-2w-40tps-r2_retail-transfer-low_w1_73,1000,transfer_20260917-pilot6_calibration-retail-transfer-low-2w-40tps-r2_retail-transfer-low_w1_r1_698],  with error: Error: Failed to submit trasaction with status code: 11
2026.09.17-11:23:17.157[31m error[39m [caliper] [connectors/peer-gateway/PeerGateway] 	Failed to perform submit transaction [Transfer] using arguments [wlt_c_20260917-pilot6_calibration-retail-transfer-low-2w-40tps-r2_retail-transfer-low_w0_19,wlt_c_20260917-pilot6_calibration-retail-transfer-low-2w-40tps-r2_retail-transfer-low_w0_69,1000,transfer_20260917-pilot6_calibration-retail-transfer-low-2w-40tps-r2_retail-transfer-low_w0_r1_695],  with error: Error: Failed to submit trasaction with status code: 11
2026.09.17-11:23:17.159[31m error[39m [caliper] [connectors/peer-gateway/PeerGateway] 	Failed to perform submit transaction [Transfer] using arguments [wlt_c_20260917-pilot6_calibration-retail-transfer-low-2w-40tps-r2_retail-transfer-low_w0_21,wlt_c_20260917-pilot6_calibration-retail-transfer-low-2w-40tps-r2_retail-transfer-low_w0_71,1000,transfer_20260917-pilot6_calibration-retail-transfer-low-2w-40tps-r2_retail-transfer-low_w0_r1_696],  with error: Error: Failed to submit trasaction with status code: 11
2026.09.17-11:23:17.161[31m error[39m [caliper] [connectors/peer-gateway/PeerGateway] 	Failed to perform submit transaction [Transfer] using arguments [wlt_c_20260917-pilot6_calibration-retail-transfer-low-2w-40tps-r2_retail-transfer-low_w0_22,wlt_c_20260917-pilot6_calibration-retail-transfer-low-2w-40tps-r2_retail-transfer-low_w0_72,1000,transfer_20260917-pilot6_calibration-retail-transfer-low-2w-40tps-r2_retail-transfer-low_w0_r1_697],  with error: Error: Failed to submit trasaction with status code: 11
2026.09.17-11:23:17.165[31m error[39m [caliper] [connectors/peer-gateway/PeerGateway] 	Failed to perform submit transaction [Transfer] using arguments [wlt_c_20260917-pilot6_calibration-retail-transfer-low-2w-40tps-r2_retail-transfer-low_w1_19,wlt_c_20260917-pilot6_calibration-retail-transfer-low-2w-40tps-r2_retail-transfer-low_w1_69,1000,transfer_20260917-pilot6_calibration-retail-transfer-low-2w-40tps-r2_retail-transfer-low_w1_r1_695],  with error: Error: Failed to submit trasaction with status code: 11
2026.09.17-11:23:17.168[31m error[39m [caliper] [connectors/peer-gateway/PeerGateway] 	Failed to perform submit transaction [Transfer] using arguments [wlt_c_20260917-pilot6_calibration-retail-transfer-low-2w-40tps-r2_retail-transfer-low_w1_21,wlt_c_20260917-pilot6_calibration-retail-transfer-low-2w-40tps-r2_retail-transfer-low_w1_71,1000,transfer_20260917-pilot6_calibration-retail-transfer-low-2w-40tps-r2_retail-transfer-low_w1_r1_696],  with error: Error: Failed to submit trasaction with status code: 11
2026.09.17-11:23:17.500[31m error[39m [caliper] [connectors/peer-gateway/PeerGateway] 	Failed to perform submit transaction [Transfer] using arguments [wlt_c_20260917-pilot6_calibration-retail-transfer-low-2w-40tps-r2_retail-transfer-low_w0_27,wlt_c_20260917-pilot6_calibration-retail-transfer-low-2w-40tps-r2_retail-transfer-low_w0_77,1000,transfer_20260917-pilot6_calibration-retail-transfer-low-2w-40tps-r2_retail-transfer-low_w0_r1_701],  with error: Error: Failed to submit trasaction with status code: 11
2026.09.17-11:23:17.501[31m error[39m [caliper] [connectors/peer-gateway/PeerGateway] 	Failed to perform submit transaction [Transfer] using arguments [wlt_c_20260917-pilot6_calibration-retail-transfer-low-2w-40tps-r2_retail-transfer-low_w1_26,wlt_c_20260917-pilot6_calibration-retail-transfer-low-2w-40tps-r2_retail-transfer-low_w1_76,1000,transfer_20260917-pilot6_calibration-retail-transfer-low-2w-40tps-r2_retail-transfer-low_w1_r1_700],  with error: Error: Failed to submit trasaction with status code: 11
2026.09.17-11:23:17.515[31m error[39m [caliper] [connectors/peer-gateway/PeerGateway] 	Failed to perform submit transaction [Transfer] using arguments [wlt_c_20260917-pilot6_calibration-retail-transfer-low-2w-40tps-r2_retail-transfer-low_w0_23,wlt_c_20260917-pilot6_calibration-retail-transfer-low-2w-40tps-r2_retail-transfer-low_w0_73,1000,transfer_20260917-pilot6_calibration-retail-transfer-low-2w-40tps-r2_retail-transfer-low_w0_r1_698],  with error: Error: Failed to submit trasaction with status code: 11
2026.09.17-11:23:17.968[31m error[39m [caliper] [connectors/peer-gateway/PeerGateway] 	Failed to perform submit transaction [Transfer] using arguments [wlt_c_20260917-pilot6_calibration-retail-transfer-low-2w-40tps-r2_retail-transfer-low_w1_44,wlt_c_20260917-pilot6_calibration-retail-transfer-low-2w-40tps-r2_retail-transfer-low_w1_94,1000,transfer_20260917-pilot6_calibration-retail-transfer-low-2w-40tps-r2_retail-transfer-low_w1_r1_715],  with error: Error: Failed to submit trasaction with status code: 11
2026.09.17-11:23:17.970[31m error[39m [caliper] [connectors/peer-gateway/PeerGateway] 	Failed to perform submit transaction [Transfer] using arguments [wlt_c_20260917-pilot6_calibration-retail-transfer-low-2w-40tps-r2_retail-transfer-low_w0_44,wlt_c_20260917-pilot6_calibration-retail-transfer-low-2w-40tps-r2_retail-transfer-low_w0_94,1000,transfer_20260917-pilot6_calibration-retail-transfer-low-2w-40tps-r2_retail-transfer-low_w0_r1_715],  with error: Error: Failed to submit trasaction with status code: 11
2026.09.17-11:23:18.391[31m error[39m [caliper] [connectors/peer-gateway/PeerGateway] 	Failed to perform submit transaction [Transfer] using arguments [wlt_c_20260917-pilot6_calibration-retail-transfer-low-2w-40tps-r2_retail-transfer-low_w0_46,wlt_c_20260917-pilot6_calibration-retail-transfer-low-2w-40tps-r2_retail-transfer-low_w0_96,1000,transfer_20260917-pilot6_calibration-retail-transfer-low-2w-40tps-r2_retail-transfer-low_w0_r1_716],  with error: Error: Failed to submit trasaction with status code: 11
2026.09.17-11:23:18.393[31m error[39m [caliper] [connectors/peer-gateway/PeerGateway] 	Failed to perform submit transaction [Transfer] using arguments [wlt_c_20260917-pilot6_calibration-retail-transfer-low-2w-40tps-r2_retail-transfer-low_w1_46,wlt_c_20260917-pilot6_calibration-retail-transfer-low-2w-40tps-r2_retail-transfer-low_w1_96,1000,transfer_20260917-pilot6_calibration-retail-transfer-low-2w-40tps-r2_retail-transfer-low_w1_r1_716],  with error: Error: Failed to submit trasaction with status code: 11
2026.09.17-11:23:18.397[31m error[39m [caliper] [connectors/peer-gateway/PeerGateway] 	Failed to perform submit transaction [Transfer] using arguments [wlt_c_20260917-pilot6_calibration-retail-transfer-low-2w-40tps-r2_retail-transfer-low_w0_6,wlt_c_20260917-pilot6_calibration-retail-transfer-low-2w-40tps-r2_retail-transfer-low_w0_56,1000,transfer_20260917-pilot6_calibration-retail-transfer-low-2w-40tps-r2_retail-transfer-low_w0_r1_724],  with error: Error: Failed to submit trasaction with status code: 11
2026.09.17-11:23:18.398[31m error[39m [caliper] [connectors/peer-gateway/PeerGateway] 	Failed to perform submit transaction [Transfer] using arguments [wlt_c_20260917-pilot6_calibration-retail-transfer-low-2w-40tps-r2_retail-transfer-low_w1_7,wlt_c_20260917-pilot6_calibration-retail-transfer-low-2w-40tps-r2_retail-transfer-low_w1_57,1000,transfer_20260917-pilot6_calibration-retail-transfer-low-2w-40tps-r2_retail-transfer-low_w1_r1_725],  with error: Error: Failed to submit trasaction with status code: 11
2026.09.17-11:23:18.706[31m error[39m [caliper] [connectors/peer-gateway/PeerGateway] 	Failed to perform submit transaction [Transfer] using arguments [wlt_c_20260917-pilot6_calibration-retail-transfer-low-2w-40tps-r2_retail-transfer-low_w1_13,wlt_c_20260917-pilot6_calibration-retail-transfer-low-2w-40tps-r2_retail-transfer-low_w1_63,1000,transfer_20260917-pilot6_calibration-retail-transfer-low-2w-40tps-r2_retail-transfer-low_w1_r1_730],  with error: Error: Failed to submit trasaction with status code: 11
2026.09.17-11:23:18.711[31m error[39m [caliper] [connectors/peer-gateway/PeerGateway] 	Failed to perform submit transaction [Transfer] using arguments [wlt_c_20260917-pilot6_calibration-retail-transfer-low-2w-40tps-r2_retail-transfer-low_w1_6,wlt_c_20260917-pilot6_calibration-retail-transfer-low-2w-40tps-r2_retail-transfer-low_w1_56,1000,transfer_20260917-pilot6_calibration-retail-transfer-low-2w-40tps-r2_retail-transfer-low_w1_r1_724],  with error: Error: Failed to submit trasaction with status code: 11
2026.09.17-11:23:18.713[31m error[39m [caliper] [connectors/peer-gateway/PeerGateway] 	Failed to perform submit transaction [Transfer] using arguments [wlt_c_20260917-pilot6_calibration-retail-transfer-low-2w-40tps-r2_retail-transfer-low_w0_7,wlt_c_20260917-pilot6_calibration-retail-transfer-low-2w-40tps-r2_retail-transfer-low_w0_57,1000,transfer_20260917-pilot6_calibration-retail-transfer-low-2w-40tps-r2_retail-transfer-low_w0_r1_725],  with error: Error: Failed to submit trasaction with status code: 11
2026.09.17-11:23:18.715[31m error[39m [caliper] [connectors/peer-gateway/PeerGateway] 	Failed to perform submit transaction [Transfer] using arguments [wlt_c_20260917-pilot6_calibration-retail-transfer-low-2w-40tps-r2_retail-transfer-low_w0_8,wlt_c_20260917-pilot6_calibration-retail-transfer-low-2w-40tps-r2_retail-transfer-low_w0_58,1000,transfer_20260917-pilot6_calibration-retail-transfer-low-2w-40tps-r2_retail-transfer-low_w0_r1_726],  with error: Error: Failed to submit trasaction with status code: 11
2026.09.17-11:23:18.723[31m error[39m [caliper] [connectors/peer-gateway/PeerGateway] 	Failed to perform submit transaction [Transfer] using arguments [wlt_c_20260917-pilot6_calibration-retail-transfer-low-2w-40tps-r2_retail-transfer-low_w1_9,wlt_c_20260917-pilot6_calibration-retail-transfer-low-2w-40tps-r2_retail-transfer-low_w1_59,1000,transfer_20260917-pilot6_calibration-retail-transfer-low-2w-40tps-r2_retail-transfer-low_w1_r1_727],  with error: Error: Failed to submit trasaction with status code: 11
2026.09.17-11:23:18.734[31m error[39m [caliper] [connectors/peer-gateway/PeerGateway] 	Failed to perform submit transaction [Transfer] using arguments [wlt_c_20260917-pilot6_calibration-retail-transfer-low-2w-40tps-r2_retail-transfer-low_w0_9,wlt_c_20260917-pilot6_calibration-retail-transfer-low-2w-40tps-r2_retail-transfer-low_w0_59,1000,transfer_20260917-pilot6_calibration-retail-transfer-low-2w-40tps-r2_retail-transfer-low_w0_r1_727],  with error: Error: Failed to submit trasaction with status code: 11
2026.09.17-11:23:18.985[31m error[39m [caliper] [connectors/peer-gateway/PeerGateway] 	Failed to perform submit transaction [Transfer] using arguments [wlt_c_20260917-pilot6_calibration-retail-transfer-low-2w-40tps-r2_retail-transfer-low_w0_14,wlt_c_20260917-pilot6_calibration-retail-transfer-low-2w-40tps-r2_retail-transfer-low_w0_64,1000,transfer_20260917-pilot6_calibration-retail-transfer-low-2w-40tps-r2_retail-transfer-low_w0_r1_731],  with error: Error: Failed to submit trasaction with status code: 11
2026.09.17-11:23:18.986[31m error[39m [caliper] [connectors/peer-gateway/PeerGateway] 	Failed to perform submit transaction [Transfer] using arguments [wlt_c_20260917-pilot6_calibration-retail-transfer-low-2w-40tps-r2_retail-transfer-low_w1_14,wlt_c_20260917-pilot6_calibration-retail-transfer-low-2w-40tps-r2_retail-transfer-low_w1_64,1000,transfer_20260917-pilot6_calibration-retail-transfer-low-2w-40tps-r2_retail-transfer-low_w1_r1_731],  with error: Error: Failed to submit trasaction with status code: 11
2026.09.17-11:23:18.986[31m error[39m [caliper] [connectors/peer-gateway/PeerGateway] 	Failed to perform submit transaction [Transfer] using arguments [wlt_c_20260917-pilot6_calibration-retail-transfer-low-2w-40tps-r2_retail-transfer-low_w0_13,wlt_c_20260917-pilot6_calibration-retail-transfer-low-2w-40tps-r2_retail-transfer-low_w0_63,1000,transfer_20260917-pilot6_calibration-retail-transfer-low-2w-40tps-r2_retail-transfer-low_w0_r1_730],  with error: Error: Failed to submit trasaction with status code: 11
2026.09.17-11:23:18.986[31m error[39m [caliper] [connectors/peer-gateway/PeerGateway] 	Failed to perform submit transaction [Transfer] using arguments [wlt_c_20260917-pilot6_calibration-retail-transfer-low-2w-40tps-r2_retail-transfer-low_w0_16,wlt_c_20260917-pilot6_calibration-retail-transfer-low-2w-40tps-r2_retail-transfer-low_w0_66,1000,transfer_20260917-pilot6_calibration-retail-transfer-low-2w-40tps-r2_retail-transfer-low_w0_r1_732],  with error: Error: Failed to submit trasaction with status code: 11
2026.09.17-11:23:19.193[31m error[39m [caliper] [connectors/peer-gateway/PeerGateway] 	Failed to perform submit transaction [Transfer] using arguments [wlt_c_20260917-pilot6_calibration-retail-transfer-low-2w-40tps-r2_retail-transfer-low_w0_26,wlt_c_20260917-pilot6_calibration-retail-transfer-low-2w-40tps-r2_retail-transfer-low_w0_76,1000,transfer_20260917-pilot6_calibration-retail-transfer-low-2w-40tps-r2_retail-transfer-low_w0_r1_740],  with error: Error: Failed to submit trasaction with status code: 11
2026.09.17-11:23:19.193[31m error[39m [caliper] [connectors/peer-gateway/PeerGateway] 	Failed to perform submit transaction [Transfer] using arguments [wlt_c_20260917-pilot6_calibration-retail-transfer-low-2w-40tps-r2_retail-transfer-low_w0_24,wlt_c_20260917-pilot6_calibration-retail-transfer-low-2w-40tps-r2_retail-transfer-low_w0_74,1000,transfer_20260917-pilot6_calibration-retail-transfer-low-2w-40tps-r2_retail-transfer-low_w0_r1_739],  with error: Error: Failed to submit trasaction with status code: 11
2026.09.17-11:23:19.194[31m error[39m [caliper] [connectors/peer-gateway/PeerGateway] 	Failed to perform submit transaction [Transfer] using arguments [wlt_c_20260917-pilot6_calibration-retail-transfer-low-2w-40tps-r2_retail-transfer-low_w1_18,wlt_c_20260917-pilot6_calibration-retail-transfer-low-2w-40tps-r2_retail-transfer-low_w1_68,1000,transfer_20260917-pilot6_calibration-retail-transfer-low-2w-40tps-r2_retail-transfer-low_w1_r1_734],  with error: Error: Failed to submit trasaction with status code: 11
2026.09.17-11:23:19.195[31m error[39m [caliper] [connectors/peer-gateway/PeerGateway] 	Failed to perform submit transaction [Transfer] using arguments [wlt_c_20260917-pilot6_calibration-retail-transfer-low-2w-40tps-r2_retail-transfer-low_w1_22,wlt_c_20260917-pilot6_calibration-retail-transfer-low-2w-40tps-r2_retail-transfer-low_w1_72,1000,transfer_20260917-pilot6_calibration-retail-transfer-low-2w-40tps-r2_retail-transfer-low_w1_r1_737],  with error: Error: Failed to submit trasaction with status code: 11
2026.09.17-11:23:19.408[31m error[39m [caliper] [connectors/peer-gateway/PeerGateway] 	Failed to perform submit transaction [Transfer] using arguments [wlt_c_20260917-pilot6_calibration-retail-transfer-low-2w-40tps-r2_retail-transfer-low_w0_32,wlt_c_20260917-pilot6_calibration-retail-transfer-low-2w-40tps-r2_retail-transfer-low_w0_82,1000,transfer_20260917-pilot6_calibration-retail-transfer-low-2w-40tps-r2_retail-transfer-low_w0_r1_745],  with error: Error: Failed to submit trasaction with status code: 11
2026.09.17-11:23:19.409[31m error[39m [caliper] [connectors/peer-gateway/PeerGateway] 	Failed to perform submit transaction [Transfer] using arguments [wlt_c_20260917-pilot6_calibration-retail-transfer-low-2w-40tps-r2_retail-transfer-low_w0_28,wlt_c_20260917-pilot6_calibration-retail-transfer-low-2w-40tps-r2_retail-transfer-low_w0_78,1000,transfer_20260917-pilot6_calibration-retail-transfer-low-2w-40tps-r2_retail-transfer-low_w0_r1_742],  with error: Error: Failed to submit trasaction with status code: 11
2026.09.17-11:23:19.410[31m error[39m [caliper] [connectors/peer-gateway/PeerGateway] 	Failed to perform submit transaction [Transfer] using arguments [wlt_c_20260917-pilot6_calibration-retail-transfer-low-2w-40tps-r2_retail-transfer-low_w1_33,wlt_c_20260917-pilot6_calibration-retail-transfer-low-2w-40tps-r2_retail-transfer-low_w1_83,1000,transfer_20260917-pilot6_calibration-retail-transfer-low-2w-40tps-r2_retail-transfer-low_w1_r1_746],  with error: Error: Failed to submit trasaction with status code: 11
2026.09.17-11:23:19.412[31m error[39m [caliper] [connectors/peer-gateway/PeerGateway] 	Failed to perform submit transaction [Transfer] using arguments [wlt_c_20260917-pilot6_calibration-retail-transfer-low-2w-40tps-r2_retail-transfer-low_w1_24,wlt_c_20260917-pilot6_calibration-retail-transfer-low-2w-40tps-r2_retail-transfer-low_w1_74,1000,transfer_20260917-pilot6_calibration-retail-transfer-low-2w-40tps-r2_retail-transfer-low_w1_r1_739],  with error: Error: Failed to submit trasaction with status code: 11
2026.09.17-11:23:19.413[31m error[39m [caliper] [connectors/peer-gateway/PeerGateway] 	Failed to perform submit transaction [Transfer] using arguments [wlt_c_20260917-pilot6_calibration-retail-transfer-low-2w-40tps-r2_retail-transfer-low_w1_27,wlt_c_20260917-pilot6_calibration-retail-transfer-low-2w-40tps-r2_retail-transfer-low_w1_77,1000,transfer_20260917-pilot6_calibration-retail-transfer-low-2w-40tps-r2_retail-transfer-low_w1_r1_741],  with error: Error: Failed to submit trasaction with status code: 11
2026.09.17-11:23:19.413[31m error[39m [caliper] [connectors/peer-gateway/PeerGateway] 	Failed to perform submit transaction [Transfer] using arguments [wlt_c_20260917-pilot6_calibration-retail-transfer-low-2w-40tps-r2_retail-transfer-low_w1_28,wlt_c_20260917-pilot6_calibration-retail-transfer-low-2w-40tps-r2_retail-transfer-low_w1_78,1000,transfer_20260917-pilot6_calibration-retail-transfer-low-2w-40tps-r2_retail-transfer-low_w1_r1_742],  with error: Error: Failed to submit trasaction with status code: 11
2026.09.17-11:23:19.413[31m error[39m [caliper] [connectors/peer-gateway/PeerGateway] 	Failed to perform submit transaction [Transfer] using arguments [wlt_c_20260917-pilot6_calibration-retail-transfer-low-2w-40tps-r2_retail-transfer-low_w1_31,wlt_c_20260917-pilot6_calibration-retail-transfer-low-2w-40tps-r2_retail-transfer-low_w1_81,1000,transfer_20260917-pilot6_calibration-retail-transfer-low-2w-40tps-r2_retail-transfer-low_w1_r1_744],  with error: Error: Failed to submit trasaction with status code: 11
2026.09.17-11:23:19.413[31m error[39m [caliper] [connectors/peer-gateway/PeerGateway] 	Failed to perform submit transaction [Transfer] using arguments [wlt_c_20260917-pilot6_calibration-retail-transfer-low-2w-40tps-r2_retail-transfer-low_w1_34,wlt_c_20260917-pilot6_calibration-retail-transfer-low-2w-40tps-r2_retail-transfer-low_w1_84,1000,transfer_20260917-pilot6_calibration-retail-transfer-low-2w-40tps-r2_retail-transfer-low_w1_r1_747],  with error: Error: Failed to submit trasaction with status code: 11
2026.09.17-11:23:19.519[31m error[39m [caliper] [connectors/peer-gateway/PeerGateway] 	Failed to perform submit transaction [Transfer] using arguments [wlt_c_20260917-pilot6_calibration-retail-transfer-low-2w-40tps-r2_retail-transfer-low_w0_37,wlt_c_20260917-pilot6_calibration-retail-transfer-low-2w-40tps-r2_retail-transfer-low_w0_87,1000,transfer_20260917-pilot6_calibration-retail-transfer-low-2w-40tps-r2_retail-transfer-low_w0_r1_749],  with error: Error: Failed to submit trasaction with status code: 11
2026.09.17-11:23:19.521[31m error[39m [caliper] [connectors/peer-gateway/PeerGateway] 	Failed to perform submit transaction [Transfer] using arguments [wlt_c_20260917-pilot6_calibration-retail-transfer-low-2w-40tps-r2_retail-transfer-low_w1_29,wlt_c_20260917-pilot6_calibration-retail-transfer-low-2w-40tps-r2_retail-transfer-low_w1_79,1000,transfer_20260917-pilot6_calibration-retail-transfer-low-2w-40tps-r2_retail-transfer-low_w1_r1_743],  with error: Error: Failed to submit trasaction with status code: 11
2026.09.17-11:23:19.522[31m error[39m [caliper] [connectors/peer-gateway/PeerGateway] 	Failed to perform submit transaction [Transfer] using arguments [wlt_c_20260917-pilot6_calibration-retail-transfer-low-2w-40tps-r2_retail-transfer-low_w0_34,wlt_c_20260917-pilot6_calibration-retail-transfer-low-2w-40tps-r2_retail-transfer-low_w0_84,1000,transfer_20260917-pilot6_calibration-retail-transfer-low-2w-40tps-r2_retail-transfer-low_w0_r1_747],  with error: Error: Failed to submit trasaction with status code: 11
2026.09.17-11:23:19.522[31m error[39m [caliper] [connectors/peer-gateway/PeerGateway] 	Failed to perform submit transaction [Transfer] using arguments [wlt_c_20260917-pilot6_calibration-retail-transfer-low-2w-40tps-r2_retail-transfer-low_w1_36,wlt_c_20260917-pilot6_calibration-retail-transfer-low-2w-40tps-r2_retail-transfer-low_w1_86,1000,transfer_20260917-pilot6_calibration-retail-transfer-low-2w-40tps-r2_retail-transfer-low_w1_r1_748],  with error: Error: Failed to submit trasaction with status code: 11
2026.09.17-11:23:19.522[31m error[39m [caliper] [connectors/peer-gateway/PeerGateway] 	Failed to perform submit transaction [Transfer] using arguments [wlt_c_20260917-pilot6_calibration-retail-transfer-low-2w-40tps-r2_retail-transfer-low_w0_29,wlt_c_20260917-pilot6_calibration-retail-transfer-low-2w-40tps-r2_retail-transfer-low_w0_79,1000,transfer_20260917-pilot6_calibration-retail-transfer-low-2w-40tps-r2_retail-transfer-low_w0_r1_743],  with error: Error: Failed to submit trasaction with status code: 11
2026.09.17-11:23:19.522[31m error[39m [caliper] [connectors/peer-gateway/PeerGateway] 	Failed to perform submit transaction [Transfer] using arguments [wlt_c_20260917-pilot6_calibration-retail-transfer-low-2w-40tps-r2_retail-transfer-low_w1_32,wlt_c_20260917-pilot6_calibration-retail-transfer-low-2w-40tps-r2_retail-transfer-low_w1_82,1000,transfer_20260917-pilot6_calibration-retail-transfer-low-2w-40tps-r2_retail-transfer-low_w1_r1_745],  with error: Error: Failed to submit trasaction with status code: 11
2026.09.17-11:23:19.523[31m error[39m [caliper] [connectors/peer-gateway/PeerGateway] 	Failed to perform submit transaction [Transfer] using arguments [wlt_c_20260917-pilot6_calibration-retail-transfer-low-2w-40tps-r2_retail-transfer-low_w0_31,wlt_c_20260917-pilot6_calibration-retail-transfer-low-2w-40tps-r2_retail-transfer-low_w0_81,1000,transfer_20260917-pilot6_calibration-retail-transfer-low-2w-40tps-r2_retail-transfer-low_w0_r1_744],  with error: Error: Failed to submit trasaction with status code: 11
2026.09.17-11:23:19.523[31m error[39m [caliper] [connectors/peer-gateway/PeerGateway] 	Failed to perform submit transaction [Transfer] using arguments [wlt_c_20260917-pilot6_calibration-retail-transfer-low-2w-40tps-r2_retail-transfer-low_w1_37,wlt_c_20260917-pilot6_calibration-retail-transfer-low-2w-40tps-r2_retail-transfer-low_w1_87,1000,transfer_20260917-pilot6_calibration-retail-transfer-low-2w-40tps-r2_retail-transfer-low_w1_r1_749],  with error: Error: Failed to submit trasaction with status code: 11
2026.09.17-11:23:19.523[31m error[39m [caliper] [connectors/peer-gateway/PeerGateway] 	Failed to perform submit transaction [Transfer] using arguments [wlt_c_20260917-pilot6_calibration-retail-transfer-low-2w-40tps-r2_retail-transfer-low_w0_33,wlt_c_20260917-pilot6_calibration-retail-transfer-low-2w-40tps-r2_retail-transfer-low_w0_83,1000,transfer_20260917-pilot6_calibration-retail-transfer-low-2w-40tps-r2_retail-transfer-low_w0_r1_746],  with error: Error: Failed to submit trasaction with status code: 11
2026.09.17-11:23:19.523[31m error[39m [caliper] [connectors/peer-gateway/PeerGateway] 	Failed to perform submit transaction [Transfer] using arguments [wlt_c_20260917-pilot6_calibration-retail-transfer-low-2w-40tps-r2_retail-transfer-low_w0_36,wlt_c_20260917-pilot6_calibration-retail-transfer-low-2w-40tps-r2_retail-transfer-low_w0_86,1000,transfer_20260917-pilot6_calibration-retail-transfer-low-2w-40tps-r2_retail-transfer-low_w0_r1_748],  with error: Error: Failed to submit trasaction with status code: 11
2026.09.17-11:23:19.649[31m error[39m [caliper] [connectors/peer-gateway/PeerGateway] 	Failed to perform submit transaction [Transfer] using arguments [wlt_c_20260917-pilot6_calibration-retail-transfer-low-2w-40tps-r2_retail-transfer-low_w1_43,wlt_c_20260917-pilot6_calibration-retail-transfer-low-2w-40tps-r2_retail-transfer-low_w1_93,1000,transfer_20260917-pilot6_calibration-retail-transfer-low-2w-40tps-r2_retail-transfer-low_w1_r1_754],  with error: Error: Failed to submit trasaction with status code: 11
2026.09.17-11:23:19.650[31m error[39m [caliper] [connectors/peer-gateway/PeerGateway] 	Failed to perform submit transaction [Transfer] using arguments [wlt_c_20260917-pilot6_calibration-retail-transfer-low-2w-40tps-r2_retail-transfer-low_w0_38,wlt_c_20260917-pilot6_calibration-retail-transfer-low-2w-40tps-r2_retail-transfer-low_w0_88,1000,transfer_20260917-pilot6_calibration-retail-transfer-low-2w-40tps-r2_retail-transfer-low_w0_r1_750],  with error: Error: Failed to submit trasaction with status code: 11
2026.09.17-11:23:19.650[31m error[39m [caliper] [connectors/peer-gateway/PeerGateway] 	Failed to perform submit transaction [Transfer] using arguments [wlt_c_20260917-pilot6_calibration-retail-transfer-low-2w-40tps-r2_retail-transfer-low_w1_42,wlt_c_20260917-pilot6_calibration-retail-transfer-low-2w-40tps-r2_retail-transfer-low_w1_92,1000,transfer_20260917-pilot6_calibration-retail-transfer-low-2w-40tps-r2_retail-transfer-low_w1_r1_753],  with error: Error: Failed to submit trasaction with status code: 11
2026.09.17-11:23:19.651[31m error[39m [caliper] [connectors/peer-gateway/PeerGateway] 	Failed to perform submit transaction [Transfer] using arguments [wlt_c_20260917-pilot6_calibration-retail-transfer-low-2w-40tps-r2_retail-transfer-low_w0_42,wlt_c_20260917-pilot6_calibration-retail-transfer-low-2w-40tps-r2_retail-transfer-low_w0_92,1000,transfer_20260917-pilot6_calibration-retail-transfer-low-2w-40tps-r2_retail-transfer-low_w0_r1_753],  with error: Error: Failed to submit trasaction with status code: 11
2026.09.17-11:23:19.655[31m error[39m [caliper] [connectors/peer-gateway/PeerGateway] 	Failed to perform submit transaction [Transfer] using arguments [wlt_c_20260917-pilot6_calibration-retail-transfer-low-2w-40tps-r2_retail-transfer-low_w0_39,wlt_c_20260917-pilot6_calibration-retail-transfer-low-2w-40tps-r2_retail-transfer-low_w0_89,1000,transfer_20260917-pilot6_calibration-retail-transfer-low-2w-40tps-r2_retail-transfer-low_w0_r1_751],  with error: Error: Failed to submit trasaction with status code: 11
2026.09.17-11:23:19.655[31m error[39m [caliper] [connectors/peer-gateway/PeerGateway] 	Failed to perform submit transaction [Transfer] using arguments [wlt_c_20260917-pilot6_calibration-retail-transfer-low-2w-40tps-r2_retail-transfer-low_w1_39,wlt_c_20260917-pilot6_calibration-retail-transfer-low-2w-40tps-r2_retail-transfer-low_w1_89,1000,transfer_20260917-pilot6_calibration-retail-transfer-low-2w-40tps-r2_retail-transfer-low_w1_r1_751],  with error: Error: Failed to submit trasaction with status code: 11
2026.09.17-11:23:19.656[31m error[39m [caliper] [connectors/peer-gateway/PeerGateway] 	Failed to perform submit transaction [Transfer] using arguments [wlt_c_20260917-pilot6_calibration-retail-transfer-low-2w-40tps-r2_retail-transfer-low_w0_41,wlt_c_20260917-pilot6_calibration-retail-transfer-low-2w-40tps-r2_retail-transfer-low_w0_91,1000,transfer_20260917-pilot6_calibration-retail-transfer-low-2w-40tps-r2_retail-transfer-low_w0_r1_752],  with error: Error: Failed to submit trasaction with status code: 11
2026.09.17-11:23:19.656[31m error[39m [caliper] [connectors/peer-gateway/PeerGateway] 	Failed to perform submit transaction [Transfer] using arguments [wlt_c_20260917-pilot6_calibration-retail-transfer-low-2w-40tps-r2_retail-transfer-low_w0_43,wlt_c_20260917-pilot6_calibration-retail-transfer-low-2w-40tps-r2_retail-transfer-low_w0_93,1000,transfer_20260917-pilot6_calibration-retail-transfer-low-2w-40tps-r2_retail-transfer-low_w0_r1_754],  with error: Error: Failed to submit trasaction with status code: 11
2026.09.17-11:23:19.656[31m error[39m [caliper] [connectors/peer-gateway/PeerGateway] 	Failed to perform submit transaction [Transfer] using arguments [wlt_c_20260917-pilot6_calibration-retail-transfer-low-2w-40tps-r2_retail-transfer-low_w1_38,wlt_c_20260917-pilot6_calibration-retail-transfer-low-2w-40tps-r2_retail-transfer-low_w1_88,1000,transfer_20260917-pilot6_calibration-retail-transfer-low-2w-40tps-r2_retail-transfer-low_w1_r1_750],  with error: Error: Failed to submit trasaction with status code: 11
2026.09.17-11:23:19.657[31m error[39m [caliper] [connectors/peer-gateway/PeerGateway] 	Failed to perform submit transaction [Transfer] using arguments [wlt_c_20260917-pilot6_calibration-retail-transfer-low-2w-40tps-r2_retail-transfer-low_w1_41,wlt_c_20260917-pilot6_calibration-retail-transfer-low-2w-40tps-r2_retail-transfer-low_w1_91,1000,transfer_20260917-pilot6_calibration-retail-transfer-low-2w-40tps-r2_retail-transfer-low_w1_r1_752],  with error: Error: Failed to submit trasaction with status code: 11
2026.09.17-11:23:19.808[31m error[39m [caliper] [connectors/peer-gateway/PeerGateway] 	Failed to perform submit transaction [Transfer] using arguments [wlt_c_20260917-pilot6_calibration-retail-transfer-low-2w-40tps-r2_retail-transfer-low_w0_48,wlt_c_20260917-pilot6_calibration-retail-transfer-low-2w-40tps-r2_retail-transfer-low_w0_98,1000,transfer_20260917-pilot6_calibration-retail-transfer-low-2w-40tps-r2_retail-transfer-low_w0_r1_758],  with error: Error: Failed to submit trasaction with status code: 11
2026.09.17-11:23:19.809[31m error[39m [caliper] [connectors/peer-gateway/PeerGateway] 	Failed to perform submit transaction [Transfer] using arguments [wlt_c_20260917-pilot6_calibration-retail-transfer-low-2w-40tps-r2_retail-transfer-low_w0_49,wlt_c_20260917-pilot6_calibration-retail-transfer-low-2w-40tps-r2_retail-transfer-low_w0_99,1000,transfer_20260917-pilot6_calibration-retail-transfer-low-2w-40tps-r2_retail-transfer-low_w0_r1_759],  with error: Error: Failed to submit trasaction with status code: 11
2026.09.17-11:23:19.813[31m error[39m [caliper] [connectors/peer-gateway/PeerGateway] 	Failed to perform submit transaction [Transfer] using arguments [wlt_c_20260917-pilot6_calibration-retail-transfer-low-2w-40tps-r2_retail-transfer-low_w1_47,wlt_c_20260917-pilot6_calibration-retail-transfer-low-2w-40tps-r2_retail-transfer-low_w1_97,1000,transfer_20260917-pilot6_calibration-retail-transfer-low-2w-40tps-r2_retail-transfer-low_w1_r1_757],  with error: Error: Failed to submit trasaction with status code: 11
2026.09.17-11:23:19.815[31m error[39m [caliper] [connectors/peer-gateway/PeerGateway] 	Failed to perform submit transaction [Transfer] using arguments [wlt_c_20260917-pilot6_calibration-retail-transfer-low-2w-40tps-r2_retail-transfer-low_w0_47,wlt_c_20260917-pilot6_calibration-retail-transfer-low-2w-40tps-r2_retail-transfer-low_w0_97,1000,transfer_20260917-pilot6_calibration-retail-transfer-low-2w-40tps-r2_retail-transfer-low_w0_r1_757],  with error: Error: Failed to submit trasaction with status code: 11
2026.09.17-11:23:19.815[31m error[39m [caliper] [connectors/peer-gateway/PeerGateway] 	Failed to perform submit transaction [Transfer] using arguments [wlt_c_20260917-pilot6_calibration-retail-transfer-low-2w-40tps-r2_retail-transfer-low_w1_48,wlt_c_20260917-pilot6_calibration-retail-transfer-low-2w-40tps-r2_retail-transfer-low_w1_98,1000,transfer_20260917-pilot6_calibration-retail-transfer-low-2w-40tps-r2_retail-transfer-low_w1_r1_758],  with error: Error: Failed to submit trasaction with status code: 11
2026.09.17-11:23:19.818[31m error[39m [caliper] [connectors/peer-gateway/PeerGateway] 	Failed to perform submit transaction [Transfer] using arguments [wlt_c_20260917-pilot6_calibration-retail-transfer-low-2w-40tps-r2_retail-transfer-low_w1_1,wlt_c_20260917-pilot6_calibration-retail-transfer-low-2w-40tps-r2_retail-transfer-low_w1_51,1000,transfer_20260917-pilot6_calibration-retail-transfer-low-2w-40tps-r2_retail-transfer-low_w1_r1_760],  with error: Error: Failed to submit trasaction with status code: 11
2026.09.17-11:23:20.016[31m error[39m [caliper] [connectors/peer-gateway/PeerGateway] 	Failed to perform submit transaction [Transfer] using arguments [wlt_c_20260917-pilot6_calibration-retail-transfer-low-2w-40tps-r2_retail-transfer-low_w0_2,wlt_c_20260917-pilot6_calibration-retail-transfer-low-2w-40tps-r2_retail-transfer-low_w0_52,1000,transfer_20260917-pilot6_calibration-retail-transfer-low-2w-40tps-r2_retail-transfer-low_w0_r1_761],  with error: Error: Failed to submit trasaction with status code: 11
2026.09.17-11:23:20.016[31m error[39m [caliper] [connectors/peer-gateway/PeerGateway] 	Failed to perform submit transaction [Transfer] using arguments [wlt_c_20260917-pilot6_calibration-retail-transfer-low-2w-40tps-r2_retail-transfer-low_w1_49,wlt_c_20260917-pilot6_calibration-retail-transfer-low-2w-40tps-r2_retail-transfer-low_w1_99,1000,transfer_20260917-pilot6_calibration-retail-transfer-low-2w-40tps-r2_retail-transfer-low_w1_r1_759],  with error: Error: Failed to submit trasaction with status code: 11
2026.09.17-11:23:20.017[31m error[39m [caliper] [connectors/peer-gateway/PeerGateway] 	Failed to perform submit transaction [Transfer] using arguments [wlt_c_20260917-pilot6_calibration-retail-transfer-low-2w-40tps-r2_retail-transfer-low_w0_11,wlt_c_20260917-pilot6_calibration-retail-transfer-low-2w-40tps-r2_retail-transfer-low_w0_61,1000,transfer_20260917-pilot6_calibration-retail-transfer-low-2w-40tps-r2_retail-transfer-low_w0_r1_768],  with error: Error: Failed to submit trasaction with status code: 11
2026.09.17-11:23:20.019[31m error[39m [caliper] [connectors/peer-gateway/PeerGateway] 	Failed to perform submit transaction [Transfer] using arguments [wlt_c_20260917-pilot6_calibration-retail-transfer-low-2w-40tps-r2_retail-transfer-low_w1_2,wlt_c_20260917-pilot6_calibration-retail-transfer-low-2w-40tps-r2_retail-transfer-low_w1_52,1000,transfer_20260917-pilot6_calibration-retail-transfer-low-2w-40tps-r2_retail-transfer-low_w1_r1_761],  with error: Error: Failed to submit trasaction with status code: 11
2026.09.17-11:23:20.019[31m error[39m [caliper] [connectors/peer-gateway/PeerGateway] 	Failed to perform submit transaction [Transfer] using arguments [wlt_c_20260917-pilot6_calibration-retail-transfer-low-2w-40tps-r2_retail-transfer-low_w1_11,wlt_c_20260917-pilot6_calibration-retail-transfer-low-2w-40tps-r2_retail-transfer-low_w1_61,1000,transfer_20260917-pilot6_calibration-retail-transfer-low-2w-40tps-r2_retail-transfer-low_w1_r1_768],  with error: Error: Failed to submit trasaction with status code: 11
2026.09.17-11:23:20.020[31m error[39m [caliper] [connectors/peer-gateway/PeerGateway] 	Failed to perform submit transaction [Transfer] using arguments [wlt_c_20260917-pilot6_calibration-retail-transfer-low-2w-40tps-r2_retail-transfer-low_w1_3,wlt_c_20260917-pilot6_calibration-retail-transfer-low-2w-40tps-r2_retail-transfer-low_w1_53,1000,transfer_20260917-pilot6_calibration-retail-transfer-low-2w-40tps-r2_retail-transfer-low_w1_r1_762],  with error: Error: Failed to submit trasaction with status code: 11
2026.09.17-11:23:20.021[31m error[39m [caliper] [connectors/peer-gateway/PeerGateway] 	Failed to perform submit transaction [Transfer] using arguments [wlt_c_20260917-pilot6_calibration-retail-transfer-low-2w-40tps-r2_retail-transfer-low_w0_1,wlt_c_20260917-pilot6_calibration-retail-transfer-low-2w-40tps-r2_retail-transfer-low_w0_51,1000,transfer_20260917-pilot6_calibration-retail-transfer-low-2w-40tps-r2_retail-transfer-low_w0_r1_760],  with error: Error: Failed to submit trasaction with status code: 11
2026.09.17-11:23:20.251[31m error[39m [caliper] [connectors/peer-gateway/PeerGateway] 	Failed to perform submit transaction [Transfer] using arguments [wlt_c_20260917-pilot6_calibration-retail-transfer-low-2w-40tps-r2_retail-transfer-low_w0_3,wlt_c_20260917-pilot6_calibration-retail-transfer-low-2w-40tps-r2_retail-transfer-low_w0_53,1000,transfer_20260917-pilot6_calibration-retail-transfer-low-2w-40tps-r2_retail-transfer-low_w0_r1_762],  with error: Error: Failed to submit trasaction with status code: 11
2026.09.17-11:23:20.252[31m error[39m [caliper] [connectors/peer-gateway/PeerGateway] 	Failed to perform submit transaction [Transfer] using arguments [wlt_c_20260917-pilot6_calibration-retail-transfer-low-2w-40tps-r2_retail-transfer-low_w0_4,wlt_c_20260917-pilot6_calibration-retail-transfer-low-2w-40tps-r2_retail-transfer-low_w0_54,1000,transfer_20260917-pilot6_calibration-retail-transfer-low-2w-40tps-r2_retail-transfer-low_w0_r1_763],  with error: Error: Failed to submit trasaction with status code: 11
2026.09.17-11:23:20.254[31m error[39m [caliper] [connectors/peer-gateway/PeerGateway] 	Failed to perform submit transaction [Transfer] using arguments [wlt_c_20260917-pilot6_calibration-retail-transfer-low-2w-40tps-r2_retail-transfer-low_w1_4,wlt_c_20260917-pilot6_calibration-retail-transfer-low-2w-40tps-r2_retail-transfer-low_w1_54,1000,transfer_20260917-pilot6_calibration-retail-transfer-low-2w-40tps-r2_retail-transfer-low_w1_r1_763],  with error: Error: Failed to submit trasaction with status code: 11
2026.09.17-11:23:20.255[31m error[39m [caliper] [connectors/peer-gateway/PeerGateway] 	Failed to perform submit transaction [Transfer] using arguments [wlt_c_20260917-pilot6_calibration-retail-transfer-low-2w-40tps-r2_retail-transfer-low_w1_8,wlt_c_20260917-pilot6_calibration-retail-transfer-low-2w-40tps-r2_retail-transfer-low_w1_58,1000,transfer_20260917-pilot6_calibration-retail-transfer-low-2w-40tps-r2_retail-transfer-low_w1_r1_766],  with error: Error: Failed to submit trasaction with status code: 11
2026.09.17-11:23:20.258[31m error[39m [caliper] [connectors/peer-gateway/PeerGateway] 	Failed to perform submit transaction [Transfer] using arguments [wlt_c_20260917-pilot6_calibration-retail-transfer-low-2w-40tps-r2_retail-transfer-low_w1_12,wlt_c_20260917-pilot6_calibration-retail-transfer-low-2w-40tps-r2_retail-transfer-low_w1_62,1000,transfer_20260917-pilot6_calibration-retail-transfer-low-2w-40tps-r2_retail-transfer-low_w1_r1_769],  with error: Error: Failed to submit trasaction with status code: 11
2026.09.17-11:23:20.411[31m error[39m [caliper] [connectors/peer-gateway/PeerGateway] 	Failed to perform submit transaction [Transfer] using arguments [wlt_c_20260917-pilot6_calibration-retail-transfer-low-2w-40tps-r2_retail-transfer-low_w1_17,wlt_c_20260917-pilot6_calibration-retail-transfer-low-2w-40tps-r2_retail-transfer-low_w1_67,1000,transfer_20260917-pilot6_calibration-retail-transfer-low-2w-40tps-r2_retail-transfer-low_w1_r1_773],  with error: Error: Failed to submit trasaction with status code: 11
2026.09.17-11:23:20.412[31m error[39m [caliper] [connectors/peer-gateway/PeerGateway] 	Failed to perform submit transaction [Transfer] using arguments [wlt_c_20260917-pilot6_calibration-retail-transfer-low-2w-40tps-r2_retail-transfer-low_w1_16,wlt_c_20260917-pilot6_calibration-retail-transfer-low-2w-40tps-r2_retail-transfer-low_w1_66,1000,transfer_20260917-pilot6_calibration-retail-transfer-low-2w-40tps-r2_retail-transfer-low_w1_r1_772],  with error: Error: Failed to submit trasaction with status code: 11
2026.09.17-11:23:20.413[31m error[39m [caliper] [connectors/peer-gateway/PeerGateway] 	Failed to perform submit transaction [Transfer] using arguments [wlt_c_20260917-pilot6_calibration-retail-transfer-low-2w-40tps-r2_retail-transfer-low_w0_18,wlt_c_20260917-pilot6_calibration-retail-transfer-low-2w-40tps-r2_retail-transfer-low_w0_68,1000,transfer_20260917-pilot6_calibration-retail-transfer-low-2w-40tps-r2_retail-transfer-low_w0_r1_774],  with error: Error: Failed to submit trasaction with status code: 11
2026.09.17-11:23:20.414[31m error[39m [caliper] [connectors/peer-gateway/PeerGateway] 	Failed to perform submit transaction [Transfer] using arguments [wlt_c_20260917-pilot6_calibration-retail-transfer-low-2w-40tps-r2_retail-transfer-low_w0_12,wlt_c_20260917-pilot6_calibration-retail-transfer-low-2w-40tps-r2_retail-transfer-low_w0_62,1000,transfer_20260917-pilot6_calibration-retail-transfer-low-2w-40tps-r2_retail-transfer-low_w0_r1_769],  with error: Error: Failed to submit trasaction with status code: 11
2026.09.17-11:23:20.416[31m error[39m [caliper] [connectors/peer-gateway/PeerGateway] 	Failed to perform submit transaction [Transfer] using arguments [wlt_c_20260917-pilot6_calibration-retail-transfer-low-2w-40tps-r2_retail-transfer-low_w0_17,wlt_c_20260917-pilot6_calibration-retail-transfer-low-2w-40tps-r2_retail-transfer-low_w0_67,1000,transfer_20260917-pilot6_calibration-retail-transfer-low-2w-40tps-r2_retail-transfer-low_w0_r1_773],  with error: Error: Failed to submit trasaction with status code: 11
2026.09.17-11:23:20.543[31m error[39m [caliper] [connectors/peer-gateway/PeerGateway] 	Failed to perform submit transaction [Transfer] using arguments [wlt_c_20260917-pilot6_calibration-retail-transfer-low-2w-40tps-r2_retail-transfer-low_w1_26,wlt_c_20260917-pilot6_calibration-retail-transfer-low-2w-40tps-r2_retail-transfer-low_w1_76,1000,transfer_20260917-pilot6_calibration-retail-transfer-low-2w-40tps-r2_retail-transfer-low_w1_r1_780],  with error: Error: Failed to submit trasaction with status code: 11
2026.09.17-11:23:20.544[31m error[39m [caliper] [connectors/peer-gateway/PeerGateway] 	Failed to perform submit transaction [Transfer] using arguments [wlt_c_20260917-pilot6_calibration-retail-transfer-low-2w-40tps-r2_retail-transfer-low_w0_21,wlt_c_20260917-pilot6_calibration-retail-transfer-low-2w-40tps-r2_retail-transfer-low_w0_71,1000,transfer_20260917-pilot6_calibration-retail-transfer-low-2w-40tps-r2_retail-transfer-low_w0_r1_776],  with error: Error: Failed to submit trasaction with status code: 11
2026.09.17-11:23:20.545[31m error[39m [caliper] [connectors/peer-gateway/PeerGateway] 	Failed to perform submit transaction [Transfer] using arguments [wlt_c_20260917-pilot6_calibration-retail-transfer-low-2w-40tps-r2_retail-transfer-low_w1_19,wlt_c_20260917-pilot6_calibration-retail-transfer-low-2w-40tps-r2_retail-transfer-low_w1_69,1000,transfer_20260917-pilot6_calibration-retail-transfer-low-2w-40tps-r2_retail-transfer-low_w1_r1_775],  with error: Error: Failed to submit trasaction with status code: 11
2026.09.17-11:23:20.545[31m error[39m [caliper] [connectors/peer-gateway/PeerGateway] 	Failed to perform submit transaction [Transfer] using arguments [wlt_c_20260917-pilot6_calibration-retail-transfer-low-2w-40tps-r2_retail-transfer-low_w1_21,wlt_c_20260917-pilot6_calibration-retail-transfer-low-2w-40tps-r2_retail-transfer-low_w1_71,1000,transfer_20260917-pilot6_calibration-retail-transfer-low-2w-40tps-r2_retail-transfer-low_w1_r1_776],  with error: Error: Failed to submit trasaction with status code: 11
2026.09.17-11:23:20.546[31m error[39m [caliper] [connectors/peer-gateway/PeerGateway] 	Failed to perform submit transaction [Transfer] using arguments [wlt_c_20260917-pilot6_calibration-retail-transfer-low-2w-40tps-r2_retail-transfer-low_w0_19,wlt_c_20260917-pilot6_calibration-retail-transfer-low-2w-40tps-r2_retail-transfer-low_w0_69,1000,transfer_20260917-pilot6_calibration-retail-transfer-low-2w-40tps-r2_retail-transfer-low_w0_r1_775],  with error: Error: Failed to submit trasaction with status code: 11
2026.09.17-11:23:20.546[31m error[39m [caliper] [connectors/peer-gateway/PeerGateway] 	Failed to perform submit transaction [Transfer] using arguments [wlt_c_20260917-pilot6_calibration-retail-transfer-low-2w-40tps-r2_retail-transfer-low_w1_23,wlt_c_20260917-pilot6_calibration-retail-transfer-low-2w-40tps-r2_retail-transfer-low_w1_73,1000,transfer_20260917-pilot6_calibration-retail-transfer-low-2w-40tps-r2_retail-transfer-low_w1_r1_778],  with error: Error: Failed to submit trasaction with status code: 11
2026.09.17-11:23:20.547[31m error[39m [caliper] [connectors/peer-gateway/PeerGateway] 	Failed to perform submit transaction [Transfer] using arguments [wlt_c_20260917-pilot6_calibration-retail-transfer-low-2w-40tps-r2_retail-transfer-low_w0_23,wlt_c_20260917-pilot6_calibration-retail-transfer-low-2w-40tps-r2_retail-transfer-low_w0_73,1000,transfer_20260917-pilot6_calibration-retail-transfer-low-2w-40tps-r2_retail-transfer-low_w0_r1_778],  with error: Error: Failed to submit trasaction with status code: 11
2026.09.17-11:23:20.749[31m error[39m [caliper] [connectors/peer-gateway/PeerGateway] 	Failed to perform submit transaction [Transfer] using arguments [wlt_c_20260917-pilot6_calibration-retail-transfer-low-2w-40tps-r2_retail-transfer-low_w0_22,wlt_c_20260917-pilot6_calibration-retail-transfer-low-2w-40tps-r2_retail-transfer-low_w0_72,1000,transfer_20260917-pilot6_calibration-retail-transfer-low-2w-40tps-r2_retail-transfer-low_w0_r1_777],  with error: Error: Failed to submit trasaction with status code: 11
2026.09.17-11:23:20.750[31m error[39m [caliper] [connectors/peer-gateway/PeerGateway] 	Failed to perform submit transaction [Transfer] using arguments [wlt_c_20260917-pilot6_calibration-retail-transfer-low-2w-40tps-r2_retail-transfer-low_w0_27,wlt_c_20260917-pilot6_calibration-retail-transfer-low-2w-40tps-r2_retail-transfer-low_w0_77,1000,transfer_20260917-pilot6_calibration-retail-transfer-low-2w-40tps-r2_retail-transfer-low_w0_r1_781],  with error: Error: Failed to submit trasaction with status code: 11
2026.09.17-11:23:21.242[31m error[39m [caliper] [connectors/peer-gateway/PeerGateway] 	Failed to perform submit transaction [Transfer] using arguments [wlt_c_20260917-pilot6_calibration-retail-transfer-low-2w-40tps-r2_retail-transfer-low_w0_46,wlt_c_20260917-pilot6_calibration-retail-transfer-low-2w-40tps-r2_retail-transfer-low_w0_96,1000,transfer_20260917-pilot6_calibration-retail-transfer-low-2w-40tps-r2_retail-transfer-low_w0_r1_796],  with error: Error: Failed to submit trasaction with status code: 11
2026.09.17-11:23:21.244[31m error[39m [caliper] [connectors/peer-gateway/PeerGateway] 	Failed to perform submit transaction [Transfer] using arguments [wlt_c_20260917-pilot6_calibration-retail-transfer-low-2w-40tps-r2_retail-transfer-low_w1_44,wlt_c_20260917-pilot6_calibration-retail-transfer-low-2w-40tps-r2_retail-transfer-low_w1_94,1000,transfer_20260917-pilot6_calibration-retail-transfer-low-2w-40tps-r2_retail-transfer-low_w1_r1_795],  with error: Error: Failed to submit trasaction with status code: 11
2026.09.17-11:23:21.432[31m error[39m [caliper] [connectors/peer-gateway/PeerGateway] 	Failed to perform submit transaction [Transfer] using arguments [wlt_c_20260917-pilot6_calibration-retail-transfer-low-2w-40tps-r2_retail-transfer-low_w1_46,wlt_c_20260917-pilot6_calibration-retail-transfer-low-2w-40tps-r2_retail-transfer-low_w1_96,1000,transfer_20260917-pilot6_calibration-retail-transfer-low-2w-40tps-r2_retail-transfer-low_w1_r1_796],  with error: Error: Failed to submit trasaction with status code: 11
2026.09.17-11:23:21.434[31m error[39m [caliper] [connectors/peer-gateway/PeerGateway] 	Failed to perform submit transaction [Transfer] using arguments [wlt_c_20260917-pilot6_calibration-retail-transfer-low-2w-40tps-r2_retail-transfer-low_w0_44,wlt_c_20260917-pilot6_calibration-retail-transfer-low-2w-40tps-r2_retail-transfer-low_w0_94,1000,transfer_20260917-pilot6_calibration-retail-transfer-low-2w-40tps-r2_retail-transfer-low_w0_r1_795],  with error: Error: Failed to submit trasaction with status code: 11
2026.09.17-11:23:21.721[31m error[39m [caliper] [connectors/peer-gateway/PeerGateway] 	Failed to perform submit transaction [Transfer] using arguments [wlt_c_20260917-pilot6_calibration-retail-transfer-low-2w-40tps-r2_retail-transfer-low_w0_6,wlt_c_20260917-pilot6_calibration-retail-transfer-low-2w-40tps-r2_retail-transfer-low_w0_56,1000,transfer_20260917-pilot6_calibration-retail-transfer-low-2w-40tps-r2_retail-transfer-low_w0_r1_804],  with error: Error: Failed to submit trasaction with status code: 11
2026.09.17-11:23:21.722[31m error[39m [caliper] [connectors/peer-gateway/PeerGateway] 	Failed to perform submit transaction [Transfer] using arguments [wlt_c_20260917-pilot6_calibration-retail-transfer-low-2w-40tps-r2_retail-transfer-low_w1_6,wlt_c_20260917-pilot6_calibration-retail-transfer-low-2w-40tps-r2_retail-transfer-low_w1_56,1000,transfer_20260917-pilot6_calibration-retail-transfer-low-2w-40tps-r2_retail-transfer-low_w1_r1_804],  with error: Error: Failed to submit trasaction with status code: 11
2026.09.17-11:23:21.963[32m info [39m [caliper] [default-observer] 	[retail-transfer-low-40tps Round 1 Transaction Info] - Submitted: 1684 Succ: 1249 Fail:336 Unfinished:99
2026.09.17-11:23:21.977[31m error[39m [caliper] [connectors/peer-gateway/PeerGateway] 	Failed to perform submit transaction [Transfer] using arguments [wlt_c_20260917-pilot6_calibration-retail-transfer-low-2w-40tps-r2_retail-transfer-low_w1_13,wlt_c_20260917-pilot6_calibration-retail-transfer-low-2w-40tps-r2_retail-transfer-low_w1_63,1000,transfer_20260917-pilot6_calibration-retail-transfer-low-2w-40tps-r2_retail-transfer-low_w1_r1_810],  with error: Error: Failed to submit trasaction with status code: 11
2026.09.17-11:23:21.979[31m error[39m [caliper] [connectors/peer-gateway/PeerGateway] 	Failed to perform submit transaction [Transfer] using arguments [wlt_c_20260917-pilot6_calibration-retail-transfer-low-2w-40tps-r2_retail-transfer-low_w1_9,wlt_c_20260917-pilot6_calibration-retail-transfer-low-2w-40tps-r2_retail-transfer-low_w1_59,1000,transfer_20260917-pilot6_calibration-retail-transfer-low-2w-40tps-r2_retail-transfer-low_w1_r1_807],  with error: Error: Failed to submit trasaction with status code: 11
2026.09.17-11:23:21.980[31m error[39m [caliper] [connectors/peer-gateway/PeerGateway] 	Failed to perform submit transaction [Transfer] using arguments [wlt_c_20260917-pilot6_calibration-retail-transfer-low-2w-40tps-r2_retail-transfer-low_w0_7,wlt_c_20260917-pilot6_calibration-retail-transfer-low-2w-40tps-r2_retail-transfer-low_w0_57,1000,transfer_20260917-pilot6_calibration-retail-transfer-low-2w-40tps-r2_retail-transfer-low_w0_r1_805],  with error: Error: Failed to submit trasaction with status code: 11
2026.09.17-11:23:21.980[31m error[39m [caliper] [connectors/peer-gateway/PeerGateway] 	Failed to perform submit transaction [Transfer] using arguments [wlt_c_20260917-pilot6_calibration-retail-transfer-low-2w-40tps-r2_retail-transfer-low_w1_7,wlt_c_20260917-pilot6_calibration-retail-transfer-low-2w-40tps-r2_retail-transfer-low_w1_57,1000,transfer_20260917-pilot6_calibration-retail-transfer-low-2w-40tps-r2_retail-transfer-low_w1_r1_805],  with error: Error: Failed to submit trasaction with status code: 11
2026.09.17-11:23:21.981[31m error[39m [caliper] [connectors/peer-gateway/PeerGateway] 	Failed to perform submit transaction [Transfer] using arguments [wlt_c_20260917-pilot6_calibration-retail-transfer-low-2w-40tps-r2_retail-transfer-low_w0_9,wlt_c_20260917-pilot6_calibration-retail-transfer-low-2w-40tps-r2_retail-transfer-low_w0_59,1000,transfer_20260917-pilot6_calibration-retail-transfer-low-2w-40tps-r2_retail-transfer-low_w0_r1_807],  with error: Error: Failed to submit trasaction with status code: 11
2026.09.17-11:23:21.981[31m error[39m [caliper] [connectors/peer-gateway/PeerGateway] 	Failed to perform submit transaction [Transfer] using arguments [wlt_c_20260917-pilot6_calibration-retail-transfer-low-2w-40tps-r2_retail-transfer-low_w0_8,wlt_c_20260917-pilot6_calibration-retail-transfer-low-2w-40tps-r2_retail-transfer-low_w0_58,1000,transfer_20260917-pilot6_calibration-retail-transfer-low-2w-40tps-r2_retail-transfer-low_w0_r1_806],  with error: Error: Failed to submit trasaction with status code: 11
2026.09.17-11:23:22.171[31m error[39m [caliper] [connectors/peer-gateway/PeerGateway] 	Failed to perform submit transaction [Transfer] using arguments [wlt_c_20260917-pilot6_calibration-retail-transfer-low-2w-40tps-r2_retail-transfer-low_w1_18,wlt_c_20260917-pilot6_calibration-retail-transfer-low-2w-40tps-r2_retail-transfer-low_w1_68,1000,transfer_20260917-pilot6_calibration-retail-transfer-low-2w-40tps-r2_retail-transfer-low_w1_r1_814],  with error: Error: Failed to submit trasaction with status code: 11
2026.09.17-11:23:22.172[31m error[39m [caliper] [connectors/peer-gateway/PeerGateway] 	Failed to perform submit transaction [Transfer] using arguments [wlt_c_20260917-pilot6_calibration-retail-transfer-low-2w-40tps-r2_retail-transfer-low_w0_16,wlt_c_20260917-pilot6_calibration-retail-transfer-low-2w-40tps-r2_retail-transfer-low_w0_66,1000,transfer_20260917-pilot6_calibration-retail-transfer-low-2w-40tps-r2_retail-transfer-low_w0_r1_812],  with error: Error: Failed to submit trasaction with status code: 11
2026.09.17-11:23:22.175[31m error[39m [caliper] [connectors/peer-gateway/PeerGateway] 	Failed to perform submit transaction [Transfer] using arguments [wlt_c_20260917-pilot6_calibration-retail-transfer-low-2w-40tps-r2_retail-transfer-low_w0_13,wlt_c_20260917-pilot6_calibration-retail-transfer-low-2w-40tps-r2_retail-transfer-low_w0_63,1000,transfer_20260917-pilot6_calibration-retail-transfer-low-2w-40tps-r2_retail-transfer-low_w0_r1_810],  with error: Error: Failed to submit trasaction with status code: 11
2026.09.17-11:23:22.175[31m error[39m [caliper] [connectors/peer-gateway/PeerGateway] 	Failed to perform submit transaction [Transfer] using arguments [wlt_c_20260917-pilot6_calibration-retail-transfer-low-2w-40tps-r2_retail-transfer-low_w0_14,wlt_c_20260917-pilot6_calibration-retail-transfer-low-2w-40tps-r2_retail-transfer-low_w0_64,1000,transfer_20260917-pilot6_calibration-retail-transfer-low-2w-40tps-r2_retail-transfer-low_w0_r1_811],  with error: Error: Failed to submit trasaction with status code: 11
2026.09.17-11:23:22.182[31m error[39m [caliper] [connectors/peer-gateway/PeerGateway] 	Failed to perform submit transaction [Transfer] using arguments [wlt_c_20260917-pilot6_calibration-retail-transfer-low-2w-40tps-r2_retail-transfer-low_w1_14,wlt_c_20260917-pilot6_calibration-retail-transfer-low-2w-40tps-r2_retail-transfer-low_w1_64,1000,transfer_20260917-pilot6_calibration-retail-transfer-low-2w-40tps-r2_retail-transfer-low_w1_r1_811],  with error: Error: Failed to submit trasaction with status code: 11
2026.09.17-11:23:22.384[31m error[39m [caliper] [connectors/peer-gateway/PeerGateway] 	Failed to perform submit transaction [Transfer] using arguments [wlt_c_20260917-pilot6_calibration-retail-transfer-low-2w-40tps-r2_retail-transfer-low_w0_24,wlt_c_20260917-pilot6_calibration-retail-transfer-low-2w-40tps-r2_retail-transfer-low_w0_74,1000,transfer_20260917-pilot6_calibration-retail-transfer-low-2w-40tps-r2_retail-transfer-low_w0_r1_819],  with error: Error: Failed to submit trasaction with status code: 11
2026.09.17-11:23:22.385[31m error[39m [caliper] [connectors/peer-gateway/PeerGateway] 	Failed to perform submit transaction [Transfer] using arguments [wlt_c_20260917-pilot6_calibration-retail-transfer-low-2w-40tps-r2_retail-transfer-low_w0_26,wlt_c_20260917-pilot6_calibration-retail-transfer-low-2w-40tps-r2_retail-transfer-low_w0_76,1000,transfer_20260917-pilot6_calibration-retail-transfer-low-2w-40tps-r2_retail-transfer-low_w0_r1_820],  with error: Error: Failed to submit trasaction with status code: 11
2026.09.17-11:23:22.394[31m error[39m [caliper] [connectors/peer-gateway/PeerGateway] 	Failed to perform submit transaction [Transfer] using arguments [wlt_c_20260917-pilot6_calibration-retail-transfer-low-2w-40tps-r2_retail-transfer-low_w1_22,wlt_c_20260917-pilot6_calibration-retail-transfer-low-2w-40tps-r2_retail-transfer-low_w1_72,1000,transfer_20260917-pilot6_calibration-retail-transfer-low-2w-40tps-r2_retail-transfer-low_w1_r1_817],  with error: Error: Failed to submit trasaction with status code: 11
2026.09.17-11:23:22.395[31m error[39m [caliper] [connectors/peer-gateway/PeerGateway] 	Failed to perform submit transaction [Transfer] using arguments [wlt_c_20260917-pilot6_calibration-retail-transfer-low-2w-40tps-r2_retail-transfer-low_w1_27,wlt_c_20260917-pilot6_calibration-retail-transfer-low-2w-40tps-r2_retail-transfer-low_w1_77,1000,transfer_20260917-pilot6_calibration-retail-transfer-low-2w-40tps-r2_retail-transfer-low_w1_r1_821],  with error: Error: Failed to submit trasaction with status code: 11
2026.09.17-11:23:22.522[31m error[39m [caliper] [connectors/peer-gateway/PeerGateway] 	Failed to perform submit transaction [Transfer] using arguments [wlt_c_20260917-pilot6_calibration-retail-transfer-low-2w-40tps-r2_retail-transfer-low_w0_31,wlt_c_20260917-pilot6_calibration-retail-transfer-low-2w-40tps-r2_retail-transfer-low_w0_81,1000,transfer_20260917-pilot6_calibration-retail-transfer-low-2w-40tps-r2_retail-transfer-low_w0_r1_824],  with error: Error: Failed to submit trasaction with status code: 11
2026.09.17-11:23:22.523[31m error[39m [caliper] [connectors/peer-gateway/PeerGateway] 	Failed to perform submit transaction [Transfer] using arguments [wlt_c_20260917-pilot6_calibration-retail-transfer-low-2w-40tps-r2_retail-transfer-low_w0_29,wlt_c_20260917-pilot6_calibration-retail-transfer-low-2w-40tps-r2_retail-transfer-low_w0_79,1000,transfer_20260917-pilot6_calibration-retail-transfer-low-2w-40tps-r2_retail-transfer-low_w0_r1_823],  with error: Error: Failed to submit trasaction with status code: 11
2026.09.17-11:23:22.524[31m error[39m [caliper] [connectors/peer-gateway/PeerGateway] 	Failed to perform submit transaction [Transfer] using arguments [wlt_c_20260917-pilot6_calibration-retail-transfer-low-2w-40tps-r2_retail-transfer-low_w0_28,wlt_c_20260917-pilot6_calibration-retail-transfer-low-2w-40tps-r2_retail-transfer-low_w0_78,1000,transfer_20260917-pilot6_calibration-retail-transfer-low-2w-40tps-r2_retail-transfer-low_w0_r1_822],  with error: Error: Failed to submit trasaction with status code: 11
2026.09.17-11:23:22.524[31m error[39m [caliper] [connectors/peer-gateway/PeerGateway] 	Failed to perform submit transaction [Transfer] using arguments [wlt_c_20260917-pilot6_calibration-retail-transfer-low-2w-40tps-r2_retail-transfer-low_w1_24,wlt_c_20260917-pilot6_calibration-retail-transfer-low-2w-40tps-r2_retail-transfer-low_w1_74,1000,transfer_20260917-pilot6_calibration-retail-transfer-low-2w-40tps-r2_retail-transfer-low_w1_r1_819],  with error: Error: Failed to submit trasaction with status code: 11
2026.09.17-11:23:22.525[31m error[39m [caliper] [connectors/peer-gateway/PeerGateway] 	Failed to perform submit transaction [Transfer] using arguments [wlt_c_20260917-pilot6_calibration-retail-transfer-low-2w-40tps-r2_retail-transfer-low_w0_32,wlt_c_20260917-pilot6_calibration-retail-transfer-low-2w-40tps-r2_retail-transfer-low_w0_82,1000,transfer_20260917-pilot6_calibration-retail-transfer-low-2w-40tps-r2_retail-transfer-low_w0_r1_825],  with error: Error: Failed to submit trasaction with status code: 11
2026.09.17-11:23:22.526[31m error[39m [caliper] [connectors/peer-gateway/PeerGateway] 	Failed to perform submit transaction [Transfer] using arguments [wlt_c_20260917-pilot6_calibration-retail-transfer-low-2w-40tps-r2_retail-transfer-low_w1_28,wlt_c_20260917-pilot6_calibration-retail-transfer-low-2w-40tps-r2_retail-transfer-low_w1_78,1000,transfer_20260917-pilot6_calibration-retail-transfer-low-2w-40tps-r2_retail-transfer-low_w1_r1_822],  with error: Error: Failed to submit trasaction with status code: 11
2026.09.17-11:23:22.527[31m error[39m [caliper] [connectors/peer-gateway/PeerGateway] 	Failed to perform submit transaction [Transfer] using arguments [wlt_c_20260917-pilot6_calibration-retail-transfer-low-2w-40tps-r2_retail-transfer-low_w1_31,wlt_c_20260917-pilot6_calibration-retail-transfer-low-2w-40tps-r2_retail-transfer-low_w1_81,1000,transfer_20260917-pilot6_calibration-retail-transfer-low-2w-40tps-r2_retail-transfer-low_w1_r1_824],  with error: Error: Failed to submit trasaction with status code: 11
2026.09.17-11:23:22.598[31m error[39m [caliper] [connectors/peer-gateway/PeerGateway] 	Failed to perform submit transaction [Transfer] using arguments [wlt_c_20260917-pilot6_calibration-retail-transfer-low-2w-40tps-r2_retail-transfer-low_w0_39,wlt_c_20260917-pilot6_calibration-retail-transfer-low-2w-40tps-r2_retail-transfer-low_w0_89,1000,transfer_20260917-pilot6_calibration-retail-transfer-low-2w-40tps-r2_retail-transfer-low_w0_r1_831],  with error: Error: Failed to submit trasaction with status code: 11
2026.09.17-11:23:22.599[31m error[39m [caliper] [connectors/peer-gateway/PeerGateway] 	Failed to perform submit transaction [Transfer] using arguments [wlt_c_20260917-pilot6_calibration-retail-transfer-low-2w-40tps-r2_retail-transfer-low_w1_36,wlt_c_20260917-pilot6_calibration-retail-transfer-low-2w-40tps-r2_retail-transfer-low_w1_86,1000,transfer_20260917-pilot6_calibration-retail-transfer-low-2w-40tps-r2_retail-transfer-low_w1_r1_828],  with error: Error: Failed to submit trasaction with status code: 11
2026.09.17-11:23:22.608[31m error[39m [caliper] [connectors/peer-gateway/PeerGateway] 	Failed to perform submit transaction [Transfer] using arguments [wlt_c_20260917-pilot6_calibration-retail-transfer-low-2w-40tps-r2_retail-transfer-low_w1_29,wlt_c_20260917-pilot6_calibration-retail-transfer-low-2w-40tps-r2_retail-transfer-low_w1_79,1000,transfer_20260917-pilot6_calibration-retail-transfer-low-2w-40tps-r2_retail-transfer-low_w1_r1_823],  with error: Error: Failed to submit trasaction with status code: 11
2026.09.17-11:23:22.609[31m error[39m [caliper] [connectors/peer-gateway/PeerGateway] 	Failed to perform submit transaction [Transfer] using arguments [wlt_c_20260917-pilot6_calibration-retail-transfer-low-2w-40tps-r2_retail-transfer-low_w1_33,wlt_c_20260917-pilot6_calibration-retail-transfer-low-2w-40tps-r2_retail-transfer-low_w1_83,1000,transfer_20260917-pilot6_calibration-retail-transfer-low-2w-40tps-r2_retail-transfer-low_w1_r1_826],  with error: Error: Failed to submit trasaction with status code: 11
2026.09.17-11:23:22.612[31m error[39m [caliper] [connectors/peer-gateway/PeerGateway] 	Failed to perform submit transaction [Transfer] using arguments [wlt_c_20260917-pilot6_calibration-retail-transfer-low-2w-40tps-r2_retail-transfer-low_w1_34,wlt_c_20260917-pilot6_calibration-retail-transfer-low-2w-40tps-r2_retail-transfer-low_w1_84,1000,transfer_20260917-pilot6_calibration-retail-transfer-low-2w-40tps-r2_retail-transfer-low_w1_r1_827],  with error: Error: Failed to submit trasaction with status code: 11
2026.09.17-11:23:22.612[31m error[39m [caliper] [connectors/peer-gateway/PeerGateway] 	Failed to perform submit transaction [Transfer] using arguments [wlt_c_20260917-pilot6_calibration-retail-transfer-low-2w-40tps-r2_retail-transfer-low_w0_36,wlt_c_20260917-pilot6_calibration-retail-transfer-low-2w-40tps-r2_retail-transfer-low_w0_86,1000,transfer_20260917-pilot6_calibration-retail-transfer-low-2w-40tps-r2_retail-transfer-low_w0_r1_828],  with error: Error: Failed to submit trasaction with status code: 11
2026.09.17-11:23:22.613[31m error[39m [caliper] [connectors/peer-gateway/PeerGateway] 	Failed to perform submit transaction [Transfer] using arguments [wlt_c_20260917-pilot6_calibration-retail-transfer-low-2w-40tps-r2_retail-transfer-low_w0_34,wlt_c_20260917-pilot6_calibration-retail-transfer-low-2w-40tps-r2_retail-transfer-low_w0_84,1000,transfer_20260917-pilot6_calibration-retail-transfer-low-2w-40tps-r2_retail-transfer-low_w0_r1_827],  with error: Error: Failed to submit trasaction with status code: 11
2026.09.17-11:23:22.612[31m error[39m [caliper] [connectors/peer-gateway/PeerGateway] 	Failed to perform submit transaction [Transfer] using arguments [wlt_c_20260917-pilot6_calibration-retail-transfer-low-2w-40tps-r2_retail-transfer-low_w1_32,wlt_c_20260917-pilot6_calibration-retail-transfer-low-2w-40tps-r2_retail-transfer-low_w1_82,1000,transfer_20260917-pilot6_calibration-retail-transfer-low-2w-40tps-r2_retail-transfer-low_w1_r1_825],  with error: Error: Failed to submit trasaction with status code: 11
2026.09.17-11:23:22.615[31m error[39m [caliper] [connectors/peer-gateway/PeerGateway] 	Failed to perform submit transaction [Transfer] using arguments [wlt_c_20260917-pilot6_calibration-retail-transfer-low-2w-40tps-r2_retail-transfer-low_w0_37,wlt_c_20260917-pilot6_calibration-retail-transfer-low-2w-40tps-r2_retail-transfer-low_w0_87,1000,transfer_20260917-pilot6_calibration-retail-transfer-low-2w-40tps-r2_retail-transfer-low_w0_r1_829],  with error: Error: Failed to submit trasaction with status code: 11
2026.09.17-11:23:22.615[31m error[39m [caliper] [connectors/peer-gateway/PeerGateway] 	Failed to perform submit transaction [Transfer] using arguments [wlt_c_20260917-pilot6_calibration-retail-transfer-low-2w-40tps-r2_retail-transfer-low_w0_33,wlt_c_20260917-pilot6_calibration-retail-transfer-low-2w-40tps-r2_retail-transfer-low_w0_83,1000,transfer_20260917-pilot6_calibration-retail-transfer-low-2w-40tps-r2_retail-transfer-low_w0_r1_826],  with error: Error: Failed to submit trasaction with status code: 11
2026.09.17-11:23:22.745[31m error[39m [caliper] [connectors/peer-gateway/PeerGateway] 	Failed to perform submit transaction [Transfer] using arguments [wlt_c_20260917-pilot6_calibration-retail-transfer-low-2w-40tps-r2_retail-transfer-low_w1_43,wlt_c_20260917-pilot6_calibration-retail-transfer-low-2w-40tps-r2_retail-transfer-low_w1_93,1000,transfer_20260917-pilot6_calibration-retail-transfer-low-2w-40tps-r2_retail-transfer-low_w1_r1_834],  with error: Error: Failed to submit trasaction with status code: 11
2026.09.17-11:23:22.745[31m error[39m [caliper] [connectors/peer-gateway/PeerGateway] 	Failed to perform submit transaction [Transfer] using arguments [wlt_c_20260917-pilot6_calibration-retail-transfer-low-2w-40tps-r2_retail-transfer-low_w0_38,wlt_c_20260917-pilot6_calibration-retail-transfer-low-2w-40tps-r2_retail-transfer-low_w0_88,1000,transfer_20260917-pilot6_calibration-retail-transfer-low-2w-40tps-r2_retail-transfer-low_w0_r1_830],  with error: Error: Failed to submit trasaction with status code: 11
2026.09.17-11:23:22.746[31m error[39m [caliper] [connectors/peer-gateway/PeerGateway] 	Failed to perform submit transaction [Transfer] using arguments [wlt_c_20260917-pilot6_calibration-retail-transfer-low-2w-40tps-r2_retail-transfer-low_w1_37,wlt_c_20260917-pilot6_calibration-retail-transfer-low-2w-40tps-r2_retail-transfer-low_w1_87,1000,transfer_20260917-pilot6_calibration-retail-transfer-low-2w-40tps-r2_retail-transfer-low_w1_r1_829],  with error: Error: Failed to submit trasaction with status code: 11
2026.09.17-11:23:22.746[31m error[39m [caliper] [connectors/peer-gateway/PeerGateway] 	Failed to perform submit transaction [Transfer] using arguments [wlt_c_20260917-pilot6_calibration-retail-transfer-low-2w-40tps-r2_retail-transfer-low_w0_41,wlt_c_20260917-pilot6_calibration-retail-transfer-low-2w-40tps-r2_retail-transfer-low_w0_91,1000,transfer_20260917-pilot6_calibration-retail-transfer-low-2w-40tps-r2_retail-transfer-low_w0_r1_832],  with error: Error: Failed to submit trasaction with status code: 11
2026.09.17-11:23:22.747[31m error[39m [caliper] [connectors/peer-gateway/PeerGateway] 	Failed to perform submit transaction [Transfer] using arguments [wlt_c_20260917-pilot6_calibration-retail-transfer-low-2w-40tps-r2_retail-transfer-low_w1_39,wlt_c_20260917-pilot6_calibration-retail-transfer-low-2w-40tps-r2_retail-transfer-low_w1_89,1000,transfer_20260917-pilot6_calibration-retail-transfer-low-2w-40tps-r2_retail-transfer-low_w1_r1_831],  with error: Error: Failed to submit trasaction with status code: 11
2026.09.17-11:23:22.747[31m error[39m [caliper] [connectors/peer-gateway/PeerGateway] 	Failed to perform submit transaction [Transfer] using arguments [wlt_c_20260917-pilot6_calibration-retail-transfer-low-2w-40tps-r2_retail-transfer-low_w1_38,wlt_c_20260917-pilot6_calibration-retail-transfer-low-2w-40tps-r2_retail-transfer-low_w1_88,1000,transfer_20260917-pilot6_calibration-retail-transfer-low-2w-40tps-r2_retail-transfer-low_w1_r1_830],  with error: Error: Failed to submit trasaction with status code: 11
2026.09.17-11:23:22.748[31m error[39m [caliper] [connectors/peer-gateway/PeerGateway] 	Failed to perform submit transaction [Transfer] using arguments [wlt_c_20260917-pilot6_calibration-retail-transfer-low-2w-40tps-r2_retail-transfer-low_w1_41,wlt_c_20260917-pilot6_calibration-retail-transfer-low-2w-40tps-r2_retail-transfer-low_w1_91,1000,transfer_20260917-pilot6_calibration-retail-transfer-low-2w-40tps-r2_retail-transfer-low_w1_r1_832],  with error: Error: Failed to submit trasaction with status code: 11
2026.09.17-11:23:22.748[31m error[39m [caliper] [connectors/peer-gateway/PeerGateway] 	Failed to perform submit transaction [Transfer] using arguments [wlt_c_20260917-pilot6_calibration-retail-transfer-low-2w-40tps-r2_retail-transfer-low_w1_42,wlt_c_20260917-pilot6_calibration-retail-transfer-low-2w-40tps-r2_retail-transfer-low_w1_92,1000,transfer_20260917-pilot6_calibration-retail-transfer-low-2w-40tps-r2_retail-transfer-low_w1_r1_833],  with error: Error: Failed to submit trasaction with status code: 11
2026.09.17-11:23:22.747[31m error[39m [caliper] [connectors/peer-gateway/PeerGateway] 	Failed to perform submit transaction [Transfer] using arguments [wlt_c_20260917-pilot6_calibration-retail-transfer-low-2w-40tps-r2_retail-transfer-low_w0_42,wlt_c_20260917-pilot6_calibration-retail-transfer-low-2w-40tps-r2_retail-transfer-low_w0_92,1000,transfer_20260917-pilot6_calibration-retail-transfer-low-2w-40tps-r2_retail-transfer-low_w0_r1_833],  with error: Error: Failed to submit trasaction with status code: 11
2026.09.17-11:23:22.856[31m error[39m [caliper] [connectors/peer-gateway/PeerGateway] 	Failed to perform submit transaction [Transfer] using arguments [wlt_c_20260917-pilot6_calibration-retail-transfer-low-2w-40tps-r2_retail-transfer-low_w1_49,wlt_c_20260917-pilot6_calibration-retail-transfer-low-2w-40tps-r2_retail-transfer-low_w1_99,1000,transfer_20260917-pilot6_calibration-retail-transfer-low-2w-40tps-r2_retail-transfer-low_w1_r1_839],  with error: Error: Failed to submit trasaction with status code: 11
2026.09.17-11:23:22.857[31m error[39m [caliper] [connectors/peer-gateway/PeerGateway] 	Failed to perform submit transaction [Transfer] using arguments [wlt_c_20260917-pilot6_calibration-retail-transfer-low-2w-40tps-r2_retail-transfer-low_w0_43,wlt_c_20260917-pilot6_calibration-retail-transfer-low-2w-40tps-r2_retail-transfer-low_w0_93,1000,transfer_20260917-pilot6_calibration-retail-transfer-low-2w-40tps-r2_retail-transfer-low_w0_r1_834],  with error: Error: Failed to submit trasaction with status code: 11
2026.09.17-11:23:22.860[31m error[39m [caliper] [connectors/peer-gateway/PeerGateway] 	Failed to perform submit transaction [Transfer] using arguments [wlt_c_20260917-pilot6_calibration-retail-transfer-low-2w-40tps-r2_retail-transfer-low_w0_47,wlt_c_20260917-pilot6_calibration-retail-transfer-low-2w-40tps-r2_retail-transfer-low_w0_97,1000,transfer_20260917-pilot6_calibration-retail-transfer-low-2w-40tps-r2_retail-transfer-low_w0_r1_837],  with error: Error: Failed to submit trasaction with status code: 11
2026.09.17-11:23:22.861[31m error[39m [caliper] [connectors/peer-gateway/PeerGateway] 	Failed to perform submit transaction [Transfer] using arguments [wlt_c_20260917-pilot6_calibration-retail-transfer-low-2w-40tps-r2_retail-transfer-low_w0_48,wlt_c_20260917-pilot6_calibration-retail-transfer-low-2w-40tps-r2_retail-transfer-low_w0_98,1000,transfer_20260917-pilot6_calibration-retail-transfer-low-2w-40tps-r2_retail-transfer-low_w0_r1_838],  with error: Error: Failed to submit trasaction with status code: 11
2026.09.17-11:23:22.861[31m error[39m [caliper] [connectors/peer-gateway/PeerGateway] 	Failed to perform submit transaction [Transfer] using arguments [wlt_c_20260917-pilot6_calibration-retail-transfer-low-2w-40tps-r2_retail-transfer-low_w1_47,wlt_c_20260917-pilot6_calibration-retail-transfer-low-2w-40tps-r2_retail-transfer-low_w1_97,1000,transfer_20260917-pilot6_calibration-retail-transfer-low-2w-40tps-r2_retail-transfer-low_w1_r1_837],  with error: Error: Failed to submit trasaction with status code: 11
2026.09.17-11:23:22.862[31m error[39m [caliper] [connectors/peer-gateway/PeerGateway] 	Failed to perform submit transaction [Transfer] using arguments [wlt_c_20260917-pilot6_calibration-retail-transfer-low-2w-40tps-r2_retail-transfer-low_w0_1,wlt_c_20260917-pilot6_calibration-retail-transfer-low-2w-40tps-r2_retail-transfer-low_w0_51,1000,transfer_20260917-pilot6_calibration-retail-transfer-low-2w-40tps-r2_retail-transfer-low_w0_r1_840],  with error: Error: Failed to submit trasaction with status code: 11
2026.09.17-11:23:22.862[31m error[39m [caliper] [connectors/peer-gateway/PeerGateway] 	Failed to perform submit transaction [Transfer] using arguments [wlt_c_20260917-pilot6_calibration-retail-transfer-low-2w-40tps-r2_retail-transfer-low_w1_48,wlt_c_20260917-pilot6_calibration-retail-transfer-low-2w-40tps-r2_retail-transfer-low_w1_98,1000,transfer_20260917-pilot6_calibration-retail-transfer-low-2w-40tps-r2_retail-transfer-low_w1_r1_838],  with error: Error: Failed to submit trasaction with status code: 11
2026.09.17-11:23:22.961[31m error[39m [caliper] [connectors/peer-gateway/PeerGateway] 	Failed to perform submit transaction [Transfer] using arguments [wlt_c_20260917-pilot6_calibration-retail-transfer-low-2w-40tps-r2_retail-transfer-low_w1_4,wlt_c_20260917-pilot6_calibration-retail-transfer-low-2w-40tps-r2_retail-transfer-low_w1_54,1000,transfer_20260917-pilot6_calibration-retail-transfer-low-2w-40tps-r2_retail-transfer-low_w1_r1_843],  with error: Error: Failed to submit trasaction with status code: 11
2026.09.17-11:23:22.961[31m error[39m [caliper] [connectors/peer-gateway/PeerGateway] 	Failed to perform submit transaction [Transfer] using arguments [wlt_c_20260917-pilot6_calibration-retail-transfer-low-2w-40tps-r2_retail-transfer-low_w0_2,wlt_c_20260917-pilot6_calibration-retail-transfer-low-2w-40tps-r2_retail-transfer-low_w0_52,1000,transfer_20260917-pilot6_calibration-retail-transfer-low-2w-40tps-r2_retail-transfer-low_w0_r1_841],  with error: Error: Failed to submit trasaction with status code: 11
2026.09.17-11:23:22.961[31m error[39m [caliper] [connectors/peer-gateway/PeerGateway] 	Failed to perform submit transaction [Transfer] using arguments [wlt_c_20260917-pilot6_calibration-retail-transfer-low-2w-40tps-r2_retail-transfer-low_w0_49,wlt_c_20260917-pilot6_calibration-retail-transfer-low-2w-40tps-r2_retail-transfer-low_w0_99,1000,transfer_20260917-pilot6_calibration-retail-transfer-low-2w-40tps-r2_retail-transfer-low_w0_r1_839],  with error: Error: Failed to submit trasaction with status code: 11
2026.09.17-11:23:22.962[31m error[39m [caliper] [connectors/peer-gateway/PeerGateway] 	Failed to perform submit transaction [Transfer] using arguments [wlt_c_20260917-pilot6_calibration-retail-transfer-low-2w-40tps-r2_retail-transfer-low_w0_3,wlt_c_20260917-pilot6_calibration-retail-transfer-low-2w-40tps-r2_retail-transfer-low_w0_53,1000,transfer_20260917-pilot6_calibration-retail-transfer-low-2w-40tps-r2_retail-transfer-low_w0_r1_842],  with error: Error: Failed to submit trasaction with status code: 11
2026.09.17-11:23:22.963[31m error[39m [caliper] [connectors/peer-gateway/PeerGateway] 	Failed to perform submit transaction [Transfer] using arguments [wlt_c_20260917-pilot6_calibration-retail-transfer-low-2w-40tps-r2_retail-transfer-low_w1_2,wlt_c_20260917-pilot6_calibration-retail-transfer-low-2w-40tps-r2_retail-transfer-low_w1_52,1000,transfer_20260917-pilot6_calibration-retail-transfer-low-2w-40tps-r2_retail-transfer-low_w1_r1_841],  with error: Error: Failed to submit trasaction with status code: 11
2026.09.17-11:23:22.963[31m error[39m [caliper] [connectors/peer-gateway/PeerGateway] 	Failed to perform submit transaction [Transfer] using arguments [wlt_c_20260917-pilot6_calibration-retail-transfer-low-2w-40tps-r2_retail-transfer-low_w1_1,wlt_c_20260917-pilot6_calibration-retail-transfer-low-2w-40tps-r2_retail-transfer-low_w1_51,1000,transfer_20260917-pilot6_calibration-retail-transfer-low-2w-40tps-r2_retail-transfer-low_w1_r1_840],  with error: Error: Failed to submit trasaction with status code: 11
2026.09.17-11:23:22.963[31m error[39m [caliper] [connectors/peer-gateway/PeerGateway] 	Failed to perform submit transaction [Transfer] using arguments [wlt_c_20260917-pilot6_calibration-retail-transfer-low-2w-40tps-r2_retail-transfer-low_w1_3,wlt_c_20260917-pilot6_calibration-retail-transfer-low-2w-40tps-r2_retail-transfer-low_w1_53,1000,transfer_20260917-pilot6_calibration-retail-transfer-low-2w-40tps-r2_retail-transfer-low_w1_r1_842],  with error: Error: Failed to submit trasaction with status code: 11
2026.09.17-11:23:23.126[31m error[39m [caliper] [connectors/peer-gateway/PeerGateway] 	Failed to perform submit transaction [Transfer] using arguments [wlt_c_20260917-pilot6_calibration-retail-transfer-low-2w-40tps-r2_retail-transfer-low_w1_8,wlt_c_20260917-pilot6_calibration-retail-transfer-low-2w-40tps-r2_retail-transfer-low_w1_58,1000,transfer_20260917-pilot6_calibration-retail-transfer-low-2w-40tps-r2_retail-transfer-low_w1_r1_846],  with error: Error: Failed to submit trasaction with status code: 11
2026.09.17-11:23:23.126[31m error[39m [caliper] [connectors/peer-gateway/PeerGateway] 	Failed to perform submit transaction [Transfer] using arguments [wlt_c_20260917-pilot6_calibration-retail-transfer-low-2w-40tps-r2_retail-transfer-low_w1_12,wlt_c_20260917-pilot6_calibration-retail-transfer-low-2w-40tps-r2_retail-transfer-low_w1_62,1000,transfer_20260917-pilot6_calibration-retail-transfer-low-2w-40tps-r2_retail-transfer-low_w1_r1_849],  with error: Error: Failed to submit trasaction with status code: 11
2026.09.17-11:23:23.127[31m error[39m [caliper] [connectors/peer-gateway/PeerGateway] 	Failed to perform submit transaction [Transfer] using arguments [wlt_c_20260917-pilot6_calibration-retail-transfer-low-2w-40tps-r2_retail-transfer-low_w1_11,wlt_c_20260917-pilot6_calibration-retail-transfer-low-2w-40tps-r2_retail-transfer-low_w1_61,1000,transfer_20260917-pilot6_calibration-retail-transfer-low-2w-40tps-r2_retail-transfer-low_w1_r1_848],  with error: Error: Failed to submit trasaction with status code: 11
2026.09.17-11:23:23.128[31m error[39m [caliper] [connectors/peer-gateway/PeerGateway] 	Failed to perform submit transaction [Transfer] using arguments [wlt_c_20260917-pilot6_calibration-retail-transfer-low-2w-40tps-r2_retail-transfer-low_w0_4,wlt_c_20260917-pilot6_calibration-retail-transfer-low-2w-40tps-r2_retail-transfer-low_w0_54,1000,transfer_20260917-pilot6_calibration-retail-transfer-low-2w-40tps-r2_retail-transfer-low_w0_r1_843],  with error: Error: Failed to submit trasaction with status code: 11
2026.09.17-11:23:23.129[31m error[39m [caliper] [connectors/peer-gateway/PeerGateway] 	Failed to perform submit transaction [Transfer] using arguments [wlt_c_20260917-pilot6_calibration-retail-transfer-low-2w-40tps-r2_retail-transfer-low_w0_11,wlt_c_20260917-pilot6_calibration-retail-transfer-low-2w-40tps-r2_retail-transfer-low_w0_61,1000,transfer_20260917-pilot6_calibration-retail-transfer-low-2w-40tps-r2_retail-transfer-low_w0_r1_848],  with error: Error: Failed to submit trasaction with status code: 11
2026.09.17-11:23:23.418[31m error[39m [caliper] [connectors/peer-gateway/PeerGateway] 	Failed to perform submit transaction [Transfer] using arguments [wlt_c_20260917-pilot6_calibration-retail-transfer-low-2w-40tps-r2_retail-transfer-low_w1_19,wlt_c_20260917-pilot6_calibration-retail-transfer-low-2w-40tps-r2_retail-transfer-low_w1_69,1000,transfer_20260917-pilot6_calibration-retail-transfer-low-2w-40tps-r2_retail-transfer-low_w1_r1_855],  with error: Error: Failed to submit trasaction with status code: 11
2026.09.17-11:23:23.419[31m error[39m [caliper] [connectors/peer-gateway/PeerGateway] 	Failed to perform submit transaction [Transfer] using arguments [wlt_c_20260917-pilot6_calibration-retail-transfer-low-2w-40tps-r2_retail-transfer-low_w1_16,wlt_c_20260917-pilot6_calibration-retail-transfer-low-2w-40tps-r2_retail-transfer-low_w1_66,1000,transfer_20260917-pilot6_calibration-retail-transfer-low-2w-40tps-r2_retail-transfer-low_w1_r1_852],  with error: Error: Failed to submit trasaction with status code: 11
2026.09.17-11:23:23.421[31m error[39m [caliper] [connectors/peer-gateway/PeerGateway] 	Failed to perform submit transaction [Transfer] using arguments [wlt_c_20260917-pilot6_calibration-retail-transfer-low-2w-40tps-r2_retail-transfer-low_w0_12,wlt_c_20260917-pilot6_calibration-retail-transfer-low-2w-40tps-r2_retail-transfer-low_w0_62,1000,transfer_20260917-pilot6_calibration-retail-transfer-low-2w-40tps-r2_retail-transfer-low_w0_r1_849],  with error: Error: Failed to submit trasaction with status code: 11
2026.09.17-11:23:23.422[31m error[39m [caliper] [connectors/peer-gateway/PeerGateway] 	Failed to perform submit transaction [Transfer] using arguments [wlt_c_20260917-pilot6_calibration-retail-transfer-low-2w-40tps-r2_retail-transfer-low_w0_17,wlt_c_20260917-pilot6_calibration-retail-transfer-low-2w-40tps-r2_retail-transfer-low_w0_67,1000,transfer_20260917-pilot6_calibration-retail-transfer-low-2w-40tps-r2_retail-transfer-low_w0_r1_853],  with error: Error: Failed to submit trasaction with status code: 11
2026.09.17-11:23:23.422[31m error[39m [caliper] [connectors/peer-gateway/PeerGateway] 	Failed to perform submit transaction [Transfer] using arguments [wlt_c_20260917-pilot6_calibration-retail-transfer-low-2w-40tps-r2_retail-transfer-low_w0_18,wlt_c_20260917-pilot6_calibration-retail-transfer-low-2w-40tps-r2_retail-transfer-low_w0_68,1000,transfer_20260917-pilot6_calibration-retail-transfer-low-2w-40tps-r2_retail-transfer-low_w0_r1_854],  with error: Error: Failed to submit trasaction with status code: 11
2026.09.17-11:23:23.636[31m error[39m [caliper] [connectors/peer-gateway/PeerGateway] 	Failed to perform submit transaction [Transfer] using arguments [wlt_c_20260917-pilot6_calibration-retail-transfer-low-2w-40tps-r2_retail-transfer-low_w1_17,wlt_c_20260917-pilot6_calibration-retail-transfer-low-2w-40tps-r2_retail-transfer-low_w1_67,1000,transfer_20260917-pilot6_calibration-retail-transfer-low-2w-40tps-r2_retail-transfer-low_w1_r1_853],  with error: Error: Failed to submit trasaction with status code: 11
2026.09.17-11:23:23.636[31m error[39m [caliper] [connectors/peer-gateway/PeerGateway] 	Failed to perform submit transaction [Transfer] using arguments [wlt_c_20260917-pilot6_calibration-retail-transfer-low-2w-40tps-r2_retail-transfer-low_w0_19,wlt_c_20260917-pilot6_calibration-retail-transfer-low-2w-40tps-r2_retail-transfer-low_w0_69,1000,transfer_20260917-pilot6_calibration-retail-transfer-low-2w-40tps-r2_retail-transfer-low_w0_r1_855],  with error: Error: Failed to submit trasaction with status code: 11
2026.09.17-11:23:23.637[31m error[39m [caliper] [connectors/peer-gateway/PeerGateway] 	Failed to perform submit transaction [Transfer] using arguments [wlt_c_20260917-pilot6_calibration-retail-transfer-low-2w-40tps-r2_retail-transfer-low_w0_21,wlt_c_20260917-pilot6_calibration-retail-transfer-low-2w-40tps-r2_retail-transfer-low_w0_71,1000,transfer_20260917-pilot6_calibration-retail-transfer-low-2w-40tps-r2_retail-transfer-low_w0_r1_856],  with error: Error: Failed to submit trasaction with status code: 11
2026.09.17-11:23:23.637[31m error[39m [caliper] [connectors/peer-gateway/PeerGateway] 	Failed to perform submit transaction [Transfer] using arguments [wlt_c_20260917-pilot6_calibration-retail-transfer-low-2w-40tps-r2_retail-transfer-low_w0_22,wlt_c_20260917-pilot6_calibration-retail-transfer-low-2w-40tps-r2_retail-transfer-low_w0_72,1000,transfer_20260917-pilot6_calibration-retail-transfer-low-2w-40tps-r2_retail-transfer-low_w0_r1_857],  with error: Error: Failed to submit trasaction with status code: 11
2026.09.17-11:23:23.638[31m error[39m [caliper] [connectors/peer-gateway/PeerGateway] 	Failed to perform submit transaction [Transfer] using arguments [wlt_c_20260917-pilot6_calibration-retail-transfer-low-2w-40tps-r2_retail-transfer-low_w0_23,wlt_c_20260917-pilot6_calibration-retail-transfer-low-2w-40tps-r2_retail-transfer-low_w0_73,1000,transfer_20260917-pilot6_calibration-retail-transfer-low-2w-40tps-r2_retail-transfer-low_w0_r1_858],  with error: Error: Failed to submit trasaction with status code: 11
2026.09.17-11:23:23.638[31m error[39m [caliper] [connectors/peer-gateway/PeerGateway] 	Failed to perform submit transaction [Transfer] using arguments [wlt_c_20260917-pilot6_calibration-retail-transfer-low-2w-40tps-r2_retail-transfer-low_w1_21,wlt_c_20260917-pilot6_calibration-retail-transfer-low-2w-40tps-r2_retail-transfer-low_w1_71,1000,transfer_20260917-pilot6_calibration-retail-transfer-low-2w-40tps-r2_retail-transfer-low_w1_r1_856],  with error: Error: Failed to submit trasaction with status code: 11
2026.09.17-11:23:23.639[31m error[39m [caliper] [connectors/peer-gateway/PeerGateway] 	Failed to perform submit transaction [Transfer] using arguments [wlt_c_20260917-pilot6_calibration-retail-transfer-low-2w-40tps-r2_retail-transfer-low_w1_23,wlt_c_20260917-pilot6_calibration-retail-transfer-low-2w-40tps-r2_retail-transfer-low_w1_73,1000,transfer_20260917-pilot6_calibration-retail-transfer-low-2w-40tps-r2_retail-transfer-low_w1_r1_858],  with error: Error: Failed to submit trasaction with status code: 11
2026.09.17-11:23:23.639[31m error[39m [caliper] [connectors/peer-gateway/PeerGateway] 	Failed to perform submit transaction [Transfer] using arguments [wlt_c_20260917-pilot6_calibration-retail-transfer-low-2w-40tps-r2_retail-transfer-low_w1_26,wlt_c_20260917-pilot6_calibration-retail-transfer-low-2w-40tps-r2_retail-transfer-low_w1_76,1000,transfer_20260917-pilot6_calibration-retail-transfer-low-2w-40tps-r2_retail-transfer-low_w1_r1_860],  with error: Error: Failed to submit trasaction with status code: 11
2026.09.17-11:23:23.934[31m error[39m [caliper] [connectors/peer-gateway/PeerGateway] 	Failed to perform submit transaction [Transfer] using arguments [wlt_c_20260917-pilot6_calibration-retail-transfer-low-2w-40tps-r2_retail-transfer-low_w0_27,wlt_c_20260917-pilot6_calibration-retail-transfer-low-2w-40tps-r2_retail-transfer-low_w0_77,1000,transfer_20260917-pilot6_calibration-retail-transfer-low-2w-40tps-r2_retail-transfer-low_w0_r1_861],  with error: Error: Failed to submit trasaction with status code: 11
2026.09.17-11:23:26.964[32m info [39m [caliper] [default-observer] 	[retail-transfer-low-40tps Round 1 Transaction Info] - Submitted: 1884 Succ: 1395 Fail:415 Unfinished:74
2026.09.17-11:23:31.965[32m info [39m [caliper] [default-observer] 	[retail-transfer-low-40tps Round 1 Transaction Info] - Submitted: 2086 Succ: 1615 Fail:415 Unfinished:56
2026.09.17-11:23:36.966[32m info [39m [caliper] [default-observer] 	[retail-transfer-low-40tps Round 1 Transaction Info] - Submitted: 2286 Succ: 1800 Fail:415 Unfinished:71
2026.09.17-11:23:39.981[31m error[39m [caliper] [connectors/peer-gateway/PeerGateway] 	Failed to perform submit transaction [Transfer] using arguments [wlt_c_20260917-pilot6_calibration-retail-transfer-low-2w-40tps-r2_retail-transfer-low_w0_47,wlt_c_20260917-pilot6_calibration-retail-transfer-low-2w-40tps-r2_retail-transfer-low_w0_97,1000,transfer_20260917-pilot6_calibration-retail-transfer-low-2w-40tps-r2_retail-transfer-low_w0_r1_1157],  with error: Error: Failed to submit trasaction with status code: 11
2026.09.17-11:23:39.986[31m error[39m [caliper] [connectors/peer-gateway/PeerGateway] 	Failed to perform submit transaction [Transfer] using arguments [wlt_c_20260917-pilot6_calibration-retail-transfer-low-2w-40tps-r2_retail-transfer-low_w0_7,wlt_c_20260917-pilot6_calibration-retail-transfer-low-2w-40tps-r2_retail-transfer-low_w0_57,1000,transfer_20260917-pilot6_calibration-retail-transfer-low-2w-40tps-r2_retail-transfer-low_w0_r1_1165],  with error: Error: Failed to submit trasaction with status code: 11
2026.09.17-11:23:40.141[31m error[39m [caliper] [connectors/peer-gateway/PeerGateway] 	Failed to perform submit transaction [Transfer] using arguments [wlt_c_20260917-pilot6_calibration-retail-transfer-low-2w-40tps-r2_retail-transfer-low_w0_3,wlt_c_20260917-pilot6_calibration-retail-transfer-low-2w-40tps-r2_retail-transfer-low_w0_53,1000,transfer_20260917-pilot6_calibration-retail-transfer-low-2w-40tps-r2_retail-transfer-low_w0_r1_1162],  with error: Error: Failed to submit trasaction with status code: 11
2026.09.17-11:23:40.141[31m error[39m [caliper] [connectors/peer-gateway/PeerGateway] 	Failed to perform submit transaction [Transfer] using arguments [wlt_c_20260917-pilot6_calibration-retail-transfer-low-2w-40tps-r2_retail-transfer-low_w0_4,wlt_c_20260917-pilot6_calibration-retail-transfer-low-2w-40tps-r2_retail-transfer-low_w0_54,1000,transfer_20260917-pilot6_calibration-retail-transfer-low-2w-40tps-r2_retail-transfer-low_w0_r1_1163],  with error: Error: Failed to submit trasaction with status code: 11
2026.09.17-11:23:40.141[31m error[39m [caliper] [connectors/peer-gateway/PeerGateway] 	Failed to perform submit transaction [Transfer] using arguments [wlt_c_20260917-pilot6_calibration-retail-transfer-low-2w-40tps-r2_retail-transfer-low_w0_9,wlt_c_20260917-pilot6_calibration-retail-transfer-low-2w-40tps-r2_retail-transfer-low_w0_59,1000,transfer_20260917-pilot6_calibration-retail-transfer-low-2w-40tps-r2_retail-transfer-low_w0_r1_1167],  with error: Error: Failed to submit trasaction with status code: 11
2026.09.17-11:23:40.144[31m error[39m [caliper] [connectors/peer-gateway/PeerGateway] 	Failed to perform submit transaction [Transfer] using arguments [wlt_c_20260917-pilot6_calibration-retail-transfer-low-2w-40tps-r2_retail-transfer-low_w1_8,wlt_c_20260917-pilot6_calibration-retail-transfer-low-2w-40tps-r2_retail-transfer-low_w1_58,1000,transfer_20260917-pilot6_calibration-retail-transfer-low-2w-40tps-r2_retail-transfer-low_w1_r1_1166],  with error: Error: Failed to submit trasaction with status code: 11
2026.09.17-11:23:40.284[31m error[39m [caliper] [connectors/peer-gateway/PeerGateway] 	Failed to perform submit transaction [Transfer] using arguments [wlt_c_20260917-pilot6_calibration-retail-transfer-low-2w-40tps-r2_retail-transfer-low_w1_12,wlt_c_20260917-pilot6_calibration-retail-transfer-low-2w-40tps-r2_retail-transfer-low_w1_62,1000,transfer_20260917-pilot6_calibration-retail-transfer-low-2w-40tps-r2_retail-transfer-low_w1_r1_1169],  with error: Error: Failed to submit trasaction with status code: 11
2026.09.17-11:23:40.284[31m error[39m [caliper] [connectors/peer-gateway/PeerGateway] 	Failed to perform submit transaction [Transfer] using arguments [wlt_c_20260917-pilot6_calibration-retail-transfer-low-2w-40tps-r2_retail-transfer-low_w0_12,wlt_c_20260917-pilot6_calibration-retail-transfer-low-2w-40tps-r2_retail-transfer-low_w0_62,1000,transfer_20260917-pilot6_calibration-retail-transfer-low-2w-40tps-r2_retail-transfer-low_w0_r1_1169],  with error: Error: Failed to submit trasaction with status code: 11
2026.09.17-11:23:40.284[31m error[39m [caliper] [connectors/peer-gateway/PeerGateway] 	Failed to perform submit transaction [Transfer] using arguments [wlt_c_20260917-pilot6_calibration-retail-transfer-low-2w-40tps-r2_retail-transfer-low_w1_11,wlt_c_20260917-pilot6_calibration-retail-transfer-low-2w-40tps-r2_retail-transfer-low_w1_61,1000,transfer_20260917-pilot6_calibration-retail-transfer-low-2w-40tps-r2_retail-transfer-low_w1_r1_1168],  with error: Error: Failed to submit trasaction with status code: 11
2026.09.17-11:23:40.285[31m error[39m [caliper] [connectors/peer-gateway/PeerGateway] 	Failed to perform submit transaction [Transfer] using arguments [wlt_c_20260917-pilot6_calibration-retail-transfer-low-2w-40tps-r2_retail-transfer-low_w0_11,wlt_c_20260917-pilot6_calibration-retail-transfer-low-2w-40tps-r2_retail-transfer-low_w0_61,1000,transfer_20260917-pilot6_calibration-retail-transfer-low-2w-40tps-r2_retail-transfer-low_w0_r1_1168],  with error: Error: Failed to submit trasaction with status code: 11
2026.09.17-11:23:40.285[31m error[39m [caliper] [connectors/peer-gateway/PeerGateway] 	Failed to perform submit transaction [Transfer] using arguments [wlt_c_20260917-pilot6_calibration-retail-transfer-low-2w-40tps-r2_retail-transfer-low_w0_8,wlt_c_20260917-pilot6_calibration-retail-transfer-low-2w-40tps-r2_retail-transfer-low_w0_58,1000,transfer_20260917-pilot6_calibration-retail-transfer-low-2w-40tps-r2_retail-transfer-low_w0_r1_1166],  with error: Error: Failed to submit trasaction with status code: 11
2026.09.17-11:23:40.378[31m error[39m [caliper] [connectors/peer-gateway/PeerGateway] 	Failed to perform submit transaction [Transfer] using arguments [wlt_c_20260917-pilot6_calibration-retail-transfer-low-2w-40tps-r2_retail-transfer-low_w1_19,wlt_c_20260917-pilot6_calibration-retail-transfer-low-2w-40tps-r2_retail-transfer-low_w1_69,1000,transfer_20260917-pilot6_calibration-retail-transfer-low-2w-40tps-r2_retail-transfer-low_w1_r1_1175],  with error: Error: Failed to submit trasaction with status code: 11
2026.09.17-11:23:40.379[31m error[39m [caliper] [connectors/peer-gateway/PeerGateway] 	Failed to perform submit transaction [Transfer] using arguments [wlt_c_20260917-pilot6_calibration-retail-transfer-low-2w-40tps-r2_retail-transfer-low_w1_17,wlt_c_20260917-pilot6_calibration-retail-transfer-low-2w-40tps-r2_retail-transfer-low_w1_67,1000,transfer_20260917-pilot6_calibration-retail-transfer-low-2w-40tps-r2_retail-transfer-low_w1_r1_1173],  with error: Error: Failed to submit trasaction with status code: 11
2026.09.17-11:23:40.379[31m error[39m [caliper] [connectors/peer-gateway/PeerGateway] 	Failed to perform submit transaction [Transfer] using arguments [wlt_c_20260917-pilot6_calibration-retail-transfer-low-2w-40tps-r2_retail-transfer-low_w1_16,wlt_c_20260917-pilot6_calibration-retail-transfer-low-2w-40tps-r2_retail-transfer-low_w1_66,1000,transfer_20260917-pilot6_calibration-retail-transfer-low-2w-40tps-r2_retail-transfer-low_w1_r1_1172],  with error: Error: Failed to submit trasaction with status code: 11
2026.09.17-11:23:40.379[31m error[39m [caliper] [connectors/peer-gateway/PeerGateway] 	Failed to perform submit transaction [Transfer] using arguments [wlt_c_20260917-pilot6_calibration-retail-transfer-low-2w-40tps-r2_retail-transfer-low_w1_14,wlt_c_20260917-pilot6_calibration-retail-transfer-low-2w-40tps-r2_retail-transfer-low_w1_64,1000,transfer_20260917-pilot6_calibration-retail-transfer-low-2w-40tps-r2_retail-transfer-low_w1_r1_1171],  with error: Error: Failed to submit trasaction with status code: 11
2026.09.17-11:23:40.383[31m error[39m [caliper] [connectors/peer-gateway/PeerGateway] 	Failed to perform submit transaction [Transfer] using arguments [wlt_c_20260917-pilot6_calibration-retail-transfer-low-2w-40tps-r2_retail-transfer-low_w0_13,wlt_c_20260917-pilot6_calibration-retail-transfer-low-2w-40tps-r2_retail-transfer-low_w0_63,1000,transfer_20260917-pilot6_calibration-retail-transfer-low-2w-40tps-r2_retail-transfer-low_w0_r1_1170],  with error: Error: Failed to submit trasaction with status code: 11
2026.09.17-11:23:40.384[31m error[39m [caliper] [connectors/peer-gateway/PeerGateway] 	Failed to perform submit transaction [Transfer] using arguments [wlt_c_20260917-pilot6_calibration-retail-transfer-low-2w-40tps-r2_retail-transfer-low_w1_13,wlt_c_20260917-pilot6_calibration-retail-transfer-low-2w-40tps-r2_retail-transfer-low_w1_63,1000,transfer_20260917-pilot6_calibration-retail-transfer-low-2w-40tps-r2_retail-transfer-low_w1_r1_1170],  with error: Error: Failed to submit trasaction with status code: 11
2026.09.17-11:23:40.387[31m error[39m [caliper] [connectors/peer-gateway/PeerGateway] 	Failed to perform submit transaction [Transfer] using arguments [wlt_c_20260917-pilot6_calibration-retail-transfer-low-2w-40tps-r2_retail-transfer-low_w0_18,wlt_c_20260917-pilot6_calibration-retail-transfer-low-2w-40tps-r2_retail-transfer-low_w0_68,1000,transfer_20260917-pilot6_calibration-retail-transfer-low-2w-40tps-r2_retail-transfer-low_w0_r1_1174],  with error: Error: Failed to submit trasaction with status code: 11
2026.09.17-11:23:40.387[31m error[39m [caliper] [connectors/peer-gateway/PeerGateway] 	Failed to perform submit transaction [Transfer] using arguments [wlt_c_20260917-pilot6_calibration-retail-transfer-low-2w-40tps-r2_retail-transfer-low_w0_16,wlt_c_20260917-pilot6_calibration-retail-transfer-low-2w-40tps-r2_retail-transfer-low_w0_66,1000,transfer_20260917-pilot6_calibration-retail-transfer-low-2w-40tps-r2_retail-transfer-low_w0_r1_1172],  with error: Error: Failed to submit trasaction with status code: 11
2026.09.17-11:23:40.391[31m error[39m [caliper] [connectors/peer-gateway/PeerGateway] 	Failed to perform submit transaction [Transfer] using arguments [wlt_c_20260917-pilot6_calibration-retail-transfer-low-2w-40tps-r2_retail-transfer-low_w0_17,wlt_c_20260917-pilot6_calibration-retail-transfer-low-2w-40tps-r2_retail-transfer-low_w0_67,1000,transfer_20260917-pilot6_calibration-retail-transfer-low-2w-40tps-r2_retail-transfer-low_w0_r1_1173],  with error: Error: Failed to submit trasaction with status code: 11
2026.09.17-11:23:40.456[31m error[39m [caliper] [connectors/peer-gateway/PeerGateway] 	Failed to perform submit transaction [Transfer] using arguments [wlt_c_20260917-pilot6_calibration-retail-transfer-low-2w-40tps-r2_retail-transfer-low_w0_23,wlt_c_20260917-pilot6_calibration-retail-transfer-low-2w-40tps-r2_retail-transfer-low_w0_73,1000,transfer_20260917-pilot6_calibration-retail-transfer-low-2w-40tps-r2_retail-transfer-low_w0_r1_1178],  with error: Error: Failed to submit trasaction with status code: 11
2026.09.17-11:23:40.457[31m error[39m [caliper] [connectors/peer-gateway/PeerGateway] 	Failed to perform submit transaction [Transfer] using arguments [wlt_c_20260917-pilot6_calibration-retail-transfer-low-2w-40tps-r2_retail-transfer-low_w1_27,wlt_c_20260917-pilot6_calibration-retail-transfer-low-2w-40tps-r2_retail-transfer-low_w1_77,1000,transfer_20260917-pilot6_calibration-retail-transfer-low-2w-40tps-r2_retail-transfer-low_w1_r1_1181],  with error: Error: Failed to submit trasaction with status code: 11
2026.09.17-11:23:40.459[31m error[39m [caliper] [connectors/peer-gateway/PeerGateway] 	Failed to perform submit transaction [Transfer] using arguments [wlt_c_20260917-pilot6_calibration-retail-transfer-low-2w-40tps-r2_retail-transfer-low_w1_24,wlt_c_20260917-pilot6_calibration-retail-transfer-low-2w-40tps-r2_retail-transfer-low_w1_74,1000,transfer_20260917-pilot6_calibration-retail-transfer-low-2w-40tps-r2_retail-transfer-low_w1_r1_1179],  with error: Error: Failed to submit trasaction with status code: 11
2026.09.17-11:23:40.467[31m error[39m [caliper] [connectors/peer-gateway/PeerGateway] 	Failed to perform submit transaction [Transfer] using arguments [wlt_c_20260917-pilot6_calibration-retail-transfer-low-2w-40tps-r2_retail-transfer-low_w1_26,wlt_c_20260917-pilot6_calibration-retail-transfer-low-2w-40tps-r2_retail-transfer-low_w1_76,1000,transfer_20260917-pilot6_calibration-retail-transfer-low-2w-40tps-r2_retail-transfer-low_w1_r1_1180],  with error: Error: Failed to submit trasaction with status code: 11
2026.09.17-11:23:40.467[31m error[39m [caliper] [connectors/peer-gateway/PeerGateway] 	Failed to perform submit transaction [Transfer] using arguments [wlt_c_20260917-pilot6_calibration-retail-transfer-low-2w-40tps-r2_retail-transfer-low_w0_26,wlt_c_20260917-pilot6_calibration-retail-transfer-low-2w-40tps-r2_retail-transfer-low_w0_76,1000,transfer_20260917-pilot6_calibration-retail-transfer-low-2w-40tps-r2_retail-transfer-low_w0_r1_1180],  with error: Error: Failed to submit trasaction with status code: 11
2026.09.17-11:23:40.468[31m error[39m [caliper] [connectors/peer-gateway/PeerGateway] 	Failed to perform submit transaction [Transfer] using arguments [wlt_c_20260917-pilot6_calibration-retail-transfer-low-2w-40tps-r2_retail-transfer-low_w0_19,wlt_c_20260917-pilot6_calibration-retail-transfer-low-2w-40tps-r2_retail-transfer-low_w0_69,1000,transfer_20260917-pilot6_calibration-retail-transfer-low-2w-40tps-r2_retail-transfer-low_w0_r1_1175],  with error: Error: Failed to submit trasaction with status code: 11
2026.09.17-11:23:40.469[31m error[39m [caliper] [connectors/peer-gateway/PeerGateway] 	Failed to perform submit transaction [Transfer] using arguments [wlt_c_20260917-pilot6_calibration-retail-transfer-low-2w-40tps-r2_retail-transfer-low_w1_28,wlt_c_20260917-pilot6_calibration-retail-transfer-low-2w-40tps-r2_retail-transfer-low_w1_78,1000,transfer_20260917-pilot6_calibration-retail-transfer-low-2w-40tps-r2_retail-transfer-low_w1_r1_1182],  with error: Error: Failed to submit trasaction with status code: 11
2026.09.17-11:23:40.470[31m error[39m [caliper] [connectors/peer-gateway/PeerGateway] 	Failed to perform submit transaction [Transfer] using arguments [wlt_c_20260917-pilot6_calibration-retail-transfer-low-2w-40tps-r2_retail-transfer-low_w1_22,wlt_c_20260917-pilot6_calibration-retail-transfer-low-2w-40tps-r2_retail-transfer-low_w1_72,1000,transfer_20260917-pilot6_calibration-retail-transfer-low-2w-40tps-r2_retail-transfer-low_w1_r1_1177],  with error: Error: Failed to submit trasaction with status code: 11
2026.09.17-11:23:40.471[31m error[39m [caliper] [connectors/peer-gateway/PeerGateway] 	Failed to perform submit transaction [Transfer] using arguments [wlt_c_20260917-pilot6_calibration-retail-transfer-low-2w-40tps-r2_retail-transfer-low_w1_23,wlt_c_20260917-pilot6_calibration-retail-transfer-low-2w-40tps-r2_retail-transfer-low_w1_73,1000,transfer_20260917-pilot6_calibration-retail-transfer-low-2w-40tps-r2_retail-transfer-low_w1_r1_1178],  with error: Error: Failed to submit trasaction with status code: 11
2026.09.17-11:23:40.560[31m error[39m [caliper] [connectors/peer-gateway/PeerGateway] 	Failed to perform submit transaction [Transfer] using arguments [wlt_c_20260917-pilot6_calibration-retail-transfer-low-2w-40tps-r2_retail-transfer-low_w0_33,wlt_c_20260917-pilot6_calibration-retail-transfer-low-2w-40tps-r2_retail-transfer-low_w0_83,1000,transfer_20260917-pilot6_calibration-retail-transfer-low-2w-40tps-r2_retail-transfer-low_w0_r1_1186],  with error: Error: Failed to submit trasaction with status code: 11
2026.09.17-11:23:40.561[31m error[39m [caliper] [connectors/peer-gateway/PeerGateway] 	Failed to perform submit transaction [Transfer] using arguments [wlt_c_20260917-pilot6_calibration-retail-transfer-low-2w-40tps-r2_retail-transfer-low_w1_29,wlt_c_20260917-pilot6_calibration-retail-transfer-low-2w-40tps-r2_retail-transfer-low_w1_79,1000,transfer_20260917-pilot6_calibration-retail-transfer-low-2w-40tps-r2_retail-transfer-low_w1_r1_1183],  with error: Error: Failed to submit trasaction with status code: 11
2026.09.17-11:23:40.562[31m error[39m [caliper] [connectors/peer-gateway/PeerGateway] 	Failed to perform submit transaction [Transfer] using arguments [wlt_c_20260917-pilot6_calibration-retail-transfer-low-2w-40tps-r2_retail-transfer-low_w1_21,wlt_c_20260917-pilot6_calibration-retail-transfer-low-2w-40tps-r2_retail-transfer-low_w1_71,1000,transfer_20260917-pilot6_calibration-retail-transfer-low-2w-40tps-r2_retail-transfer-low_w1_r1_1176],  with error: Error: Failed to submit trasaction with status code: 11
2026.09.17-11:23:40.563[31m error[39m [caliper] [connectors/peer-gateway/PeerGateway] 	Failed to perform submit transaction [Transfer] using arguments [wlt_c_20260917-pilot6_calibration-retail-transfer-low-2w-40tps-r2_retail-transfer-low_w0_29,wlt_c_20260917-pilot6_calibration-retail-transfer-low-2w-40tps-r2_retail-transfer-low_w0_79,1000,transfer_20260917-pilot6_calibration-retail-transfer-low-2w-40tps-r2_retail-transfer-low_w0_r1_1183],  with error: Error: Failed to submit trasaction with status code: 11
2026.09.17-11:23:40.564[31m error[39m [caliper] [connectors/peer-gateway/PeerGateway] 	Failed to perform submit transaction [Transfer] using arguments [wlt_c_20260917-pilot6_calibration-retail-transfer-low-2w-40tps-r2_retail-transfer-low_w0_22,wlt_c_20260917-pilot6_calibration-retail-transfer-low-2w-40tps-r2_retail-transfer-low_w0_72,1000,transfer_20260917-pilot6_calibration-retail-transfer-low-2w-40tps-r2_retail-transfer-low_w0_r1_1177],  with error: Error: Failed to submit trasaction with status code: 11
2026.09.17-11:23:40.565[31m error[39m [caliper] [connectors/peer-gateway/PeerGateway] 	Failed to perform submit transaction [Transfer] using arguments [wlt_c_20260917-pilot6_calibration-retail-transfer-low-2w-40tps-r2_retail-transfer-low_w0_32,wlt_c_20260917-pilot6_calibration-retail-transfer-low-2w-40tps-r2_retail-transfer-low_w0_82,1000,transfer_20260917-pilot6_calibration-retail-transfer-low-2w-40tps-r2_retail-transfer-low_w0_r1_1185],  with error: Error: Failed to submit trasaction with status code: 11
2026.09.17-11:23:40.565[31m error[39m [caliper] [connectors/peer-gateway/PeerGateway] 	Failed to perform submit transaction [Transfer] using arguments [wlt_c_20260917-pilot6_calibration-retail-transfer-low-2w-40tps-r2_retail-transfer-low_w0_27,wlt_c_20260917-pilot6_calibration-retail-transfer-low-2w-40tps-r2_retail-transfer-low_w0_77,1000,transfer_20260917-pilot6_calibration-retail-transfer-low-2w-40tps-r2_retail-transfer-low_w0_r1_1181],  with error: Error: Failed to submit trasaction with status code: 11
2026.09.17-11:23:40.567[31m error[39m [caliper] [connectors/peer-gateway/PeerGateway] 	Failed to perform submit transaction [Transfer] using arguments [wlt_c_20260917-pilot6_calibration-retail-transfer-low-2w-40tps-r2_retail-transfer-low_w0_28,wlt_c_20260917-pilot6_calibration-retail-transfer-low-2w-40tps-r2_retail-transfer-low_w0_78,1000,transfer_20260917-pilot6_calibration-retail-transfer-low-2w-40tps-r2_retail-transfer-low_w0_r1_1182],  with error: Error: Failed to submit trasaction with status code: 11
2026.09.17-11:23:40.567[31m error[39m [caliper] [connectors/peer-gateway/PeerGateway] 	Failed to perform submit transaction [Transfer] using arguments [wlt_c_20260917-pilot6_calibration-retail-transfer-low-2w-40tps-r2_retail-transfer-low_w0_21,wlt_c_20260917-pilot6_calibration-retail-transfer-low-2w-40tps-r2_retail-transfer-low_w0_71,1000,transfer_20260917-pilot6_calibration-retail-transfer-low-2w-40tps-r2_retail-transfer-low_w0_r1_1176],  with error: Error: Failed to submit trasaction with status code: 11
2026.09.17-11:23:40.568[31m error[39m [caliper] [connectors/peer-gateway/PeerGateway] 	Failed to perform submit transaction [Transfer] using arguments [wlt_c_20260917-pilot6_calibration-retail-transfer-low-2w-40tps-r2_retail-transfer-low_w0_24,wlt_c_20260917-pilot6_calibration-retail-transfer-low-2w-40tps-r2_retail-transfer-low_w0_74,1000,transfer_20260917-pilot6_calibration-retail-transfer-low-2w-40tps-r2_retail-transfer-low_w0_r1_1179],  with error: Error: Failed to submit trasaction with status code: 11
2026.09.17-11:23:40.613[31m error[39m [caliper] [connectors/peer-gateway/PeerGateway] 	Failed to perform submit transaction [Transfer] using arguments [wlt_c_20260917-pilot6_calibration-retail-transfer-low-2w-40tps-r2_retail-transfer-low_w1_37,wlt_c_20260917-pilot6_calibration-retail-transfer-low-2w-40tps-r2_retail-transfer-low_w1_87,1000,transfer_20260917-pilot6_calibration-retail-transfer-low-2w-40tps-r2_retail-transfer-low_w1_r1_1189],  with error: Error: Failed to submit trasaction with status code: 11
2026.09.17-11:23:40.616[31m error[39m [caliper] [connectors/peer-gateway/PeerGateway] 	Failed to perform submit transaction [Transfer] using arguments [wlt_c_20260917-pilot6_calibration-retail-transfer-low-2w-40tps-r2_retail-transfer-low_w0_36,wlt_c_20260917-pilot6_calibration-retail-transfer-low-2w-40tps-r2_retail-transfer-low_w0_86,1000,transfer_20260917-pilot6_calibration-retail-transfer-low-2w-40tps-r2_retail-transfer-low_w0_r1_1188],  with error: Error: Failed to submit trasaction with status code: 11
2026.09.17-11:23:40.617[31m error[39m [caliper] [connectors/peer-gateway/PeerGateway] 	Failed to perform submit transaction [Transfer] using arguments [wlt_c_20260917-pilot6_calibration-retail-transfer-low-2w-40tps-r2_retail-transfer-low_w0_34,wlt_c_20260917-pilot6_calibration-retail-transfer-low-2w-40tps-r2_retail-transfer-low_w0_84,1000,transfer_20260917-pilot6_calibration-retail-transfer-low-2w-40tps-r2_retail-transfer-low_w0_r1_1187],  with error: Error: Failed to submit trasaction with status code: 11
2026.09.17-11:23:40.619[31m error[39m [caliper] [connectors/peer-gateway/PeerGateway] 	Failed to perform submit transaction [Transfer] using arguments [wlt_c_20260917-pilot6_calibration-retail-transfer-low-2w-40tps-r2_retail-transfer-low_w0_31,wlt_c_20260917-pilot6_calibration-retail-transfer-low-2w-40tps-r2_retail-transfer-low_w0_81,1000,transfer_20260917-pilot6_calibration-retail-transfer-low-2w-40tps-r2_retail-transfer-low_w0_r1_1184],  with error: Error: Failed to submit trasaction with status code: 11
2026.09.17-11:23:40.619[31m error[39m [caliper] [connectors/peer-gateway/PeerGateway] 	Failed to perform submit transaction [Transfer] using arguments [wlt_c_20260917-pilot6_calibration-retail-transfer-low-2w-40tps-r2_retail-transfer-low_w1_36,wlt_c_20260917-pilot6_calibration-retail-transfer-low-2w-40tps-r2_retail-transfer-low_w1_86,1000,transfer_20260917-pilot6_calibration-retail-transfer-low-2w-40tps-r2_retail-transfer-low_w1_r1_1188],  with error: Error: Failed to submit trasaction with status code: 11
2026.09.17-11:23:40.619[31m error[39m [caliper] [connectors/peer-gateway/PeerGateway] 	Failed to perform submit transaction [Transfer] using arguments [wlt_c_20260917-pilot6_calibration-retail-transfer-low-2w-40tps-r2_retail-transfer-low_w0_39,wlt_c_20260917-pilot6_calibration-retail-transfer-low-2w-40tps-r2_retail-transfer-low_w0_89,1000,transfer_20260917-pilot6_calibration-retail-transfer-low-2w-40tps-r2_retail-transfer-low_w0_r1_1191],  with error: Error: Failed to submit trasaction with status code: 11
2026.09.17-11:23:40.619[31m error[39m [caliper] [connectors/peer-gateway/PeerGateway] 	Failed to perform submit transaction [Transfer] using arguments [wlt_c_20260917-pilot6_calibration-retail-transfer-low-2w-40tps-r2_retail-transfer-low_w1_33,wlt_c_20260917-pilot6_calibration-retail-transfer-low-2w-40tps-r2_retail-transfer-low_w1_83,1000,transfer_20260917-pilot6_calibration-retail-transfer-low-2w-40tps-r2_retail-transfer-low_w1_r1_1186],  with error: Error: Failed to submit trasaction with status code: 11
2026.09.17-11:23:40.619[31m error[39m [caliper] [connectors/peer-gateway/PeerGateway] 	Failed to perform submit transaction [Transfer] using arguments [wlt_c_20260917-pilot6_calibration-retail-transfer-low-2w-40tps-r2_retail-transfer-low_w0_38,wlt_c_20260917-pilot6_calibration-retail-transfer-low-2w-40tps-r2_retail-transfer-low_w0_88,1000,transfer_20260917-pilot6_calibration-retail-transfer-low-2w-40tps-r2_retail-transfer-low_w0_r1_1190],  with error: Error: Failed to submit trasaction with status code: 11
2026.09.17-11:23:40.620[31m error[39m [caliper] [connectors/peer-gateway/PeerGateway] 	Failed to perform submit transaction [Transfer] using arguments [wlt_c_20260917-pilot6_calibration-retail-transfer-low-2w-40tps-r2_retail-transfer-low_w1_38,wlt_c_20260917-pilot6_calibration-retail-transfer-low-2w-40tps-r2_retail-transfer-low_w1_88,1000,transfer_20260917-pilot6_calibration-retail-transfer-low-2w-40tps-r2_retail-transfer-low_w1_r1_1190],  with error: Error: Failed to submit trasaction with status code: 11
2026.09.17-11:23:40.620[31m error[39m [caliper] [connectors/peer-gateway/PeerGateway] 	Failed to perform submit transaction [Transfer] using arguments [wlt_c_20260917-pilot6_calibration-retail-transfer-low-2w-40tps-r2_retail-transfer-low_w0_37,wlt_c_20260917-pilot6_calibration-retail-transfer-low-2w-40tps-r2_retail-transfer-low_w0_87,1000,transfer_20260917-pilot6_calibration-retail-transfer-low-2w-40tps-r2_retail-transfer-low_w0_r1_1189],  with error: Error: Failed to submit trasaction with status code: 11
2026.09.17-11:23:40.675[31m error[39m [caliper] [connectors/peer-gateway/PeerGateway] 	Failed to perform submit transaction [Transfer] using arguments [wlt_c_20260917-pilot6_calibration-retail-transfer-low-2w-40tps-r2_retail-transfer-low_w1_47,wlt_c_20260917-pilot6_calibration-retail-transfer-low-2w-40tps-r2_retail-transfer-low_w1_97,1000,transfer_20260917-pilot6_calibration-retail-transfer-low-2w-40tps-r2_retail-transfer-low_w1_r1_1197],  with error: Error: Failed to submit trasaction with status code: 11
2026.09.17-11:23:40.682[31m error[39m [caliper] [connectors/peer-gateway/PeerGateway] 	Failed to perform submit transaction [Transfer] using arguments [wlt_c_20260917-pilot6_calibration-retail-transfer-low-2w-40tps-r2_retail-transfer-low_w1_42,wlt_c_20260917-pilot6_calibration-retail-transfer-low-2w-40tps-r2_retail-transfer-low_w1_92,1000,transfer_20260917-pilot6_calibration-retail-transfer-low-2w-40tps-r2_retail-transfer-low_w1_r1_1193],  with error: Error: Failed to submit trasaction with status code: 11
2026.09.17-11:23:40.682[31m error[39m [caliper] [connectors/peer-gateway/PeerGateway] 	Failed to perform submit transaction [Transfer] using arguments [wlt_c_20260917-pilot6_calibration-retail-transfer-low-2w-40tps-r2_retail-transfer-low_w0_42,wlt_c_20260917-pilot6_calibration-retail-transfer-low-2w-40tps-r2_retail-transfer-low_w0_92,1000,transfer_20260917-pilot6_calibration-retail-transfer-low-2w-40tps-r2_retail-transfer-low_w0_r1_1193],  with error: Error: Failed to submit trasaction with status code: 11
2026.09.17-11:23:40.682[31m error[39m [caliper] [connectors/peer-gateway/PeerGateway] 	Failed to perform submit transaction [Transfer] using arguments [wlt_c_20260917-pilot6_calibration-retail-transfer-low-2w-40tps-r2_retail-transfer-low_w1_34,wlt_c_20260917-pilot6_calibration-retail-transfer-low-2w-40tps-r2_retail-transfer-low_w1_84,1000,transfer_20260917-pilot6_calibration-retail-transfer-low-2w-40tps-r2_retail-transfer-low_w1_r1_1187],  with error: Error: Failed to submit trasaction with status code: 11
2026.09.17-11:23:40.683[31m error[39m [caliper] [connectors/peer-gateway/PeerGateway] 	Failed to perform submit transaction [Transfer] using arguments [wlt_c_20260917-pilot6_calibration-retail-transfer-low-2w-40tps-r2_retail-transfer-low_w1_32,wlt_c_20260917-pilot6_calibration-retail-transfer-low-2w-40tps-r2_retail-transfer-low_w1_82,1000,transfer_20260917-pilot6_calibration-retail-transfer-low-2w-40tps-r2_retail-transfer-low_w1_r1_1185],  with error: Error: Failed to submit trasaction with status code: 11
2026.09.17-11:23:40.683[31m error[39m [caliper] [connectors/peer-gateway/PeerGateway] 	Failed to perform submit transaction [Transfer] using arguments [wlt_c_20260917-pilot6_calibration-retail-transfer-low-2w-40tps-r2_retail-transfer-low_w0_41,wlt_c_20260917-pilot6_calibration-retail-transfer-low-2w-40tps-r2_retail-transfer-low_w0_91,1000,transfer_20260917-pilot6_calibration-retail-transfer-low-2w-40tps-r2_retail-transfer-low_w0_r1_1192],  with error: Error: Failed to submit trasaction with status code: 11
2026.09.17-11:23:40.684[31m error[39m [caliper] [connectors/peer-gateway/PeerGateway] 	Failed to perform submit transaction [Transfer] using arguments [wlt_c_20260917-pilot6_calibration-retail-transfer-low-2w-40tps-r2_retail-transfer-low_w1_31,wlt_c_20260917-pilot6_calibration-retail-transfer-low-2w-40tps-r2_retail-transfer-low_w1_81,1000,transfer_20260917-pilot6_calibration-retail-transfer-low-2w-40tps-r2_retail-transfer-low_w1_r1_1184],  with error: Error: Failed to submit trasaction with status code: 11
2026.09.17-11:23:40.684[31m error[39m [caliper] [connectors/peer-gateway/PeerGateway] 	Failed to perform submit transaction [Transfer] using arguments [wlt_c_20260917-pilot6_calibration-retail-transfer-low-2w-40tps-r2_retail-transfer-low_w0_43,wlt_c_20260917-pilot6_calibration-retail-transfer-low-2w-40tps-r2_retail-transfer-low_w0_93,1000,transfer_20260917-pilot6_calibration-retail-transfer-low-2w-40tps-r2_retail-transfer-low_w0_r1_1194],  with error: Error: Failed to submit trasaction with status code: 11
2026.09.17-11:23:40.685[31m error[39m [caliper] [connectors/peer-gateway/PeerGateway] 	Failed to perform submit transaction [Transfer] using arguments [wlt_c_20260917-pilot6_calibration-retail-transfer-low-2w-40tps-r2_retail-transfer-low_w1_39,wlt_c_20260917-pilot6_calibration-retail-transfer-low-2w-40tps-r2_retail-transfer-low_w1_89,1000,transfer_20260917-pilot6_calibration-retail-transfer-low-2w-40tps-r2_retail-transfer-low_w1_r1_1191],  with error: Error: Failed to submit trasaction with status code: 11
2026.09.17-11:23:40.686[31m error[39m [caliper] [connectors/peer-gateway/PeerGateway] 	Failed to perform submit transaction [Transfer] using arguments [wlt_c_20260917-pilot6_calibration-retail-transfer-low-2w-40tps-r2_retail-transfer-low_w1_41,wlt_c_20260917-pilot6_calibration-retail-transfer-low-2w-40tps-r2_retail-transfer-low_w1_91,1000,transfer_20260917-pilot6_calibration-retail-transfer-low-2w-40tps-r2_retail-transfer-low_w1_r1_1192],  with error: Error: Failed to submit trasaction with status code: 11
2026.09.17-11:23:40.768[31m error[39m [caliper] [connectors/peer-gateway/PeerGateway] 	Failed to perform submit transaction [Transfer] using arguments [wlt_c_20260917-pilot6_calibration-retail-transfer-low-2w-40tps-r2_retail-transfer-low_w1_1,wlt_c_20260917-pilot6_calibration-retail-transfer-low-2w-40tps-r2_retail-transfer-low_w1_51,1000,transfer_20260917-pilot6_calibration-retail-transfer-low-2w-40tps-r2_retail-transfer-low_w1_r1_1200],  with error: Error: Failed to submit trasaction with status code: 11
2026.09.17-11:23:40.768[31m error[39m [caliper] [connectors/peer-gateway/PeerGateway] 	Failed to perform submit transaction [Transfer] using arguments [wlt_c_20260917-pilot6_calibration-retail-transfer-low-2w-40tps-r2_retail-transfer-low_w1_43,wlt_c_20260917-pilot6_calibration-retail-transfer-low-2w-40tps-r2_retail-transfer-low_w1_93,1000,transfer_20260917-pilot6_calibration-retail-transfer-low-2w-40tps-r2_retail-transfer-low_w1_r1_1194],  with error: Error: Failed to submit trasaction with status code: 11
2026.09.17-11:23:40.768[31m error[39m [caliper] [connectors/peer-gateway/PeerGateway] 	Failed to perform submit transaction [Transfer] using arguments [wlt_c_20260917-pilot6_calibration-retail-transfer-low-2w-40tps-r2_retail-transfer-low_w0_46,wlt_c_20260917-pilot6_calibration-retail-transfer-low-2w-40tps-r2_retail-transfer-low_w0_96,1000,transfer_20260917-pilot6_calibration-retail-transfer-low-2w-40tps-r2_retail-transfer-low_w0_r1_1196],  with error: Error: Failed to submit trasaction with status code: 11
2026.09.17-11:23:40.769[31m error[39m [caliper] [connectors/peer-gateway/PeerGateway] 	Failed to perform submit transaction [Transfer] using arguments [wlt_c_20260917-pilot6_calibration-retail-transfer-low-2w-40tps-r2_retail-transfer-low_w1_46,wlt_c_20260917-pilot6_calibration-retail-transfer-low-2w-40tps-r2_retail-transfer-low_w1_96,1000,transfer_20260917-pilot6_calibration-retail-transfer-low-2w-40tps-r2_retail-transfer-low_w1_r1_1196],  with error: Error: Failed to submit trasaction with status code: 11
2026.09.17-11:23:40.769[31m error[39m [caliper] [connectors/peer-gateway/PeerGateway] 	Failed to perform submit transaction [Transfer] using arguments [wlt_c_20260917-pilot6_calibration-retail-transfer-low-2w-40tps-r2_retail-transfer-low_w1_44,wlt_c_20260917-pilot6_calibration-retail-transfer-low-2w-40tps-r2_retail-transfer-low_w1_94,1000,transfer_20260917-pilot6_calibration-retail-transfer-low-2w-40tps-r2_retail-transfer-low_w1_r1_1195],  with error: Error: Failed to submit trasaction with status code: 11
2026.09.17-11:23:40.769[31m error[39m [caliper] [connectors/peer-gateway/PeerGateway] 	Failed to perform submit transaction [Transfer] using arguments [wlt_c_20260917-pilot6_calibration-retail-transfer-low-2w-40tps-r2_retail-transfer-low_w1_48,wlt_c_20260917-pilot6_calibration-retail-transfer-low-2w-40tps-r2_retail-transfer-low_w1_98,1000,transfer_20260917-pilot6_calibration-retail-transfer-low-2w-40tps-r2_retail-transfer-low_w1_r1_1198],  with error: Error: Failed to submit trasaction with status code: 11
2026.09.17-11:23:40.770[31m error[39m [caliper] [connectors/peer-gateway/PeerGateway] 	Failed to perform submit transaction [Transfer] using arguments [wlt_c_20260917-pilot6_calibration-retail-transfer-low-2w-40tps-r2_retail-transfer-low_w1_49,wlt_c_20260917-pilot6_calibration-retail-transfer-low-2w-40tps-r2_retail-transfer-low_w1_99,1000,transfer_20260917-pilot6_calibration-retail-transfer-low-2w-40tps-r2_retail-transfer-low_w1_r1_1199],  with error: Error: Failed to submit trasaction with status code: 11
2026.09.17-11:23:40.770[31m error[39m [caliper] [connectors/peer-gateway/PeerGateway] 	Failed to perform submit transaction [Transfer] using arguments [wlt_c_20260917-pilot6_calibration-retail-transfer-low-2w-40tps-r2_retail-transfer-low_w0_44,wlt_c_20260917-pilot6_calibration-retail-transfer-low-2w-40tps-r2_retail-transfer-low_w0_94,1000,transfer_20260917-pilot6_calibration-retail-transfer-low-2w-40tps-r2_retail-transfer-low_w0_r1_1195],  with error: Error: Failed to submit trasaction with status code: 11
2026.09.17-11:23:40.771[31m error[39m [caliper] [connectors/peer-gateway/PeerGateway] 	Failed to perform submit transaction [Transfer] using arguments [wlt_c_20260917-pilot6_calibration-retail-transfer-low-2w-40tps-r2_retail-transfer-low_w0_49,wlt_c_20260917-pilot6_calibration-retail-transfer-low-2w-40tps-r2_retail-transfer-low_w0_99,1000,transfer_20260917-pilot6_calibration-retail-transfer-low-2w-40tps-r2_retail-transfer-low_w0_r1_1199],  with error: Error: Failed to submit trasaction with status code: 11
2026.09.17-11:23:41.473[31m error[39m [caliper] [connectors/peer-gateway/PeerGateway] 	Failed to perform submit transaction [Transfer] using arguments [wlt_c_20260917-pilot6_calibration-retail-transfer-low-2w-40tps-r2_retail-transfer-low_w0_48,wlt_c_20260917-pilot6_calibration-retail-transfer-low-2w-40tps-r2_retail-transfer-low_w0_98,1000,transfer_20260917-pilot6_calibration-retail-transfer-low-2w-40tps-r2_retail-transfer-low_w0_r1_1198],  with error: Error: Failed to submit trasaction with status code: 11
2026.09.17-11:23:41.474[31m error[39m [caliper] [connectors/peer-gateway/PeerGateway] 	Failed to perform submit transaction [Transfer] using arguments [wlt_c_20260917-pilot6_calibration-retail-transfer-low-2w-40tps-r2_retail-transfer-low_w0_1,wlt_c_20260917-pilot6_calibration-retail-transfer-low-2w-40tps-r2_retail-transfer-low_w0_51,1000,transfer_20260917-pilot6_calibration-retail-transfer-low-2w-40tps-r2_retail-transfer-low_w0_r1_1200],  with error: Error: Failed to submit trasaction with status code: 11
2026.09.17-11:23:41.868[32m info [39m [caliper] [connectors/peer-gateway/PeerGateway] 	disconnecting gateway for user User1
2026.09.17-11:23:41.868[32m info [39m [caliper] [connectors/peer-gateway/PeerGateway] 	disconnecting gateway for user _HimbaraBankOrgMSP_User1
2026.09.17-11:23:41.868[32m info [39m [caliper] [connectors/peer-gateway/PeerGateway] 	disconnecting gateway for user _CommercialBankOrgMSP_User1
2026.09.17-11:23:41.868[32m info [39m [caliper] [connectors/peer-gateway/PeerGateway] 	disconnecting gRpc client at peer peer0.bi.paynet
2026.09.17-11:23:41.868[32m info [39m [caliper] [connectors/peer-gateway/PeerGateway] 	disconnecting gRpc client at peer peer0.himbara.paynet
2026.09.17-11:23:41.868[32m info [39m [caliper] [connectors/peer-gateway/PeerGateway] 	disconnecting gRpc client at peer peer0.commercial.paynet
2026.09.17-11:23:41.868[32m info [39m [caliper] [worker-message-handler] 	Worker#1 finished Round#1
2026.09.17-11:23:41.966[32m info [39m [caliper] [default-observer] 	Resetting txCount indicator count
2026.09.17-11:23:42.485[32m info [39m [caliper] [connectors/peer-gateway/PeerGateway] 	disconnecting gateway for user User1
2026.09.17-11:23:42.485[32m info [39m [caliper] [connectors/peer-gateway/PeerGateway] 	disconnecting gateway for user _HimbaraBankOrgMSP_User1
2026.09.17-11:23:42.485[32m info [39m [caliper] [connectors/peer-gateway/PeerGateway] 	disconnecting gateway for user _CommercialBankOrgMSP_User1
2026.09.17-11:23:42.485[32m info [39m [caliper] [connectors/peer-gateway/PeerGateway] 	disconnecting gRpc client at peer peer0.bi.paynet
2026.09.17-11:23:42.485[32m info [39m [caliper] [connectors/peer-gateway/PeerGateway] 	disconnecting gRpc client at peer peer0.himbara.paynet
2026.09.17-11:23:42.485[32m info [39m [caliper] [connectors/peer-gateway/PeerGateway] 	disconnecting gRpc client at peer peer0.commercial.paynet
2026.09.17-11:23:42.486[32m info [39m [caliper] [worker-message-handler] 	Worker#0 finished Round#1
2026.09.17-11:23:47.487[32m info [39m [caliper] [default-observer] 	Resetting txCount indicator count
2026.09.17-11:23:47.488[32m info [39m [caliper] [report-builder] 	### Test result ###
2026.09.17-11:23:47.491[32m info [39m [caliper] [report-builder] 	
+---------------------------+------+------+-----------------+-----------------+-----------------+-----------------+------------------+
| Name                      | Succ | Fail | Send Rate (TPS) | Max Latency (s) | Min Latency (s) | Avg Latency (s) | Throughput (TPS) |
|---------------------------|------|------|-----------------|-----------------|-----------------|-----------------|------------------|
| retail-transfer-low-40tps | 1917 | 485  | 40.0            | 3.50            | 0.13            | 1.72            | 38.5             |
+---------------------------+------+------+-----------------+-----------------+-----------------+-----------------+------------------+

2026.09.17-11:23:47.497[32m info [39m [caliper] [report-builder] 	### docker resource stats ###'
2026.09.17-11:23:47.499[32m info [39m [caliper] [report-builder] 	
+-----------------------------+-----------+-----------+------------------+------------------+-----------------+------------------+-----------------+----------------+
| Name                        | CPU%(max) | CPU%(avg) | Memory(max) [MB] | Memory(avg) [MB] | Traffic In [MB] | Traffic Out [MB] | Disc Write [MB] | Disc Read [KB] |
|-----------------------------|-----------|-----------|------------------|------------------|-----------------|------------------|-----------------|----------------|
| /peer0.bi.paynet            | 0.22125   | 0.1475    | 122              | 116              | 36.6            | 12.8             | 60.7            | 0.00           |
|-----------------------------|-----------|-----------|------------------|------------------|-----------------|------------------|-----------------|----------------|
| /peer0.commercial.paynet    | 0.2       | 0.14625   | 121              | 117              | 36.6            | 12.8             | 59.6            | 16.0           |
|-----------------------------|-----------|-----------|------------------|------------------|-----------------|------------------|-----------------|----------------|
| /peer0.ojk.paynet           | 0.2075    | 0.15      | 125              | 120              | 36.6            | 12.8             | 60.7            | 0.00           |
|-----------------------------|-----------|-----------|------------------|------------------|-----------------|------------------|-----------------|----------------|
| /peer0.pjp.paynet           | 0.2275    | 0.145     | 121              | 114              | 36.6            | 12.8             | 60.7            | 0.00           |
|-----------------------------|-----------|-----------|------------------|------------------|-----------------|------------------|-----------------|----------------|
| /peer0.himbara.paynet       | 0.66      | 0.4375    | 127              | 121              | 75.6            | 73.1             | 97.8            | 0.00           |
|-----------------------------|-----------|-----------|------------------|------------------|-----------------|------------------|-----------------|----------------|
| /couchdb0.pjp.paynet        | 2.7675    | 1.44125   | 80.0             | 60.9             | 12.2            | 15.5             | 320             | 272            |
|-----------------------------|-----------|-----------|------------------|------------------|-----------------|------------------|-----------------|----------------|
| /orderer.paynet             | 0.14125   | 0.09875   | 80.0             | 62.0             | 21.8            | 104              | 66.9            | 0.00           |
|-----------------------------|-----------|-----------|------------------|------------------|-----------------|------------------|-----------------|----------------|
| /couchdb0.himbara.paynet    | 2.2525    | 1.22375   | 72.3             | 59.8             | 12.0            | 5.89             | 302             | 288            |
|-----------------------------|-----------|-----------|------------------|------------------|-----------------|------------------|-----------------|----------------|
| /couchdb0.commercial.paynet | 2.425     | 1.36875   | 69.1             | 58.0             | 12.2            | 15.5             | 202             | 112            |
|-----------------------------|-----------|-----------|------------------|------------------|-----------------|------------------|-----------------|----------------|
| /couchdb0.bi.paynet         | 2.28625   | 1.41875   | 73.9             | 58.1             | 12.2            | 15.5             | 235             | 336            |
|-----------------------------|-----------|-----------|------------------|------------------|-----------------|------------------|-----------------|----------------|
| /couchdb0.ojk.paynet        | 2.22      | 1.37375   | 71.6             | 59.2             | 12.3            | 15.5             | 207             | 272            |
+-----------------------------+-----------+-----------+------------------+------------------+-----------------+------------------+-----------------+----------------+

2026.09.17-11:23:47.500[32m info [39m [caliper] [report-builder] 	### process resource stats ###'
2026.09.17-11:23:47.500[32m info [39m [caliper] [report-builder] 	
+-------------------+-----------+-----------+-----------------+-----------------+
| Name              | CPU%(max) | CPU%(avg) | Memory(max) [B] | Memory(avg) [B] |
|-------------------|-----------|-----------|-----------------|-----------------|
| node caliper(sum) | 103.16    | 63.46     | -               | -               |
+-------------------+-----------+-----------+-----------------+-----------------+

2026.09.17-11:23:47.500[32m info [39m [caliper] [round-orchestrator] 	Finished round 2 (retail-transfer-low-40tps) in 62.333 seconds
2026.09.17-11:23:47.500[32m info [39m [caliper] [monitor.js] 	Stopping all monitors
2026.09.17-11:23:47.700[32m info [39m [caliper] [report-builder] 	### All test results ###
2026.09.17-11:23:47.701[32m info [39m [caliper] [report-builder] 	
+----------------------------------+------+------+-----------------+-----------------+-----------------+-----------------+------------------+
| Name                             | Succ | Fail | Send Rate (TPS) | Max Latency (s) | Min Latency (s) | Avg Latency (s) | Throughput (TPS) |
|----------------------------------|------|------|-----------------|-----------------|-----------------|-----------------|------------------|
| warmup-retail-transfer-low-40tps | 152  | 0    | 5.1             | 2.09            | 0.12            | 0.98            | 4.7              |
|----------------------------------|------|------|-----------------|-----------------|-----------------|-----------------|------------------|
| retail-transfer-low-40tps        | 1917 | 485  | 40.0            | 3.50            | 0.13            | 1.72            | 38.5             |
+----------------------------------+------+------+-----------------+-----------------+-----------------+-----------------+------------------+

2026.09.17-11:23:47.712[32m info [39m [caliper] [report-builder] 	Generated report with path /home/mfachrizalg/2026/Skripsi/bi-coin/bi-coin-fabric/report.html
2026.09.17-11:23:47.712[32m info [39m [caliper] [monitor.js] 	Stopping all monitors
2026.09.17-11:23:47.712[32m info [39m [caliper] [worker-orchestrator] 	Sending exit message to connected workers
2026.09.17-11:23:47.713[32m info [39m [caliper] [round-orchestrator] 	Benchmark finished in 317.601 seconds. Total rounds: 2. Successful rounds: 2. Failed rounds: 0.
2026.09.17-11:23:47.713[32m info [39m [caliper] [caliper-engine] 	Network configuration attribute "caliper.command.end" is not present, skipping end command
2026.09.17-11:23:47.713[32m info [39m [caliper] [cli-launch-manager] 	Benchmark successfully finished!
2026.09.17-11:23:47.713[32m info [39m [caliper] [worker-message-handler] 	Worker#0 is exiting
2026.09.17-11:23:47.713[32m info [39m [caliper] [worker-message-handler] 	Worker#1 is exiting
