2026.09.17-08:28:21.205[32m info [39m [caliper] [cli-launch-manager] 	Set workspace path: /home/mfachrizalg/2026/Skripsi/bi-coin/bi-coin-fabric
2026.09.17-08:28:21.209[32m info [39m [caliper] [cli-launch-manager] 	Set benchmark configuration path: /home/mfachrizalg/2026/Skripsi/bi-coin/bi-coin-fabric/benchmark/results/statistical-20260917-pilot6/runs/calibration-retail-transfer-low-1w-40tps-r2/benchconfig.yaml
2026.09.17-08:28:21.209[32m info [39m [caliper] [cli-launch-manager] 	Set network configuration path: /home/mfachrizalg/2026/Skripsi/bi-coin/bi-coin-fabric/benchmark/networkconfig.yaml
2026.09.17-08:28:21.209[32m info [39m [caliper] [cli-launch-manager] 	Set SUT type: fabric
2026.09.17-08:28:21.228[32m info [39m [caliper] [caliper-engine] 	Starting benchmark flow
2026.09.17-08:28:21.229[32m info [39m [caliper] [caliper-engine] 	Network configuration attribute "caliper.command.start" is not present, skipping start command
2026.09.17-08:28:21.784[32m info [39m [caliper] [FabricConnectorFactory] 	Initializing peer gateway connector compatible with installed fabric-gateway SDK: 1.5.0
2026.09.17-08:28:21.791[32m info [39m [caliper] [IdentityManager] 	Adding User1 (admin=false) as User1 for organization BankIndonesiaOrgMSP
2026.09.17-08:28:21.793[32m info [39m [caliper] [IdentityManager] 	Adding User1 (admin=false) as _HimbaraBankOrgMSP_User1 for organization HimbaraBankOrgMSP
2026.09.17-08:28:21.794[32m info [39m [caliper] [IdentityManager] 	Adding User1 (admin=false) as _CommercialBankOrgMSP_User1 for organization CommercialBankOrgMSP
2026.09.17-08:28:21.795[32m info [39m [caliper] [connectors/peer-gateway/PeerGateway] 	Fabric-Gateway SDK version: 1.5.0 for Peer-Gateway connector; TLS based on BankIndonesiaOrgMSP: server
2026.09.17-08:28:21.795[32m info [39m [caliper] [caliper-engine] 	Executed "init" step in 0 seconds
2026.09.17-08:28:21.795[33m warn [39m [caliper] [connectors/peer-gateway/PeerGateway] 	Install smart contract not available for the Fabric Peer Gateway connector
2026.09.17-08:28:21.796[32m info [39m [caliper] [caliper-engine] 	Executed "install" step in 0.001 seconds
2026.09.17-08:28:21.797[32m info [39m [caliper] [monitor.js] 	Attempting to create resource monitor of type docker
2026.09.17-08:28:21.797[32m info [39m [caliper] [monitor.js] 	Attempting to create resource monitor of type process
2026.09.17-08:28:21.799[32m info [39m [caliper] [default-observer] 	Observer interval set to 5000 milliseconds
2026.09.17-08:28:21.802[32m info [39m [caliper] [round-orchestrator] 	Preparing worker connections
2026.09.17-08:28:21.802[32m info [39m [caliper] [worker-orchestrator] 	Launching worker 1 of 1
2026.09.17-08:28:21.807[32m info [39m [caliper] [worker-orchestrator] 	Messenger not configured, entering configure phase...
2026.09.17-08:28:21.807[32m info [39m [caliper] [worker-orchestrator] 	No existing workers detected, entering worker launch phase...
2026.09.17-08:28:21.807[32m info [39m [caliper] [worker-orchestrator] 	Waiting for 1 workers to be connected...
2026.09.17-08:28:22.104[32m info [39m [caliper] [cli-launch-worker] 	Set workspace path: /home/mfachrizalg/2026/Skripsi/bi-coin/bi-coin-fabric
2026.09.17-08:28:22.105[32m info [39m [caliper] [cli-launch-worker] 	Set benchmark configuration path: /home/mfachrizalg/2026/Skripsi/bi-coin/bi-coin-fabric/benchmark/results/statistical-20260917-pilot6/runs/calibration-retail-transfer-low-1w-40tps-r2/benchconfig.yaml
2026.09.17-08:28:22.105[32m info [39m [caliper] [cli-launch-worker] 	Set network configuration path: /home/mfachrizalg/2026/Skripsi/bi-coin/bi-coin-fabric/benchmark/networkconfig.yaml
2026.09.17-08:28:22.106[32m info [39m [caliper] [cli-launch-worker] 	Set SUT type: fabric
2026.09.17-08:28:22.133[32m info [39m [caliper] [worker-orchestrator] 	1 workers connected, progressing to worker assignment phase.
2026.09.17-08:28:22.133[32m info [39m [caliper] [worker-orchestrator] 	Workers currently unassigned, awaiting index assignment...
2026.09.17-08:28:22.133[32m info [39m [caliper] [worker-orchestrator] 	Waiting for 1 workers to be assigned...
2026.09.17-08:28:22.172[32m info [39m [caliper] [worker-orchestrator] 	1 workers assigned, progressing to worker initialization phase.
2026.09.17-08:28:22.172[32m info [39m [caliper] [worker-orchestrator] 	Waiting for 1 workers to be ready...
2026.09.17-08:28:22.173[32m info [39m [caliper] [worker-message-handler] 	Initializing Worker#0...
2026.09.17-08:28:22.729[32m info [39m [caliper] [FabricConnectorFactory] 	Initializing peer gateway connector compatible with installed fabric-gateway SDK: 1.5.0
2026.09.17-08:28:22.734[32m info [39m [caliper] [IdentityManager] 	Adding User1 (admin=false) as User1 for organization BankIndonesiaOrgMSP
2026.09.17-08:28:22.735[32m info [39m [caliper] [IdentityManager] 	Adding User1 (admin=false) as _HimbaraBankOrgMSP_User1 for organization HimbaraBankOrgMSP
2026.09.17-08:28:22.736[32m info [39m [caliper] [IdentityManager] 	Adding User1 (admin=false) as _CommercialBankOrgMSP_User1 for organization CommercialBankOrgMSP
2026.09.17-08:28:22.741[32m info [39m [caliper] [worker-message-handler] 	Worker#0 initialized
2026.09.17-08:28:22.742[32m info [39m [caliper] [worker-orchestrator] 	1 workers ready, progressing to test preparation phase.
2026.09.17-08:28:22.743[32m info [39m [caliper] [round-orchestrator] 	Started round 1 (warmup-retail-transfer-low-40tps)
2026.09.17-08:28:22.744[32m info [39m [caliper] [worker-message-handler] 	Preparing Worker#0 for Round#0
2026.09.17-08:28:22.768[32m info [39m [caliper] [connectors/peer-gateway/PeerGateway] 	Generating contract map for user User1
2026.09.17-08:28:22.773[32m info [39m [caliper] [connectors/peer-gateway/PeerGateway] 	Generating contract map for user _HimbaraBankOrgMSP_User1
2026.09.17-08:28:22.776[32m info [39m [caliper] [connectors/peer-gateway/PeerGateway] 	Generating contract map for user _CommercialBankOrgMSP_User1
2026.09.17-08:28:22.776[32m info [39m [caliper] [caliper-worker] 	Info: worker 0 prepare test phase for round 0 is starting...
2026.09.17-08:28:22.827[31m error[39m [caliper] [connectors/peer-gateway/PeerGateway] 	Failed to perform query transaction [GetParticipant] using arguments [bench_custodian_20260917-pilot6_calibration-retail-transfer-low-1w-40tps-r2_retail-transfer-low],  with error: GatewayError: 2 UNKNOWN: evaluate call to endorser returned error: chaincode response 500, participant bench_custodian_20260917-pilot6_calibration-retail-transfer-low-1w-40tps-r2_retail-transfer-low not found
Details:
-  peer0.bi.paynet:7051:chaincode response 500, participant bench_custodian_20260917-pilot6_calibration-retail-transfer-low-1w-40tps-r2_retail-transfer-low not found
2026.09.17-08:32:40.136[32m info [39m [caliper] [connectors/peer-gateway/PeerGateway] 	disconnecting gateway for user User1
2026.09.17-08:32:40.137[32m info [39m [caliper] [connectors/peer-gateway/PeerGateway] 	disconnecting gateway for user _HimbaraBankOrgMSP_User1
2026.09.17-08:32:40.137[32m info [39m [caliper] [connectors/peer-gateway/PeerGateway] 	disconnecting gateway for user _CommercialBankOrgMSP_User1
2026.09.17-08:32:40.137[32m info [39m [caliper] [connectors/peer-gateway/PeerGateway] 	disconnecting gRpc client at peer peer0.bi.paynet
2026.09.17-08:32:40.138[32m info [39m [caliper] [connectors/peer-gateway/PeerGateway] 	disconnecting gRpc client at peer peer0.himbara.paynet
2026.09.17-08:32:40.138[32m info [39m [caliper] [connectors/peer-gateway/PeerGateway] 	disconnecting gRpc client at peer peer0.commercial.paynet
2026.09.17-08:32:40.138[32m info [39m [caliper] [caliper-worker] 	Info: worker 0 prepare test phase for round 0 is completed
2026.09.17-08:32:40.138[32m info [39m [caliper] [worker-message-handler] 	Worker#0 prepared for Round#0
2026.09.17-08:32:40.139[32m info [39m [caliper] [worker-orchestrator] 	1 workers prepared, progressing to test phase.
2026.09.17-08:32:42.198[32m info [39m [caliper] [monitor-process] 	Registering node caliper(sum) within process monitor
2026.09.17-08:32:42.366[32m info [39m [caliper] [monitor-process] 	Starting process monitor with update interval 1000 ms
2026.09.17-08:32:42.366[32m info [39m [caliper] [round-orchestrator] 	Monitors successfully started
2026.09.17-08:32:42.367[32m info [39m [caliper] [worker-message-handler] 	Worker#0 is starting Round#0
2026.09.17-08:32:42.372[32m info [39m [caliper] [connectors/peer-gateway/PeerGateway] 	Generating contract map for user User1
2026.09.17-08:32:42.374[32m info [39m [caliper] [connectors/peer-gateway/PeerGateway] 	Generating contract map for user _HimbaraBankOrgMSP_User1
2026.09.17-08:32:42.376[32m info [39m [caliper] [connectors/peer-gateway/PeerGateway] 	Generating contract map for user _CommercialBankOrgMSP_User1
2026.09.17-08:32:42.378[32m info [39m [caliper] [caliper-worker] 	Worker #0 starting workload loop
2026.09.17-08:32:45.141[32m info [39m [caliper] [default-observer] 	[warmup-retail-transfer-low-40tps Round 0 Transaction Info] - Submitted: 11 Succ: 10 Fail:0 Unfinished:1
2026.09.17-08:32:50.141[32m info [39m [caliper] [default-observer] 	[warmup-retail-transfer-low-40tps Round 0 Transaction Info] - Submitted: 36 Succ: 30 Fail:0 Unfinished:6
2026.09.17-08:32:55.142[32m info [39m [caliper] [default-observer] 	[warmup-retail-transfer-low-40tps Round 0 Transaction Info] - Submitted: 61 Succ: 60 Fail:0 Unfinished:1
2026.09.17-08:33:00.143[32m info [39m [caliper] [default-observer] 	[warmup-retail-transfer-low-40tps Round 0 Transaction Info] - Submitted: 86 Succ: 80 Fail:0 Unfinished:6
2026.09.17-08:33:05.143[32m info [39m [caliper] [default-observer] 	[warmup-retail-transfer-low-40tps Round 0 Transaction Info] - Submitted: 111 Succ: 110 Fail:0 Unfinished:1
2026.09.17-08:33:10.143[32m info [39m [caliper] [default-observer] 	[warmup-retail-transfer-low-40tps Round 0 Transaction Info] - Submitted: 136 Succ: 130 Fail:0 Unfinished:6
2026.09.17-08:33:15.143[32m info [39m [caliper] [default-observer] 	[warmup-retail-transfer-low-40tps Round 0 Transaction Info] - Submitted: 151 Succ: 151 Fail:0 Unfinished:0
2026.09.17-08:33:15.486[32m info [39m [caliper] [connectors/peer-gateway/PeerGateway] 	disconnecting gateway for user User1
2026.09.17-08:33:15.486[32m info [39m [caliper] [connectors/peer-gateway/PeerGateway] 	disconnecting gateway for user _HimbaraBankOrgMSP_User1
2026.09.17-08:33:15.486[32m info [39m [caliper] [connectors/peer-gateway/PeerGateway] 	disconnecting gateway for user _CommercialBankOrgMSP_User1
2026.09.17-08:33:15.486[32m info [39m [caliper] [connectors/peer-gateway/PeerGateway] 	disconnecting gRpc client at peer peer0.bi.paynet
2026.09.17-08:33:15.486[32m info [39m [caliper] [connectors/peer-gateway/PeerGateway] 	disconnecting gRpc client at peer peer0.himbara.paynet
2026.09.17-08:33:15.486[32m info [39m [caliper] [connectors/peer-gateway/PeerGateway] 	disconnecting gRpc client at peer peer0.commercial.paynet
2026.09.17-08:33:15.486[32m info [39m [caliper] [worker-message-handler] 	Worker#0 finished Round#0
2026.09.17-08:33:20.503[32m info [39m [caliper] [default-observer] 	Resetting txCount indicator count
2026.09.17-08:33:20.503[32m info [39m [caliper] [report-builder] 	### Test result ###
2026.09.17-08:33:20.509[32m info [39m [caliper] [report-builder] 	
+----------------------------------+------+------+-----------------+-----------------+-----------------+-----------------+------------------+
| Name                             | Succ | Fail | Send Rate (TPS) | Max Latency (s) | Min Latency (s) | Avg Latency (s) | Throughput (TPS) |
|----------------------------------|------|------|-----------------|-----------------|-----------------|-----------------|------------------|
| warmup-retail-transfer-low-40tps | 151  | 0    | 5.0             | 2.08            | 0.11            | 1.05            | 4.7              |
+----------------------------------+------+------+-----------------+-----------------+-----------------+-----------------+------------------+

2026.09.17-08:33:20.515[32m info [39m [caliper] [report-builder] 	### docker resource stats ###'
2026.09.17-08:33:20.517[32m info [39m [caliper] [report-builder] 	
+-----------------------------+-----------+-----------+------------------+------------------+-----------------+------------------+-----------------+----------------+
| Name                        | CPU%(max) | CPU%(avg) | Memory(max) [MB] | Memory(avg) [MB] | Traffic In [MB] | Traffic Out [MB] | Disc Write [MB] | Disc Read [KB] |
|-----------------------------|-----------|-----------|------------------|------------------|-----------------|------------------|-----------------|----------------|
| /peer0.himbara.paynet       | 0.1125    | 0.07625   | 106              | 103              | 5.67            | 5.57             | 4.21            | 0.00           |
|-----------------------------|-----------|-----------|------------------|------------------|-----------------|------------------|-----------------|----------------|
| /peer0.pjp.paynet           | 0.04875   | 0.03125   | 99.0             | 97.2             | 2.55            | 1.16             | 3.86            | 0.00           |
|-----------------------------|-----------|-----------|------------------|------------------|-----------------|------------------|-----------------|----------------|
| /peer0.bi.paynet            | 0.07      | 0.03125   | 103              | 102              | 2.58            | 1.19             | 3.86            | 0.00           |
|-----------------------------|-----------|-----------|------------------|------------------|-----------------|------------------|-----------------|----------------|
| /peer0.commercial.paynet    | 0.05875   | 0.0325    | 106              | 104              | 2.55            | 1.17             | 3.90            | 0.00           |
|-----------------------------|-----------|-----------|------------------|------------------|-----------------|------------------|-----------------|----------------|
| /peer0.ojk.paynet           | 0.06625   | 0.03375   | 103              | 101              | 2.55            | 1.17             | 3.98            | 0.00           |
|-----------------------------|-----------|-----------|------------------|------------------|-----------------|------------------|-----------------|----------------|
| /couchdb0.ojk.paynet        | 0.26875   | 0.06875   | 57.0             | 55.5             | 0.951           | 1.04             | 6.42            | 8.00           |
|-----------------------------|-----------|-----------|------------------|------------------|-----------------|------------------|-----------------|----------------|
| /couchdb0.pjp.paynet        | 0.24      | 0.06875   | 54.0             | 53.2             | 0.950           | 1.04             | 6.58            | 8.00           |
|-----------------------------|-----------|-----------|------------------|------------------|-----------------|------------------|-----------------|----------------|
| /couchdb0.bi.paynet         | 0.265     | 0.0675    | 54.0             | 53.2             | 0.950           | 1.04             | 29.7            | 12.0           |
|-----------------------------|-----------|-----------|------------------|------------------|-----------------|------------------|-----------------|----------------|
| /couchdb0.commercial.paynet | 0.2475    | 0.06      | 56.1             | 55.2             | 0.951           | 1.04             | 6.43            | 8.00           |
|-----------------------------|-----------|-----------|------------------|------------------|-----------------|------------------|-----------------|----------------|
| /orderer.paynet             | 0.01      | 0.005     | 47.8             | 41.2             | 1.41            | 6.60             | 4.57            | 0.00           |
|-----------------------------|-----------|-----------|------------------|------------------|-----------------|------------------|-----------------|----------------|
| /couchdb0.himbara.paynet    | 0.26125   | 0.08      | 56.9             | 55.6             | 0.932           | 0.493            | 7.11            | 8.00           |
+-----------------------------+-----------+-----------+------------------+------------------+-----------------+------------------+-----------------+----------------+

2026.09.17-08:33:20.518[32m info [39m [caliper] [report-builder] 	### process resource stats ###'
2026.09.17-08:33:20.519[32m info [39m [caliper] [report-builder] 	
+-------------------+-----------+-----------+-----------------+-----------------+
| Name              | CPU%(max) | CPU%(avg) | Memory(max) [B] | Memory(avg) [B] |
|-------------------|-----------|-----------|-----------------|-----------------|
| node caliper(sum) | 27.72     | 17.11     | -               | -               |
+-------------------+-----------+-----------+-----------------+-----------------+

2026.09.17-08:33:20.519[32m info [39m [caliper] [round-orchestrator] 	Finished round 1 (warmup-retail-transfer-low-40tps) in 32.108 seconds
2026.09.17-08:33:20.519[32m info [39m [caliper] [monitor.js] 	Stopping all monitors
2026.09.17-08:33:20.722[32m info [39m [caliper] [round-orchestrator] 	Waiting 5 seconds for the next round...
2026.09.17-08:33:25.723[32m info [39m [caliper] [round-orchestrator] 	Started round 2 (retail-transfer-low-40tps)
2026.09.17-08:33:25.724[32m info [39m [caliper] [worker-message-handler] 	Preparing Worker#0 for Round#1
2026.09.17-08:33:25.727[32m info [39m [caliper] [connectors/peer-gateway/PeerGateway] 	Generating contract map for user User1
2026.09.17-08:33:25.730[32m info [39m [caliper] [connectors/peer-gateway/PeerGateway] 	Generating contract map for user _HimbaraBankOrgMSP_User1
2026.09.17-08:33:25.732[32m info [39m [caliper] [connectors/peer-gateway/PeerGateway] 	Generating contract map for user _CommercialBankOrgMSP_User1
2026.09.17-08:33:25.733[32m info [39m [caliper] [caliper-worker] 	Info: worker 0 prepare test phase for round 1 is starting...
2026.09.17-08:33:30.039[32m info [39m [caliper] [connectors/peer-gateway/PeerGateway] 	disconnecting gateway for user User1
2026.09.17-08:33:30.039[32m info [39m [caliper] [connectors/peer-gateway/PeerGateway] 	disconnecting gateway for user _HimbaraBankOrgMSP_User1
2026.09.17-08:33:30.039[32m info [39m [caliper] [connectors/peer-gateway/PeerGateway] 	disconnecting gateway for user _CommercialBankOrgMSP_User1
2026.09.17-08:33:30.039[32m info [39m [caliper] [connectors/peer-gateway/PeerGateway] 	disconnecting gRpc client at peer peer0.bi.paynet
2026.09.17-08:33:30.039[32m info [39m [caliper] [connectors/peer-gateway/PeerGateway] 	disconnecting gRpc client at peer peer0.himbara.paynet
2026.09.17-08:33:30.039[32m info [39m [caliper] [connectors/peer-gateway/PeerGateway] 	disconnecting gRpc client at peer peer0.commercial.paynet
2026.09.17-08:33:30.041[32m info [39m [caliper] [caliper-worker] 	Info: worker 0 prepare test phase for round 1 is completed
2026.09.17-08:33:30.041[32m info [39m [caliper] [worker-message-handler] 	Worker#0 prepared for Round#1
2026.09.17-08:33:30.042[32m info [39m [caliper] [worker-orchestrator] 	1 workers prepared, progressing to test phase.
2026.09.17-08:33:32.083[32m info [39m [caliper] [monitor-process] 	Registering node caliper(sum) within process monitor
2026.09.17-08:33:32.193[32m info [39m [caliper] [monitor-process] 	Starting process monitor with update interval 1000 ms
2026.09.17-08:33:32.193[32m info [39m [caliper] [round-orchestrator] 	Monitors successfully started
2026.09.17-08:33:32.194[32m info [39m [caliper] [worker-message-handler] 	Worker#0 is starting Round#1
2026.09.17-08:33:32.196[32m info [39m [caliper] [connectors/peer-gateway/PeerGateway] 	Generating contract map for user User1
2026.09.17-08:33:32.197[32m info [39m [caliper] [connectors/peer-gateway/PeerGateway] 	Generating contract map for user _HimbaraBankOrgMSP_User1
2026.09.17-08:33:32.199[32m info [39m [caliper] [connectors/peer-gateway/PeerGateway] 	Generating contract map for user _CommercialBankOrgMSP_User1
2026.09.17-08:33:32.200[32m info [39m [caliper] [caliper-worker] 	Worker #0 starting workload loop
2026.09.17-08:33:35.046[32m info [39m [caliper] [default-observer] 	[retail-transfer-low-40tps Round 1 Transaction Info] - Submitted: 81 Succ: 70 Fail:0 Unfinished:11
2026.09.17-08:33:40.045[32m info [39m [caliper] [default-observer] 	[retail-transfer-low-40tps Round 1 Transaction Info] - Submitted: 282 Succ: 260 Fail:0 Unfinished:22
2026.09.17-08:33:44.497[31m error[39m [caliper] [connectors/peer-gateway/PeerGateway] 	Failed to perform submit transaction [Transfer] using arguments [wlt_c_20260917-pilot6_calibration-retail-transfer-low-1w-40tps-r2_retail-transfer-low_w0_22,wlt_c_20260917-pilot6_calibration-retail-transfer-low-1w-40tps-r2_retail-transfer-low_w0_84,1000,transfer_20260917-pilot6_calibration-retail-transfer-low-1w-40tps-r2_retail-transfer-low_w0_r1_417],  with error: Error: Failed to submit trasaction with status code: 11
2026.09.17-08:33:44.498[31m error[39m [caliper] [connectors/peer-gateway/PeerGateway] 	Failed to perform submit transaction [Transfer] using arguments [wlt_c_20260917-pilot6_calibration-retail-transfer-low-1w-40tps-r2_retail-transfer-low_w0_21,wlt_c_20260917-pilot6_calibration-retail-transfer-low-1w-40tps-r2_retail-transfer-low_w0_83,1000,transfer_20260917-pilot6_calibration-retail-transfer-low-1w-40tps-r2_retail-transfer-low_w0_r1_416],  with error: Error: Failed to submit trasaction with status code: 11
2026.09.17-08:33:44.786[31m error[39m [caliper] [connectors/peer-gateway/PeerGateway] 	Failed to perform submit transaction [Transfer] using arguments [wlt_c_20260917-pilot6_calibration-retail-transfer-low-1w-40tps-r2_retail-transfer-low_w0_39,wlt_c_20260917-pilot6_calibration-retail-transfer-low-1w-40tps-r2_retail-transfer-low_w0_102,1000,transfer_20260917-pilot6_calibration-retail-transfer-low-1w-40tps-r2_retail-transfer-low_w0_r1_431],  with error: Error: Failed to submit trasaction with status code: 11
2026.09.17-08:33:44.788[31m error[39m [caliper] [connectors/peer-gateway/PeerGateway] 	Failed to perform submit transaction [Transfer] using arguments [wlt_c_20260917-pilot6_calibration-retail-transfer-low-1w-40tps-r2_retail-transfer-low_w0_38,wlt_c_20260917-pilot6_calibration-retail-transfer-low-1w-40tps-r2_retail-transfer-low_w0_101,1000,transfer_20260917-pilot6_calibration-retail-transfer-low-1w-40tps-r2_retail-transfer-low_w0_r1_430],  with error: Error: Failed to submit trasaction with status code: 11
2026.09.17-08:33:45.020[31m error[39m [caliper] [connectors/peer-gateway/PeerGateway] 	Failed to perform submit transaction [Transfer] using arguments [wlt_c_20260917-pilot6_calibration-retail-transfer-low-1w-40tps-r2_retail-transfer-low_w0_41,wlt_c_20260917-pilot6_calibration-retail-transfer-low-1w-40tps-r2_retail-transfer-low_w0_103,1000,transfer_20260917-pilot6_calibration-retail-transfer-low-1w-40tps-r2_retail-transfer-low_w0_r1_432],  with error: Error: Failed to submit trasaction with status code: 11
2026.09.17-08:33:45.020[31m error[39m [caliper] [connectors/peer-gateway/PeerGateway] 	Failed to perform submit transaction [Transfer] using arguments [wlt_c_20260917-pilot6_calibration-retail-transfer-low-1w-40tps-r2_retail-transfer-low_w0_42,wlt_c_20260917-pilot6_calibration-retail-transfer-low-1w-40tps-r2_retail-transfer-low_w0_104,1000,transfer_20260917-pilot6_calibration-retail-transfer-low-1w-40tps-r2_retail-transfer-low_w0_r1_433],  with error: Error: Failed to submit trasaction with status code: 11
2026.09.17-08:33:45.046[32m info [39m [caliper] [default-observer] 	[retail-transfer-low-40tps Round 1 Transaction Info] - Submitted: 482 Succ: 410 Fail:0 Unfinished:72
2026.09.17-08:33:45.224[31m error[39m [caliper] [connectors/peer-gateway/PeerGateway] 	Failed to perform submit transaction [Transfer] using arguments [wlt_c_20260917-pilot6_calibration-retail-transfer-low-1w-40tps-r2_retail-transfer-low_w0_2,wlt_c_20260917-pilot6_calibration-retail-transfer-low-1w-40tps-r2_retail-transfer-low_w0_64,1000,transfer_20260917-pilot6_calibration-retail-transfer-low-1w-40tps-r2_retail-transfer-low_w0_r1_451],  with error: Error: Failed to submit trasaction with status code: 11
2026.09.17-08:33:45.225[31m error[39m [caliper] [connectors/peer-gateway/PeerGateway] 	Failed to perform submit transaction [Transfer] using arguments [wlt_c_20260917-pilot6_calibration-retail-transfer-low-1w-40tps-r2_retail-transfer-low_w0_11,wlt_c_20260917-pilot6_calibration-retail-transfer-low-1w-40tps-r2_retail-transfer-low_w0_73,1000,transfer_20260917-pilot6_calibration-retail-transfer-low-1w-40tps-r2_retail-transfer-low_w0_r1_458],  with error: Error: Failed to submit trasaction with status code: 11
2026.09.17-08:33:45.226[31m error[39m [caliper] [connectors/peer-gateway/PeerGateway] 	Failed to perform submit transaction [Transfer] using arguments [wlt_c_20260917-pilot6_calibration-retail-transfer-low-1w-40tps-r2_retail-transfer-low_w0_12,wlt_c_20260917-pilot6_calibration-retail-transfer-low-1w-40tps-r2_retail-transfer-low_w0_74,1000,transfer_20260917-pilot6_calibration-retail-transfer-low-1w-40tps-r2_retail-transfer-low_w0_r1_459],  with error: Error: Failed to submit trasaction with status code: 11
2026.09.17-08:33:45.226[31m error[39m [caliper] [connectors/peer-gateway/PeerGateway] 	Failed to perform submit transaction [Transfer] using arguments [wlt_c_20260917-pilot6_calibration-retail-transfer-low-1w-40tps-r2_retail-transfer-low_w0_3,wlt_c_20260917-pilot6_calibration-retail-transfer-low-1w-40tps-r2_retail-transfer-low_w0_66,1000,transfer_20260917-pilot6_calibration-retail-transfer-low-1w-40tps-r2_retail-transfer-low_w0_r1_452],  with error: Error: Failed to submit trasaction with status code: 11
2026.09.17-08:33:45.445[31m error[39m [caliper] [connectors/peer-gateway/PeerGateway] 	Failed to perform submit transaction [Transfer] using arguments [wlt_c_20260917-pilot6_calibration-retail-transfer-low-1w-40tps-r2_retail-transfer-low_w0_9,wlt_c_20260917-pilot6_calibration-retail-transfer-low-1w-40tps-r2_retail-transfer-low_w0_72,1000,transfer_20260917-pilot6_calibration-retail-transfer-low-1w-40tps-r2_retail-transfer-low_w0_r1_457],  with error: Error: Failed to submit trasaction with status code: 11
2026.09.17-08:33:45.447[31m error[39m [caliper] [connectors/peer-gateway/PeerGateway] 	Failed to perform submit transaction [Transfer] using arguments [wlt_c_20260917-pilot6_calibration-retail-transfer-low-1w-40tps-r2_retail-transfer-low_w0_4,wlt_c_20260917-pilot6_calibration-retail-transfer-low-1w-40tps-r2_retail-transfer-low_w0_67,1000,transfer_20260917-pilot6_calibration-retail-transfer-low-1w-40tps-r2_retail-transfer-low_w0_r1_453],  with error: Error: Failed to submit trasaction with status code: 11
2026.09.17-08:33:45.448[31m error[39m [caliper] [connectors/peer-gateway/PeerGateway] 	Failed to perform submit transaction [Transfer] using arguments [wlt_c_20260917-pilot6_calibration-retail-transfer-low-1w-40tps-r2_retail-transfer-low_w0_6,wlt_c_20260917-pilot6_calibration-retail-transfer-low-1w-40tps-r2_retail-transfer-low_w0_68,1000,transfer_20260917-pilot6_calibration-retail-transfer-low-1w-40tps-r2_retail-transfer-low_w0_r1_454],  with error: Error: Failed to submit trasaction with status code: 11
2026.09.17-08:33:45.448[31m error[39m [caliper] [connectors/peer-gateway/PeerGateway] 	Failed to perform submit transaction [Transfer] using arguments [wlt_c_20260917-pilot6_calibration-retail-transfer-low-1w-40tps-r2_retail-transfer-low_w0_8,wlt_c_20260917-pilot6_calibration-retail-transfer-low-1w-40tps-r2_retail-transfer-low_w0_71,1000,transfer_20260917-pilot6_calibration-retail-transfer-low-1w-40tps-r2_retail-transfer-low_w0_r1_456],  with error: Error: Failed to submit trasaction with status code: 11
2026.09.17-08:33:45.449[31m error[39m [caliper] [connectors/peer-gateway/PeerGateway] 	Failed to perform submit transaction [Transfer] using arguments [wlt_c_20260917-pilot6_calibration-retail-transfer-low-1w-40tps-r2_retail-transfer-low_w0_7,wlt_c_20260917-pilot6_calibration-retail-transfer-low-1w-40tps-r2_retail-transfer-low_w0_69,1000,transfer_20260917-pilot6_calibration-retail-transfer-low-1w-40tps-r2_retail-transfer-low_w0_r1_455],  with error: Error: Failed to submit trasaction with status code: 11
2026.09.17-08:33:45.450[31m error[39m [caliper] [connectors/peer-gateway/PeerGateway] 	Failed to perform submit transaction [Transfer] using arguments [wlt_c_20260917-pilot6_calibration-retail-transfer-low-1w-40tps-r2_retail-transfer-low_w0_1,wlt_c_20260917-pilot6_calibration-retail-transfer-low-1w-40tps-r2_retail-transfer-low_w0_63,1000,transfer_20260917-pilot6_calibration-retail-transfer-low-1w-40tps-r2_retail-transfer-low_w0_r1_450],  with error: Error: Failed to submit trasaction with status code: 11
2026.09.17-08:33:45.451[31m error[39m [caliper] [connectors/peer-gateway/PeerGateway] 	Failed to perform submit transaction [Transfer] using arguments [wlt_c_20260917-pilot6_calibration-retail-transfer-low-1w-40tps-r2_retail-transfer-low_w0_14,wlt_c_20260917-pilot6_calibration-retail-transfer-low-1w-40tps-r2_retail-transfer-low_w0_77,1000,transfer_20260917-pilot6_calibration-retail-transfer-low-1w-40tps-r2_retail-transfer-low_w0_r1_461],  with error: Error: Failed to submit trasaction with status code: 11
2026.09.17-08:33:45.620[31m error[39m [caliper] [connectors/peer-gateway/PeerGateway] 	Failed to perform submit transaction [Transfer] using arguments [wlt_c_20260917-pilot6_calibration-retail-transfer-low-1w-40tps-r2_retail-transfer-low_w0_28,wlt_c_20260917-pilot6_calibration-retail-transfer-low-1w-40tps-r2_retail-transfer-low_w0_91,1000,transfer_20260917-pilot6_calibration-retail-transfer-low-1w-40tps-r2_retail-transfer-low_w0_r1_472],  with error: Error: Failed to submit trasaction with status code: 11
2026.09.17-08:33:45.621[31m error[39m [caliper] [connectors/peer-gateway/PeerGateway] 	Failed to perform submit transaction [Transfer] using arguments [wlt_c_20260917-pilot6_calibration-retail-transfer-low-1w-40tps-r2_retail-transfer-low_w0_13,wlt_c_20260917-pilot6_calibration-retail-transfer-low-1w-40tps-r2_retail-transfer-low_w0_76,1000,transfer_20260917-pilot6_calibration-retail-transfer-low-1w-40tps-r2_retail-transfer-low_w0_r1_460],  with error: Error: Failed to submit trasaction with status code: 11
2026.09.17-08:33:45.621[31m error[39m [caliper] [connectors/peer-gateway/PeerGateway] 	Failed to perform submit transaction [Transfer] using arguments [wlt_c_20260917-pilot6_calibration-retail-transfer-low-1w-40tps-r2_retail-transfer-low_w0_19,wlt_c_20260917-pilot6_calibration-retail-transfer-low-1w-40tps-r2_retail-transfer-low_w0_82,1000,transfer_20260917-pilot6_calibration-retail-transfer-low-1w-40tps-r2_retail-transfer-low_w0_r1_465],  with error: Error: Failed to submit trasaction with status code: 11
2026.09.17-08:33:45.622[31m error[39m [caliper] [connectors/peer-gateway/PeerGateway] 	Failed to perform submit transaction [Transfer] using arguments [wlt_c_20260917-pilot6_calibration-retail-transfer-low-1w-40tps-r2_retail-transfer-low_w0_17,wlt_c_20260917-pilot6_calibration-retail-transfer-low-1w-40tps-r2_retail-transfer-low_w0_79,1000,transfer_20260917-pilot6_calibration-retail-transfer-low-1w-40tps-r2_retail-transfer-low_w0_r1_463],  with error: Error: Failed to submit trasaction with status code: 11
2026.09.17-08:33:45.622[31m error[39m [caliper] [connectors/peer-gateway/PeerGateway] 	Failed to perform submit transaction [Transfer] using arguments [wlt_c_20260917-pilot6_calibration-retail-transfer-low-1w-40tps-r2_retail-transfer-low_w0_16,wlt_c_20260917-pilot6_calibration-retail-transfer-low-1w-40tps-r2_retail-transfer-low_w0_78,1000,transfer_20260917-pilot6_calibration-retail-transfer-low-1w-40tps-r2_retail-transfer-low_w0_r1_462],  with error: Error: Failed to submit trasaction with status code: 11
2026.09.17-08:33:45.623[31m error[39m [caliper] [connectors/peer-gateway/PeerGateway] 	Failed to perform submit transaction [Transfer] using arguments [wlt_c_20260917-pilot6_calibration-retail-transfer-low-1w-40tps-r2_retail-transfer-low_w0_37,wlt_c_20260917-pilot6_calibration-retail-transfer-low-1w-40tps-r2_retail-transfer-low_w0_99,1000,transfer_20260917-pilot6_calibration-retail-transfer-low-1w-40tps-r2_retail-transfer-low_w0_r1_479],  with error: Error: Failed to submit trasaction with status code: 11
2026.09.17-08:33:45.624[31m error[39m [caliper] [connectors/peer-gateway/PeerGateway] 	Failed to perform submit transaction [Transfer] using arguments [wlt_c_20260917-pilot6_calibration-retail-transfer-low-1w-40tps-r2_retail-transfer-low_w0_18,wlt_c_20260917-pilot6_calibration-retail-transfer-low-1w-40tps-r2_retail-transfer-low_w0_81,1000,transfer_20260917-pilot6_calibration-retail-transfer-low-1w-40tps-r2_retail-transfer-low_w0_r1_464],  with error: Error: Failed to submit trasaction with status code: 11
2026.09.17-08:33:45.628[31m error[39m [caliper] [connectors/peer-gateway/PeerGateway] 	Failed to perform submit transaction [Transfer] using arguments [wlt_c_20260917-pilot6_calibration-retail-transfer-low-1w-40tps-r2_retail-transfer-low_w0_24,wlt_c_20260917-pilot6_calibration-retail-transfer-low-1w-40tps-r2_retail-transfer-low_w0_87,1000,transfer_20260917-pilot6_calibration-retail-transfer-low-1w-40tps-r2_retail-transfer-low_w0_r1_469],  with error: Error: Failed to submit trasaction with status code: 11
2026.09.17-08:33:45.629[31m error[39m [caliper] [connectors/peer-gateway/PeerGateway] 	Failed to perform submit transaction [Transfer] using arguments [wlt_c_20260917-pilot6_calibration-retail-transfer-low-1w-40tps-r2_retail-transfer-low_w0_23,wlt_c_20260917-pilot6_calibration-retail-transfer-low-1w-40tps-r2_retail-transfer-low_w0_86,1000,transfer_20260917-pilot6_calibration-retail-transfer-low-1w-40tps-r2_retail-transfer-low_w0_r1_468],  with error: Error: Failed to submit trasaction with status code: 11
2026.09.17-08:33:45.780[31m error[39m [caliper] [connectors/peer-gateway/PeerGateway] 	Failed to perform submit transaction [Transfer] using arguments [wlt_c_20260917-pilot6_calibration-retail-transfer-low-1w-40tps-r2_retail-transfer-low_w0_26,wlt_c_20260917-pilot6_calibration-retail-transfer-low-1w-40tps-r2_retail-transfer-low_w0_88,1000,transfer_20260917-pilot6_calibration-retail-transfer-low-1w-40tps-r2_retail-transfer-low_w0_r1_470],  with error: Error: Failed to submit trasaction with status code: 11
2026.09.17-08:33:45.780[31m error[39m [caliper] [connectors/peer-gateway/PeerGateway] 	Failed to perform submit transaction [Transfer] using arguments [wlt_c_20260917-pilot6_calibration-retail-transfer-low-1w-40tps-r2_retail-transfer-low_w0_29,wlt_c_20260917-pilot6_calibration-retail-transfer-low-1w-40tps-r2_retail-transfer-low_w0_92,1000,transfer_20260917-pilot6_calibration-retail-transfer-low-1w-40tps-r2_retail-transfer-low_w0_r1_473],  with error: Error: Failed to submit trasaction with status code: 11
2026.09.17-08:33:45.780[31m error[39m [caliper] [connectors/peer-gateway/PeerGateway] 	Failed to perform submit transaction [Transfer] using arguments [wlt_c_20260917-pilot6_calibration-retail-transfer-low-1w-40tps-r2_retail-transfer-low_w0_32,wlt_c_20260917-pilot6_calibration-retail-transfer-low-1w-40tps-r2_retail-transfer-low_w0_94,1000,transfer_20260917-pilot6_calibration-retail-transfer-low-1w-40tps-r2_retail-transfer-low_w0_r1_475],  with error: Error: Failed to submit trasaction with status code: 11
2026.09.17-08:33:45.780[31m error[39m [caliper] [connectors/peer-gateway/PeerGateway] 	Failed to perform submit transaction [Transfer] using arguments [wlt_c_20260917-pilot6_calibration-retail-transfer-low-1w-40tps-r2_retail-transfer-low_w0_27,wlt_c_20260917-pilot6_calibration-retail-transfer-low-1w-40tps-r2_retail-transfer-low_w0_89,1000,transfer_20260917-pilot6_calibration-retail-transfer-low-1w-40tps-r2_retail-transfer-low_w0_r1_471],  with error: Error: Failed to submit trasaction with status code: 11
2026.09.17-08:33:45.780[31m error[39m [caliper] [connectors/peer-gateway/PeerGateway] 	Failed to perform submit transaction [Transfer] using arguments [wlt_c_20260917-pilot6_calibration-retail-transfer-low-1w-40tps-r2_retail-transfer-low_w0_31,wlt_c_20260917-pilot6_calibration-retail-transfer-low-1w-40tps-r2_retail-transfer-low_w0_93,1000,transfer_20260917-pilot6_calibration-retail-transfer-low-1w-40tps-r2_retail-transfer-low_w0_r1_474],  with error: Error: Failed to submit trasaction with status code: 11
2026.09.17-08:33:45.781[31m error[39m [caliper] [connectors/peer-gateway/PeerGateway] 	Failed to perform submit transaction [Transfer] using arguments [wlt_c_20260917-pilot6_calibration-retail-transfer-low-1w-40tps-r2_retail-transfer-low_w0_36,wlt_c_20260917-pilot6_calibration-retail-transfer-low-1w-40tps-r2_retail-transfer-low_w0_98,1000,transfer_20260917-pilot6_calibration-retail-transfer-low-1w-40tps-r2_retail-transfer-low_w0_r1_478],  with error: Error: Failed to submit trasaction with status code: 11
2026.09.17-08:33:45.781[31m error[39m [caliper] [connectors/peer-gateway/PeerGateway] 	Failed to perform submit transaction [Transfer] using arguments [wlt_c_20260917-pilot6_calibration-retail-transfer-low-1w-40tps-r2_retail-transfer-low_w0_33,wlt_c_20260917-pilot6_calibration-retail-transfer-low-1w-40tps-r2_retail-transfer-low_w0_96,1000,transfer_20260917-pilot6_calibration-retail-transfer-low-1w-40tps-r2_retail-transfer-low_w0_r1_476],  with error: Error: Failed to submit trasaction with status code: 11
2026.09.17-08:33:45.938[31m error[39m [caliper] [connectors/peer-gateway/PeerGateway] 	Failed to perform submit transaction [Transfer] using arguments [wlt_c_20260917-pilot6_calibration-retail-transfer-low-1w-40tps-r2_retail-transfer-low_w0_44,wlt_c_20260917-pilot6_calibration-retail-transfer-low-1w-40tps-r2_retail-transfer-low_w0_107,1000,transfer_20260917-pilot6_calibration-retail-transfer-low-1w-40tps-r2_retail-transfer-low_w0_r1_485],  with error: Error: Failed to submit trasaction with status code: 11
2026.09.17-08:33:45.940[31m error[39m [caliper] [connectors/peer-gateway/PeerGateway] 	Failed to perform submit transaction [Transfer] using arguments [wlt_c_20260917-pilot6_calibration-retail-transfer-low-1w-40tps-r2_retail-transfer-low_w0_34,wlt_c_20260917-pilot6_calibration-retail-transfer-low-1w-40tps-r2_retail-transfer-low_w0_97,1000,transfer_20260917-pilot6_calibration-retail-transfer-low-1w-40tps-r2_retail-transfer-low_w0_r1_477],  with error: Error: Failed to submit trasaction with status code: 11
2026.09.17-08:33:45.943[31m error[39m [caliper] [connectors/peer-gateway/PeerGateway] 	Failed to perform submit transaction [Transfer] using arguments [wlt_c_20260917-pilot6_calibration-retail-transfer-low-1w-40tps-r2_retail-transfer-low_w0_46,wlt_c_20260917-pilot6_calibration-retail-transfer-low-1w-40tps-r2_retail-transfer-low_w0_108,1000,transfer_20260917-pilot6_calibration-retail-transfer-low-1w-40tps-r2_retail-transfer-low_w0_r1_486],  with error: Error: Failed to submit trasaction with status code: 11
2026.09.17-08:33:45.944[31m error[39m [caliper] [connectors/peer-gateway/PeerGateway] 	Failed to perform submit transaction [Transfer] using arguments [wlt_c_20260917-pilot6_calibration-retail-transfer-low-1w-40tps-r2_retail-transfer-low_w0_49,wlt_c_20260917-pilot6_calibration-retail-transfer-low-1w-40tps-r2_retail-transfer-low_w0_112,1000,transfer_20260917-pilot6_calibration-retail-transfer-low-1w-40tps-r2_retail-transfer-low_w0_r1_489],  with error: Error: Failed to submit trasaction with status code: 11
2026.09.17-08:33:45.945[31m error[39m [caliper] [connectors/peer-gateway/PeerGateway] 	Failed to perform submit transaction [Transfer] using arguments [wlt_c_20260917-pilot6_calibration-retail-transfer-low-1w-40tps-r2_retail-transfer-low_w0_48,wlt_c_20260917-pilot6_calibration-retail-transfer-low-1w-40tps-r2_retail-transfer-low_w0_111,1000,transfer_20260917-pilot6_calibration-retail-transfer-low-1w-40tps-r2_retail-transfer-low_w0_r1_488],  with error: Error: Failed to submit trasaction with status code: 11
2026.09.17-08:33:45.946[31m error[39m [caliper] [connectors/peer-gateway/PeerGateway] 	Failed to perform submit transaction [Transfer] using arguments [wlt_c_20260917-pilot6_calibration-retail-transfer-low-1w-40tps-r2_retail-transfer-low_w0_43,wlt_c_20260917-pilot6_calibration-retail-transfer-low-1w-40tps-r2_retail-transfer-low_w0_106,1000,transfer_20260917-pilot6_calibration-retail-transfer-low-1w-40tps-r2_retail-transfer-low_w0_r1_484],  with error: Error: Failed to submit trasaction with status code: 11
2026.09.17-08:33:45.947[31m error[39m [caliper] [connectors/peer-gateway/PeerGateway] 	Failed to perform submit transaction [Transfer] using arguments [wlt_c_20260917-pilot6_calibration-retail-transfer-low-1w-40tps-r2_retail-transfer-low_w0_51,wlt_c_20260917-pilot6_calibration-retail-transfer-low-1w-40tps-r2_retail-transfer-low_w0_113,1000,transfer_20260917-pilot6_calibration-retail-transfer-low-1w-40tps-r2_retail-transfer-low_w0_r1_490],  with error: Error: Failed to submit trasaction with status code: 11
2026.09.17-08:33:46.113[31m error[39m [caliper] [connectors/peer-gateway/PeerGateway] 	Failed to perform submit transaction [Transfer] using arguments [wlt_c_20260917-pilot6_calibration-retail-transfer-low-1w-40tps-r2_retail-transfer-low_w0_54,wlt_c_20260917-pilot6_calibration-retail-transfer-low-1w-40tps-r2_retail-transfer-low_w0_117,1000,transfer_20260917-pilot6_calibration-retail-transfer-low-1w-40tps-r2_retail-transfer-low_w0_r1_493],  with error: Error: Failed to submit trasaction with status code: 11
2026.09.17-08:33:46.113[31m error[39m [caliper] [connectors/peer-gateway/PeerGateway] 	Failed to perform submit transaction [Transfer] using arguments [wlt_c_20260917-pilot6_calibration-retail-transfer-low-1w-40tps-r2_retail-transfer-low_w0_52,wlt_c_20260917-pilot6_calibration-retail-transfer-low-1w-40tps-r2_retail-transfer-low_w0_114,1000,transfer_20260917-pilot6_calibration-retail-transfer-low-1w-40tps-r2_retail-transfer-low_w0_r1_491],  with error: Error: Failed to submit trasaction with status code: 11
2026.09.17-08:33:46.114[31m error[39m [caliper] [connectors/peer-gateway/PeerGateway] 	Failed to perform submit transaction [Transfer] using arguments [wlt_c_20260917-pilot6_calibration-retail-transfer-low-1w-40tps-r2_retail-transfer-low_w0_47,wlt_c_20260917-pilot6_calibration-retail-transfer-low-1w-40tps-r2_retail-transfer-low_w0_109,1000,transfer_20260917-pilot6_calibration-retail-transfer-low-1w-40tps-r2_retail-transfer-low_w0_r1_487],  with error: Error: Failed to submit trasaction with status code: 11
2026.09.17-08:33:46.116[31m error[39m [caliper] [connectors/peer-gateway/PeerGateway] 	Failed to perform submit transaction [Transfer] using arguments [wlt_c_20260917-pilot6_calibration-retail-transfer-low-1w-40tps-r2_retail-transfer-low_w0_61,wlt_c_20260917-pilot6_calibration-retail-transfer-low-1w-40tps-r2_retail-transfer-low_w0_123,1000,transfer_20260917-pilot6_calibration-retail-transfer-low-1w-40tps-r2_retail-transfer-low_w0_r1_498],  with error: Error: Failed to submit trasaction with status code: 11
2026.09.17-08:33:46.116[31m error[39m [caliper] [connectors/peer-gateway/PeerGateway] 	Failed to perform submit transaction [Transfer] using arguments [wlt_c_20260917-pilot6_calibration-retail-transfer-low-1w-40tps-r2_retail-transfer-low_w0_62,wlt_c_20260917-pilot6_calibration-retail-transfer-low-1w-40tps-r2_retail-transfer-low_w0_124,1000,transfer_20260917-pilot6_calibration-retail-transfer-low-1w-40tps-r2_retail-transfer-low_w0_r1_499],  with error: Error: Failed to submit trasaction with status code: 11
2026.09.17-08:33:46.117[31m error[39m [caliper] [connectors/peer-gateway/PeerGateway] 	Failed to perform submit transaction [Transfer] using arguments [wlt_c_20260917-pilot6_calibration-retail-transfer-low-1w-40tps-r2_retail-transfer-low_w0_57,wlt_c_20260917-pilot6_calibration-retail-transfer-low-1w-40tps-r2_retail-transfer-low_w0_119,1000,transfer_20260917-pilot6_calibration-retail-transfer-low-1w-40tps-r2_retail-transfer-low_w0_r1_495],  with error: Error: Failed to submit trasaction with status code: 11
2026.09.17-08:33:46.118[31m error[39m [caliper] [connectors/peer-gateway/PeerGateway] 	Failed to perform submit transaction [Transfer] using arguments [wlt_c_20260917-pilot6_calibration-retail-transfer-low-1w-40tps-r2_retail-transfer-low_w0_53,wlt_c_20260917-pilot6_calibration-retail-transfer-low-1w-40tps-r2_retail-transfer-low_w0_116,1000,transfer_20260917-pilot6_calibration-retail-transfer-low-1w-40tps-r2_retail-transfer-low_w0_r1_492],  with error: Error: Failed to submit trasaction with status code: 11
2026.09.17-08:33:46.342[31m error[39m [caliper] [connectors/peer-gateway/PeerGateway] 	Failed to perform submit transaction [Transfer] using arguments [wlt_c_20260917-pilot6_calibration-retail-transfer-low-1w-40tps-r2_retail-transfer-low_w0_59,wlt_c_20260917-pilot6_calibration-retail-transfer-low-1w-40tps-r2_retail-transfer-low_w0_122,1000,transfer_20260917-pilot6_calibration-retail-transfer-low-1w-40tps-r2_retail-transfer-low_w0_r1_497],  with error: Error: Failed to submit trasaction with status code: 11
2026.09.17-08:33:46.344[31m error[39m [caliper] [connectors/peer-gateway/PeerGateway] 	Failed to perform submit transaction [Transfer] using arguments [wlt_c_20260917-pilot6_calibration-retail-transfer-low-1w-40tps-r2_retail-transfer-low_w0_58,wlt_c_20260917-pilot6_calibration-retail-transfer-low-1w-40tps-r2_retail-transfer-low_w0_121,1000,transfer_20260917-pilot6_calibration-retail-transfer-low-1w-40tps-r2_retail-transfer-low_w0_r1_496],  with error: Error: Failed to submit trasaction with status code: 11
2026.09.17-08:33:46.344[31m error[39m [caliper] [connectors/peer-gateway/PeerGateway] 	Failed to perform submit transaction [Transfer] using arguments [wlt_c_20260917-pilot6_calibration-retail-transfer-low-1w-40tps-r2_retail-transfer-low_w0_56,wlt_c_20260917-pilot6_calibration-retail-transfer-low-1w-40tps-r2_retail-transfer-low_w0_118,1000,transfer_20260917-pilot6_calibration-retail-transfer-low-1w-40tps-r2_retail-transfer-low_w0_r1_494],  with error: Error: Failed to submit trasaction with status code: 11
2026.09.17-08:33:46.636[31m error[39m [caliper] [connectors/peer-gateway/PeerGateway] 	Failed to perform submit transaction [Transfer] using arguments [wlt_c_20260917-pilot6_calibration-retail-transfer-low-1w-40tps-r2_retail-transfer-low_w0_21,wlt_c_20260917-pilot6_calibration-retail-transfer-low-1w-40tps-r2_retail-transfer-low_w0_83,1000,transfer_20260917-pilot6_calibration-retail-transfer-low-1w-40tps-r2_retail-transfer-low_w0_r1_516],  with error: Error: Failed to submit trasaction with status code: 11
2026.09.17-08:33:46.637[31m error[39m [caliper] [connectors/peer-gateway/PeerGateway] 	Failed to perform submit transaction [Transfer] using arguments [wlt_c_20260917-pilot6_calibration-retail-transfer-low-1w-40tps-r2_retail-transfer-low_w0_22,wlt_c_20260917-pilot6_calibration-retail-transfer-low-1w-40tps-r2_retail-transfer-low_w0_84,1000,transfer_20260917-pilot6_calibration-retail-transfer-low-1w-40tps-r2_retail-transfer-low_w0_r1_517],  with error: Error: Failed to submit trasaction with status code: 11
2026.09.17-08:33:46.920[31m error[39m [caliper] [connectors/peer-gateway/PeerGateway] 	Failed to perform submit transaction [Transfer] using arguments [wlt_c_20260917-pilot6_calibration-retail-transfer-low-1w-40tps-r2_retail-transfer-low_w0_39,wlt_c_20260917-pilot6_calibration-retail-transfer-low-1w-40tps-r2_retail-transfer-low_w0_102,1000,transfer_20260917-pilot6_calibration-retail-transfer-low-1w-40tps-r2_retail-transfer-low_w0_r1_531],  with error: Error: Failed to submit trasaction with status code: 11
2026.09.17-08:33:46.923[31m error[39m [caliper] [connectors/peer-gateway/PeerGateway] 	Failed to perform submit transaction [Transfer] using arguments [wlt_c_20260917-pilot6_calibration-retail-transfer-low-1w-40tps-r2_retail-transfer-low_w0_38,wlt_c_20260917-pilot6_calibration-retail-transfer-low-1w-40tps-r2_retail-transfer-low_w0_101,1000,transfer_20260917-pilot6_calibration-retail-transfer-low-1w-40tps-r2_retail-transfer-low_w0_r1_530],  with error: Error: Failed to submit trasaction with status code: 11
2026.09.17-08:33:47.247[31m error[39m [caliper] [connectors/peer-gateway/PeerGateway] 	Failed to perform submit transaction [Transfer] using arguments [wlt_c_20260917-pilot6_calibration-retail-transfer-low-1w-40tps-r2_retail-transfer-low_w0_41,wlt_c_20260917-pilot6_calibration-retail-transfer-low-1w-40tps-r2_retail-transfer-low_w0_103,1000,transfer_20260917-pilot6_calibration-retail-transfer-low-1w-40tps-r2_retail-transfer-low_w0_r1_532],  with error: Error: Failed to submit trasaction with status code: 11
2026.09.17-08:33:47.250[31m error[39m [caliper] [connectors/peer-gateway/PeerGateway] 	Failed to perform submit transaction [Transfer] using arguments [wlt_c_20260917-pilot6_calibration-retail-transfer-low-1w-40tps-r2_retail-transfer-low_w0_42,wlt_c_20260917-pilot6_calibration-retail-transfer-low-1w-40tps-r2_retail-transfer-low_w0_104,1000,transfer_20260917-pilot6_calibration-retail-transfer-low-1w-40tps-r2_retail-transfer-low_w0_r1_533],  with error: Error: Failed to submit trasaction with status code: 11
2026.09.17-08:33:47.440[31m error[39m [caliper] [connectors/peer-gateway/PeerGateway] 	Failed to perform submit transaction [Transfer] using arguments [wlt_c_20260917-pilot6_calibration-retail-transfer-low-1w-40tps-r2_retail-transfer-low_w0_1,wlt_c_20260917-pilot6_calibration-retail-transfer-low-1w-40tps-r2_retail-transfer-low_w0_63,1000,transfer_20260917-pilot6_calibration-retail-transfer-low-1w-40tps-r2_retail-transfer-low_w0_r1_550],  with error: Error: Failed to submit trasaction with status code: 11
2026.09.17-08:33:47.545[31m error[39m [caliper] [connectors/peer-gateway/PeerGateway] 	Failed to perform submit transaction [Transfer] using arguments [wlt_c_20260917-pilot6_calibration-retail-transfer-low-1w-40tps-r2_retail-transfer-low_w0_12,wlt_c_20260917-pilot6_calibration-retail-transfer-low-1w-40tps-r2_retail-transfer-low_w0_74,1000,transfer_20260917-pilot6_calibration-retail-transfer-low-1w-40tps-r2_retail-transfer-low_w0_r1_559],  with error: Error: Failed to submit trasaction with status code: 11
2026.09.17-08:33:47.547[31m error[39m [caliper] [connectors/peer-gateway/PeerGateway] 	Failed to perform submit transaction [Transfer] using arguments [wlt_c_20260917-pilot6_calibration-retail-transfer-low-1w-40tps-r2_retail-transfer-low_w0_2,wlt_c_20260917-pilot6_calibration-retail-transfer-low-1w-40tps-r2_retail-transfer-low_w0_64,1000,transfer_20260917-pilot6_calibration-retail-transfer-low-1w-40tps-r2_retail-transfer-low_w0_r1_551],  with error: Error: Failed to submit trasaction with status code: 11
2026.09.17-08:33:47.547[31m error[39m [caliper] [connectors/peer-gateway/PeerGateway] 	Failed to perform submit transaction [Transfer] using arguments [wlt_c_20260917-pilot6_calibration-retail-transfer-low-1w-40tps-r2_retail-transfer-low_w0_3,wlt_c_20260917-pilot6_calibration-retail-transfer-low-1w-40tps-r2_retail-transfer-low_w0_66,1000,transfer_20260917-pilot6_calibration-retail-transfer-low-1w-40tps-r2_retail-transfer-low_w0_r1_552],  with error: Error: Failed to submit trasaction with status code: 11
2026.09.17-08:33:47.548[31m error[39m [caliper] [connectors/peer-gateway/PeerGateway] 	Failed to perform submit transaction [Transfer] using arguments [wlt_c_20260917-pilot6_calibration-retail-transfer-low-1w-40tps-r2_retail-transfer-low_w0_11,wlt_c_20260917-pilot6_calibration-retail-transfer-low-1w-40tps-r2_retail-transfer-low_w0_73,1000,transfer_20260917-pilot6_calibration-retail-transfer-low-1w-40tps-r2_retail-transfer-low_w0_r1_558],  with error: Error: Failed to submit trasaction with status code: 11
2026.09.17-08:33:47.548[31m error[39m [caliper] [connectors/peer-gateway/PeerGateway] 	Failed to perform submit transaction [Transfer] using arguments [wlt_c_20260917-pilot6_calibration-retail-transfer-low-1w-40tps-r2_retail-transfer-low_w0_7,wlt_c_20260917-pilot6_calibration-retail-transfer-low-1w-40tps-r2_retail-transfer-low_w0_69,1000,transfer_20260917-pilot6_calibration-retail-transfer-low-1w-40tps-r2_retail-transfer-low_w0_r1_555],  with error: Error: Failed to submit trasaction with status code: 11
2026.09.17-08:33:47.549[31m error[39m [caliper] [connectors/peer-gateway/PeerGateway] 	Failed to perform submit transaction [Transfer] using arguments [wlt_c_20260917-pilot6_calibration-retail-transfer-low-1w-40tps-r2_retail-transfer-low_w0_9,wlt_c_20260917-pilot6_calibration-retail-transfer-low-1w-40tps-r2_retail-transfer-low_w0_72,1000,transfer_20260917-pilot6_calibration-retail-transfer-low-1w-40tps-r2_retail-transfer-low_w0_r1_557],  with error: Error: Failed to submit trasaction with status code: 11
2026.09.17-08:33:47.549[31m error[39m [caliper] [connectors/peer-gateway/PeerGateway] 	Failed to perform submit transaction [Transfer] using arguments [wlt_c_20260917-pilot6_calibration-retail-transfer-low-1w-40tps-r2_retail-transfer-low_w0_8,wlt_c_20260917-pilot6_calibration-retail-transfer-low-1w-40tps-r2_retail-transfer-low_w0_71,1000,transfer_20260917-pilot6_calibration-retail-transfer-low-1w-40tps-r2_retail-transfer-low_w0_r1_556],  with error: Error: Failed to submit trasaction with status code: 11
2026.09.17-08:33:47.656[31m error[39m [caliper] [connectors/peer-gateway/PeerGateway] 	Failed to perform submit transaction [Transfer] using arguments [wlt_c_20260917-pilot6_calibration-retail-transfer-low-1w-40tps-r2_retail-transfer-low_w0_31,wlt_c_20260917-pilot6_calibration-retail-transfer-low-1w-40tps-r2_retail-transfer-low_w0_93,1000,transfer_20260917-pilot6_calibration-retail-transfer-low-1w-40tps-r2_retail-transfer-low_w0_r1_574],  with error: Error: Failed to submit trasaction with status code: 11
2026.09.17-08:33:47.657[31m error[39m [caliper] [connectors/peer-gateway/PeerGateway] 	Failed to perform submit transaction [Transfer] using arguments [wlt_c_20260917-pilot6_calibration-retail-transfer-low-1w-40tps-r2_retail-transfer-low_w0_13,wlt_c_20260917-pilot6_calibration-retail-transfer-low-1w-40tps-r2_retail-transfer-low_w0_76,1000,transfer_20260917-pilot6_calibration-retail-transfer-low-1w-40tps-r2_retail-transfer-low_w0_r1_560],  with error: Error: Failed to submit trasaction with status code: 11
2026.09.17-08:33:47.657[31m error[39m [caliper] [connectors/peer-gateway/PeerGateway] 	Failed to perform submit transaction [Transfer] using arguments [wlt_c_20260917-pilot6_calibration-retail-transfer-low-1w-40tps-r2_retail-transfer-low_w0_18,wlt_c_20260917-pilot6_calibration-retail-transfer-low-1w-40tps-r2_retail-transfer-low_w0_81,1000,transfer_20260917-pilot6_calibration-retail-transfer-low-1w-40tps-r2_retail-transfer-low_w0_r1_564],  with error: Error: Failed to submit trasaction with status code: 11
2026.09.17-08:33:47.657[31m error[39m [caliper] [connectors/peer-gateway/PeerGateway] 	Failed to perform submit transaction [Transfer] using arguments [wlt_c_20260917-pilot6_calibration-retail-transfer-low-1w-40tps-r2_retail-transfer-low_w0_16,wlt_c_20260917-pilot6_calibration-retail-transfer-low-1w-40tps-r2_retail-transfer-low_w0_78,1000,transfer_20260917-pilot6_calibration-retail-transfer-low-1w-40tps-r2_retail-transfer-low_w0_r1_562],  with error: Error: Failed to submit trasaction with status code: 11
2026.09.17-08:33:47.657[31m error[39m [caliper] [connectors/peer-gateway/PeerGateway] 	Failed to perform submit transaction [Transfer] using arguments [wlt_c_20260917-pilot6_calibration-retail-transfer-low-1w-40tps-r2_retail-transfer-low_w0_17,wlt_c_20260917-pilot6_calibration-retail-transfer-low-1w-40tps-r2_retail-transfer-low_w0_79,1000,transfer_20260917-pilot6_calibration-retail-transfer-low-1w-40tps-r2_retail-transfer-low_w0_r1_563],  with error: Error: Failed to submit trasaction with status code: 11
2026.09.17-08:33:47.657[31m error[39m [caliper] [connectors/peer-gateway/PeerGateway] 	Failed to perform submit transaction [Transfer] using arguments [wlt_c_20260917-pilot6_calibration-retail-transfer-low-1w-40tps-r2_retail-transfer-low_w0_19,wlt_c_20260917-pilot6_calibration-retail-transfer-low-1w-40tps-r2_retail-transfer-low_w0_82,1000,transfer_20260917-pilot6_calibration-retail-transfer-low-1w-40tps-r2_retail-transfer-low_w0_r1_565],  with error: Error: Failed to submit trasaction with status code: 11
2026.09.17-08:33:47.658[31m error[39m [caliper] [connectors/peer-gateway/PeerGateway] 	Failed to perform submit transaction [Transfer] using arguments [wlt_c_20260917-pilot6_calibration-retail-transfer-low-1w-40tps-r2_retail-transfer-low_w0_23,wlt_c_20260917-pilot6_calibration-retail-transfer-low-1w-40tps-r2_retail-transfer-low_w0_86,1000,transfer_20260917-pilot6_calibration-retail-transfer-low-1w-40tps-r2_retail-transfer-low_w0_r1_568],  with error: Error: Failed to submit trasaction with status code: 11
2026.09.17-08:33:47.765[31m error[39m [caliper] [connectors/peer-gateway/PeerGateway] 	Failed to perform submit transaction [Transfer] using arguments [wlt_c_20260917-pilot6_calibration-retail-transfer-low-1w-40tps-r2_retail-transfer-low_w0_36,wlt_c_20260917-pilot6_calibration-retail-transfer-low-1w-40tps-r2_retail-transfer-low_w0_98,1000,transfer_20260917-pilot6_calibration-retail-transfer-low-1w-40tps-r2_retail-transfer-low_w0_r1_578],  with error: Error: Failed to submit trasaction with status code: 11
2026.09.17-08:33:47.766[31m error[39m [caliper] [connectors/peer-gateway/PeerGateway] 	Failed to perform submit transaction [Transfer] using arguments [wlt_c_20260917-pilot6_calibration-retail-transfer-low-1w-40tps-r2_retail-transfer-low_w0_34,wlt_c_20260917-pilot6_calibration-retail-transfer-low-1w-40tps-r2_retail-transfer-low_w0_97,1000,transfer_20260917-pilot6_calibration-retail-transfer-low-1w-40tps-r2_retail-transfer-low_w0_r1_577],  with error: Error: Failed to submit trasaction with status code: 11
2026.09.17-08:33:47.767[31m error[39m [caliper] [connectors/peer-gateway/PeerGateway] 	Failed to perform submit transaction [Transfer] using arguments [wlt_c_20260917-pilot6_calibration-retail-transfer-low-1w-40tps-r2_retail-transfer-low_w0_33,wlt_c_20260917-pilot6_calibration-retail-transfer-low-1w-40tps-r2_retail-transfer-low_w0_96,1000,transfer_20260917-pilot6_calibration-retail-transfer-low-1w-40tps-r2_retail-transfer-low_w0_r1_576],  with error: Error: Failed to submit trasaction with status code: 11
2026.09.17-08:33:47.768[31m error[39m [caliper] [connectors/peer-gateway/PeerGateway] 	Failed to perform submit transaction [Transfer] using arguments [wlt_c_20260917-pilot6_calibration-retail-transfer-low-1w-40tps-r2_retail-transfer-low_w0_32,wlt_c_20260917-pilot6_calibration-retail-transfer-low-1w-40tps-r2_retail-transfer-low_w0_94,1000,transfer_20260917-pilot6_calibration-retail-transfer-low-1w-40tps-r2_retail-transfer-low_w0_r1_575],  with error: Error: Failed to submit trasaction with status code: 11
2026.09.17-08:33:47.769[31m error[39m [caliper] [connectors/peer-gateway/PeerGateway] 	Failed to perform submit transaction [Transfer] using arguments [wlt_c_20260917-pilot6_calibration-retail-transfer-low-1w-40tps-r2_retail-transfer-low_w0_24,wlt_c_20260917-pilot6_calibration-retail-transfer-low-1w-40tps-r2_retail-transfer-low_w0_87,1000,transfer_20260917-pilot6_calibration-retail-transfer-low-1w-40tps-r2_retail-transfer-low_w0_r1_569],  with error: Error: Failed to submit trasaction with status code: 11
2026.09.17-08:33:47.770[31m error[39m [caliper] [connectors/peer-gateway/PeerGateway] 	Failed to perform submit transaction [Transfer] using arguments [wlt_c_20260917-pilot6_calibration-retail-transfer-low-1w-40tps-r2_retail-transfer-low_w0_28,wlt_c_20260917-pilot6_calibration-retail-transfer-low-1w-40tps-r2_retail-transfer-low_w0_91,1000,transfer_20260917-pilot6_calibration-retail-transfer-low-1w-40tps-r2_retail-transfer-low_w0_r1_572],  with error: Error: Failed to submit trasaction with status code: 11
2026.09.17-08:33:47.770[31m error[39m [caliper] [connectors/peer-gateway/PeerGateway] 	Failed to perform submit transaction [Transfer] using arguments [wlt_c_20260917-pilot6_calibration-retail-transfer-low-1w-40tps-r2_retail-transfer-low_w0_29,wlt_c_20260917-pilot6_calibration-retail-transfer-low-1w-40tps-r2_retail-transfer-low_w0_92,1000,transfer_20260917-pilot6_calibration-retail-transfer-low-1w-40tps-r2_retail-transfer-low_w0_r1_573],  with error: Error: Failed to submit trasaction with status code: 11
2026.09.17-08:33:47.771[31m error[39m [caliper] [connectors/peer-gateway/PeerGateway] 	Failed to perform submit transaction [Transfer] using arguments [wlt_c_20260917-pilot6_calibration-retail-transfer-low-1w-40tps-r2_retail-transfer-low_w0_37,wlt_c_20260917-pilot6_calibration-retail-transfer-low-1w-40tps-r2_retail-transfer-low_w0_99,1000,transfer_20260917-pilot6_calibration-retail-transfer-low-1w-40tps-r2_retail-transfer-low_w0_r1_579],  with error: Error: Failed to submit trasaction with status code: 11
2026.09.17-08:33:47.881[31m error[39m [caliper] [connectors/peer-gateway/PeerGateway] 	Failed to perform submit transaction [Transfer] using arguments [wlt_c_20260917-pilot6_calibration-retail-transfer-low-1w-40tps-r2_retail-transfer-low_w0_46,wlt_c_20260917-pilot6_calibration-retail-transfer-low-1w-40tps-r2_retail-transfer-low_w0_108,1000,transfer_20260917-pilot6_calibration-retail-transfer-low-1w-40tps-r2_retail-transfer-low_w0_r1_586],  with error: Error: Failed to submit trasaction with status code: 11
2026.09.17-08:33:47.882[31m error[39m [caliper] [connectors/peer-gateway/PeerGateway] 	Failed to perform submit transaction [Transfer] using arguments [wlt_c_20260917-pilot6_calibration-retail-transfer-low-1w-40tps-r2_retail-transfer-low_w0_43,wlt_c_20260917-pilot6_calibration-retail-transfer-low-1w-40tps-r2_retail-transfer-low_w0_106,1000,transfer_20260917-pilot6_calibration-retail-transfer-low-1w-40tps-r2_retail-transfer-low_w0_r1_584],  with error: Error: Failed to submit trasaction with status code: 11
2026.09.17-08:33:47.883[31m error[39m [caliper] [connectors/peer-gateway/PeerGateway] 	Failed to perform submit transaction [Transfer] using arguments [wlt_c_20260917-pilot6_calibration-retail-transfer-low-1w-40tps-r2_retail-transfer-low_w0_49,wlt_c_20260917-pilot6_calibration-retail-transfer-low-1w-40tps-r2_retail-transfer-low_w0_112,1000,transfer_20260917-pilot6_calibration-retail-transfer-low-1w-40tps-r2_retail-transfer-low_w0_r1_589],  with error: Error: Failed to submit trasaction with status code: 11
2026.09.17-08:33:47.883[31m error[39m [caliper] [connectors/peer-gateway/PeerGateway] 	Failed to perform submit transaction [Transfer] using arguments [wlt_c_20260917-pilot6_calibration-retail-transfer-low-1w-40tps-r2_retail-transfer-low_w0_48,wlt_c_20260917-pilot6_calibration-retail-transfer-low-1w-40tps-r2_retail-transfer-low_w0_111,1000,transfer_20260917-pilot6_calibration-retail-transfer-low-1w-40tps-r2_retail-transfer-low_w0_r1_588],  with error: Error: Failed to submit trasaction with status code: 11
2026.09.17-08:33:47.884[31m error[39m [caliper] [connectors/peer-gateway/PeerGateway] 	Failed to perform submit transaction [Transfer] using arguments [wlt_c_20260917-pilot6_calibration-retail-transfer-low-1w-40tps-r2_retail-transfer-low_w0_51,wlt_c_20260917-pilot6_calibration-retail-transfer-low-1w-40tps-r2_retail-transfer-low_w0_113,1000,transfer_20260917-pilot6_calibration-retail-transfer-low-1w-40tps-r2_retail-transfer-low_w0_r1_590],  with error: Error: Failed to submit trasaction with status code: 11
2026.09.17-08:33:47.886[31m error[39m [caliper] [connectors/peer-gateway/PeerGateway] 	Failed to perform submit transaction [Transfer] using arguments [wlt_c_20260917-pilot6_calibration-retail-transfer-low-1w-40tps-r2_retail-transfer-low_w0_44,wlt_c_20260917-pilot6_calibration-retail-transfer-low-1w-40tps-r2_retail-transfer-low_w0_107,1000,transfer_20260917-pilot6_calibration-retail-transfer-low-1w-40tps-r2_retail-transfer-low_w0_r1_585],  with error: Error: Failed to submit trasaction with status code: 11
2026.09.17-08:33:47.886[31m error[39m [caliper] [connectors/peer-gateway/PeerGateway] 	Failed to perform submit transaction [Transfer] using arguments [wlt_c_20260917-pilot6_calibration-retail-transfer-low-1w-40tps-r2_retail-transfer-low_w0_47,wlt_c_20260917-pilot6_calibration-retail-transfer-low-1w-40tps-r2_retail-transfer-low_w0_109,1000,transfer_20260917-pilot6_calibration-retail-transfer-low-1w-40tps-r2_retail-transfer-low_w0_r1_587],  with error: Error: Failed to submit trasaction with status code: 11
2026.09.17-08:33:47.979[31m error[39m [caliper] [connectors/peer-gateway/PeerGateway] 	Failed to perform submit transaction [Transfer] using arguments [wlt_c_20260917-pilot6_calibration-retail-transfer-low-1w-40tps-r2_retail-transfer-low_w0_54,wlt_c_20260917-pilot6_calibration-retail-transfer-low-1w-40tps-r2_retail-transfer-low_w0_117,1000,transfer_20260917-pilot6_calibration-retail-transfer-low-1w-40tps-r2_retail-transfer-low_w0_r1_593],  with error: Error: Failed to submit trasaction with status code: 11
2026.09.17-08:33:47.980[31m error[39m [caliper] [connectors/peer-gateway/PeerGateway] 	Failed to perform submit transaction [Transfer] using arguments [wlt_c_20260917-pilot6_calibration-retail-transfer-low-1w-40tps-r2_retail-transfer-low_w0_58,wlt_c_20260917-pilot6_calibration-retail-transfer-low-1w-40tps-r2_retail-transfer-low_w0_121,1000,transfer_20260917-pilot6_calibration-retail-transfer-low-1w-40tps-r2_retail-transfer-low_w0_r1_596],  with error: Error: Failed to submit trasaction with status code: 11
2026.09.17-08:33:47.988[31m error[39m [caliper] [connectors/peer-gateway/PeerGateway] 	Failed to perform submit transaction [Transfer] using arguments [wlt_c_20260917-pilot6_calibration-retail-transfer-low-1w-40tps-r2_retail-transfer-low_w0_61,wlt_c_20260917-pilot6_calibration-retail-transfer-low-1w-40tps-r2_retail-transfer-low_w0_123,1000,transfer_20260917-pilot6_calibration-retail-transfer-low-1w-40tps-r2_retail-transfer-low_w0_r1_598],  with error: Error: Failed to submit trasaction with status code: 11
2026.09.17-08:33:47.990[31m error[39m [caliper] [connectors/peer-gateway/PeerGateway] 	Failed to perform submit transaction [Transfer] using arguments [wlt_c_20260917-pilot6_calibration-retail-transfer-low-1w-40tps-r2_retail-transfer-low_w0_59,wlt_c_20260917-pilot6_calibration-retail-transfer-low-1w-40tps-r2_retail-transfer-low_w0_122,1000,transfer_20260917-pilot6_calibration-retail-transfer-low-1w-40tps-r2_retail-transfer-low_w0_r1_597],  with error: Error: Failed to submit trasaction with status code: 11
2026.09.17-08:33:47.991[31m error[39m [caliper] [connectors/peer-gateway/PeerGateway] 	Failed to perform submit transaction [Transfer] using arguments [wlt_c_20260917-pilot6_calibration-retail-transfer-low-1w-40tps-r2_retail-transfer-low_w0_53,wlt_c_20260917-pilot6_calibration-retail-transfer-low-1w-40tps-r2_retail-transfer-low_w0_116,1000,transfer_20260917-pilot6_calibration-retail-transfer-low-1w-40tps-r2_retail-transfer-low_w0_r1_592],  with error: Error: Failed to submit trasaction with status code: 11
2026.09.17-08:33:47.992[31m error[39m [caliper] [connectors/peer-gateway/PeerGateway] 	Failed to perform submit transaction [Transfer] using arguments [wlt_c_20260917-pilot6_calibration-retail-transfer-low-1w-40tps-r2_retail-transfer-low_w0_56,wlt_c_20260917-pilot6_calibration-retail-transfer-low-1w-40tps-r2_retail-transfer-low_w0_118,1000,transfer_20260917-pilot6_calibration-retail-transfer-low-1w-40tps-r2_retail-transfer-low_w0_r1_594],  with error: Error: Failed to submit trasaction with status code: 11
2026.09.17-08:33:47.992[31m error[39m [caliper] [connectors/peer-gateway/PeerGateway] 	Failed to perform submit transaction [Transfer] using arguments [wlt_c_20260917-pilot6_calibration-retail-transfer-low-1w-40tps-r2_retail-transfer-low_w0_62,wlt_c_20260917-pilot6_calibration-retail-transfer-low-1w-40tps-r2_retail-transfer-low_w0_124,1000,transfer_20260917-pilot6_calibration-retail-transfer-low-1w-40tps-r2_retail-transfer-low_w0_r1_599],  with error: Error: Failed to submit trasaction with status code: 11
2026.09.17-08:33:48.112[31m error[39m [caliper] [connectors/peer-gateway/PeerGateway] 	Failed to perform submit transaction [Transfer] using arguments [wlt_c_20260917-pilot6_calibration-retail-transfer-low-1w-40tps-r2_retail-transfer-low_w0_57,wlt_c_20260917-pilot6_calibration-retail-transfer-low-1w-40tps-r2_retail-transfer-low_w0_119,1000,transfer_20260917-pilot6_calibration-retail-transfer-low-1w-40tps-r2_retail-transfer-low_w0_r1_595],  with error: Error: Failed to submit trasaction with status code: 11
2026.09.17-08:33:48.112[31m error[39m [caliper] [connectors/peer-gateway/PeerGateway] 	Failed to perform submit transaction [Transfer] using arguments [wlt_c_20260917-pilot6_calibration-retail-transfer-low-1w-40tps-r2_retail-transfer-low_w0_4,wlt_c_20260917-pilot6_calibration-retail-transfer-low-1w-40tps-r2_retail-transfer-low_w0_67,1000,transfer_20260917-pilot6_calibration-retail-transfer-low-1w-40tps-r2_retail-transfer-low_w0_r1_603],  with error: Error: Failed to submit trasaction with status code: 11
2026.09.17-08:33:48.113[31m error[39m [caliper] [connectors/peer-gateway/PeerGateway] 	Failed to perform submit transaction [Transfer] using arguments [wlt_c_20260917-pilot6_calibration-retail-transfer-low-1w-40tps-r2_retail-transfer-low_w0_6,wlt_c_20260917-pilot6_calibration-retail-transfer-low-1w-40tps-r2_retail-transfer-low_w0_68,1000,transfer_20260917-pilot6_calibration-retail-transfer-low-1w-40tps-r2_retail-transfer-low_w0_r1_604],  with error: Error: Failed to submit trasaction with status code: 11
2026.09.17-08:33:48.292[31m error[39m [caliper] [connectors/peer-gateway/PeerGateway] 	Failed to perform submit transaction [Transfer] using arguments [wlt_c_20260917-pilot6_calibration-retail-transfer-low-1w-40tps-r2_retail-transfer-low_w0_14,wlt_c_20260917-pilot6_calibration-retail-transfer-low-1w-40tps-r2_retail-transfer-low_w0_77,1000,transfer_20260917-pilot6_calibration-retail-transfer-low-1w-40tps-r2_retail-transfer-low_w0_r1_611],  with error: Error: Failed to submit trasaction with status code: 11
2026.09.17-08:33:50.046[32m info [39m [caliper] [default-observer] 	[retail-transfer-low-40tps Round 1 Transaction Info] - Submitted: 682 Succ: 563 Fail:97 Unfinished:22
2026.09.17-08:33:55.045[32m info [39m [caliper] [default-observer] 	[retail-transfer-low-40tps Round 1 Transaction Info] - Submitted: 883 Succ: 763 Fail:97 Unfinished:23
2026.09.17-08:33:59.521[31m error[39m [caliper] [connectors/peer-gateway/PeerGateway] 	Failed to perform submit transaction [Transfer] using arguments [wlt_c_20260917-pilot6_calibration-retail-transfer-low-1w-40tps-r2_retail-transfer-low_w0_42,wlt_c_20260917-pilot6_calibration-retail-transfer-low-1w-40tps-r2_retail-transfer-low_w0_104,1000,transfer_20260917-pilot6_calibration-retail-transfer-low-1w-40tps-r2_retail-transfer-low_w0_r1_1033],  with error: Error: Failed to submit trasaction with status code: 11
2026.09.17-08:33:59.691[31m error[39m [caliper] [connectors/peer-gateway/PeerGateway] 	Failed to perform submit transaction [Transfer] using arguments [wlt_c_20260917-pilot6_calibration-retail-transfer-low-1w-40tps-r2_retail-transfer-low_w0_62,wlt_c_20260917-pilot6_calibration-retail-transfer-low-1w-40tps-r2_retail-transfer-low_w0_124,1000,transfer_20260917-pilot6_calibration-retail-transfer-low-1w-40tps-r2_retail-transfer-low_w0_r1_1049],  with error: Error: Failed to submit trasaction with status code: 11
2026.09.17-08:33:59.692[31m error[39m [caliper] [connectors/peer-gateway/PeerGateway] 	Failed to perform submit transaction [Transfer] using arguments [wlt_c_20260917-pilot6_calibration-retail-transfer-low-1w-40tps-r2_retail-transfer-low_w0_61,wlt_c_20260917-pilot6_calibration-retail-transfer-low-1w-40tps-r2_retail-transfer-low_w0_123,1000,transfer_20260917-pilot6_calibration-retail-transfer-low-1w-40tps-r2_retail-transfer-low_w0_r1_1048],  with error: Error: Failed to submit trasaction with status code: 11
2026.09.17-08:33:59.692[31m error[39m [caliper] [connectors/peer-gateway/PeerGateway] 	Failed to perform submit transaction [Transfer] using arguments [wlt_c_20260917-pilot6_calibration-retail-transfer-low-1w-40tps-r2_retail-transfer-low_w0_1,wlt_c_20260917-pilot6_calibration-retail-transfer-low-1w-40tps-r2_retail-transfer-low_w0_63,1000,transfer_20260917-pilot6_calibration-retail-transfer-low-1w-40tps-r2_retail-transfer-low_w0_r1_1050],  with error: Error: Failed to submit trasaction with status code: 11
2026.09.17-08:34:00.046[32m info [39m [caliper] [default-observer] 	[retail-transfer-low-40tps Round 1 Transaction Info] - Submitted: 1083 Succ: 923 Fail:97 Unfinished:63
2026.09.17-08:34:00.080[31m error[39m [caliper] [connectors/peer-gateway/PeerGateway] 	Failed to perform submit transaction [Transfer] using arguments [wlt_c_20260917-pilot6_calibration-retail-transfer-low-1w-40tps-r2_retail-transfer-low_w0_11,wlt_c_20260917-pilot6_calibration-retail-transfer-low-1w-40tps-r2_retail-transfer-low_w0_73,1000,transfer_20260917-pilot6_calibration-retail-transfer-low-1w-40tps-r2_retail-transfer-low_w0_r1_1058],  with error: Error: Failed to submit trasaction with status code: 11
2026.09.17-08:34:00.082[31m error[39m [caliper] [connectors/peer-gateway/PeerGateway] 	Failed to perform submit transaction [Transfer] using arguments [wlt_c_20260917-pilot6_calibration-retail-transfer-low-1w-40tps-r2_retail-transfer-low_w0_9,wlt_c_20260917-pilot6_calibration-retail-transfer-low-1w-40tps-r2_retail-transfer-low_w0_72,1000,transfer_20260917-pilot6_calibration-retail-transfer-low-1w-40tps-r2_retail-transfer-low_w0_r1_1057],  with error: Error: Failed to submit trasaction with status code: 11
2026.09.17-08:34:00.364[31m error[39m [caliper] [connectors/peer-gateway/PeerGateway] 	Failed to perform submit transaction [Transfer] using arguments [wlt_c_20260917-pilot6_calibration-retail-transfer-low-1w-40tps-r2_retail-transfer-low_w0_19,wlt_c_20260917-pilot6_calibration-retail-transfer-low-1w-40tps-r2_retail-transfer-low_w0_82,1000,transfer_20260917-pilot6_calibration-retail-transfer-low-1w-40tps-r2_retail-transfer-low_w0_r1_1065],  with error: Error: Failed to submit trasaction with status code: 11
2026.09.17-08:34:00.364[31m error[39m [caliper] [connectors/peer-gateway/PeerGateway] 	Failed to perform submit transaction [Transfer] using arguments [wlt_c_20260917-pilot6_calibration-retail-transfer-low-1w-40tps-r2_retail-transfer-low_w0_17,wlt_c_20260917-pilot6_calibration-retail-transfer-low-1w-40tps-r2_retail-transfer-low_w0_79,1000,transfer_20260917-pilot6_calibration-retail-transfer-low-1w-40tps-r2_retail-transfer-low_w0_r1_1063],  with error: Error: Failed to submit trasaction with status code: 11
2026.09.17-08:34:00.365[31m error[39m [caliper] [connectors/peer-gateway/PeerGateway] 	Failed to perform submit transaction [Transfer] using arguments [wlt_c_20260917-pilot6_calibration-retail-transfer-low-1w-40tps-r2_retail-transfer-low_w0_22,wlt_c_20260917-pilot6_calibration-retail-transfer-low-1w-40tps-r2_retail-transfer-low_w0_84,1000,transfer_20260917-pilot6_calibration-retail-transfer-low-1w-40tps-r2_retail-transfer-low_w0_r1_1067],  with error: Error: Failed to submit trasaction with status code: 11
2026.09.17-08:34:00.583[31m error[39m [caliper] [connectors/peer-gateway/PeerGateway] 	Failed to perform submit transaction [Transfer] using arguments [wlt_c_20260917-pilot6_calibration-retail-transfer-low-1w-40tps-r2_retail-transfer-low_w0_26,wlt_c_20260917-pilot6_calibration-retail-transfer-low-1w-40tps-r2_retail-transfer-low_w0_88,1000,transfer_20260917-pilot6_calibration-retail-transfer-low-1w-40tps-r2_retail-transfer-low_w0_r1_1070],  with error: Error: Failed to submit trasaction with status code: 11
2026.09.17-08:34:00.584[31m error[39m [caliper] [connectors/peer-gateway/PeerGateway] 	Failed to perform submit transaction [Transfer] using arguments [wlt_c_20260917-pilot6_calibration-retail-transfer-low-1w-40tps-r2_retail-transfer-low_w0_28,wlt_c_20260917-pilot6_calibration-retail-transfer-low-1w-40tps-r2_retail-transfer-low_w0_91,1000,transfer_20260917-pilot6_calibration-retail-transfer-low-1w-40tps-r2_retail-transfer-low_w0_r1_1072],  with error: Error: Failed to submit trasaction with status code: 11
2026.09.17-08:34:00.585[31m error[39m [caliper] [connectors/peer-gateway/PeerGateway] 	Failed to perform submit transaction [Transfer] using arguments [wlt_c_20260917-pilot6_calibration-retail-transfer-low-1w-40tps-r2_retail-transfer-low_w0_27,wlt_c_20260917-pilot6_calibration-retail-transfer-low-1w-40tps-r2_retail-transfer-low_w0_89,1000,transfer_20260917-pilot6_calibration-retail-transfer-low-1w-40tps-r2_retail-transfer-low_w0_r1_1071],  with error: Error: Failed to submit trasaction with status code: 11
2026.09.17-08:34:00.586[31m error[39m [caliper] [connectors/peer-gateway/PeerGateway] 	Failed to perform submit transaction [Transfer] using arguments [wlt_c_20260917-pilot6_calibration-retail-transfer-low-1w-40tps-r2_retail-transfer-low_w0_29,wlt_c_20260917-pilot6_calibration-retail-transfer-low-1w-40tps-r2_retail-transfer-low_w0_92,1000,transfer_20260917-pilot6_calibration-retail-transfer-low-1w-40tps-r2_retail-transfer-low_w0_r1_1073],  with error: Error: Failed to submit trasaction with status code: 11
2026.09.17-08:34:00.588[31m error[39m [caliper] [connectors/peer-gateway/PeerGateway] 	Failed to perform submit transaction [Transfer] using arguments [wlt_c_20260917-pilot6_calibration-retail-transfer-low-1w-40tps-r2_retail-transfer-low_w0_31,wlt_c_20260917-pilot6_calibration-retail-transfer-low-1w-40tps-r2_retail-transfer-low_w0_93,1000,transfer_20260917-pilot6_calibration-retail-transfer-low-1w-40tps-r2_retail-transfer-low_w0_r1_1074],  with error: Error: Failed to submit trasaction with status code: 11
2026.09.17-08:34:00.798[31m error[39m [caliper] [connectors/peer-gateway/PeerGateway] 	Failed to perform submit transaction [Transfer] using arguments [wlt_c_20260917-pilot6_calibration-retail-transfer-low-1w-40tps-r2_retail-transfer-low_w0_52,wlt_c_20260917-pilot6_calibration-retail-transfer-low-1w-40tps-r2_retail-transfer-low_w0_114,1000,transfer_20260917-pilot6_calibration-retail-transfer-low-1w-40tps-r2_retail-transfer-low_w0_r1_1091],  with error: Error: Failed to submit trasaction with status code: 11
2026.09.17-08:34:00.798[31m error[39m [caliper] [connectors/peer-gateway/PeerGateway] 	Failed to perform submit transaction [Transfer] using arguments [wlt_c_20260917-pilot6_calibration-retail-transfer-low-1w-40tps-r2_retail-transfer-low_w0_53,wlt_c_20260917-pilot6_calibration-retail-transfer-low-1w-40tps-r2_retail-transfer-low_w0_116,1000,transfer_20260917-pilot6_calibration-retail-transfer-low-1w-40tps-r2_retail-transfer-low_w0_r1_1092],  with error: Error: Failed to submit trasaction with status code: 11
2026.09.17-08:34:00.805[31m error[39m [caliper] [connectors/peer-gateway/PeerGateway] 	Failed to perform submit transaction [Transfer] using arguments [wlt_c_20260917-pilot6_calibration-retail-transfer-low-1w-40tps-r2_retail-transfer-low_w0_44,wlt_c_20260917-pilot6_calibration-retail-transfer-low-1w-40tps-r2_retail-transfer-low_w0_107,1000,transfer_20260917-pilot6_calibration-retail-transfer-low-1w-40tps-r2_retail-transfer-low_w0_r1_1085],  with error: Error: Failed to submit trasaction with status code: 11
2026.09.17-08:34:00.806[31m error[39m [caliper] [connectors/peer-gateway/PeerGateway] 	Failed to perform submit transaction [Transfer] using arguments [wlt_c_20260917-pilot6_calibration-retail-transfer-low-1w-40tps-r2_retail-transfer-low_w0_32,wlt_c_20260917-pilot6_calibration-retail-transfer-low-1w-40tps-r2_retail-transfer-low_w0_94,1000,transfer_20260917-pilot6_calibration-retail-transfer-low-1w-40tps-r2_retail-transfer-low_w0_r1_1075],  with error: Error: Failed to submit trasaction with status code: 11
2026.09.17-08:34:00.806[31m error[39m [caliper] [connectors/peer-gateway/PeerGateway] 	Failed to perform submit transaction [Transfer] using arguments [wlt_c_20260917-pilot6_calibration-retail-transfer-low-1w-40tps-r2_retail-transfer-low_w0_43,wlt_c_20260917-pilot6_calibration-retail-transfer-low-1w-40tps-r2_retail-transfer-low_w0_106,1000,transfer_20260917-pilot6_calibration-retail-transfer-low-1w-40tps-r2_retail-transfer-low_w0_r1_1084],  with error: Error: Failed to submit trasaction with status code: 11
2026.09.17-08:34:00.960[31m error[39m [caliper] [connectors/peer-gateway/PeerGateway] 	Failed to perform submit transaction [Transfer] using arguments [wlt_c_20260917-pilot6_calibration-retail-transfer-low-1w-40tps-r2_retail-transfer-low_w0_49,wlt_c_20260917-pilot6_calibration-retail-transfer-low-1w-40tps-r2_retail-transfer-low_w0_112,1000,transfer_20260917-pilot6_calibration-retail-transfer-low-1w-40tps-r2_retail-transfer-low_w0_r1_1089],  with error: Error: Failed to submit trasaction with status code: 11
2026.09.17-08:34:00.960[31m error[39m [caliper] [connectors/peer-gateway/PeerGateway] 	Failed to perform submit transaction [Transfer] using arguments [wlt_c_20260917-pilot6_calibration-retail-transfer-low-1w-40tps-r2_retail-transfer-low_w0_54,wlt_c_20260917-pilot6_calibration-retail-transfer-low-1w-40tps-r2_retail-transfer-low_w0_117,1000,transfer_20260917-pilot6_calibration-retail-transfer-low-1w-40tps-r2_retail-transfer-low_w0_r1_1093],  with error: Error: Failed to submit trasaction with status code: 11
2026.09.17-08:34:00.961[31m error[39m [caliper] [connectors/peer-gateway/PeerGateway] 	Failed to perform submit transaction [Transfer] using arguments [wlt_c_20260917-pilot6_calibration-retail-transfer-low-1w-40tps-r2_retail-transfer-low_w0_2,wlt_c_20260917-pilot6_calibration-retail-transfer-low-1w-40tps-r2_retail-transfer-low_w0_64,1000,transfer_20260917-pilot6_calibration-retail-transfer-low-1w-40tps-r2_retail-transfer-low_w0_r1_1101],  with error: Error: Failed to submit trasaction with status code: 11
2026.09.17-08:34:01.261[31m error[39m [caliper] [connectors/peer-gateway/PeerGateway] 	Failed to perform submit transaction [Transfer] using arguments [wlt_c_20260917-pilot6_calibration-retail-transfer-low-1w-40tps-r2_retail-transfer-low_w0_16,wlt_c_20260917-pilot6_calibration-retail-transfer-low-1w-40tps-r2_retail-transfer-low_w0_78,1000,transfer_20260917-pilot6_calibration-retail-transfer-low-1w-40tps-r2_retail-transfer-low_w0_r1_1112],  with error: Error: Failed to submit trasaction with status code: 11
2026.09.17-08:34:01.531[31m error[39m [caliper] [connectors/peer-gateway/PeerGateway] 	Failed to perform submit transaction [Transfer] using arguments [wlt_c_20260917-pilot6_calibration-retail-transfer-low-1w-40tps-r2_retail-transfer-low_w0_21,wlt_c_20260917-pilot6_calibration-retail-transfer-low-1w-40tps-r2_retail-transfer-low_w0_83,1000,transfer_20260917-pilot6_calibration-retail-transfer-low-1w-40tps-r2_retail-transfer-low_w0_r1_1116],  with error: Error: Failed to submit trasaction with status code: 11
2026.09.17-08:34:01.533[31m error[39m [caliper] [connectors/peer-gateway/PeerGateway] 	Failed to perform submit transaction [Transfer] using arguments [wlt_c_20260917-pilot6_calibration-retail-transfer-low-1w-40tps-r2_retail-transfer-low_w0_18,wlt_c_20260917-pilot6_calibration-retail-transfer-low-1w-40tps-r2_retail-transfer-low_w0_81,1000,transfer_20260917-pilot6_calibration-retail-transfer-low-1w-40tps-r2_retail-transfer-low_w0_r1_1114],  with error: Error: Failed to submit trasaction with status code: 11
2026.09.17-08:34:01.533[31m error[39m [caliper] [connectors/peer-gateway/PeerGateway] 	Failed to perform submit transaction [Transfer] using arguments [wlt_c_20260917-pilot6_calibration-retail-transfer-low-1w-40tps-r2_retail-transfer-low_w0_14,wlt_c_20260917-pilot6_calibration-retail-transfer-low-1w-40tps-r2_retail-transfer-low_w0_77,1000,transfer_20260917-pilot6_calibration-retail-transfer-low-1w-40tps-r2_retail-transfer-low_w0_r1_1111],  with error: Error: Failed to submit trasaction with status code: 11
2026.09.17-08:34:01.534[31m error[39m [caliper] [connectors/peer-gateway/PeerGateway] 	Failed to perform submit transaction [Transfer] using arguments [wlt_c_20260917-pilot6_calibration-retail-transfer-low-1w-40tps-r2_retail-transfer-low_w0_8,wlt_c_20260917-pilot6_calibration-retail-transfer-low-1w-40tps-r2_retail-transfer-low_w0_71,1000,transfer_20260917-pilot6_calibration-retail-transfer-low-1w-40tps-r2_retail-transfer-low_w0_r1_1106],  with error: Error: Failed to submit trasaction with status code: 11
2026.09.17-08:34:01.798[31m error[39m [caliper] [connectors/peer-gateway/PeerGateway] 	Failed to perform submit transaction [Transfer] using arguments [wlt_c_20260917-pilot6_calibration-retail-transfer-low-1w-40tps-r2_retail-transfer-low_w0_34,wlt_c_20260917-pilot6_calibration-retail-transfer-low-1w-40tps-r2_retail-transfer-low_w0_97,1000,transfer_20260917-pilot6_calibration-retail-transfer-low-1w-40tps-r2_retail-transfer-low_w0_r1_1127],  with error: Error: Failed to submit trasaction with status code: 11
2026.09.17-08:34:01.800[31m error[39m [caliper] [connectors/peer-gateway/PeerGateway] 	Failed to perform submit transaction [Transfer] using arguments [wlt_c_20260917-pilot6_calibration-retail-transfer-low-1w-40tps-r2_retail-transfer-low_w0_33,wlt_c_20260917-pilot6_calibration-retail-transfer-low-1w-40tps-r2_retail-transfer-low_w0_96,1000,transfer_20260917-pilot6_calibration-retail-transfer-low-1w-40tps-r2_retail-transfer-low_w0_r1_1126],  with error: Error: Failed to submit trasaction with status code: 11
2026.09.17-08:34:01.800[31m error[39m [caliper] [connectors/peer-gateway/PeerGateway] 	Failed to perform submit transaction [Transfer] using arguments [wlt_c_20260917-pilot6_calibration-retail-transfer-low-1w-40tps-r2_retail-transfer-low_w0_39,wlt_c_20260917-pilot6_calibration-retail-transfer-low-1w-40tps-r2_retail-transfer-low_w0_102,1000,transfer_20260917-pilot6_calibration-retail-transfer-low-1w-40tps-r2_retail-transfer-low_w0_r1_1131],  with error: Error: Failed to submit trasaction with status code: 11
2026.09.17-08:34:01.926[31m error[39m [caliper] [connectors/peer-gateway/PeerGateway] 	Failed to perform submit transaction [Transfer] using arguments [wlt_c_20260917-pilot6_calibration-retail-transfer-low-1w-40tps-r2_retail-transfer-low_w0_38,wlt_c_20260917-pilot6_calibration-retail-transfer-low-1w-40tps-r2_retail-transfer-low_w0_101,1000,transfer_20260917-pilot6_calibration-retail-transfer-low-1w-40tps-r2_retail-transfer-low_w0_r1_1130],  with error: Error: Failed to submit trasaction with status code: 11
2026.09.17-08:34:01.927[31m error[39m [caliper] [connectors/peer-gateway/PeerGateway] 	Failed to perform submit transaction [Transfer] using arguments [wlt_c_20260917-pilot6_calibration-retail-transfer-low-1w-40tps-r2_retail-transfer-low_w0_47,wlt_c_20260917-pilot6_calibration-retail-transfer-low-1w-40tps-r2_retail-transfer-low_w0_109,1000,transfer_20260917-pilot6_calibration-retail-transfer-low-1w-40tps-r2_retail-transfer-low_w0_r1_1137],  with error: Error: Failed to submit trasaction with status code: 11
2026.09.17-08:34:01.927[31m error[39m [caliper] [connectors/peer-gateway/PeerGateway] 	Failed to perform submit transaction [Transfer] using arguments [wlt_c_20260917-pilot6_calibration-retail-transfer-low-1w-40tps-r2_retail-transfer-low_w0_46,wlt_c_20260917-pilot6_calibration-retail-transfer-low-1w-40tps-r2_retail-transfer-low_w0_108,1000,transfer_20260917-pilot6_calibration-retail-transfer-low-1w-40tps-r2_retail-transfer-low_w0_r1_1136],  with error: Error: Failed to submit trasaction with status code: 11
2026.09.17-08:34:01.927[31m error[39m [caliper] [connectors/peer-gateway/PeerGateway] 	Failed to perform submit transaction [Transfer] using arguments [wlt_c_20260917-pilot6_calibration-retail-transfer-low-1w-40tps-r2_retail-transfer-low_w0_48,wlt_c_20260917-pilot6_calibration-retail-transfer-low-1w-40tps-r2_retail-transfer-low_w0_111,1000,transfer_20260917-pilot6_calibration-retail-transfer-low-1w-40tps-r2_retail-transfer-low_w0_r1_1138],  with error: Error: Failed to submit trasaction with status code: 11
2026.09.17-08:34:02.059[31m error[39m [caliper] [connectors/peer-gateway/PeerGateway] 	Failed to perform submit transaction [Transfer] using arguments [wlt_c_20260917-pilot6_calibration-retail-transfer-low-1w-40tps-r2_retail-transfer-low_w0_1,wlt_c_20260917-pilot6_calibration-retail-transfer-low-1w-40tps-r2_retail-transfer-low_w0_63,1000,transfer_20260917-pilot6_calibration-retail-transfer-low-1w-40tps-r2_retail-transfer-low_w0_r1_1150],  with error: Error: Failed to submit trasaction with status code: 11
2026.09.17-08:34:02.064[31m error[39m [caliper] [connectors/peer-gateway/PeerGateway] 	Failed to perform submit transaction [Transfer] using arguments [wlt_c_20260917-pilot6_calibration-retail-transfer-low-1w-40tps-r2_retail-transfer-low_w0_51,wlt_c_20260917-pilot6_calibration-retail-transfer-low-1w-40tps-r2_retail-transfer-low_w0_113,1000,transfer_20260917-pilot6_calibration-retail-transfer-low-1w-40tps-r2_retail-transfer-low_w0_r1_1140],  with error: Error: Failed to submit trasaction with status code: 11
2026.09.17-08:34:02.065[31m error[39m [caliper] [connectors/peer-gateway/PeerGateway] 	Failed to perform submit transaction [Transfer] using arguments [wlt_c_20260917-pilot6_calibration-retail-transfer-low-1w-40tps-r2_retail-transfer-low_w0_56,wlt_c_20260917-pilot6_calibration-retail-transfer-low-1w-40tps-r2_retail-transfer-low_w0_118,1000,transfer_20260917-pilot6_calibration-retail-transfer-low-1w-40tps-r2_retail-transfer-low_w0_r1_1144],  with error: Error: Failed to submit trasaction with status code: 11
2026.09.17-08:34:02.065[31m error[39m [caliper] [connectors/peer-gateway/PeerGateway] 	Failed to perform submit transaction [Transfer] using arguments [wlt_c_20260917-pilot6_calibration-retail-transfer-low-1w-40tps-r2_retail-transfer-low_w0_57,wlt_c_20260917-pilot6_calibration-retail-transfer-low-1w-40tps-r2_retail-transfer-low_w0_119,1000,transfer_20260917-pilot6_calibration-retail-transfer-low-1w-40tps-r2_retail-transfer-low_w0_r1_1145],  with error: Error: Failed to submit trasaction with status code: 11
2026.09.17-08:34:02.066[31m error[39m [caliper] [connectors/peer-gateway/PeerGateway] 	Failed to perform submit transaction [Transfer] using arguments [wlt_c_20260917-pilot6_calibration-retail-transfer-low-1w-40tps-r2_retail-transfer-low_w0_62,wlt_c_20260917-pilot6_calibration-retail-transfer-low-1w-40tps-r2_retail-transfer-low_w0_124,1000,transfer_20260917-pilot6_calibration-retail-transfer-low-1w-40tps-r2_retail-transfer-low_w0_r1_1149],  with error: Error: Failed to submit trasaction with status code: 11
2026.09.17-08:34:02.308[31m error[39m [caliper] [connectors/peer-gateway/PeerGateway] 	Failed to perform submit transaction [Transfer] using arguments [wlt_c_20260917-pilot6_calibration-retail-transfer-low-1w-40tps-r2_retail-transfer-low_w0_11,wlt_c_20260917-pilot6_calibration-retail-transfer-low-1w-40tps-r2_retail-transfer-low_w0_73,1000,transfer_20260917-pilot6_calibration-retail-transfer-low-1w-40tps-r2_retail-transfer-low_w0_r1_1158],  with error: Error: Failed to submit trasaction with status code: 11
2026.09.17-08:34:02.309[31m error[39m [caliper] [connectors/peer-gateway/PeerGateway] 	Failed to perform submit transaction [Transfer] using arguments [wlt_c_20260917-pilot6_calibration-retail-transfer-low-1w-40tps-r2_retail-transfer-low_w0_3,wlt_c_20260917-pilot6_calibration-retail-transfer-low-1w-40tps-r2_retail-transfer-low_w0_66,1000,transfer_20260917-pilot6_calibration-retail-transfer-low-1w-40tps-r2_retail-transfer-low_w0_r1_1152],  with error: Error: Failed to submit trasaction with status code: 11
2026.09.17-08:34:02.629[31m error[39m [caliper] [connectors/peer-gateway/PeerGateway] 	Failed to perform submit transaction [Transfer] using arguments [wlt_c_20260917-pilot6_calibration-retail-transfer-low-1w-40tps-r2_retail-transfer-low_w0_26,wlt_c_20260917-pilot6_calibration-retail-transfer-low-1w-40tps-r2_retail-transfer-low_w0_88,1000,transfer_20260917-pilot6_calibration-retail-transfer-low-1w-40tps-r2_retail-transfer-low_w0_r1_1170],  with error: Error: Failed to submit trasaction with status code: 11
2026.09.17-08:34:02.630[31m error[39m [caliper] [connectors/peer-gateway/PeerGateway] 	Failed to perform submit transaction [Transfer] using arguments [wlt_c_20260917-pilot6_calibration-retail-transfer-low-1w-40tps-r2_retail-transfer-low_w0_13,wlt_c_20260917-pilot6_calibration-retail-transfer-low-1w-40tps-r2_retail-transfer-low_w0_76,1000,transfer_20260917-pilot6_calibration-retail-transfer-low-1w-40tps-r2_retail-transfer-low_w0_r1_1160],  with error: Error: Failed to submit trasaction with status code: 11
2026.09.17-08:34:02.631[31m error[39m [caliper] [connectors/peer-gateway/PeerGateway] 	Failed to perform submit transaction [Transfer] using arguments [wlt_c_20260917-pilot6_calibration-retail-transfer-low-1w-40tps-r2_retail-transfer-low_w0_17,wlt_c_20260917-pilot6_calibration-retail-transfer-low-1w-40tps-r2_retail-transfer-low_w0_79,1000,transfer_20260917-pilot6_calibration-retail-transfer-low-1w-40tps-r2_retail-transfer-low_w0_r1_1163],  with error: Error: Failed to submit trasaction with status code: 11
2026.09.17-08:34:02.632[31m error[39m [caliper] [connectors/peer-gateway/PeerGateway] 	Failed to perform submit transaction [Transfer] using arguments [wlt_c_20260917-pilot6_calibration-retail-transfer-low-1w-40tps-r2_retail-transfer-low_w0_27,wlt_c_20260917-pilot6_calibration-retail-transfer-low-1w-40tps-r2_retail-transfer-low_w0_89,1000,transfer_20260917-pilot6_calibration-retail-transfer-low-1w-40tps-r2_retail-transfer-low_w0_r1_1171],  with error: Error: Failed to submit trasaction with status code: 11
2026.09.17-08:34:02.634[31m error[39m [caliper] [connectors/peer-gateway/PeerGateway] 	Failed to perform submit transaction [Transfer] using arguments [wlt_c_20260917-pilot6_calibration-retail-transfer-low-1w-40tps-r2_retail-transfer-low_w0_28,wlt_c_20260917-pilot6_calibration-retail-transfer-low-1w-40tps-r2_retail-transfer-low_w0_91,1000,transfer_20260917-pilot6_calibration-retail-transfer-low-1w-40tps-r2_retail-transfer-low_w0_r1_1172],  with error: Error: Failed to submit trasaction with status code: 11
2026.09.17-08:34:03.013[31m error[39m [caliper] [connectors/peer-gateway/PeerGateway] 	Failed to perform submit transaction [Transfer] using arguments [wlt_c_20260917-pilot6_calibration-retail-transfer-low-1w-40tps-r2_retail-transfer-low_w0_29,wlt_c_20260917-pilot6_calibration-retail-transfer-low-1w-40tps-r2_retail-transfer-low_w0_92,1000,transfer_20260917-pilot6_calibration-retail-transfer-low-1w-40tps-r2_retail-transfer-low_w0_r1_1173],  with error: Error: Failed to submit trasaction with status code: 11
2026.09.17-08:34:03.013[31m error[39m [caliper] [connectors/peer-gateway/PeerGateway] 	Failed to perform submit transaction [Transfer] using arguments [wlt_c_20260917-pilot6_calibration-retail-transfer-low-1w-40tps-r2_retail-transfer-low_w0_31,wlt_c_20260917-pilot6_calibration-retail-transfer-low-1w-40tps-r2_retail-transfer-low_w0_93,1000,transfer_20260917-pilot6_calibration-retail-transfer-low-1w-40tps-r2_retail-transfer-low_w0_r1_1174],  with error: Error: Failed to submit trasaction with status code: 11
2026.09.17-08:34:03.014[31m error[39m [caliper] [connectors/peer-gateway/PeerGateway] 	Failed to perform submit transaction [Transfer] using arguments [wlt_c_20260917-pilot6_calibration-retail-transfer-low-1w-40tps-r2_retail-transfer-low_w0_41,wlt_c_20260917-pilot6_calibration-retail-transfer-low-1w-40tps-r2_retail-transfer-low_w0_103,1000,transfer_20260917-pilot6_calibration-retail-transfer-low-1w-40tps-r2_retail-transfer-low_w0_r1_1182],  with error: Error: Failed to submit trasaction with status code: 11
2026.09.17-08:34:03.015[31m error[39m [caliper] [connectors/peer-gateway/PeerGateway] 	Failed to perform submit transaction [Transfer] using arguments [wlt_c_20260917-pilot6_calibration-retail-transfer-low-1w-40tps-r2_retail-transfer-low_w0_36,wlt_c_20260917-pilot6_calibration-retail-transfer-low-1w-40tps-r2_retail-transfer-low_w0_98,1000,transfer_20260917-pilot6_calibration-retail-transfer-low-1w-40tps-r2_retail-transfer-low_w0_r1_1178],  with error: Error: Failed to submit trasaction with status code: 11
2026.09.17-08:34:03.250[31m error[39m [caliper] [connectors/peer-gateway/PeerGateway] 	Failed to perform submit transaction [Transfer] using arguments [wlt_c_20260917-pilot6_calibration-retail-transfer-low-1w-40tps-r2_retail-transfer-low_w0_49,wlt_c_20260917-pilot6_calibration-retail-transfer-low-1w-40tps-r2_retail-transfer-low_w0_112,1000,transfer_20260917-pilot6_calibration-retail-transfer-low-1w-40tps-r2_retail-transfer-low_w0_r1_1189],  with error: Error: Failed to submit trasaction with status code: 11
2026.09.17-08:34:03.258[31m error[39m [caliper] [connectors/peer-gateway/PeerGateway] 	Failed to perform submit transaction [Transfer] using arguments [wlt_c_20260917-pilot6_calibration-retail-transfer-low-1w-40tps-r2_retail-transfer-low_w0_37,wlt_c_20260917-pilot6_calibration-retail-transfer-low-1w-40tps-r2_retail-transfer-low_w0_99,1000,transfer_20260917-pilot6_calibration-retail-transfer-low-1w-40tps-r2_retail-transfer-low_w0_r1_1179],  with error: Error: Failed to submit trasaction with status code: 11
2026.09.17-08:34:03.259[31m error[39m [caliper] [connectors/peer-gateway/PeerGateway] 	Failed to perform submit transaction [Transfer] using arguments [wlt_c_20260917-pilot6_calibration-retail-transfer-low-1w-40tps-r2_retail-transfer-low_w0_43,wlt_c_20260917-pilot6_calibration-retail-transfer-low-1w-40tps-r2_retail-transfer-low_w0_106,1000,transfer_20260917-pilot6_calibration-retail-transfer-low-1w-40tps-r2_retail-transfer-low_w0_r1_1184],  with error: Error: Failed to submit trasaction with status code: 11
2026.09.17-08:34:03.842[31m error[39m [caliper] [connectors/peer-gateway/PeerGateway] 	Failed to perform submit transaction [Transfer] using arguments [wlt_c_20260917-pilot6_calibration-retail-transfer-low-1w-40tps-r2_retail-transfer-low_w0_8,wlt_c_20260917-pilot6_calibration-retail-transfer-low-1w-40tps-r2_retail-transfer-low_w0_71,1000,transfer_20260917-pilot6_calibration-retail-transfer-low-1w-40tps-r2_retail-transfer-low_w0_r1_1206],  with error: Error: Failed to submit trasaction with status code: 11
2026.09.17-08:34:03.974[31m error[39m [caliper] [connectors/peer-gateway/PeerGateway] 	Failed to perform submit transaction [Transfer] using arguments [wlt_c_20260917-pilot6_calibration-retail-transfer-low-1w-40tps-r2_retail-transfer-low_w0_23,wlt_c_20260917-pilot6_calibration-retail-transfer-low-1w-40tps-r2_retail-transfer-low_w0_86,1000,transfer_20260917-pilot6_calibration-retail-transfer-low-1w-40tps-r2_retail-transfer-low_w0_r1_1218],  with error: Error: Failed to submit trasaction with status code: 11
2026.09.17-08:34:03.976[31m error[39m [caliper] [connectors/peer-gateway/PeerGateway] 	Failed to perform submit transaction [Transfer] using arguments [wlt_c_20260917-pilot6_calibration-retail-transfer-low-1w-40tps-r2_retail-transfer-low_w0_18,wlt_c_20260917-pilot6_calibration-retail-transfer-low-1w-40tps-r2_retail-transfer-low_w0_81,1000,transfer_20260917-pilot6_calibration-retail-transfer-low-1w-40tps-r2_retail-transfer-low_w0_r1_1214],  with error: Error: Failed to submit trasaction with status code: 11
2026.09.17-08:34:03.976[31m error[39m [caliper] [connectors/peer-gateway/PeerGateway] 	Failed to perform submit transaction [Transfer] using arguments [wlt_c_20260917-pilot6_calibration-retail-transfer-low-1w-40tps-r2_retail-transfer-low_w0_19,wlt_c_20260917-pilot6_calibration-retail-transfer-low-1w-40tps-r2_retail-transfer-low_w0_82,1000,transfer_20260917-pilot6_calibration-retail-transfer-low-1w-40tps-r2_retail-transfer-low_w0_r1_1215],  with error: Error: Failed to submit trasaction with status code: 11
2026.09.17-08:34:04.162[31m error[39m [caliper] [connectors/peer-gateway/PeerGateway] 	Failed to perform submit transaction [Transfer] using arguments [wlt_c_20260917-pilot6_calibration-retail-transfer-low-1w-40tps-r2_retail-transfer-low_w0_33,wlt_c_20260917-pilot6_calibration-retail-transfer-low-1w-40tps-r2_retail-transfer-low_w0_96,1000,transfer_20260917-pilot6_calibration-retail-transfer-low-1w-40tps-r2_retail-transfer-low_w0_r1_1226],  with error: Error: Failed to submit trasaction with status code: 11
2026.09.17-08:34:04.165[31m error[39m [caliper] [connectors/peer-gateway/PeerGateway] 	Failed to perform submit transaction [Transfer] using arguments [wlt_c_20260917-pilot6_calibration-retail-transfer-low-1w-40tps-r2_retail-transfer-low_w0_39,wlt_c_20260917-pilot6_calibration-retail-transfer-low-1w-40tps-r2_retail-transfer-low_w0_102,1000,transfer_20260917-pilot6_calibration-retail-transfer-low-1w-40tps-r2_retail-transfer-low_w0_r1_1231],  with error: Error: Failed to submit trasaction with status code: 11
2026.09.17-08:34:04.429[31m error[39m [caliper] [connectors/peer-gateway/PeerGateway] 	Failed to perform submit transaction [Transfer] using arguments [wlt_c_20260917-pilot6_calibration-retail-transfer-low-1w-40tps-r2_retail-transfer-low_w0_38,wlt_c_20260917-pilot6_calibration-retail-transfer-low-1w-40tps-r2_retail-transfer-low_w0_101,1000,transfer_20260917-pilot6_calibration-retail-transfer-low-1w-40tps-r2_retail-transfer-low_w0_r1_1230],  with error: Error: Failed to submit trasaction with status code: 11
2026.09.17-08:34:04.433[31m error[39m [caliper] [connectors/peer-gateway/PeerGateway] 	Failed to perform submit transaction [Transfer] using arguments [wlt_c_20260917-pilot6_calibration-retail-transfer-low-1w-40tps-r2_retail-transfer-low_w0_52,wlt_c_20260917-pilot6_calibration-retail-transfer-low-1w-40tps-r2_retail-transfer-low_w0_114,1000,transfer_20260917-pilot6_calibration-retail-transfer-low-1w-40tps-r2_retail-transfer-low_w0_r1_1241],  with error: Error: Failed to submit trasaction with status code: 11
2026.09.17-08:34:04.670[31m error[39m [caliper] [connectors/peer-gateway/PeerGateway] 	Failed to perform submit transaction [Transfer] using arguments [wlt_c_20260917-pilot6_calibration-retail-transfer-low-1w-40tps-r2_retail-transfer-low_w0_7,wlt_c_20260917-pilot6_calibration-retail-transfer-low-1w-40tps-r2_retail-transfer-low_w0_69,1000,transfer_20260917-pilot6_calibration-retail-transfer-low-1w-40tps-r2_retail-transfer-low_w0_r1_1255],  with error: Error: Failed to submit trasaction with status code: 11
2026.09.17-08:34:04.671[31m error[39m [caliper] [connectors/peer-gateway/PeerGateway] 	Failed to perform submit transaction [Transfer] using arguments [wlt_c_20260917-pilot6_calibration-retail-transfer-low-1w-40tps-r2_retail-transfer-low_w0_56,wlt_c_20260917-pilot6_calibration-retail-transfer-low-1w-40tps-r2_retail-transfer-low_w0_118,1000,transfer_20260917-pilot6_calibration-retail-transfer-low-1w-40tps-r2_retail-transfer-low_w0_r1_1244],  with error: Error: Failed to submit trasaction with status code: 11
2026.09.17-08:34:04.675[31m error[39m [caliper] [connectors/peer-gateway/PeerGateway] 	Failed to perform submit transaction [Transfer] using arguments [wlt_c_20260917-pilot6_calibration-retail-transfer-low-1w-40tps-r2_retail-transfer-low_w0_53,wlt_c_20260917-pilot6_calibration-retail-transfer-low-1w-40tps-r2_retail-transfer-low_w0_116,1000,transfer_20260917-pilot6_calibration-retail-transfer-low-1w-40tps-r2_retail-transfer-low_w0_r1_1242],  with error: Error: Failed to submit trasaction with status code: 11
2026.09.17-08:34:04.675[31m error[39m [caliper] [connectors/peer-gateway/PeerGateway] 	Failed to perform submit transaction [Transfer] using arguments [wlt_c_20260917-pilot6_calibration-retail-transfer-low-1w-40tps-r2_retail-transfer-low_w0_51,wlt_c_20260917-pilot6_calibration-retail-transfer-low-1w-40tps-r2_retail-transfer-low_w0_113,1000,transfer_20260917-pilot6_calibration-retail-transfer-low-1w-40tps-r2_retail-transfer-low_w0_r1_1240],  with error: Error: Failed to submit trasaction with status code: 11
2026.09.17-08:34:04.676[31m error[39m [caliper] [connectors/peer-gateway/PeerGateway] 	Failed to perform submit transaction [Transfer] using arguments [wlt_c_20260917-pilot6_calibration-retail-transfer-low-1w-40tps-r2_retail-transfer-low_w0_54,wlt_c_20260917-pilot6_calibration-retail-transfer-low-1w-40tps-r2_retail-transfer-low_w0_117,1000,transfer_20260917-pilot6_calibration-retail-transfer-low-1w-40tps-r2_retail-transfer-low_w0_r1_1243],  with error: Error: Failed to submit trasaction with status code: 11
2026.09.17-08:34:04.677[31m error[39m [caliper] [connectors/peer-gateway/PeerGateway] 	Failed to perform submit transaction [Transfer] using arguments [wlt_c_20260917-pilot6_calibration-retail-transfer-low-1w-40tps-r2_retail-transfer-low_w0_11,wlt_c_20260917-pilot6_calibration-retail-transfer-low-1w-40tps-r2_retail-transfer-low_w0_73,1000,transfer_20260917-pilot6_calibration-retail-transfer-low-1w-40tps-r2_retail-transfer-low_w0_r1_1258],  with error: Error: Failed to submit trasaction with status code: 11
2026.09.17-08:34:04.678[31m error[39m [caliper] [connectors/peer-gateway/PeerGateway] 	Failed to perform submit transaction [Transfer] using arguments [wlt_c_20260917-pilot6_calibration-retail-transfer-low-1w-40tps-r2_retail-transfer-low_w0_59,wlt_c_20260917-pilot6_calibration-retail-transfer-low-1w-40tps-r2_retail-transfer-low_w0_122,1000,transfer_20260917-pilot6_calibration-retail-transfer-low-1w-40tps-r2_retail-transfer-low_w0_r1_1247],  with error: Error: Failed to submit trasaction with status code: 11
2026.09.17-08:34:04.917[31m error[39m [caliper] [connectors/peer-gateway/PeerGateway] 	Failed to perform submit transaction [Transfer] using arguments [wlt_c_20260917-pilot6_calibration-retail-transfer-low-1w-40tps-r2_retail-transfer-low_w0_4,wlt_c_20260917-pilot6_calibration-retail-transfer-low-1w-40tps-r2_retail-transfer-low_w0_67,1000,transfer_20260917-pilot6_calibration-retail-transfer-low-1w-40tps-r2_retail-transfer-low_w0_r1_1253],  with error: Error: Failed to submit trasaction with status code: 11
2026.09.17-08:34:04.917[31m error[39m [caliper] [connectors/peer-gateway/PeerGateway] 	Failed to perform submit transaction [Transfer] using arguments [wlt_c_20260917-pilot6_calibration-retail-transfer-low-1w-40tps-r2_retail-transfer-low_w0_2,wlt_c_20260917-pilot6_calibration-retail-transfer-low-1w-40tps-r2_retail-transfer-low_w0_64,1000,transfer_20260917-pilot6_calibration-retail-transfer-low-1w-40tps-r2_retail-transfer-low_w0_r1_1251],  with error: Error: Failed to submit trasaction with status code: 11
2026.09.17-08:34:04.917[31m error[39m [caliper] [connectors/peer-gateway/PeerGateway] 	Failed to perform submit transaction [Transfer] using arguments [wlt_c_20260917-pilot6_calibration-retail-transfer-low-1w-40tps-r2_retail-transfer-low_w0_9,wlt_c_20260917-pilot6_calibration-retail-transfer-low-1w-40tps-r2_retail-transfer-low_w0_72,1000,transfer_20260917-pilot6_calibration-retail-transfer-low-1w-40tps-r2_retail-transfer-low_w0_r1_1257],  with error: Error: Failed to submit trasaction with status code: 11
2026.09.17-08:34:04.917[31m error[39m [caliper] [connectors/peer-gateway/PeerGateway] 	Failed to perform submit transaction [Transfer] using arguments [wlt_c_20260917-pilot6_calibration-retail-transfer-low-1w-40tps-r2_retail-transfer-low_w0_3,wlt_c_20260917-pilot6_calibration-retail-transfer-low-1w-40tps-r2_retail-transfer-low_w0_66,1000,transfer_20260917-pilot6_calibration-retail-transfer-low-1w-40tps-r2_retail-transfer-low_w0_r1_1252],  with error: Error: Failed to submit trasaction with status code: 11
2026.09.17-08:34:04.917[31m error[39m [caliper] [connectors/peer-gateway/PeerGateway] 	Failed to perform submit transaction [Transfer] using arguments [wlt_c_20260917-pilot6_calibration-retail-transfer-low-1w-40tps-r2_retail-transfer-low_w0_6,wlt_c_20260917-pilot6_calibration-retail-transfer-low-1w-40tps-r2_retail-transfer-low_w0_68,1000,transfer_20260917-pilot6_calibration-retail-transfer-low-1w-40tps-r2_retail-transfer-low_w0_r1_1254],  with error: Error: Failed to submit trasaction with status code: 11
2026.09.17-08:34:05.047[32m info [39m [caliper] [default-observer] 	[retail-transfer-low-40tps Round 1 Transaction Info] - Submitted: 1283 Succ: 1074 Fail:156 Unfinished:53
2026.09.17-08:34:05.118[31m error[39m [caliper] [connectors/peer-gateway/PeerGateway] 	Failed to perform submit transaction [Transfer] using arguments [wlt_c_20260917-pilot6_calibration-retail-transfer-low-1w-40tps-r2_retail-transfer-low_w0_14,wlt_c_20260917-pilot6_calibration-retail-transfer-low-1w-40tps-r2_retail-transfer-low_w0_77,1000,transfer_20260917-pilot6_calibration-retail-transfer-low-1w-40tps-r2_retail-transfer-low_w0_r1_1261],  with error: Error: Failed to submit trasaction with status code: 11
2026.09.17-08:34:05.119[31m error[39m [caliper] [connectors/peer-gateway/PeerGateway] 	Failed to perform submit transaction [Transfer] using arguments [wlt_c_20260917-pilot6_calibration-retail-transfer-low-1w-40tps-r2_retail-transfer-low_w0_16,wlt_c_20260917-pilot6_calibration-retail-transfer-low-1w-40tps-r2_retail-transfer-low_w0_78,1000,transfer_20260917-pilot6_calibration-retail-transfer-low-1w-40tps-r2_retail-transfer-low_w0_r1_1262],  with error: Error: Failed to submit trasaction with status code: 11
2026.09.17-08:34:05.120[31m error[39m [caliper] [connectors/peer-gateway/PeerGateway] 	Failed to perform submit transaction [Transfer] using arguments [wlt_c_20260917-pilot6_calibration-retail-transfer-low-1w-40tps-r2_retail-transfer-low_w0_13,wlt_c_20260917-pilot6_calibration-retail-transfer-low-1w-40tps-r2_retail-transfer-low_w0_76,1000,transfer_20260917-pilot6_calibration-retail-transfer-low-1w-40tps-r2_retail-transfer-low_w0_r1_1260],  with error: Error: Failed to submit trasaction with status code: 11
2026.09.17-08:34:05.121[31m error[39m [caliper] [connectors/peer-gateway/PeerGateway] 	Failed to perform submit transaction [Transfer] using arguments [wlt_c_20260917-pilot6_calibration-retail-transfer-low-1w-40tps-r2_retail-transfer-low_w0_21,wlt_c_20260917-pilot6_calibration-retail-transfer-low-1w-40tps-r2_retail-transfer-low_w0_83,1000,transfer_20260917-pilot6_calibration-retail-transfer-low-1w-40tps-r2_retail-transfer-low_w0_r1_1266],  with error: Error: Failed to submit trasaction with status code: 11
2026.09.17-08:34:05.122[31m error[39m [caliper] [connectors/peer-gateway/PeerGateway] 	Failed to perform submit transaction [Transfer] using arguments [wlt_c_20260917-pilot6_calibration-retail-transfer-low-1w-40tps-r2_retail-transfer-low_w0_26,wlt_c_20260917-pilot6_calibration-retail-transfer-low-1w-40tps-r2_retail-transfer-low_w0_88,1000,transfer_20260917-pilot6_calibration-retail-transfer-low-1w-40tps-r2_retail-transfer-low_w0_r1_1270],  with error: Error: Failed to submit trasaction with status code: 11
2026.09.17-08:34:05.367[31m error[39m [caliper] [connectors/peer-gateway/PeerGateway] 	Failed to perform submit transaction [Transfer] using arguments [wlt_c_20260917-pilot6_calibration-retail-transfer-low-1w-40tps-r2_retail-transfer-low_w0_27,wlt_c_20260917-pilot6_calibration-retail-transfer-low-1w-40tps-r2_retail-transfer-low_w0_89,1000,transfer_20260917-pilot6_calibration-retail-transfer-low-1w-40tps-r2_retail-transfer-low_w0_r1_1271],  with error: Error: Failed to submit trasaction with status code: 11
2026.09.17-08:34:05.374[31m error[39m [caliper] [connectors/peer-gateway/PeerGateway] 	Failed to perform submit transaction [Transfer] using arguments [wlt_c_20260917-pilot6_calibration-retail-transfer-low-1w-40tps-r2_retail-transfer-low_w0_31,wlt_c_20260917-pilot6_calibration-retail-transfer-low-1w-40tps-r2_retail-transfer-low_w0_93,1000,transfer_20260917-pilot6_calibration-retail-transfer-low-1w-40tps-r2_retail-transfer-low_w0_r1_1274],  with error: Error: Failed to submit trasaction with status code: 11
2026.09.17-08:34:05.375[31m error[39m [caliper] [connectors/peer-gateway/PeerGateway] 	Failed to perform submit transaction [Transfer] using arguments [wlt_c_20260917-pilot6_calibration-retail-transfer-low-1w-40tps-r2_retail-transfer-low_w0_29,wlt_c_20260917-pilot6_calibration-retail-transfer-low-1w-40tps-r2_retail-transfer-low_w0_92,1000,transfer_20260917-pilot6_calibration-retail-transfer-low-1w-40tps-r2_retail-transfer-low_w0_r1_1273],  with error: Error: Failed to submit trasaction with status code: 11
2026.09.17-08:34:05.833[31m error[39m [caliper] [connectors/peer-gateway/PeerGateway] 	Failed to perform submit transaction [Transfer] using arguments [wlt_c_20260917-pilot6_calibration-retail-transfer-low-1w-40tps-r2_retail-transfer-low_w0_57,wlt_c_20260917-pilot6_calibration-retail-transfer-low-1w-40tps-r2_retail-transfer-low_w0_119,1000,transfer_20260917-pilot6_calibration-retail-transfer-low-1w-40tps-r2_retail-transfer-low_w0_r1_1295],  with error: Error: Failed to submit trasaction with status code: 11
2026.09.17-08:34:05.834[31m error[39m [caliper] [connectors/peer-gateway/PeerGateway] 	Failed to perform submit transaction [Transfer] using arguments [wlt_c_20260917-pilot6_calibration-retail-transfer-low-1w-40tps-r2_retail-transfer-low_w0_46,wlt_c_20260917-pilot6_calibration-retail-transfer-low-1w-40tps-r2_retail-transfer-low_w0_108,1000,transfer_20260917-pilot6_calibration-retail-transfer-low-1w-40tps-r2_retail-transfer-low_w0_r1_1286],  with error: Error: Failed to submit trasaction with status code: 11
2026.09.17-08:34:05.834[31m error[39m [caliper] [connectors/peer-gateway/PeerGateway] 	Failed to perform submit transaction [Transfer] using arguments [wlt_c_20260917-pilot6_calibration-retail-transfer-low-1w-40tps-r2_retail-transfer-low_w0_58,wlt_c_20260917-pilot6_calibration-retail-transfer-low-1w-40tps-r2_retail-transfer-low_w0_121,1000,transfer_20260917-pilot6_calibration-retail-transfer-low-1w-40tps-r2_retail-transfer-low_w0_r1_1296],  with error: Error: Failed to submit trasaction with status code: 11
2026.09.17-08:34:06.115[31m error[39m [caliper] [connectors/peer-gateway/PeerGateway] 	Failed to perform submit transaction [Transfer] using arguments [wlt_c_20260917-pilot6_calibration-retail-transfer-low-1w-40tps-r2_retail-transfer-low_w0_1,wlt_c_20260917-pilot6_calibration-retail-transfer-low-1w-40tps-r2_retail-transfer-low_w0_63,1000,transfer_20260917-pilot6_calibration-retail-transfer-low-1w-40tps-r2_retail-transfer-low_w0_r1_1300],  with error: Error: Failed to submit trasaction with status code: 11
2026.09.17-08:34:06.487[31m error[39m [caliper] [connectors/peer-gateway/PeerGateway] 	Failed to perform submit transaction [Transfer] using arguments [wlt_c_20260917-pilot6_calibration-retail-transfer-low-1w-40tps-r2_retail-transfer-low_w0_22,wlt_c_20260917-pilot6_calibration-retail-transfer-low-1w-40tps-r2_retail-transfer-low_w0_84,1000,transfer_20260917-pilot6_calibration-retail-transfer-low-1w-40tps-r2_retail-transfer-low_w0_r1_1317],  with error: Error: Failed to submit trasaction with status code: 11
2026.09.17-08:34:07.607[31m error[39m [caliper] [connectors/peer-gateway/PeerGateway] 	Failed to perform submit transaction [Transfer] using arguments [wlt_c_20260917-pilot6_calibration-retail-transfer-low-1w-40tps-r2_retail-transfer-low_w0_13,wlt_c_20260917-pilot6_calibration-retail-transfer-low-1w-40tps-r2_retail-transfer-low_w0_76,1000,transfer_20260917-pilot6_calibration-retail-transfer-low-1w-40tps-r2_retail-transfer-low_w0_r1_1360],  with error: Error: Failed to submit trasaction with status code: 11
2026.09.17-08:34:07.978[31m error[39m [caliper] [connectors/peer-gateway/PeerGateway] 	Failed to perform submit transaction [Transfer] using arguments [wlt_c_20260917-pilot6_calibration-retail-transfer-low-1w-40tps-r2_retail-transfer-low_w0_43,wlt_c_20260917-pilot6_calibration-retail-transfer-low-1w-40tps-r2_retail-transfer-low_w0_106,1000,transfer_20260917-pilot6_calibration-retail-transfer-low-1w-40tps-r2_retail-transfer-low_w0_r1_1384],  with error: Error: Failed to submit trasaction with status code: 11
2026.09.17-08:34:07.979[31m error[39m [caliper] [connectors/peer-gateway/PeerGateway] 	Failed to perform submit transaction [Transfer] using arguments [wlt_c_20260917-pilot6_calibration-retail-transfer-low-1w-40tps-r2_retail-transfer-low_w0_26,wlt_c_20260917-pilot6_calibration-retail-transfer-low-1w-40tps-r2_retail-transfer-low_w0_88,1000,transfer_20260917-pilot6_calibration-retail-transfer-low-1w-40tps-r2_retail-transfer-low_w0_r1_1370],  with error: Error: Failed to submit trasaction with status code: 11
2026.09.17-08:34:07.979[31m error[39m [caliper] [connectors/peer-gateway/PeerGateway] 	Failed to perform submit transaction [Transfer] using arguments [wlt_c_20260917-pilot6_calibration-retail-transfer-low-1w-40tps-r2_retail-transfer-low_w0_38,wlt_c_20260917-pilot6_calibration-retail-transfer-low-1w-40tps-r2_retail-transfer-low_w0_101,1000,transfer_20260917-pilot6_calibration-retail-transfer-low-1w-40tps-r2_retail-transfer-low_w0_r1_1380],  with error: Error: Failed to submit trasaction with status code: 11
2026.09.17-08:34:07.980[31m error[39m [caliper] [connectors/peer-gateway/PeerGateway] 	Failed to perform submit transaction [Transfer] using arguments [wlt_c_20260917-pilot6_calibration-retail-transfer-low-1w-40tps-r2_retail-transfer-low_w0_37,wlt_c_20260917-pilot6_calibration-retail-transfer-low-1w-40tps-r2_retail-transfer-low_w0_99,1000,transfer_20260917-pilot6_calibration-retail-transfer-low-1w-40tps-r2_retail-transfer-low_w0_r1_1379],  with error: Error: Failed to submit trasaction with status code: 11
2026.09.17-08:34:07.986[31m error[39m [caliper] [connectors/peer-gateway/PeerGateway] 	Failed to perform submit transaction [Transfer] using arguments [wlt_c_20260917-pilot6_calibration-retail-transfer-low-1w-40tps-r2_retail-transfer-low_w0_41,wlt_c_20260917-pilot6_calibration-retail-transfer-low-1w-40tps-r2_retail-transfer-low_w0_103,1000,transfer_20260917-pilot6_calibration-retail-transfer-low-1w-40tps-r2_retail-transfer-low_w0_r1_1382],  with error: Error: Failed to submit trasaction with status code: 11
2026.09.17-08:34:07.987[31m error[39m [caliper] [connectors/peer-gateway/PeerGateway] 	Failed to perform submit transaction [Transfer] using arguments [wlt_c_20260917-pilot6_calibration-retail-transfer-low-1w-40tps-r2_retail-transfer-low_w0_29,wlt_c_20260917-pilot6_calibration-retail-transfer-low-1w-40tps-r2_retail-transfer-low_w0_92,1000,transfer_20260917-pilot6_calibration-retail-transfer-low-1w-40tps-r2_retail-transfer-low_w0_r1_1373],  with error: Error: Failed to submit trasaction with status code: 11
2026.09.17-08:34:07.988[31m error[39m [caliper] [connectors/peer-gateway/PeerGateway] 	Failed to perform submit transaction [Transfer] using arguments [wlt_c_20260917-pilot6_calibration-retail-transfer-low-1w-40tps-r2_retail-transfer-low_w0_27,wlt_c_20260917-pilot6_calibration-retail-transfer-low-1w-40tps-r2_retail-transfer-low_w0_89,1000,transfer_20260917-pilot6_calibration-retail-transfer-low-1w-40tps-r2_retail-transfer-low_w0_r1_1371],  with error: Error: Failed to submit trasaction with status code: 11
2026.09.17-08:34:07.988[31m error[39m [caliper] [connectors/peer-gateway/PeerGateway] 	Failed to perform submit transaction [Transfer] using arguments [wlt_c_20260917-pilot6_calibration-retail-transfer-low-1w-40tps-r2_retail-transfer-low_w0_28,wlt_c_20260917-pilot6_calibration-retail-transfer-low-1w-40tps-r2_retail-transfer-low_w0_91,1000,transfer_20260917-pilot6_calibration-retail-transfer-low-1w-40tps-r2_retail-transfer-low_w0_r1_1372],  with error: Error: Failed to submit trasaction with status code: 11
2026.09.17-08:34:08.156[31m error[39m [caliper] [connectors/peer-gateway/PeerGateway] 	Failed to perform submit transaction [Transfer] using arguments [wlt_c_20260917-pilot6_calibration-retail-transfer-low-1w-40tps-r2_retail-transfer-low_w0_44,wlt_c_20260917-pilot6_calibration-retail-transfer-low-1w-40tps-r2_retail-transfer-low_w0_107,1000,transfer_20260917-pilot6_calibration-retail-transfer-low-1w-40tps-r2_retail-transfer-low_w0_r1_1385],  with error: Error: Failed to submit trasaction with status code: 11
2026.09.17-08:34:08.158[31m error[39m [caliper] [connectors/peer-gateway/PeerGateway] 	Failed to perform submit transaction [Transfer] using arguments [wlt_c_20260917-pilot6_calibration-retail-transfer-low-1w-40tps-r2_retail-transfer-low_w0_46,wlt_c_20260917-pilot6_calibration-retail-transfer-low-1w-40tps-r2_retail-transfer-low_w0_108,1000,transfer_20260917-pilot6_calibration-retail-transfer-low-1w-40tps-r2_retail-transfer-low_w0_r1_1386],  with error: Error: Failed to submit trasaction with status code: 11
2026.09.17-08:34:08.159[31m error[39m [caliper] [connectors/peer-gateway/PeerGateway] 	Failed to perform submit transaction [Transfer] using arguments [wlt_c_20260917-pilot6_calibration-retail-transfer-low-1w-40tps-r2_retail-transfer-low_w0_39,wlt_c_20260917-pilot6_calibration-retail-transfer-low-1w-40tps-r2_retail-transfer-low_w0_102,1000,transfer_20260917-pilot6_calibration-retail-transfer-low-1w-40tps-r2_retail-transfer-low_w0_r1_1381],  with error: Error: Failed to submit trasaction with status code: 11
2026.09.17-08:34:08.159[31m error[39m [caliper] [connectors/peer-gateway/PeerGateway] 	Failed to perform submit transaction [Transfer] using arguments [wlt_c_20260917-pilot6_calibration-retail-transfer-low-1w-40tps-r2_retail-transfer-low_w0_47,wlt_c_20260917-pilot6_calibration-retail-transfer-low-1w-40tps-r2_retail-transfer-low_w0_109,1000,transfer_20260917-pilot6_calibration-retail-transfer-low-1w-40tps-r2_retail-transfer-low_w0_r1_1387],  with error: Error: Failed to submit trasaction with status code: 11
2026.09.17-08:34:08.258[31m error[39m [caliper] [connectors/peer-gateway/PeerGateway] 	Failed to perform submit transaction [Transfer] using arguments [wlt_c_20260917-pilot6_calibration-retail-transfer-low-1w-40tps-r2_retail-transfer-low_w0_4,wlt_c_20260917-pilot6_calibration-retail-transfer-low-1w-40tps-r2_retail-transfer-low_w0_67,1000,transfer_20260917-pilot6_calibration-retail-transfer-low-1w-40tps-r2_retail-transfer-low_w0_r1_1403],  with error: Error: Failed to submit trasaction with status code: 11
2026.09.17-08:34:08.260[31m error[39m [caliper] [connectors/peer-gateway/PeerGateway] 	Failed to perform submit transaction [Transfer] using arguments [wlt_c_20260917-pilot6_calibration-retail-transfer-low-1w-40tps-r2_retail-transfer-low_w0_53,wlt_c_20260917-pilot6_calibration-retail-transfer-low-1w-40tps-r2_retail-transfer-low_w0_116,1000,transfer_20260917-pilot6_calibration-retail-transfer-low-1w-40tps-r2_retail-transfer-low_w0_r1_1392],  with error: Error: Failed to submit trasaction with status code: 11
2026.09.17-08:34:08.261[31m error[39m [caliper] [connectors/peer-gateway/PeerGateway] 	Failed to perform submit transaction [Transfer] using arguments [wlt_c_20260917-pilot6_calibration-retail-transfer-low-1w-40tps-r2_retail-transfer-low_w0_56,wlt_c_20260917-pilot6_calibration-retail-transfer-low-1w-40tps-r2_retail-transfer-low_w0_118,1000,transfer_20260917-pilot6_calibration-retail-transfer-low-1w-40tps-r2_retail-transfer-low_w0_r1_1394],  with error: Error: Failed to submit trasaction with status code: 11
2026.09.17-08:34:08.261[31m error[39m [caliper] [connectors/peer-gateway/PeerGateway] 	Failed to perform submit transaction [Transfer] using arguments [wlt_c_20260917-pilot6_calibration-retail-transfer-low-1w-40tps-r2_retail-transfer-low_w0_57,wlt_c_20260917-pilot6_calibration-retail-transfer-low-1w-40tps-r2_retail-transfer-low_w0_119,1000,transfer_20260917-pilot6_calibration-retail-transfer-low-1w-40tps-r2_retail-transfer-low_w0_r1_1395],  with error: Error: Failed to submit trasaction with status code: 11
2026.09.17-08:34:08.262[31m error[39m [caliper] [connectors/peer-gateway/PeerGateway] 	Failed to perform submit transaction [Transfer] using arguments [wlt_c_20260917-pilot6_calibration-retail-transfer-low-1w-40tps-r2_retail-transfer-low_w0_52,wlt_c_20260917-pilot6_calibration-retail-transfer-low-1w-40tps-r2_retail-transfer-low_w0_114,1000,transfer_20260917-pilot6_calibration-retail-transfer-low-1w-40tps-r2_retail-transfer-low_w0_r1_1391],  with error: Error: Failed to submit trasaction with status code: 11
2026.09.17-08:34:08.263[31m error[39m [caliper] [connectors/peer-gateway/PeerGateway] 	Failed to perform submit transaction [Transfer] using arguments [wlt_c_20260917-pilot6_calibration-retail-transfer-low-1w-40tps-r2_retail-transfer-low_w0_58,wlt_c_20260917-pilot6_calibration-retail-transfer-low-1w-40tps-r2_retail-transfer-low_w0_121,1000,transfer_20260917-pilot6_calibration-retail-transfer-low-1w-40tps-r2_retail-transfer-low_w0_r1_1396],  with error: Error: Failed to submit trasaction with status code: 11
2026.09.17-08:34:08.263[31m error[39m [caliper] [connectors/peer-gateway/PeerGateway] 	Failed to perform submit transaction [Transfer] using arguments [wlt_c_20260917-pilot6_calibration-retail-transfer-low-1w-40tps-r2_retail-transfer-low_w0_54,wlt_c_20260917-pilot6_calibration-retail-transfer-low-1w-40tps-r2_retail-transfer-low_w0_117,1000,transfer_20260917-pilot6_calibration-retail-transfer-low-1w-40tps-r2_retail-transfer-low_w0_r1_1393],  with error: Error: Failed to submit trasaction with status code: 11
2026.09.17-08:34:08.264[31m error[39m [caliper] [connectors/peer-gateway/PeerGateway] 	Failed to perform submit transaction [Transfer] using arguments [wlt_c_20260917-pilot6_calibration-retail-transfer-low-1w-40tps-r2_retail-transfer-low_w0_59,wlt_c_20260917-pilot6_calibration-retail-transfer-low-1w-40tps-r2_retail-transfer-low_w0_122,1000,transfer_20260917-pilot6_calibration-retail-transfer-low-1w-40tps-r2_retail-transfer-low_w0_r1_1397],  with error: Error: Failed to submit trasaction with status code: 11
2026.09.17-08:34:08.264[31m error[39m [caliper] [connectors/peer-gateway/PeerGateway] 	Failed to perform submit transaction [Transfer] using arguments [wlt_c_20260917-pilot6_calibration-retail-transfer-low-1w-40tps-r2_retail-transfer-low_w0_61,wlt_c_20260917-pilot6_calibration-retail-transfer-low-1w-40tps-r2_retail-transfer-low_w0_123,1000,transfer_20260917-pilot6_calibration-retail-transfer-low-1w-40tps-r2_retail-transfer-low_w0_r1_1398],  with error: Error: Failed to submit trasaction with status code: 11
2026.09.17-08:34:08.417[31m error[39m [caliper] [connectors/peer-gateway/PeerGateway] 	Failed to perform submit transaction [Transfer] using arguments [wlt_c_20260917-pilot6_calibration-retail-transfer-low-1w-40tps-r2_retail-transfer-low_w0_2,wlt_c_20260917-pilot6_calibration-retail-transfer-low-1w-40tps-r2_retail-transfer-low_w0_64,1000,transfer_20260917-pilot6_calibration-retail-transfer-low-1w-40tps-r2_retail-transfer-low_w0_r1_1401],  with error: Error: Failed to submit trasaction with status code: 11
2026.09.17-08:34:08.418[31m error[39m [caliper] [connectors/peer-gateway/PeerGateway] 	Failed to perform submit transaction [Transfer] using arguments [wlt_c_20260917-pilot6_calibration-retail-transfer-low-1w-40tps-r2_retail-transfer-low_w0_1,wlt_c_20260917-pilot6_calibration-retail-transfer-low-1w-40tps-r2_retail-transfer-low_w0_63,1000,transfer_20260917-pilot6_calibration-retail-transfer-low-1w-40tps-r2_retail-transfer-low_w0_r1_1400],  with error: Error: Failed to submit trasaction with status code: 11
2026.09.17-08:34:08.418[31m error[39m [caliper] [connectors/peer-gateway/PeerGateway] 	Failed to perform submit transaction [Transfer] using arguments [wlt_c_20260917-pilot6_calibration-retail-transfer-low-1w-40tps-r2_retail-transfer-low_w0_7,wlt_c_20260917-pilot6_calibration-retail-transfer-low-1w-40tps-r2_retail-transfer-low_w0_69,1000,transfer_20260917-pilot6_calibration-retail-transfer-low-1w-40tps-r2_retail-transfer-low_w0_r1_1405],  with error: Error: Failed to submit trasaction with status code: 11
2026.09.17-08:34:08.418[31m error[39m [caliper] [connectors/peer-gateway/PeerGateway] 	Failed to perform submit transaction [Transfer] using arguments [wlt_c_20260917-pilot6_calibration-retail-transfer-low-1w-40tps-r2_retail-transfer-low_w0_3,wlt_c_20260917-pilot6_calibration-retail-transfer-low-1w-40tps-r2_retail-transfer-low_w0_66,1000,transfer_20260917-pilot6_calibration-retail-transfer-low-1w-40tps-r2_retail-transfer-low_w0_r1_1402],  with error: Error: Failed to submit trasaction with status code: 11
2026.09.17-08:34:08.419[31m error[39m [caliper] [connectors/peer-gateway/PeerGateway] 	Failed to perform submit transaction [Transfer] using arguments [wlt_c_20260917-pilot6_calibration-retail-transfer-low-1w-40tps-r2_retail-transfer-low_w0_8,wlt_c_20260917-pilot6_calibration-retail-transfer-low-1w-40tps-r2_retail-transfer-low_w0_71,1000,transfer_20260917-pilot6_calibration-retail-transfer-low-1w-40tps-r2_retail-transfer-low_w0_r1_1406],  with error: Error: Failed to submit trasaction with status code: 11
2026.09.17-08:34:08.419[31m error[39m [caliper] [connectors/peer-gateway/PeerGateway] 	Failed to perform submit transaction [Transfer] using arguments [wlt_c_20260917-pilot6_calibration-retail-transfer-low-1w-40tps-r2_retail-transfer-low_w0_9,wlt_c_20260917-pilot6_calibration-retail-transfer-low-1w-40tps-r2_retail-transfer-low_w0_72,1000,transfer_20260917-pilot6_calibration-retail-transfer-low-1w-40tps-r2_retail-transfer-low_w0_r1_1407],  with error: Error: Failed to submit trasaction with status code: 11
2026.09.17-08:34:08.420[31m error[39m [caliper] [connectors/peer-gateway/PeerGateway] 	Failed to perform submit transaction [Transfer] using arguments [wlt_c_20260917-pilot6_calibration-retail-transfer-low-1w-40tps-r2_retail-transfer-low_w0_6,wlt_c_20260917-pilot6_calibration-retail-transfer-low-1w-40tps-r2_retail-transfer-low_w0_68,1000,transfer_20260917-pilot6_calibration-retail-transfer-low-1w-40tps-r2_retail-transfer-low_w0_r1_1404],  with error: Error: Failed to submit trasaction with status code: 11
2026.09.17-08:34:08.513[31m error[39m [caliper] [connectors/peer-gateway/PeerGateway] 	Failed to perform submit transaction [Transfer] using arguments [wlt_c_20260917-pilot6_calibration-retail-transfer-low-1w-40tps-r2_retail-transfer-low_w0_17,wlt_c_20260917-pilot6_calibration-retail-transfer-low-1w-40tps-r2_retail-transfer-low_w0_79,1000,transfer_20260917-pilot6_calibration-retail-transfer-low-1w-40tps-r2_retail-transfer-low_w0_r1_1413],  with error: Error: Failed to submit trasaction with status code: 11
2026.09.17-08:34:08.513[31m error[39m [caliper] [connectors/peer-gateway/PeerGateway] 	Failed to perform submit transaction [Transfer] using arguments [wlt_c_20260917-pilot6_calibration-retail-transfer-low-1w-40tps-r2_retail-transfer-low_w0_14,wlt_c_20260917-pilot6_calibration-retail-transfer-low-1w-40tps-r2_retail-transfer-low_w0_77,1000,transfer_20260917-pilot6_calibration-retail-transfer-low-1w-40tps-r2_retail-transfer-low_w0_r1_1411],  with error: Error: Failed to submit trasaction with status code: 11
2026.09.17-08:34:08.514[31m error[39m [caliper] [connectors/peer-gateway/PeerGateway] 	Failed to perform submit transaction [Transfer] using arguments [wlt_c_20260917-pilot6_calibration-retail-transfer-low-1w-40tps-r2_retail-transfer-low_w0_18,wlt_c_20260917-pilot6_calibration-retail-transfer-low-1w-40tps-r2_retail-transfer-low_w0_81,1000,transfer_20260917-pilot6_calibration-retail-transfer-low-1w-40tps-r2_retail-transfer-low_w0_r1_1414],  with error: Error: Failed to submit trasaction with status code: 11
2026.09.17-08:34:08.515[31m error[39m [caliper] [connectors/peer-gateway/PeerGateway] 	Failed to perform submit transaction [Transfer] using arguments [wlt_c_20260917-pilot6_calibration-retail-transfer-low-1w-40tps-r2_retail-transfer-low_w0_19,wlt_c_20260917-pilot6_calibration-retail-transfer-low-1w-40tps-r2_retail-transfer-low_w0_82,1000,transfer_20260917-pilot6_calibration-retail-transfer-low-1w-40tps-r2_retail-transfer-low_w0_r1_1415],  with error: Error: Failed to submit trasaction with status code: 11
2026.09.17-08:34:08.517[31m error[39m [caliper] [connectors/peer-gateway/PeerGateway] 	Failed to perform submit transaction [Transfer] using arguments [wlt_c_20260917-pilot6_calibration-retail-transfer-low-1w-40tps-r2_retail-transfer-low_w0_21,wlt_c_20260917-pilot6_calibration-retail-transfer-low-1w-40tps-r2_retail-transfer-low_w0_83,1000,transfer_20260917-pilot6_calibration-retail-transfer-low-1w-40tps-r2_retail-transfer-low_w0_r1_1416],  with error: Error: Failed to submit trasaction with status code: 11
2026.09.17-08:34:08.517[31m error[39m [caliper] [connectors/peer-gateway/PeerGateway] 	Failed to perform submit transaction [Transfer] using arguments [wlt_c_20260917-pilot6_calibration-retail-transfer-low-1w-40tps-r2_retail-transfer-low_w0_16,wlt_c_20260917-pilot6_calibration-retail-transfer-low-1w-40tps-r2_retail-transfer-low_w0_78,1000,transfer_20260917-pilot6_calibration-retail-transfer-low-1w-40tps-r2_retail-transfer-low_w0_r1_1412],  with error: Error: Failed to submit trasaction with status code: 11
2026.09.17-08:34:08.518[31m error[39m [caliper] [connectors/peer-gateway/PeerGateway] 	Failed to perform submit transaction [Transfer] using arguments [wlt_c_20260917-pilot6_calibration-retail-transfer-low-1w-40tps-r2_retail-transfer-low_w0_22,wlt_c_20260917-pilot6_calibration-retail-transfer-low-1w-40tps-r2_retail-transfer-low_w0_84,1000,transfer_20260917-pilot6_calibration-retail-transfer-low-1w-40tps-r2_retail-transfer-low_w0_r1_1417],  with error: Error: Failed to submit trasaction with status code: 11
2026.09.17-08:34:08.600[31m error[39m [caliper] [connectors/peer-gateway/PeerGateway] 	Failed to perform submit transaction [Transfer] using arguments [wlt_c_20260917-pilot6_calibration-retail-transfer-low-1w-40tps-r2_retail-transfer-low_w0_32,wlt_c_20260917-pilot6_calibration-retail-transfer-low-1w-40tps-r2_retail-transfer-low_w0_94,1000,transfer_20260917-pilot6_calibration-retail-transfer-low-1w-40tps-r2_retail-transfer-low_w0_r1_1425],  with error: Error: Failed to submit trasaction with status code: 11
2026.09.17-08:34:08.605[31m error[39m [caliper] [connectors/peer-gateway/PeerGateway] 	Failed to perform submit transaction [Transfer] using arguments [wlt_c_20260917-pilot6_calibration-retail-transfer-low-1w-40tps-r2_retail-transfer-low_w0_31,wlt_c_20260917-pilot6_calibration-retail-transfer-low-1w-40tps-r2_retail-transfer-low_w0_93,1000,transfer_20260917-pilot6_calibration-retail-transfer-low-1w-40tps-r2_retail-transfer-low_w0_r1_1424],  with error: Error: Failed to submit trasaction with status code: 11
2026.09.17-08:34:08.606[31m error[39m [caliper] [connectors/peer-gateway/PeerGateway] 	Failed to perform submit transaction [Transfer] using arguments [wlt_c_20260917-pilot6_calibration-retail-transfer-low-1w-40tps-r2_retail-transfer-low_w0_33,wlt_c_20260917-pilot6_calibration-retail-transfer-low-1w-40tps-r2_retail-transfer-low_w0_96,1000,transfer_20260917-pilot6_calibration-retail-transfer-low-1w-40tps-r2_retail-transfer-low_w0_r1_1426],  with error: Error: Failed to submit trasaction with status code: 11
2026.09.17-08:34:08.781[31m error[39m [caliper] [connectors/peer-gateway/PeerGateway] 	Failed to perform submit transaction [Transfer] using arguments [wlt_c_20260917-pilot6_calibration-retail-transfer-low-1w-40tps-r2_retail-transfer-low_w0_34,wlt_c_20260917-pilot6_calibration-retail-transfer-low-1w-40tps-r2_retail-transfer-low_w0_97,1000,transfer_20260917-pilot6_calibration-retail-transfer-low-1w-40tps-r2_retail-transfer-low_w0_r1_1427],  with error: Error: Failed to submit trasaction with status code: 11
2026.09.17-08:34:10.047[32m info [39m [caliper] [default-observer] 	[retail-transfer-low-40tps Round 1 Transaction Info] - Submitted: 1485 Succ: 1237 Fail:223 Unfinished:25
2026.09.17-08:34:15.048[32m info [39m [caliper] [default-observer] 	[retail-transfer-low-40tps Round 1 Transaction Info] - Submitted: 1685 Succ: 1427 Fail:223 Unfinished:35
2026.09.17-08:34:19.711[31m error[39m [caliper] [connectors/peer-gateway/PeerGateway] 	Failed to perform submit transaction [Transfer] using arguments [wlt_c_20260917-pilot6_calibration-retail-transfer-low-1w-40tps-r2_retail-transfer-low_w0_8,wlt_c_20260917-pilot6_calibration-retail-transfer-low-1w-40tps-r2_retail-transfer-low_w0_71,1000,transfer_20260917-pilot6_calibration-retail-transfer-low-1w-40tps-r2_retail-transfer-low_w0_r1_1806],  with error: Error: Failed to submit trasaction with status code: 11
2026.09.17-08:34:20.048[32m info [39m [caliper] [default-observer] 	[retail-transfer-low-40tps Round 1 Transaction Info] - Submitted: 1884 Succ: 1577 Fail:223 Unfinished:84
2026.09.17-08:34:20.842[31m error[39m [caliper] [connectors/peer-gateway/PeerGateway] 	Failed to perform submit transaction [Transfer] using arguments [wlt_c_20260917-pilot6_calibration-retail-transfer-low-1w-40tps-r2_retail-transfer-low_w0_39,wlt_c_20260917-pilot6_calibration-retail-transfer-low-1w-40tps-r2_retail-transfer-low_w0_102,1000,transfer_20260917-pilot6_calibration-retail-transfer-low-1w-40tps-r2_retail-transfer-low_w0_r1_1831],  with error: Error: Failed to submit trasaction with status code: 11
2026.09.17-08:34:20.843[31m error[39m [caliper] [connectors/peer-gateway/PeerGateway] 	Failed to perform submit transaction [Transfer] using arguments [wlt_c_20260917-pilot6_calibration-retail-transfer-low-1w-40tps-r2_retail-transfer-low_w0_37,wlt_c_20260917-pilot6_calibration-retail-transfer-low-1w-40tps-r2_retail-transfer-low_w0_99,1000,transfer_20260917-pilot6_calibration-retail-transfer-low-1w-40tps-r2_retail-transfer-low_w0_r1_1829],  with error: Error: Failed to submit trasaction with status code: 11
2026.09.17-08:34:20.851[31m error[39m [caliper] [connectors/peer-gateway/PeerGateway] 	Failed to perform submit transaction [Transfer] using arguments [wlt_c_20260917-pilot6_calibration-retail-transfer-low-1w-40tps-r2_retail-transfer-low_w0_26,wlt_c_20260917-pilot6_calibration-retail-transfer-low-1w-40tps-r2_retail-transfer-low_w0_88,1000,transfer_20260917-pilot6_calibration-retail-transfer-low-1w-40tps-r2_retail-transfer-low_w0_r1_1820],  with error: Error: Failed to submit trasaction with status code: 11
2026.09.17-08:34:20.851[31m error[39m [caliper] [connectors/peer-gateway/PeerGateway] 	Failed to perform submit transaction [Transfer] using arguments [wlt_c_20260917-pilot6_calibration-retail-transfer-low-1w-40tps-r2_retail-transfer-low_w0_28,wlt_c_20260917-pilot6_calibration-retail-transfer-low-1w-40tps-r2_retail-transfer-low_w0_91,1000,transfer_20260917-pilot6_calibration-retail-transfer-low-1w-40tps-r2_retail-transfer-low_w0_r1_1822],  with error: Error: Failed to submit trasaction with status code: 11
2026.09.17-08:34:20.852[31m error[39m [caliper] [connectors/peer-gateway/PeerGateway] 	Failed to perform submit transaction [Transfer] using arguments [wlt_c_20260917-pilot6_calibration-retail-transfer-low-1w-40tps-r2_retail-transfer-low_w0_27,wlt_c_20260917-pilot6_calibration-retail-transfer-low-1w-40tps-r2_retail-transfer-low_w0_89,1000,transfer_20260917-pilot6_calibration-retail-transfer-low-1w-40tps-r2_retail-transfer-low_w0_r1_1821],  with error: Error: Failed to submit trasaction with status code: 11
2026.09.17-08:34:21.338[31m error[39m [caliper] [connectors/peer-gateway/PeerGateway] 	Failed to perform submit transaction [Transfer] using arguments [wlt_c_20260917-pilot6_calibration-retail-transfer-low-1w-40tps-r2_retail-transfer-low_w0_61,wlt_c_20260917-pilot6_calibration-retail-transfer-low-1w-40tps-r2_retail-transfer-low_w0_123,1000,transfer_20260917-pilot6_calibration-retail-transfer-low-1w-40tps-r2_retail-transfer-low_w0_r1_1848],  with error: Error: Failed to submit trasaction with status code: 11
2026.09.17-08:34:21.341[31m error[39m [caliper] [connectors/peer-gateway/PeerGateway] 	Failed to perform submit transaction [Transfer] using arguments [wlt_c_20260917-pilot6_calibration-retail-transfer-low-1w-40tps-r2_retail-transfer-low_w0_44,wlt_c_20260917-pilot6_calibration-retail-transfer-low-1w-40tps-r2_retail-transfer-low_w0_107,1000,transfer_20260917-pilot6_calibration-retail-transfer-low-1w-40tps-r2_retail-transfer-low_w0_r1_1835],  with error: Error: Failed to submit trasaction with status code: 11
2026.09.17-08:34:21.342[31m error[39m [caliper] [connectors/peer-gateway/PeerGateway] 	Failed to perform submit transaction [Transfer] using arguments [wlt_c_20260917-pilot6_calibration-retail-transfer-low-1w-40tps-r2_retail-transfer-low_w0_38,wlt_c_20260917-pilot6_calibration-retail-transfer-low-1w-40tps-r2_retail-transfer-low_w0_101,1000,transfer_20260917-pilot6_calibration-retail-transfer-low-1w-40tps-r2_retail-transfer-low_w0_r1_1830],  with error: Error: Failed to submit trasaction with status code: 11
2026.09.17-08:34:21.342[31m error[39m [caliper] [connectors/peer-gateway/PeerGateway] 	Failed to perform submit transaction [Transfer] using arguments [wlt_c_20260917-pilot6_calibration-retail-transfer-low-1w-40tps-r2_retail-transfer-low_w0_12,wlt_c_20260917-pilot6_calibration-retail-transfer-low-1w-40tps-r2_retail-transfer-low_w0_74,1000,transfer_20260917-pilot6_calibration-retail-transfer-low-1w-40tps-r2_retail-transfer-low_w0_r1_1859],  with error: Error: Failed to submit trasaction with status code: 11
2026.09.17-08:34:21.342[31m error[39m [caliper] [connectors/peer-gateway/PeerGateway] 	Failed to perform submit transaction [Transfer] using arguments [wlt_c_20260917-pilot6_calibration-retail-transfer-low-1w-40tps-r2_retail-transfer-low_w0_42,wlt_c_20260917-pilot6_calibration-retail-transfer-low-1w-40tps-r2_retail-transfer-low_w0_104,1000,transfer_20260917-pilot6_calibration-retail-transfer-low-1w-40tps-r2_retail-transfer-low_w0_r1_1833],  with error: Error: Failed to submit trasaction with status code: 11
2026.09.17-08:34:21.342[31m error[39m [caliper] [connectors/peer-gateway/PeerGateway] 	Failed to perform submit transaction [Transfer] using arguments [wlt_c_20260917-pilot6_calibration-retail-transfer-low-1w-40tps-r2_retail-transfer-low_w0_41,wlt_c_20260917-pilot6_calibration-retail-transfer-low-1w-40tps-r2_retail-transfer-low_w0_103,1000,transfer_20260917-pilot6_calibration-retail-transfer-low-1w-40tps-r2_retail-transfer-low_w0_r1_1832],  with error: Error: Failed to submit trasaction with status code: 11
2026.09.17-08:34:21.342[31m error[39m [caliper] [connectors/peer-gateway/PeerGateway] 	Failed to perform submit transaction [Transfer] using arguments [wlt_c_20260917-pilot6_calibration-retail-transfer-low-1w-40tps-r2_retail-transfer-low_w0_43,wlt_c_20260917-pilot6_calibration-retail-transfer-low-1w-40tps-r2_retail-transfer-low_w0_106,1000,transfer_20260917-pilot6_calibration-retail-transfer-low-1w-40tps-r2_retail-transfer-low_w0_r1_1834],  with error: Error: Failed to submit trasaction with status code: 11
2026.09.17-08:34:21.660[31m error[39m [caliper] [connectors/peer-gateway/PeerGateway] 	Failed to perform submit transaction [Transfer] using arguments [wlt_c_20260917-pilot6_calibration-retail-transfer-low-1w-40tps-r2_retail-transfer-low_w0_2,wlt_c_20260917-pilot6_calibration-retail-transfer-low-1w-40tps-r2_retail-transfer-low_w0_64,1000,transfer_20260917-pilot6_calibration-retail-transfer-low-1w-40tps-r2_retail-transfer-low_w0_r1_1851],  with error: Error: Failed to submit trasaction with status code: 11
2026.09.17-08:34:21.660[31m error[39m [caliper] [connectors/peer-gateway/PeerGateway] 	Failed to perform submit transaction [Transfer] using arguments [wlt_c_20260917-pilot6_calibration-retail-transfer-low-1w-40tps-r2_retail-transfer-low_w0_62,wlt_c_20260917-pilot6_calibration-retail-transfer-low-1w-40tps-r2_retail-transfer-low_w0_124,1000,transfer_20260917-pilot6_calibration-retail-transfer-low-1w-40tps-r2_retail-transfer-low_w0_r1_1849],  with error: Error: Failed to submit trasaction with status code: 11
2026.09.17-08:34:21.660[31m error[39m [caliper] [connectors/peer-gateway/PeerGateway] 	Failed to perform submit transaction [Transfer] using arguments [wlt_c_20260917-pilot6_calibration-retail-transfer-low-1w-40tps-r2_retail-transfer-low_w0_11,wlt_c_20260917-pilot6_calibration-retail-transfer-low-1w-40tps-r2_retail-transfer-low_w0_73,1000,transfer_20260917-pilot6_calibration-retail-transfer-low-1w-40tps-r2_retail-transfer-low_w0_r1_1858],  with error: Error: Failed to submit trasaction with status code: 11
2026.09.17-08:34:21.660[31m error[39m [caliper] [connectors/peer-gateway/PeerGateway] 	Failed to perform submit transaction [Transfer] using arguments [wlt_c_20260917-pilot6_calibration-retail-transfer-low-1w-40tps-r2_retail-transfer-low_w0_54,wlt_c_20260917-pilot6_calibration-retail-transfer-low-1w-40tps-r2_retail-transfer-low_w0_117,1000,transfer_20260917-pilot6_calibration-retail-transfer-low-1w-40tps-r2_retail-transfer-low_w0_r1_1843],  with error: Error: Failed to submit trasaction with status code: 11
2026.09.17-08:34:21.660[31m error[39m [caliper] [connectors/peer-gateway/PeerGateway] 	Failed to perform submit transaction [Transfer] using arguments [wlt_c_20260917-pilot6_calibration-retail-transfer-low-1w-40tps-r2_retail-transfer-low_w0_56,wlt_c_20260917-pilot6_calibration-retail-transfer-low-1w-40tps-r2_retail-transfer-low_w0_118,1000,transfer_20260917-pilot6_calibration-retail-transfer-low-1w-40tps-r2_retail-transfer-low_w0_r1_1844],  with error: Error: Failed to submit trasaction with status code: 11
2026.09.17-08:34:21.660[31m error[39m [caliper] [connectors/peer-gateway/PeerGateway] 	Failed to perform submit transaction [Transfer] using arguments [wlt_c_20260917-pilot6_calibration-retail-transfer-low-1w-40tps-r2_retail-transfer-low_w0_53,wlt_c_20260917-pilot6_calibration-retail-transfer-low-1w-40tps-r2_retail-transfer-low_w0_116,1000,transfer_20260917-pilot6_calibration-retail-transfer-low-1w-40tps-r2_retail-transfer-low_w0_r1_1842],  with error: Error: Failed to submit trasaction with status code: 11
2026.09.17-08:34:21.661[31m error[39m [caliper] [connectors/peer-gateway/PeerGateway] 	Failed to perform submit transaction [Transfer] using arguments [wlt_c_20260917-pilot6_calibration-retail-transfer-low-1w-40tps-r2_retail-transfer-low_w0_52,wlt_c_20260917-pilot6_calibration-retail-transfer-low-1w-40tps-r2_retail-transfer-low_w0_114,1000,transfer_20260917-pilot6_calibration-retail-transfer-low-1w-40tps-r2_retail-transfer-low_w0_r1_1841],  with error: Error: Failed to submit trasaction with status code: 11
2026.09.17-08:34:21.661[31m error[39m [caliper] [connectors/peer-gateway/PeerGateway] 	Failed to perform submit transaction [Transfer] using arguments [wlt_c_20260917-pilot6_calibration-retail-transfer-low-1w-40tps-r2_retail-transfer-low_w0_46,wlt_c_20260917-pilot6_calibration-retail-transfer-low-1w-40tps-r2_retail-transfer-low_w0_108,1000,transfer_20260917-pilot6_calibration-retail-transfer-low-1w-40tps-r2_retail-transfer-low_w0_r1_1836],  with error: Error: Failed to submit trasaction with status code: 11
2026.09.17-08:34:21.661[31m error[39m [caliper] [connectors/peer-gateway/PeerGateway] 	Failed to perform submit transaction [Transfer] using arguments [wlt_c_20260917-pilot6_calibration-retail-transfer-low-1w-40tps-r2_retail-transfer-low_w0_1,wlt_c_20260917-pilot6_calibration-retail-transfer-low-1w-40tps-r2_retail-transfer-low_w0_63,1000,transfer_20260917-pilot6_calibration-retail-transfer-low-1w-40tps-r2_retail-transfer-low_w0_r1_1850],  with error: Error: Failed to submit trasaction with status code: 11
2026.09.17-08:34:21.918[31m error[39m [caliper] [connectors/peer-gateway/PeerGateway] 	Failed to perform submit transaction [Transfer] using arguments [wlt_c_20260917-pilot6_calibration-retail-transfer-low-1w-40tps-r2_retail-transfer-low_w0_4,wlt_c_20260917-pilot6_calibration-retail-transfer-low-1w-40tps-r2_retail-transfer-low_w0_67,1000,transfer_20260917-pilot6_calibration-retail-transfer-low-1w-40tps-r2_retail-transfer-low_w0_r1_1853],  with error: Error: Failed to submit trasaction with status code: 11
2026.09.17-08:34:21.919[31m error[39m [caliper] [connectors/peer-gateway/PeerGateway] 	Failed to perform submit transaction [Transfer] using arguments [wlt_c_20260917-pilot6_calibration-retail-transfer-low-1w-40tps-r2_retail-transfer-low_w0_59,wlt_c_20260917-pilot6_calibration-retail-transfer-low-1w-40tps-r2_retail-transfer-low_w0_122,1000,transfer_20260917-pilot6_calibration-retail-transfer-low-1w-40tps-r2_retail-transfer-low_w0_r1_1847],  with error: Error: Failed to submit trasaction with status code: 11
2026.09.17-08:34:21.923[31m error[39m [caliper] [connectors/peer-gateway/PeerGateway] 	Failed to perform submit transaction [Transfer] using arguments [wlt_c_20260917-pilot6_calibration-retail-transfer-low-1w-40tps-r2_retail-transfer-low_w0_58,wlt_c_20260917-pilot6_calibration-retail-transfer-low-1w-40tps-r2_retail-transfer-low_w0_121,1000,transfer_20260917-pilot6_calibration-retail-transfer-low-1w-40tps-r2_retail-transfer-low_w0_r1_1846],  with error: Error: Failed to submit trasaction with status code: 11
2026.09.17-08:34:21.924[31m error[39m [caliper] [connectors/peer-gateway/PeerGateway] 	Failed to perform submit transaction [Transfer] using arguments [wlt_c_20260917-pilot6_calibration-retail-transfer-low-1w-40tps-r2_retail-transfer-low_w0_6,wlt_c_20260917-pilot6_calibration-retail-transfer-low-1w-40tps-r2_retail-transfer-low_w0_68,1000,transfer_20260917-pilot6_calibration-retail-transfer-low-1w-40tps-r2_retail-transfer-low_w0_r1_1854],  with error: Error: Failed to submit trasaction with status code: 11
2026.09.17-08:34:21.928[31m error[39m [caliper] [connectors/peer-gateway/PeerGateway] 	Failed to perform submit transaction [Transfer] using arguments [wlt_c_20260917-pilot6_calibration-retail-transfer-low-1w-40tps-r2_retail-transfer-low_w0_57,wlt_c_20260917-pilot6_calibration-retail-transfer-low-1w-40tps-r2_retail-transfer-low_w0_119,1000,transfer_20260917-pilot6_calibration-retail-transfer-low-1w-40tps-r2_retail-transfer-low_w0_r1_1845],  with error: Error: Failed to submit trasaction with status code: 11
2026.09.17-08:34:21.928[31m error[39m [caliper] [connectors/peer-gateway/PeerGateway] 	Failed to perform submit transaction [Transfer] using arguments [wlt_c_20260917-pilot6_calibration-retail-transfer-low-1w-40tps-r2_retail-transfer-low_w0_9,wlt_c_20260917-pilot6_calibration-retail-transfer-low-1w-40tps-r2_retail-transfer-low_w0_72,1000,transfer_20260917-pilot6_calibration-retail-transfer-low-1w-40tps-r2_retail-transfer-low_w0_r1_1857],  with error: Error: Failed to submit trasaction with status code: 11
2026.09.17-08:34:21.928[31m error[39m [caliper] [connectors/peer-gateway/PeerGateway] 	Failed to perform submit transaction [Transfer] using arguments [wlt_c_20260917-pilot6_calibration-retail-transfer-low-1w-40tps-r2_retail-transfer-low_w0_14,wlt_c_20260917-pilot6_calibration-retail-transfer-low-1w-40tps-r2_retail-transfer-low_w0_77,1000,transfer_20260917-pilot6_calibration-retail-transfer-low-1w-40tps-r2_retail-transfer-low_w0_r1_1861],  with error: Error: Failed to submit trasaction with status code: 11
2026.09.17-08:34:21.928[31m error[39m [caliper] [connectors/peer-gateway/PeerGateway] 	Failed to perform submit transaction [Transfer] using arguments [wlt_c_20260917-pilot6_calibration-retail-transfer-low-1w-40tps-r2_retail-transfer-low_w0_3,wlt_c_20260917-pilot6_calibration-retail-transfer-low-1w-40tps-r2_retail-transfer-low_w0_66,1000,transfer_20260917-pilot6_calibration-retail-transfer-low-1w-40tps-r2_retail-transfer-low_w0_r1_1852],  with error: Error: Failed to submit trasaction with status code: 11
2026.09.17-08:34:21.929[31m error[39m [caliper] [connectors/peer-gateway/PeerGateway] 	Failed to perform submit transaction [Transfer] using arguments [wlt_c_20260917-pilot6_calibration-retail-transfer-low-1w-40tps-r2_retail-transfer-low_w0_7,wlt_c_20260917-pilot6_calibration-retail-transfer-low-1w-40tps-r2_retail-transfer-low_w0_69,1000,transfer_20260917-pilot6_calibration-retail-transfer-low-1w-40tps-r2_retail-transfer-low_w0_r1_1855],  with error: Error: Failed to submit trasaction with status code: 11
2026.09.17-08:34:22.132[31m error[39m [caliper] [connectors/peer-gateway/PeerGateway] 	Failed to perform submit transaction [Transfer] using arguments [wlt_c_20260917-pilot6_calibration-retail-transfer-low-1w-40tps-r2_retail-transfer-low_w0_22,wlt_c_20260917-pilot6_calibration-retail-transfer-low-1w-40tps-r2_retail-transfer-low_w0_84,1000,transfer_20260917-pilot6_calibration-retail-transfer-low-1w-40tps-r2_retail-transfer-low_w0_r1_1867],  with error: Error: Failed to submit trasaction with status code: 11
2026.09.17-08:34:22.135[31m error[39m [caliper] [connectors/peer-gateway/PeerGateway] 	Failed to perform submit transaction [Transfer] using arguments [wlt_c_20260917-pilot6_calibration-retail-transfer-low-1w-40tps-r2_retail-transfer-low_w0_13,wlt_c_20260917-pilot6_calibration-retail-transfer-low-1w-40tps-r2_retail-transfer-low_w0_76,1000,transfer_20260917-pilot6_calibration-retail-transfer-low-1w-40tps-r2_retail-transfer-low_w0_r1_1860],  with error: Error: Failed to submit trasaction with status code: 11
2026.09.17-08:34:22.136[31m error[39m [caliper] [connectors/peer-gateway/PeerGateway] 	Failed to perform submit transaction [Transfer] using arguments [wlt_c_20260917-pilot6_calibration-retail-transfer-low-1w-40tps-r2_retail-transfer-low_w0_16,wlt_c_20260917-pilot6_calibration-retail-transfer-low-1w-40tps-r2_retail-transfer-low_w0_78,1000,transfer_20260917-pilot6_calibration-retail-transfer-low-1w-40tps-r2_retail-transfer-low_w0_r1_1862],  with error: Error: Failed to submit trasaction with status code: 11
2026.09.17-08:34:22.136[31m error[39m [caliper] [connectors/peer-gateway/PeerGateway] 	Failed to perform submit transaction [Transfer] using arguments [wlt_c_20260917-pilot6_calibration-retail-transfer-low-1w-40tps-r2_retail-transfer-low_w0_36,wlt_c_20260917-pilot6_calibration-retail-transfer-low-1w-40tps-r2_retail-transfer-low_w0_98,1000,transfer_20260917-pilot6_calibration-retail-transfer-low-1w-40tps-r2_retail-transfer-low_w0_r1_1878],  with error: Error: Failed to submit trasaction with status code: 11
2026.09.17-08:34:22.136[31m error[39m [caliper] [connectors/peer-gateway/PeerGateway] 	Failed to perform submit transaction [Transfer] using arguments [wlt_c_20260917-pilot6_calibration-retail-transfer-low-1w-40tps-r2_retail-transfer-low_w0_23,wlt_c_20260917-pilot6_calibration-retail-transfer-low-1w-40tps-r2_retail-transfer-low_w0_86,1000,transfer_20260917-pilot6_calibration-retail-transfer-low-1w-40tps-r2_retail-transfer-low_w0_r1_1868],  with error: Error: Failed to submit trasaction with status code: 11
2026.09.17-08:34:22.136[31m error[39m [caliper] [connectors/peer-gateway/PeerGateway] 	Failed to perform submit transaction [Transfer] using arguments [wlt_c_20260917-pilot6_calibration-retail-transfer-low-1w-40tps-r2_retail-transfer-low_w0_24,wlt_c_20260917-pilot6_calibration-retail-transfer-low-1w-40tps-r2_retail-transfer-low_w0_87,1000,transfer_20260917-pilot6_calibration-retail-transfer-low-1w-40tps-r2_retail-transfer-low_w0_r1_1869],  with error: Error: Failed to submit trasaction with status code: 11
2026.09.17-08:34:22.137[31m error[39m [caliper] [connectors/peer-gateway/PeerGateway] 	Failed to perform submit transaction [Transfer] using arguments [wlt_c_20260917-pilot6_calibration-retail-transfer-low-1w-40tps-r2_retail-transfer-low_w0_19,wlt_c_20260917-pilot6_calibration-retail-transfer-low-1w-40tps-r2_retail-transfer-low_w0_82,1000,transfer_20260917-pilot6_calibration-retail-transfer-low-1w-40tps-r2_retail-transfer-low_w0_r1_1865],  with error: Error: Failed to submit trasaction with status code: 11
2026.09.17-08:34:22.137[31m error[39m [caliper] [connectors/peer-gateway/PeerGateway] 	Failed to perform submit transaction [Transfer] using arguments [wlt_c_20260917-pilot6_calibration-retail-transfer-low-1w-40tps-r2_retail-transfer-low_w0_17,wlt_c_20260917-pilot6_calibration-retail-transfer-low-1w-40tps-r2_retail-transfer-low_w0_79,1000,transfer_20260917-pilot6_calibration-retail-transfer-low-1w-40tps-r2_retail-transfer-low_w0_r1_1863],  with error: Error: Failed to submit trasaction with status code: 11
2026.09.17-08:34:22.355[31m error[39m [caliper] [connectors/peer-gateway/PeerGateway] 	Failed to perform submit transaction [Transfer] using arguments [wlt_c_20260917-pilot6_calibration-retail-transfer-low-1w-40tps-r2_retail-transfer-low_w0_34,wlt_c_20260917-pilot6_calibration-retail-transfer-low-1w-40tps-r2_retail-transfer-low_w0_97,1000,transfer_20260917-pilot6_calibration-retail-transfer-low-1w-40tps-r2_retail-transfer-low_w0_r1_1877],  with error: Error: Failed to submit trasaction with status code: 11
2026.09.17-08:34:22.356[31m error[39m [caliper] [connectors/peer-gateway/PeerGateway] 	Failed to perform submit transaction [Transfer] using arguments [wlt_c_20260917-pilot6_calibration-retail-transfer-low-1w-40tps-r2_retail-transfer-low_w0_31,wlt_c_20260917-pilot6_calibration-retail-transfer-low-1w-40tps-r2_retail-transfer-low_w0_93,1000,transfer_20260917-pilot6_calibration-retail-transfer-low-1w-40tps-r2_retail-transfer-low_w0_r1_1874],  with error: Error: Failed to submit trasaction with status code: 11
2026.09.17-08:34:22.361[31m error[39m [caliper] [connectors/peer-gateway/PeerGateway] 	Failed to perform submit transaction [Transfer] using arguments [wlt_c_20260917-pilot6_calibration-retail-transfer-low-1w-40tps-r2_retail-transfer-low_w0_21,wlt_c_20260917-pilot6_calibration-retail-transfer-low-1w-40tps-r2_retail-transfer-low_w0_83,1000,transfer_20260917-pilot6_calibration-retail-transfer-low-1w-40tps-r2_retail-transfer-low_w0_r1_1866],  with error: Error: Failed to submit trasaction with status code: 11
2026.09.17-08:34:22.364[31m error[39m [caliper] [connectors/peer-gateway/PeerGateway] 	Failed to perform submit transaction [Transfer] using arguments [wlt_c_20260917-pilot6_calibration-retail-transfer-low-1w-40tps-r2_retail-transfer-low_w0_18,wlt_c_20260917-pilot6_calibration-retail-transfer-low-1w-40tps-r2_retail-transfer-low_w0_81,1000,transfer_20260917-pilot6_calibration-retail-transfer-low-1w-40tps-r2_retail-transfer-low_w0_r1_1864],  with error: Error: Failed to submit trasaction with status code: 11
2026.09.17-08:34:22.366[31m error[39m [caliper] [connectors/peer-gateway/PeerGateway] 	Failed to perform submit transaction [Transfer] using arguments [wlt_c_20260917-pilot6_calibration-retail-transfer-low-1w-40tps-r2_retail-transfer-low_w0_32,wlt_c_20260917-pilot6_calibration-retail-transfer-low-1w-40tps-r2_retail-transfer-low_w0_94,1000,transfer_20260917-pilot6_calibration-retail-transfer-low-1w-40tps-r2_retail-transfer-low_w0_r1_1875],  with error: Error: Failed to submit trasaction with status code: 11
2026.09.17-08:34:22.366[31m error[39m [caliper] [connectors/peer-gateway/PeerGateway] 	Failed to perform submit transaction [Transfer] using arguments [wlt_c_20260917-pilot6_calibration-retail-transfer-low-1w-40tps-r2_retail-transfer-low_w0_33,wlt_c_20260917-pilot6_calibration-retail-transfer-low-1w-40tps-r2_retail-transfer-low_w0_96,1000,transfer_20260917-pilot6_calibration-retail-transfer-low-1w-40tps-r2_retail-transfer-low_w0_r1_1876],  with error: Error: Failed to submit trasaction with status code: 11
2026.09.17-08:34:22.366[31m error[39m [caliper] [connectors/peer-gateway/PeerGateway] 	Failed to perform submit transaction [Transfer] using arguments [wlt_c_20260917-pilot6_calibration-retail-transfer-low-1w-40tps-r2_retail-transfer-low_w0_29,wlt_c_20260917-pilot6_calibration-retail-transfer-low-1w-40tps-r2_retail-transfer-low_w0_92,1000,transfer_20260917-pilot6_calibration-retail-transfer-low-1w-40tps-r2_retail-transfer-low_w0_r1_1873],  with error: Error: Failed to submit trasaction with status code: 11
2026.09.17-08:34:22.687[31m error[39m [caliper] [connectors/peer-gateway/PeerGateway] 	Failed to perform submit transaction [Transfer] using arguments [wlt_c_20260917-pilot6_calibration-retail-transfer-low-1w-40tps-r2_retail-transfer-low_w0_48,wlt_c_20260917-pilot6_calibration-retail-transfer-low-1w-40tps-r2_retail-transfer-low_w0_111,1000,transfer_20260917-pilot6_calibration-retail-transfer-low-1w-40tps-r2_retail-transfer-low_w0_r1_1888],  with error: Error: Failed to submit trasaction with status code: 11
2026.09.17-08:34:22.688[31m error[39m [caliper] [connectors/peer-gateway/PeerGateway] 	Failed to perform submit transaction [Transfer] using arguments [wlt_c_20260917-pilot6_calibration-retail-transfer-low-1w-40tps-r2_retail-transfer-low_w0_49,wlt_c_20260917-pilot6_calibration-retail-transfer-low-1w-40tps-r2_retail-transfer-low_w0_112,1000,transfer_20260917-pilot6_calibration-retail-transfer-low-1w-40tps-r2_retail-transfer-low_w0_r1_1889],  with error: Error: Failed to submit trasaction with status code: 11
2026.09.17-08:34:23.222[31m error[39m [caliper] [connectors/peer-gateway/PeerGateway] 	Failed to perform submit transaction [Transfer] using arguments [wlt_c_20260917-pilot6_calibration-retail-transfer-low-1w-40tps-r2_retail-transfer-low_w0_51,wlt_c_20260917-pilot6_calibration-retail-transfer-low-1w-40tps-r2_retail-transfer-low_w0_113,1000,transfer_20260917-pilot6_calibration-retail-transfer-low-1w-40tps-r2_retail-transfer-low_w0_r1_1890],  with error: Error: Failed to submit trasaction with status code: 11
2026.09.17-08:34:23.245[31m error[39m [caliper] [connectors/peer-gateway/PeerGateway] 	Failed to perform submit transaction [Transfer] using arguments [wlt_c_20260917-pilot6_calibration-retail-transfer-low-1w-40tps-r2_retail-transfer-low_w0_47,wlt_c_20260917-pilot6_calibration-retail-transfer-low-1w-40tps-r2_retail-transfer-low_w0_109,1000,transfer_20260917-pilot6_calibration-retail-transfer-low-1w-40tps-r2_retail-transfer-low_w0_r1_1887],  with error: Error: Failed to submit trasaction with status code: 11
2026.09.17-08:34:24.078[31m error[39m [caliper] [connectors/peer-gateway/PeerGateway] 	Failed to perform submit transaction [Transfer] using arguments [wlt_c_20260917-pilot6_calibration-retail-transfer-low-1w-40tps-r2_retail-transfer-low_w0_8,wlt_c_20260917-pilot6_calibration-retail-transfer-low-1w-40tps-r2_retail-transfer-low_w0_71,1000,transfer_20260917-pilot6_calibration-retail-transfer-low-1w-40tps-r2_retail-transfer-low_w0_r1_1906],  with error: Error: Failed to submit trasaction with status code: 11
2026.09.17-08:34:24.088[31m error[39m [caliper] [connectors/peer-gateway/PeerGateway] 	Failed to perform submit transaction [Transfer] using arguments [wlt_c_20260917-pilot6_calibration-retail-transfer-low-1w-40tps-r2_retail-transfer-low_w0_29,wlt_c_20260917-pilot6_calibration-retail-transfer-low-1w-40tps-r2_retail-transfer-low_w0_92,1000,transfer_20260917-pilot6_calibration-retail-transfer-low-1w-40tps-r2_retail-transfer-low_w0_r1_1923],  with error: Error: Failed to submit trasaction with status code: 11
2026.09.17-08:34:24.244[31m error[39m [caliper] [connectors/peer-gateway/PeerGateway] 	Failed to perform submit transaction [Transfer] using arguments [wlt_c_20260917-pilot6_calibration-retail-transfer-low-1w-40tps-r2_retail-transfer-low_w0_37,wlt_c_20260917-pilot6_calibration-retail-transfer-low-1w-40tps-r2_retail-transfer-low_w0_99,1000,transfer_20260917-pilot6_calibration-retail-transfer-low-1w-40tps-r2_retail-transfer-low_w0_r1_1929],  with error: Error: Failed to submit trasaction with status code: 11
2026.09.17-08:34:24.245[31m error[39m [caliper] [connectors/peer-gateway/PeerGateway] 	Failed to perform submit transaction [Transfer] using arguments [wlt_c_20260917-pilot6_calibration-retail-transfer-low-1w-40tps-r2_retail-transfer-low_w0_36,wlt_c_20260917-pilot6_calibration-retail-transfer-low-1w-40tps-r2_retail-transfer-low_w0_98,1000,transfer_20260917-pilot6_calibration-retail-transfer-low-1w-40tps-r2_retail-transfer-low_w0_r1_1928],  with error: Error: Failed to submit trasaction with status code: 11
2026.09.17-08:34:24.249[31m error[39m [caliper] [connectors/peer-gateway/PeerGateway] 	Failed to perform submit transaction [Transfer] using arguments [wlt_c_20260917-pilot6_calibration-retail-transfer-low-1w-40tps-r2_retail-transfer-low_w0_28,wlt_c_20260917-pilot6_calibration-retail-transfer-low-1w-40tps-r2_retail-transfer-low_w0_91,1000,transfer_20260917-pilot6_calibration-retail-transfer-low-1w-40tps-r2_retail-transfer-low_w0_r1_1922],  with error: Error: Failed to submit trasaction with status code: 11
2026.09.17-08:34:24.250[31m error[39m [caliper] [connectors/peer-gateway/PeerGateway] 	Failed to perform submit transaction [Transfer] using arguments [wlt_c_20260917-pilot6_calibration-retail-transfer-low-1w-40tps-r2_retail-transfer-low_w0_27,wlt_c_20260917-pilot6_calibration-retail-transfer-low-1w-40tps-r2_retail-transfer-low_w0_89,1000,transfer_20260917-pilot6_calibration-retail-transfer-low-1w-40tps-r2_retail-transfer-low_w0_r1_1921],  with error: Error: Failed to submit trasaction with status code: 11
2026.09.17-08:34:24.251[31m error[39m [caliper] [connectors/peer-gateway/PeerGateway] 	Failed to perform submit transaction [Transfer] using arguments [wlt_c_20260917-pilot6_calibration-retail-transfer-low-1w-40tps-r2_retail-transfer-low_w0_33,wlt_c_20260917-pilot6_calibration-retail-transfer-low-1w-40tps-r2_retail-transfer-low_w0_96,1000,transfer_20260917-pilot6_calibration-retail-transfer-low-1w-40tps-r2_retail-transfer-low_w0_r1_1926],  with error: Error: Failed to submit trasaction with status code: 11
2026.09.17-08:34:24.251[31m error[39m [caliper] [connectors/peer-gateway/PeerGateway] 	Failed to perform submit transaction [Transfer] using arguments [wlt_c_20260917-pilot6_calibration-retail-transfer-low-1w-40tps-r2_retail-transfer-low_w0_31,wlt_c_20260917-pilot6_calibration-retail-transfer-low-1w-40tps-r2_retail-transfer-low_w0_93,1000,transfer_20260917-pilot6_calibration-retail-transfer-low-1w-40tps-r2_retail-transfer-low_w0_r1_1924],  with error: Error: Failed to submit trasaction with status code: 11
2026.09.17-08:34:24.251[31m error[39m [caliper] [connectors/peer-gateway/PeerGateway] 	Failed to perform submit transaction [Transfer] using arguments [wlt_c_20260917-pilot6_calibration-retail-transfer-low-1w-40tps-r2_retail-transfer-low_w0_32,wlt_c_20260917-pilot6_calibration-retail-transfer-low-1w-40tps-r2_retail-transfer-low_w0_94,1000,transfer_20260917-pilot6_calibration-retail-transfer-low-1w-40tps-r2_retail-transfer-low_w0_r1_1925],  with error: Error: Failed to submit trasaction with status code: 11
2026.09.17-08:34:24.252[31m error[39m [caliper] [connectors/peer-gateway/PeerGateway] 	Failed to perform submit transaction [Transfer] using arguments [wlt_c_20260917-pilot6_calibration-retail-transfer-low-1w-40tps-r2_retail-transfer-low_w0_34,wlt_c_20260917-pilot6_calibration-retail-transfer-low-1w-40tps-r2_retail-transfer-low_w0_97,1000,transfer_20260917-pilot6_calibration-retail-transfer-low-1w-40tps-r2_retail-transfer-low_w0_r1_1927],  with error: Error: Failed to submit trasaction with status code: 11
2026.09.17-08:34:24.258[31m error[39m [caliper] [connectors/peer-gateway/PeerGateway] 	Failed to perform submit transaction [Transfer] using arguments [wlt_c_20260917-pilot6_calibration-retail-transfer-low-1w-40tps-r2_retail-transfer-low_w0_26,wlt_c_20260917-pilot6_calibration-retail-transfer-low-1w-40tps-r2_retail-transfer-low_w0_88,1000,transfer_20260917-pilot6_calibration-retail-transfer-low-1w-40tps-r2_retail-transfer-low_w0_r1_1920],  with error: Error: Failed to submit trasaction with status code: 11
2026.09.17-08:34:24.431[31m error[39m [caliper] [connectors/peer-gateway/PeerGateway] 	Failed to perform submit transaction [Transfer] using arguments [wlt_c_20260917-pilot6_calibration-retail-transfer-low-1w-40tps-r2_retail-transfer-low_w0_39,wlt_c_20260917-pilot6_calibration-retail-transfer-low-1w-40tps-r2_retail-transfer-low_w0_102,1000,transfer_20260917-pilot6_calibration-retail-transfer-low-1w-40tps-r2_retail-transfer-low_w0_r1_1931],  with error: Error: Failed to submit trasaction with status code: 11
2026.09.17-08:34:24.433[31m error[39m [caliper] [connectors/peer-gateway/PeerGateway] 	Failed to perform submit transaction [Transfer] using arguments [wlt_c_20260917-pilot6_calibration-retail-transfer-low-1w-40tps-r2_retail-transfer-low_w0_48,wlt_c_20260917-pilot6_calibration-retail-transfer-low-1w-40tps-r2_retail-transfer-low_w0_111,1000,transfer_20260917-pilot6_calibration-retail-transfer-low-1w-40tps-r2_retail-transfer-low_w0_r1_1938],  with error: Error: Failed to submit trasaction with status code: 11
2026.09.17-08:34:24.434[31m error[39m [caliper] [connectors/peer-gateway/PeerGateway] 	Failed to perform submit transaction [Transfer] using arguments [wlt_c_20260917-pilot6_calibration-retail-transfer-low-1w-40tps-r2_retail-transfer-low_w0_51,wlt_c_20260917-pilot6_calibration-retail-transfer-low-1w-40tps-r2_retail-transfer-low_w0_113,1000,transfer_20260917-pilot6_calibration-retail-transfer-low-1w-40tps-r2_retail-transfer-low_w0_r1_1940],  with error: Error: Failed to submit trasaction with status code: 11
2026.09.17-08:34:24.435[31m error[39m [caliper] [connectors/peer-gateway/PeerGateway] 	Failed to perform submit transaction [Transfer] using arguments [wlt_c_20260917-pilot6_calibration-retail-transfer-low-1w-40tps-r2_retail-transfer-low_w0_38,wlt_c_20260917-pilot6_calibration-retail-transfer-low-1w-40tps-r2_retail-transfer-low_w0_101,1000,transfer_20260917-pilot6_calibration-retail-transfer-low-1w-40tps-r2_retail-transfer-low_w0_r1_1930],  with error: Error: Failed to submit trasaction with status code: 11
2026.09.17-08:34:24.436[31m error[39m [caliper] [connectors/peer-gateway/PeerGateway] 	Failed to perform submit transaction [Transfer] using arguments [wlt_c_20260917-pilot6_calibration-retail-transfer-low-1w-40tps-r2_retail-transfer-low_w0_61,wlt_c_20260917-pilot6_calibration-retail-transfer-low-1w-40tps-r2_retail-transfer-low_w0_123,1000,transfer_20260917-pilot6_calibration-retail-transfer-low-1w-40tps-r2_retail-transfer-low_w0_r1_1948],  with error: Error: Failed to submit trasaction with status code: 11
2026.09.17-08:34:24.436[31m error[39m [caliper] [connectors/peer-gateway/PeerGateway] 	Failed to perform submit transaction [Transfer] using arguments [wlt_c_20260917-pilot6_calibration-retail-transfer-low-1w-40tps-r2_retail-transfer-low_w0_49,wlt_c_20260917-pilot6_calibration-retail-transfer-low-1w-40tps-r2_retail-transfer-low_w0_112,1000,transfer_20260917-pilot6_calibration-retail-transfer-low-1w-40tps-r2_retail-transfer-low_w0_r1_1939],  with error: Error: Failed to submit trasaction with status code: 11
2026.09.17-08:34:24.436[31m error[39m [caliper] [connectors/peer-gateway/PeerGateway] 	Failed to perform submit transaction [Transfer] using arguments [wlt_c_20260917-pilot6_calibration-retail-transfer-low-1w-40tps-r2_retail-transfer-low_w0_53,wlt_c_20260917-pilot6_calibration-retail-transfer-low-1w-40tps-r2_retail-transfer-low_w0_116,1000,transfer_20260917-pilot6_calibration-retail-transfer-low-1w-40tps-r2_retail-transfer-low_w0_r1_1942],  with error: Error: Failed to submit trasaction with status code: 11
2026.09.17-08:34:24.436[31m error[39m [caliper] [connectors/peer-gateway/PeerGateway] 	Failed to perform submit transaction [Transfer] using arguments [wlt_c_20260917-pilot6_calibration-retail-transfer-low-1w-40tps-r2_retail-transfer-low_w0_47,wlt_c_20260917-pilot6_calibration-retail-transfer-low-1w-40tps-r2_retail-transfer-low_w0_109,1000,transfer_20260917-pilot6_calibration-retail-transfer-low-1w-40tps-r2_retail-transfer-low_w0_r1_1937],  with error: Error: Failed to submit trasaction with status code: 11
2026.09.17-08:34:24.437[31m error[39m [caliper] [connectors/peer-gateway/PeerGateway] 	Failed to perform submit transaction [Transfer] using arguments [wlt_c_20260917-pilot6_calibration-retail-transfer-low-1w-40tps-r2_retail-transfer-low_w0_43,wlt_c_20260917-pilot6_calibration-retail-transfer-low-1w-40tps-r2_retail-transfer-low_w0_106,1000,transfer_20260917-pilot6_calibration-retail-transfer-low-1w-40tps-r2_retail-transfer-low_w0_r1_1934],  with error: Error: Failed to submit trasaction with status code: 11
2026.09.17-08:34:24.437[31m error[39m [caliper] [connectors/peer-gateway/PeerGateway] 	Failed to perform submit transaction [Transfer] using arguments [wlt_c_20260917-pilot6_calibration-retail-transfer-low-1w-40tps-r2_retail-transfer-low_w0_57,wlt_c_20260917-pilot6_calibration-retail-transfer-low-1w-40tps-r2_retail-transfer-low_w0_119,1000,transfer_20260917-pilot6_calibration-retail-transfer-low-1w-40tps-r2_retail-transfer-low_w0_r1_1945],  with error: Error: Failed to submit trasaction with status code: 11
2026.09.17-08:34:24.511[31m error[39m [caliper] [connectors/peer-gateway/PeerGateway] 	Failed to perform submit transaction [Transfer] using arguments [wlt_c_20260917-pilot6_calibration-retail-transfer-low-1w-40tps-r2_retail-transfer-low_w0_1,wlt_c_20260917-pilot6_calibration-retail-transfer-low-1w-40tps-r2_retail-transfer-low_w0_63,1000,transfer_20260917-pilot6_calibration-retail-transfer-low-1w-40tps-r2_retail-transfer-low_w0_r1_1950],  with error: Error: Failed to submit trasaction with status code: 11
2026.09.17-08:34:24.512[31m error[39m [caliper] [connectors/peer-gateway/PeerGateway] 	Failed to perform submit transaction [Transfer] using arguments [wlt_c_20260917-pilot6_calibration-retail-transfer-low-1w-40tps-r2_retail-transfer-low_w0_62,wlt_c_20260917-pilot6_calibration-retail-transfer-low-1w-40tps-r2_retail-transfer-low_w0_124,1000,transfer_20260917-pilot6_calibration-retail-transfer-low-1w-40tps-r2_retail-transfer-low_w0_r1_1949],  with error: Error: Failed to submit trasaction with status code: 11
2026.09.17-08:34:24.514[31m error[39m [caliper] [connectors/peer-gateway/PeerGateway] 	Failed to perform submit transaction [Transfer] using arguments [wlt_c_20260917-pilot6_calibration-retail-transfer-low-1w-40tps-r2_retail-transfer-low_w0_42,wlt_c_20260917-pilot6_calibration-retail-transfer-low-1w-40tps-r2_retail-transfer-low_w0_104,1000,transfer_20260917-pilot6_calibration-retail-transfer-low-1w-40tps-r2_retail-transfer-low_w0_r1_1933],  with error: Error: Failed to submit trasaction with status code: 11
2026.09.17-08:34:24.515[31m error[39m [caliper] [connectors/peer-gateway/PeerGateway] 	Failed to perform submit transaction [Transfer] using arguments [wlt_c_20260917-pilot6_calibration-retail-transfer-low-1w-40tps-r2_retail-transfer-low_w0_58,wlt_c_20260917-pilot6_calibration-retail-transfer-low-1w-40tps-r2_retail-transfer-low_w0_121,1000,transfer_20260917-pilot6_calibration-retail-transfer-low-1w-40tps-r2_retail-transfer-low_w0_r1_1946],  with error: Error: Failed to submit trasaction with status code: 11
2026.09.17-08:34:24.515[31m error[39m [caliper] [connectors/peer-gateway/PeerGateway] 	Failed to perform submit transaction [Transfer] using arguments [wlt_c_20260917-pilot6_calibration-retail-transfer-low-1w-40tps-r2_retail-transfer-low_w0_54,wlt_c_20260917-pilot6_calibration-retail-transfer-low-1w-40tps-r2_retail-transfer-low_w0_117,1000,transfer_20260917-pilot6_calibration-retail-transfer-low-1w-40tps-r2_retail-transfer-low_w0_r1_1943],  with error: Error: Failed to submit trasaction with status code: 11
2026.09.17-08:34:24.515[31m error[39m [caliper] [connectors/peer-gateway/PeerGateway] 	Failed to perform submit transaction [Transfer] using arguments [wlt_c_20260917-pilot6_calibration-retail-transfer-low-1w-40tps-r2_retail-transfer-low_w0_56,wlt_c_20260917-pilot6_calibration-retail-transfer-low-1w-40tps-r2_retail-transfer-low_w0_118,1000,transfer_20260917-pilot6_calibration-retail-transfer-low-1w-40tps-r2_retail-transfer-low_w0_r1_1944],  with error: Error: Failed to submit trasaction with status code: 11
2026.09.17-08:34:24.515[31m error[39m [caliper] [connectors/peer-gateway/PeerGateway] 	Failed to perform submit transaction [Transfer] using arguments [wlt_c_20260917-pilot6_calibration-retail-transfer-low-1w-40tps-r2_retail-transfer-low_w0_59,wlt_c_20260917-pilot6_calibration-retail-transfer-low-1w-40tps-r2_retail-transfer-low_w0_122,1000,transfer_20260917-pilot6_calibration-retail-transfer-low-1w-40tps-r2_retail-transfer-low_w0_r1_1947],  with error: Error: Failed to submit trasaction with status code: 11
2026.09.17-08:34:24.515[31m error[39m [caliper] [connectors/peer-gateway/PeerGateway] 	Failed to perform submit transaction [Transfer] using arguments [wlt_c_20260917-pilot6_calibration-retail-transfer-low-1w-40tps-r2_retail-transfer-low_w0_52,wlt_c_20260917-pilot6_calibration-retail-transfer-low-1w-40tps-r2_retail-transfer-low_w0_114,1000,transfer_20260917-pilot6_calibration-retail-transfer-low-1w-40tps-r2_retail-transfer-low_w0_r1_1941],  with error: Error: Failed to submit trasaction with status code: 11
2026.09.17-08:34:24.515[31m error[39m [caliper] [connectors/peer-gateway/PeerGateway] 	Failed to perform submit transaction [Transfer] using arguments [wlt_c_20260917-pilot6_calibration-retail-transfer-low-1w-40tps-r2_retail-transfer-low_w0_44,wlt_c_20260917-pilot6_calibration-retail-transfer-low-1w-40tps-r2_retail-transfer-low_w0_107,1000,transfer_20260917-pilot6_calibration-retail-transfer-low-1w-40tps-r2_retail-transfer-low_w0_r1_1935],  with error: Error: Failed to submit trasaction with status code: 11
2026.09.17-08:34:24.515[31m error[39m [caliper] [connectors/peer-gateway/PeerGateway] 	Failed to perform submit transaction [Transfer] using arguments [wlt_c_20260917-pilot6_calibration-retail-transfer-low-1w-40tps-r2_retail-transfer-low_w0_46,wlt_c_20260917-pilot6_calibration-retail-transfer-low-1w-40tps-r2_retail-transfer-low_w0_108,1000,transfer_20260917-pilot6_calibration-retail-transfer-low-1w-40tps-r2_retail-transfer-low_w0_r1_1936],  with error: Error: Failed to submit trasaction with status code: 11
2026.09.17-08:34:24.642[31m error[39m [caliper] [connectors/peer-gateway/PeerGateway] 	Failed to perform submit transaction [Transfer] using arguments [wlt_c_20260917-pilot6_calibration-retail-transfer-low-1w-40tps-r2_retail-transfer-low_w0_16,wlt_c_20260917-pilot6_calibration-retail-transfer-low-1w-40tps-r2_retail-transfer-low_w0_78,1000,transfer_20260917-pilot6_calibration-retail-transfer-low-1w-40tps-r2_retail-transfer-low_w0_r1_1962],  with error: Error: Failed to submit trasaction with status code: 11
2026.09.17-08:34:24.645[31m error[39m [caliper] [connectors/peer-gateway/PeerGateway] 	Failed to perform submit transaction [Transfer] using arguments [wlt_c_20260917-pilot6_calibration-retail-transfer-low-1w-40tps-r2_retail-transfer-low_w0_4,wlt_c_20260917-pilot6_calibration-retail-transfer-low-1w-40tps-r2_retail-transfer-low_w0_67,1000,transfer_20260917-pilot6_calibration-retail-transfer-low-1w-40tps-r2_retail-transfer-low_w0_r1_1953],  with error: Error: Failed to submit trasaction with status code: 11
2026.09.17-08:34:24.647[31m error[39m [caliper] [connectors/peer-gateway/PeerGateway] 	Failed to perform submit transaction [Transfer] using arguments [wlt_c_20260917-pilot6_calibration-retail-transfer-low-1w-40tps-r2_retail-transfer-low_w0_13,wlt_c_20260917-pilot6_calibration-retail-transfer-low-1w-40tps-r2_retail-transfer-low_w0_76,1000,transfer_20260917-pilot6_calibration-retail-transfer-low-1w-40tps-r2_retail-transfer-low_w0_r1_1960],  with error: Error: Failed to submit trasaction with status code: 11
2026.09.17-08:34:24.648[31m error[39m [caliper] [connectors/peer-gateway/PeerGateway] 	Failed to perform submit transaction [Transfer] using arguments [wlt_c_20260917-pilot6_calibration-retail-transfer-low-1w-40tps-r2_retail-transfer-low_w0_41,wlt_c_20260917-pilot6_calibration-retail-transfer-low-1w-40tps-r2_retail-transfer-low_w0_103,1000,transfer_20260917-pilot6_calibration-retail-transfer-low-1w-40tps-r2_retail-transfer-low_w0_r1_1932],  with error: Error: Failed to submit trasaction with status code: 11
2026.09.17-08:34:24.649[31m error[39m [caliper] [connectors/peer-gateway/PeerGateway] 	Failed to perform submit transaction [Transfer] using arguments [wlt_c_20260917-pilot6_calibration-retail-transfer-low-1w-40tps-r2_retail-transfer-low_w0_2,wlt_c_20260917-pilot6_calibration-retail-transfer-low-1w-40tps-r2_retail-transfer-low_w0_64,1000,transfer_20260917-pilot6_calibration-retail-transfer-low-1w-40tps-r2_retail-transfer-low_w0_r1_1951],  with error: Error: Failed to submit trasaction with status code: 11
2026.09.17-08:34:24.650[31m error[39m [caliper] [connectors/peer-gateway/PeerGateway] 	Failed to perform submit transaction [Transfer] using arguments [wlt_c_20260917-pilot6_calibration-retail-transfer-low-1w-40tps-r2_retail-transfer-low_w0_3,wlt_c_20260917-pilot6_calibration-retail-transfer-low-1w-40tps-r2_retail-transfer-low_w0_66,1000,transfer_20260917-pilot6_calibration-retail-transfer-low-1w-40tps-r2_retail-transfer-low_w0_r1_1952],  with error: Error: Failed to submit trasaction with status code: 11
2026.09.17-08:34:24.651[31m error[39m [caliper] [connectors/peer-gateway/PeerGateway] 	Failed to perform submit transaction [Transfer] using arguments [wlt_c_20260917-pilot6_calibration-retail-transfer-low-1w-40tps-r2_retail-transfer-low_w0_8,wlt_c_20260917-pilot6_calibration-retail-transfer-low-1w-40tps-r2_retail-transfer-low_w0_71,1000,transfer_20260917-pilot6_calibration-retail-transfer-low-1w-40tps-r2_retail-transfer-low_w0_r1_1956],  with error: Error: Failed to submit trasaction with status code: 11
2026.09.17-08:34:24.653[31m error[39m [caliper] [connectors/peer-gateway/PeerGateway] 	Failed to perform submit transaction [Transfer] using arguments [wlt_c_20260917-pilot6_calibration-retail-transfer-low-1w-40tps-r2_retail-transfer-low_w0_12,wlt_c_20260917-pilot6_calibration-retail-transfer-low-1w-40tps-r2_retail-transfer-low_w0_74,1000,transfer_20260917-pilot6_calibration-retail-transfer-low-1w-40tps-r2_retail-transfer-low_w0_r1_1959],  with error: Error: Failed to submit trasaction with status code: 11
2026.09.17-08:34:24.656[31m error[39m [caliper] [connectors/peer-gateway/PeerGateway] 	Failed to perform submit transaction [Transfer] using arguments [wlt_c_20260917-pilot6_calibration-retail-transfer-low-1w-40tps-r2_retail-transfer-low_w0_17,wlt_c_20260917-pilot6_calibration-retail-transfer-low-1w-40tps-r2_retail-transfer-low_w0_79,1000,transfer_20260917-pilot6_calibration-retail-transfer-low-1w-40tps-r2_retail-transfer-low_w0_r1_1963],  with error: Error: Failed to submit trasaction with status code: 11
2026.09.17-08:34:24.657[31m error[39m [caliper] [connectors/peer-gateway/PeerGateway] 	Failed to perform submit transaction [Transfer] using arguments [wlt_c_20260917-pilot6_calibration-retail-transfer-low-1w-40tps-r2_retail-transfer-low_w0_11,wlt_c_20260917-pilot6_calibration-retail-transfer-low-1w-40tps-r2_retail-transfer-low_w0_73,1000,transfer_20260917-pilot6_calibration-retail-transfer-low-1w-40tps-r2_retail-transfer-low_w0_r1_1958],  with error: Error: Failed to submit trasaction with status code: 11
2026.09.17-08:34:24.741[31m error[39m [caliper] [connectors/peer-gateway/PeerGateway] 	Failed to perform submit transaction [Transfer] using arguments [wlt_c_20260917-pilot6_calibration-retail-transfer-low-1w-40tps-r2_retail-transfer-low_w0_6,wlt_c_20260917-pilot6_calibration-retail-transfer-low-1w-40tps-r2_retail-transfer-low_w0_68,1000,transfer_20260917-pilot6_calibration-retail-transfer-low-1w-40tps-r2_retail-transfer-low_w0_r1_1954],  with error: Error: Failed to submit trasaction with status code: 11
2026.09.17-08:34:24.741[31m error[39m [caliper] [connectors/peer-gateway/PeerGateway] 	Failed to perform submit transaction [Transfer] using arguments [wlt_c_20260917-pilot6_calibration-retail-transfer-low-1w-40tps-r2_retail-transfer-low_w0_9,wlt_c_20260917-pilot6_calibration-retail-transfer-low-1w-40tps-r2_retail-transfer-low_w0_72,1000,transfer_20260917-pilot6_calibration-retail-transfer-low-1w-40tps-r2_retail-transfer-low_w0_r1_1957],  with error: Error: Failed to submit trasaction with status code: 11
2026.09.17-08:34:24.741[31m error[39m [caliper] [connectors/peer-gateway/PeerGateway] 	Failed to perform submit transaction [Transfer] using arguments [wlt_c_20260917-pilot6_calibration-retail-transfer-low-1w-40tps-r2_retail-transfer-low_w0_18,wlt_c_20260917-pilot6_calibration-retail-transfer-low-1w-40tps-r2_retail-transfer-low_w0_81,1000,transfer_20260917-pilot6_calibration-retail-transfer-low-1w-40tps-r2_retail-transfer-low_w0_r1_1964],  with error: Error: Failed to submit trasaction with status code: 11
2026.09.17-08:34:24.741[31m error[39m [caliper] [connectors/peer-gateway/PeerGateway] 	Failed to perform submit transaction [Transfer] using arguments [wlt_c_20260917-pilot6_calibration-retail-transfer-low-1w-40tps-r2_retail-transfer-low_w0_22,wlt_c_20260917-pilot6_calibration-retail-transfer-low-1w-40tps-r2_retail-transfer-low_w0_84,1000,transfer_20260917-pilot6_calibration-retail-transfer-low-1w-40tps-r2_retail-transfer-low_w0_r1_1967],  with error: Error: Failed to submit trasaction with status code: 11
2026.09.17-08:34:24.741[31m error[39m [caliper] [connectors/peer-gateway/PeerGateway] 	Failed to perform submit transaction [Transfer] using arguments [wlt_c_20260917-pilot6_calibration-retail-transfer-low-1w-40tps-r2_retail-transfer-low_w0_21,wlt_c_20260917-pilot6_calibration-retail-transfer-low-1w-40tps-r2_retail-transfer-low_w0_83,1000,transfer_20260917-pilot6_calibration-retail-transfer-low-1w-40tps-r2_retail-transfer-low_w0_r1_1966],  with error: Error: Failed to submit trasaction with status code: 11
2026.09.17-08:34:24.742[31m error[39m [caliper] [connectors/peer-gateway/PeerGateway] 	Failed to perform submit transaction [Transfer] using arguments [wlt_c_20260917-pilot6_calibration-retail-transfer-low-1w-40tps-r2_retail-transfer-low_w0_14,wlt_c_20260917-pilot6_calibration-retail-transfer-low-1w-40tps-r2_retail-transfer-low_w0_77,1000,transfer_20260917-pilot6_calibration-retail-transfer-low-1w-40tps-r2_retail-transfer-low_w0_r1_1961],  with error: Error: Failed to submit trasaction with status code: 11
2026.09.17-08:34:24.742[31m error[39m [caliper] [connectors/peer-gateway/PeerGateway] 	Failed to perform submit transaction [Transfer] using arguments [wlt_c_20260917-pilot6_calibration-retail-transfer-low-1w-40tps-r2_retail-transfer-low_w0_19,wlt_c_20260917-pilot6_calibration-retail-transfer-low-1w-40tps-r2_retail-transfer-low_w0_82,1000,transfer_20260917-pilot6_calibration-retail-transfer-low-1w-40tps-r2_retail-transfer-low_w0_r1_1965],  with error: Error: Failed to submit trasaction with status code: 11
2026.09.17-08:34:24.742[31m error[39m [caliper] [connectors/peer-gateway/PeerGateway] 	Failed to perform submit transaction [Transfer] using arguments [wlt_c_20260917-pilot6_calibration-retail-transfer-low-1w-40tps-r2_retail-transfer-low_w0_7,wlt_c_20260917-pilot6_calibration-retail-transfer-low-1w-40tps-r2_retail-transfer-low_w0_69,1000,transfer_20260917-pilot6_calibration-retail-transfer-low-1w-40tps-r2_retail-transfer-low_w0_r1_1955],  with error: Error: Failed to submit trasaction with status code: 11
2026.09.17-08:34:24.742[31m error[39m [caliper] [connectors/peer-gateway/PeerGateway] 	Failed to perform submit transaction [Transfer] using arguments [wlt_c_20260917-pilot6_calibration-retail-transfer-low-1w-40tps-r2_retail-transfer-low_w0_23,wlt_c_20260917-pilot6_calibration-retail-transfer-low-1w-40tps-r2_retail-transfer-low_w0_86,1000,transfer_20260917-pilot6_calibration-retail-transfer-low-1w-40tps-r2_retail-transfer-low_w0_r1_1968],  with error: Error: Failed to submit trasaction with status code: 11
2026.09.17-08:34:24.742[31m error[39m [caliper] [connectors/peer-gateway/PeerGateway] 	Failed to perform submit transaction [Transfer] using arguments [wlt_c_20260917-pilot6_calibration-retail-transfer-low-1w-40tps-r2_retail-transfer-low_w0_24,wlt_c_20260917-pilot6_calibration-retail-transfer-low-1w-40tps-r2_retail-transfer-low_w0_87,1000,transfer_20260917-pilot6_calibration-retail-transfer-low-1w-40tps-r2_retail-transfer-low_w0_r1_1969],  with error: Error: Failed to submit trasaction with status code: 11
2026.09.17-08:34:24.892[31m error[39m [caliper] [connectors/peer-gateway/PeerGateway] 	Failed to perform submit transaction [Transfer] using arguments [wlt_c_20260917-pilot6_calibration-retail-transfer-low-1w-40tps-r2_retail-transfer-low_w0_38,wlt_c_20260917-pilot6_calibration-retail-transfer-low-1w-40tps-r2_retail-transfer-low_w0_101,1000,transfer_20260917-pilot6_calibration-retail-transfer-low-1w-40tps-r2_retail-transfer-low_w0_r1_1980],  with error: Error: Failed to submit trasaction with status code: 11
2026.09.17-08:34:24.892[31m error[39m [caliper] [connectors/peer-gateway/PeerGateway] 	Failed to perform submit transaction [Transfer] using arguments [wlt_c_20260917-pilot6_calibration-retail-transfer-low-1w-40tps-r2_retail-transfer-low_w0_28,wlt_c_20260917-pilot6_calibration-retail-transfer-low-1w-40tps-r2_retail-transfer-low_w0_91,1000,transfer_20260917-pilot6_calibration-retail-transfer-low-1w-40tps-r2_retail-transfer-low_w0_r1_1972],  with error: Error: Failed to submit trasaction with status code: 11
2026.09.17-08:34:24.893[31m error[39m [caliper] [connectors/peer-gateway/PeerGateway] 	Failed to perform submit transaction [Transfer] using arguments [wlt_c_20260917-pilot6_calibration-retail-transfer-low-1w-40tps-r2_retail-transfer-low_w0_27,wlt_c_20260917-pilot6_calibration-retail-transfer-low-1w-40tps-r2_retail-transfer-low_w0_89,1000,transfer_20260917-pilot6_calibration-retail-transfer-low-1w-40tps-r2_retail-transfer-low_w0_r1_1971],  with error: Error: Failed to submit trasaction with status code: 11
2026.09.17-08:34:24.894[31m error[39m [caliper] [connectors/peer-gateway/PeerGateway] 	Failed to perform submit transaction [Transfer] using arguments [wlt_c_20260917-pilot6_calibration-retail-transfer-low-1w-40tps-r2_retail-transfer-low_w0_26,wlt_c_20260917-pilot6_calibration-retail-transfer-low-1w-40tps-r2_retail-transfer-low_w0_88,1000,transfer_20260917-pilot6_calibration-retail-transfer-low-1w-40tps-r2_retail-transfer-low_w0_r1_1970],  with error: Error: Failed to submit trasaction with status code: 11
2026.09.17-08:34:24.908[31m error[39m [caliper] [connectors/peer-gateway/PeerGateway] 	Failed to perform submit transaction [Transfer] using arguments [wlt_c_20260917-pilot6_calibration-retail-transfer-low-1w-40tps-r2_retail-transfer-low_w0_37,wlt_c_20260917-pilot6_calibration-retail-transfer-low-1w-40tps-r2_retail-transfer-low_w0_99,1000,transfer_20260917-pilot6_calibration-retail-transfer-low-1w-40tps-r2_retail-transfer-low_w0_r1_1979],  with error: Error: Failed to submit trasaction with status code: 11
2026.09.17-08:34:25.049[32m info [39m [caliper] [default-observer] 	[retail-transfer-low-40tps Round 1 Transaction Info] - Submitted: 2090 Succ: 1646 Fail:294 Unfinished:150
2026.09.17-08:34:25.124[31m error[39m [caliper] [connectors/peer-gateway/PeerGateway] 	Failed to perform submit transaction [Transfer] using arguments [wlt_c_20260917-pilot6_calibration-retail-transfer-low-1w-40tps-r2_retail-transfer-low_w0_46,wlt_c_20260917-pilot6_calibration-retail-transfer-low-1w-40tps-r2_retail-transfer-low_w0_108,1000,transfer_20260917-pilot6_calibration-retail-transfer-low-1w-40tps-r2_retail-transfer-low_w0_r1_1986],  with error: Error: Failed to submit trasaction with status code: 11
2026.09.17-08:34:25.125[31m error[39m [caliper] [connectors/peer-gateway/PeerGateway] 	Failed to perform submit transaction [Transfer] using arguments [wlt_c_20260917-pilot6_calibration-retail-transfer-low-1w-40tps-r2_retail-transfer-low_w0_47,wlt_c_20260917-pilot6_calibration-retail-transfer-low-1w-40tps-r2_retail-transfer-low_w0_109,1000,transfer_20260917-pilot6_calibration-retail-transfer-low-1w-40tps-r2_retail-transfer-low_w0_r1_1987],  with error: Error: Failed to submit trasaction with status code: 11
2026.09.17-08:34:25.125[31m error[39m [caliper] [connectors/peer-gateway/PeerGateway] 	Failed to perform submit transaction [Transfer] using arguments [wlt_c_20260917-pilot6_calibration-retail-transfer-low-1w-40tps-r2_retail-transfer-low_w0_39,wlt_c_20260917-pilot6_calibration-retail-transfer-low-1w-40tps-r2_retail-transfer-low_w0_102,1000,transfer_20260917-pilot6_calibration-retail-transfer-low-1w-40tps-r2_retail-transfer-low_w0_r1_1981],  with error: Error: Failed to submit trasaction with status code: 11
2026.09.17-08:34:25.126[31m error[39m [caliper] [connectors/peer-gateway/PeerGateway] 	Failed to perform submit transaction [Transfer] using arguments [wlt_c_20260917-pilot6_calibration-retail-transfer-low-1w-40tps-r2_retail-transfer-low_w0_42,wlt_c_20260917-pilot6_calibration-retail-transfer-low-1w-40tps-r2_retail-transfer-low_w0_104,1000,transfer_20260917-pilot6_calibration-retail-transfer-low-1w-40tps-r2_retail-transfer-low_w0_r1_1983],  with error: Error: Failed to submit trasaction with status code: 11
2026.09.17-08:34:25.126[31m error[39m [caliper] [connectors/peer-gateway/PeerGateway] 	Failed to perform submit transaction [Transfer] using arguments [wlt_c_20260917-pilot6_calibration-retail-transfer-low-1w-40tps-r2_retail-transfer-low_w0_41,wlt_c_20260917-pilot6_calibration-retail-transfer-low-1w-40tps-r2_retail-transfer-low_w0_103,1000,transfer_20260917-pilot6_calibration-retail-transfer-low-1w-40tps-r2_retail-transfer-low_w0_r1_1982],  with error: Error: Failed to submit trasaction with status code: 11
2026.09.17-08:34:25.126[31m error[39m [caliper] [connectors/peer-gateway/PeerGateway] 	Failed to perform submit transaction [Transfer] using arguments [wlt_c_20260917-pilot6_calibration-retail-transfer-low-1w-40tps-r2_retail-transfer-low_w0_44,wlt_c_20260917-pilot6_calibration-retail-transfer-low-1w-40tps-r2_retail-transfer-low_w0_107,1000,transfer_20260917-pilot6_calibration-retail-transfer-low-1w-40tps-r2_retail-transfer-low_w0_r1_1985],  with error: Error: Failed to submit trasaction with status code: 11
2026.09.17-08:34:25.127[31m error[39m [caliper] [connectors/peer-gateway/PeerGateway] 	Failed to perform submit transaction [Transfer] using arguments [wlt_c_20260917-pilot6_calibration-retail-transfer-low-1w-40tps-r2_retail-transfer-low_w0_43,wlt_c_20260917-pilot6_calibration-retail-transfer-low-1w-40tps-r2_retail-transfer-low_w0_106,1000,transfer_20260917-pilot6_calibration-retail-transfer-low-1w-40tps-r2_retail-transfer-low_w0_r1_1984],  with error: Error: Failed to submit trasaction with status code: 11
2026.09.17-08:34:25.286[31m error[39m [caliper] [connectors/peer-gateway/PeerGateway] 	Failed to perform submit transaction [Transfer] using arguments [wlt_c_20260917-pilot6_calibration-retail-transfer-low-1w-40tps-r2_retail-transfer-low_w0_62,wlt_c_20260917-pilot6_calibration-retail-transfer-low-1w-40tps-r2_retail-transfer-low_w0_124,1000,transfer_20260917-pilot6_calibration-retail-transfer-low-1w-40tps-r2_retail-transfer-low_w0_r1_1999],  with error: Error: Failed to submit trasaction with status code: 11
2026.09.17-08:34:25.295[31m error[39m [caliper] [connectors/peer-gateway/PeerGateway] 	Failed to perform submit transaction [Transfer] using arguments [wlt_c_20260917-pilot6_calibration-retail-transfer-low-1w-40tps-r2_retail-transfer-low_w0_53,wlt_c_20260917-pilot6_calibration-retail-transfer-low-1w-40tps-r2_retail-transfer-low_w0_116,1000,transfer_20260917-pilot6_calibration-retail-transfer-low-1w-40tps-r2_retail-transfer-low_w0_r1_1992],  with error: Error: Failed to submit trasaction with status code: 11
2026.09.17-08:34:25.296[31m error[39m [caliper] [connectors/peer-gateway/PeerGateway] 	Failed to perform submit transaction [Transfer] using arguments [wlt_c_20260917-pilot6_calibration-retail-transfer-low-1w-40tps-r2_retail-transfer-low_w0_57,wlt_c_20260917-pilot6_calibration-retail-transfer-low-1w-40tps-r2_retail-transfer-low_w0_119,1000,transfer_20260917-pilot6_calibration-retail-transfer-low-1w-40tps-r2_retail-transfer-low_w0_r1_1995],  with error: Error: Failed to submit trasaction with status code: 11
2026.09.17-08:34:25.297[31m error[39m [caliper] [connectors/peer-gateway/PeerGateway] 	Failed to perform submit transaction [Transfer] using arguments [wlt_c_20260917-pilot6_calibration-retail-transfer-low-1w-40tps-r2_retail-transfer-low_w0_52,wlt_c_20260917-pilot6_calibration-retail-transfer-low-1w-40tps-r2_retail-transfer-low_w0_114,1000,transfer_20260917-pilot6_calibration-retail-transfer-low-1w-40tps-r2_retail-transfer-low_w0_r1_1991],  with error: Error: Failed to submit trasaction with status code: 11
2026.09.17-08:34:25.297[31m error[39m [caliper] [connectors/peer-gateway/PeerGateway] 	Failed to perform submit transaction [Transfer] using arguments [wlt_c_20260917-pilot6_calibration-retail-transfer-low-1w-40tps-r2_retail-transfer-low_w0_54,wlt_c_20260917-pilot6_calibration-retail-transfer-low-1w-40tps-r2_retail-transfer-low_w0_117,1000,transfer_20260917-pilot6_calibration-retail-transfer-low-1w-40tps-r2_retail-transfer-low_w0_r1_1993],  with error: Error: Failed to submit trasaction with status code: 11
2026.09.17-08:34:25.298[31m error[39m [caliper] [connectors/peer-gateway/PeerGateway] 	Failed to perform submit transaction [Transfer] using arguments [wlt_c_20260917-pilot6_calibration-retail-transfer-low-1w-40tps-r2_retail-transfer-low_w0_58,wlt_c_20260917-pilot6_calibration-retail-transfer-low-1w-40tps-r2_retail-transfer-low_w0_121,1000,transfer_20260917-pilot6_calibration-retail-transfer-low-1w-40tps-r2_retail-transfer-low_w0_r1_1996],  with error: Error: Failed to submit trasaction with status code: 11
2026.09.17-08:34:25.298[31m error[39m [caliper] [connectors/peer-gateway/PeerGateway] 	Failed to perform submit transaction [Transfer] using arguments [wlt_c_20260917-pilot6_calibration-retail-transfer-low-1w-40tps-r2_retail-transfer-low_w0_61,wlt_c_20260917-pilot6_calibration-retail-transfer-low-1w-40tps-r2_retail-transfer-low_w0_123,1000,transfer_20260917-pilot6_calibration-retail-transfer-low-1w-40tps-r2_retail-transfer-low_w0_r1_1998],  with error: Error: Failed to submit trasaction with status code: 11
2026.09.17-08:34:25.299[31m error[39m [caliper] [connectors/peer-gateway/PeerGateway] 	Failed to perform submit transaction [Transfer] using arguments [wlt_c_20260917-pilot6_calibration-retail-transfer-low-1w-40tps-r2_retail-transfer-low_w0_56,wlt_c_20260917-pilot6_calibration-retail-transfer-low-1w-40tps-r2_retail-transfer-low_w0_118,1000,transfer_20260917-pilot6_calibration-retail-transfer-low-1w-40tps-r2_retail-transfer-low_w0_r1_1994],  with error: Error: Failed to submit trasaction with status code: 11
2026.09.17-08:34:25.299[31m error[39m [caliper] [connectors/peer-gateway/PeerGateway] 	Failed to perform submit transaction [Transfer] using arguments [wlt_c_20260917-pilot6_calibration-retail-transfer-low-1w-40tps-r2_retail-transfer-low_w0_59,wlt_c_20260917-pilot6_calibration-retail-transfer-low-1w-40tps-r2_retail-transfer-low_w0_122,1000,transfer_20260917-pilot6_calibration-retail-transfer-low-1w-40tps-r2_retail-transfer-low_w0_r1_1997],  with error: Error: Failed to submit trasaction with status code: 11
2026.09.17-08:34:25.407[31m error[39m [caliper] [connectors/peer-gateway/PeerGateway] 	Failed to perform submit transaction [Transfer] using arguments [wlt_c_20260917-pilot6_calibration-retail-transfer-low-1w-40tps-r2_retail-transfer-low_w0_22,wlt_c_20260917-pilot6_calibration-retail-transfer-low-1w-40tps-r2_retail-transfer-low_w0_84,1000,transfer_20260917-pilot6_calibration-retail-transfer-low-1w-40tps-r2_retail-transfer-low_w0_r1_2017],  with error: Error: Failed to submit trasaction with status code: 11
2026.09.17-08:34:25.408[31m error[39m [caliper] [connectors/peer-gateway/PeerGateway] 	Failed to perform submit transaction [Transfer] using arguments [wlt_c_20260917-pilot6_calibration-retail-transfer-low-1w-40tps-r2_retail-transfer-low_w0_3,wlt_c_20260917-pilot6_calibration-retail-transfer-low-1w-40tps-r2_retail-transfer-low_w0_66,1000,transfer_20260917-pilot6_calibration-retail-transfer-low-1w-40tps-r2_retail-transfer-low_w0_r1_2002],  with error: Error: Failed to submit trasaction with status code: 11
2026.09.17-08:34:25.408[31m error[39m [caliper] [connectors/peer-gateway/PeerGateway] 	Failed to perform submit transaction [Transfer] using arguments [wlt_c_20260917-pilot6_calibration-retail-transfer-low-1w-40tps-r2_retail-transfer-low_w0_1,wlt_c_20260917-pilot6_calibration-retail-transfer-low-1w-40tps-r2_retail-transfer-low_w0_63,1000,transfer_20260917-pilot6_calibration-retail-transfer-low-1w-40tps-r2_retail-transfer-low_w0_r1_2000],  with error: Error: Failed to submit trasaction with status code: 11
2026.09.17-08:34:25.410[31m error[39m [caliper] [connectors/peer-gateway/PeerGateway] 	Failed to perform submit transaction [Transfer] using arguments [wlt_c_20260917-pilot6_calibration-retail-transfer-low-1w-40tps-r2_retail-transfer-low_w0_2,wlt_c_20260917-pilot6_calibration-retail-transfer-low-1w-40tps-r2_retail-transfer-low_w0_64,1000,transfer_20260917-pilot6_calibration-retail-transfer-low-1w-40tps-r2_retail-transfer-low_w0_r1_2001],  with error: Error: Failed to submit trasaction with status code: 11
2026.09.17-08:34:25.410[31m error[39m [caliper] [connectors/peer-gateway/PeerGateway] 	Failed to perform submit transaction [Transfer] using arguments [wlt_c_20260917-pilot6_calibration-retail-transfer-low-1w-40tps-r2_retail-transfer-low_w0_4,wlt_c_20260917-pilot6_calibration-retail-transfer-low-1w-40tps-r2_retail-transfer-low_w0_67,1000,transfer_20260917-pilot6_calibration-retail-transfer-low-1w-40tps-r2_retail-transfer-low_w0_r1_2003],  with error: Error: Failed to submit trasaction with status code: 11
2026.09.17-08:34:25.410[31m error[39m [caliper] [connectors/peer-gateway/PeerGateway] 	Failed to perform submit transaction [Transfer] using arguments [wlt_c_20260917-pilot6_calibration-retail-transfer-low-1w-40tps-r2_retail-transfer-low_w0_7,wlt_c_20260917-pilot6_calibration-retail-transfer-low-1w-40tps-r2_retail-transfer-low_w0_69,1000,transfer_20260917-pilot6_calibration-retail-transfer-low-1w-40tps-r2_retail-transfer-low_w0_r1_2005],  with error: Error: Failed to submit trasaction with status code: 11
2026.09.17-08:34:25.410[31m error[39m [caliper] [connectors/peer-gateway/PeerGateway] 	Failed to perform submit transaction [Transfer] using arguments [wlt_c_20260917-pilot6_calibration-retail-transfer-low-1w-40tps-r2_retail-transfer-low_w0_11,wlt_c_20260917-pilot6_calibration-retail-transfer-low-1w-40tps-r2_retail-transfer-low_w0_73,1000,transfer_20260917-pilot6_calibration-retail-transfer-low-1w-40tps-r2_retail-transfer-low_w0_r1_2008],  with error: Error: Failed to submit trasaction with status code: 11
2026.09.17-08:34:25.411[31m error[39m [caliper] [connectors/peer-gateway/PeerGateway] 	Failed to perform submit transaction [Transfer] using arguments [wlt_c_20260917-pilot6_calibration-retail-transfer-low-1w-40tps-r2_retail-transfer-low_w0_12,wlt_c_20260917-pilot6_calibration-retail-transfer-low-1w-40tps-r2_retail-transfer-low_w0_74,1000,transfer_20260917-pilot6_calibration-retail-transfer-low-1w-40tps-r2_retail-transfer-low_w0_r1_2009],  with error: Error: Failed to submit trasaction with status code: 11
2026.09.17-08:34:25.411[31m error[39m [caliper] [connectors/peer-gateway/PeerGateway] 	Failed to perform submit transaction [Transfer] using arguments [wlt_c_20260917-pilot6_calibration-retail-transfer-low-1w-40tps-r2_retail-transfer-low_w0_23,wlt_c_20260917-pilot6_calibration-retail-transfer-low-1w-40tps-r2_retail-transfer-low_w0_86,1000,transfer_20260917-pilot6_calibration-retail-transfer-low-1w-40tps-r2_retail-transfer-low_w0_r1_2018],  with error: Error: Failed to submit trasaction with status code: 11
2026.09.17-08:34:25.411[31m error[39m [caliper] [connectors/peer-gateway/PeerGateway] 	Failed to perform submit transaction [Transfer] using arguments [wlt_c_20260917-pilot6_calibration-retail-transfer-low-1w-40tps-r2_retail-transfer-low_w0_6,wlt_c_20260917-pilot6_calibration-retail-transfer-low-1w-40tps-r2_retail-transfer-low_w0_68,1000,transfer_20260917-pilot6_calibration-retail-transfer-low-1w-40tps-r2_retail-transfer-low_w0_r1_2004],  with error: Error: Failed to submit trasaction with status code: 11
2026.09.17-08:34:25.518[31m error[39m [caliper] [connectors/peer-gateway/PeerGateway] 	Failed to perform submit transaction [Transfer] using arguments [wlt_c_20260917-pilot6_calibration-retail-transfer-low-1w-40tps-r2_retail-transfer-low_w0_9,wlt_c_20260917-pilot6_calibration-retail-transfer-low-1w-40tps-r2_retail-transfer-low_w0_72,1000,transfer_20260917-pilot6_calibration-retail-transfer-low-1w-40tps-r2_retail-transfer-low_w0_r1_2007],  with error: Error: Failed to submit trasaction with status code: 11
2026.09.17-08:34:25.518[31m error[39m [caliper] [connectors/peer-gateway/PeerGateway] 	Failed to perform submit transaction [Transfer] using arguments [wlt_c_20260917-pilot6_calibration-retail-transfer-low-1w-40tps-r2_retail-transfer-low_w0_16,wlt_c_20260917-pilot6_calibration-retail-transfer-low-1w-40tps-r2_retail-transfer-low_w0_78,1000,transfer_20260917-pilot6_calibration-retail-transfer-low-1w-40tps-r2_retail-transfer-low_w0_r1_2012],  with error: Error: Failed to submit trasaction with status code: 11
2026.09.17-08:34:25.518[31m error[39m [caliper] [connectors/peer-gateway/PeerGateway] 	Failed to perform submit transaction [Transfer] using arguments [wlt_c_20260917-pilot6_calibration-retail-transfer-low-1w-40tps-r2_retail-transfer-low_w0_21,wlt_c_20260917-pilot6_calibration-retail-transfer-low-1w-40tps-r2_retail-transfer-low_w0_83,1000,transfer_20260917-pilot6_calibration-retail-transfer-low-1w-40tps-r2_retail-transfer-low_w0_r1_2016],  with error: Error: Failed to submit trasaction with status code: 11
2026.09.17-08:34:25.519[31m error[39m [caliper] [connectors/peer-gateway/PeerGateway] 	Failed to perform submit transaction [Transfer] using arguments [wlt_c_20260917-pilot6_calibration-retail-transfer-low-1w-40tps-r2_retail-transfer-low_w0_19,wlt_c_20260917-pilot6_calibration-retail-transfer-low-1w-40tps-r2_retail-transfer-low_w0_82,1000,transfer_20260917-pilot6_calibration-retail-transfer-low-1w-40tps-r2_retail-transfer-low_w0_r1_2015],  with error: Error: Failed to submit trasaction with status code: 11
2026.09.17-08:34:25.520[31m error[39m [caliper] [connectors/peer-gateway/PeerGateway] 	Failed to perform submit transaction [Transfer] using arguments [wlt_c_20260917-pilot6_calibration-retail-transfer-low-1w-40tps-r2_retail-transfer-low_w0_17,wlt_c_20260917-pilot6_calibration-retail-transfer-low-1w-40tps-r2_retail-transfer-low_w0_79,1000,transfer_20260917-pilot6_calibration-retail-transfer-low-1w-40tps-r2_retail-transfer-low_w0_r1_2013],  with error: Error: Failed to submit trasaction with status code: 11
2026.09.17-08:34:25.521[31m error[39m [caliper] [connectors/peer-gateway/PeerGateway] 	Failed to perform submit transaction [Transfer] using arguments [wlt_c_20260917-pilot6_calibration-retail-transfer-low-1w-40tps-r2_retail-transfer-low_w0_13,wlt_c_20260917-pilot6_calibration-retail-transfer-low-1w-40tps-r2_retail-transfer-low_w0_76,1000,transfer_20260917-pilot6_calibration-retail-transfer-low-1w-40tps-r2_retail-transfer-low_w0_r1_2010],  with error: Error: Failed to submit trasaction with status code: 11
2026.09.17-08:34:25.521[31m error[39m [caliper] [connectors/peer-gateway/PeerGateway] 	Failed to perform submit transaction [Transfer] using arguments [wlt_c_20260917-pilot6_calibration-retail-transfer-low-1w-40tps-r2_retail-transfer-low_w0_18,wlt_c_20260917-pilot6_calibration-retail-transfer-low-1w-40tps-r2_retail-transfer-low_w0_81,1000,transfer_20260917-pilot6_calibration-retail-transfer-low-1w-40tps-r2_retail-transfer-low_w0_r1_2014],  with error: Error: Failed to submit trasaction with status code: 11
2026.09.17-08:34:25.522[31m error[39m [caliper] [connectors/peer-gateway/PeerGateway] 	Failed to perform submit transaction [Transfer] using arguments [wlt_c_20260917-pilot6_calibration-retail-transfer-low-1w-40tps-r2_retail-transfer-low_w0_14,wlt_c_20260917-pilot6_calibration-retail-transfer-low-1w-40tps-r2_retail-transfer-low_w0_77,1000,transfer_20260917-pilot6_calibration-retail-transfer-low-1w-40tps-r2_retail-transfer-low_w0_r1_2011],  with error: Error: Failed to submit trasaction with status code: 11
2026.09.17-08:34:25.696[31m error[39m [caliper] [connectors/peer-gateway/PeerGateway] 	Failed to perform submit transaction [Transfer] using arguments [wlt_c_20260917-pilot6_calibration-retail-transfer-low-1w-40tps-r2_retail-transfer-low_w0_48,wlt_c_20260917-pilot6_calibration-retail-transfer-low-1w-40tps-r2_retail-transfer-low_w0_111,1000,transfer_20260917-pilot6_calibration-retail-transfer-low-1w-40tps-r2_retail-transfer-low_w0_r1_2038],  with error: Error: Failed to submit trasaction with status code: 11
2026.09.17-08:34:25.697[31m error[39m [caliper] [connectors/peer-gateway/PeerGateway] 	Failed to perform submit transaction [Transfer] using arguments [wlt_c_20260917-pilot6_calibration-retail-transfer-low-1w-40tps-r2_retail-transfer-low_w0_24,wlt_c_20260917-pilot6_calibration-retail-transfer-low-1w-40tps-r2_retail-transfer-low_w0_87,1000,transfer_20260917-pilot6_calibration-retail-transfer-low-1w-40tps-r2_retail-transfer-low_w0_r1_2019],  with error: Error: Failed to submit trasaction with status code: 11
2026.09.17-08:34:25.698[31m error[39m [caliper] [connectors/peer-gateway/PeerGateway] 	Failed to perform submit transaction [Transfer] using arguments [wlt_c_20260917-pilot6_calibration-retail-transfer-low-1w-40tps-r2_retail-transfer-low_w0_34,wlt_c_20260917-pilot6_calibration-retail-transfer-low-1w-40tps-r2_retail-transfer-low_w0_97,1000,transfer_20260917-pilot6_calibration-retail-transfer-low-1w-40tps-r2_retail-transfer-low_w0_r1_2027],  with error: Error: Failed to submit trasaction with status code: 11
2026.09.17-08:34:25.699[31m error[39m [caliper] [connectors/peer-gateway/PeerGateway] 	Failed to perform submit transaction [Transfer] using arguments [wlt_c_20260917-pilot6_calibration-retail-transfer-low-1w-40tps-r2_retail-transfer-low_w0_36,wlt_c_20260917-pilot6_calibration-retail-transfer-low-1w-40tps-r2_retail-transfer-low_w0_98,1000,transfer_20260917-pilot6_calibration-retail-transfer-low-1w-40tps-r2_retail-transfer-low_w0_r1_2028],  with error: Error: Failed to submit trasaction with status code: 11
2026.09.17-08:34:25.700[31m error[39m [caliper] [connectors/peer-gateway/PeerGateway] 	Failed to perform submit transaction [Transfer] using arguments [wlt_c_20260917-pilot6_calibration-retail-transfer-low-1w-40tps-r2_retail-transfer-low_w0_33,wlt_c_20260917-pilot6_calibration-retail-transfer-low-1w-40tps-r2_retail-transfer-low_w0_96,1000,transfer_20260917-pilot6_calibration-retail-transfer-low-1w-40tps-r2_retail-transfer-low_w0_r1_2026],  with error: Error: Failed to submit trasaction with status code: 11
2026.09.17-08:34:25.701[31m error[39m [caliper] [connectors/peer-gateway/PeerGateway] 	Failed to perform submit transaction [Transfer] using arguments [wlt_c_20260917-pilot6_calibration-retail-transfer-low-1w-40tps-r2_retail-transfer-low_w0_49,wlt_c_20260917-pilot6_calibration-retail-transfer-low-1w-40tps-r2_retail-transfer-low_w0_112,1000,transfer_20260917-pilot6_calibration-retail-transfer-low-1w-40tps-r2_retail-transfer-low_w0_r1_2039],  with error: Error: Failed to submit trasaction with status code: 11
2026.09.17-08:34:25.917[31m error[39m [caliper] [connectors/peer-gateway/PeerGateway] 	Failed to perform submit transaction [Transfer] using arguments [wlt_c_20260917-pilot6_calibration-retail-transfer-low-1w-40tps-r2_retail-transfer-low_w0_51,wlt_c_20260917-pilot6_calibration-retail-transfer-low-1w-40tps-r2_retail-transfer-low_w0_113,1000,transfer_20260917-pilot6_calibration-retail-transfer-low-1w-40tps-r2_retail-transfer-low_w0_r1_2040],  with error: Error: Failed to submit trasaction with status code: 11
2026.09.17-08:34:25.925[31m error[39m [caliper] [connectors/peer-gateway/PeerGateway] 	Failed to perform submit transaction [Transfer] using arguments [wlt_c_20260917-pilot6_calibration-retail-transfer-low-1w-40tps-r2_retail-transfer-low_w0_29,wlt_c_20260917-pilot6_calibration-retail-transfer-low-1w-40tps-r2_retail-transfer-low_w0_92,1000,transfer_20260917-pilot6_calibration-retail-transfer-low-1w-40tps-r2_retail-transfer-low_w0_r1_2023],  with error: Error: Failed to submit trasaction with status code: 11
2026.09.17-08:34:25.926[31m error[39m [caliper] [connectors/peer-gateway/PeerGateway] 	Failed to perform submit transaction [Transfer] using arguments [wlt_c_20260917-pilot6_calibration-retail-transfer-low-1w-40tps-r2_retail-transfer-low_w0_32,wlt_c_20260917-pilot6_calibration-retail-transfer-low-1w-40tps-r2_retail-transfer-low_w0_94,1000,transfer_20260917-pilot6_calibration-retail-transfer-low-1w-40tps-r2_retail-transfer-low_w0_r1_2025],  with error: Error: Failed to submit trasaction with status code: 11
2026.09.17-08:34:26.064[31m error[39m [caliper] [connectors/peer-gateway/PeerGateway] 	Failed to perform submit transaction [Transfer] using arguments [wlt_c_20260917-pilot6_calibration-retail-transfer-low-1w-40tps-r2_retail-transfer-low_w0_53,wlt_c_20260917-pilot6_calibration-retail-transfer-low-1w-40tps-r2_retail-transfer-low_w0_116,1000,transfer_20260917-pilot6_calibration-retail-transfer-low-1w-40tps-r2_retail-transfer-low_w0_r1_2042],  with error: Error: Failed to submit trasaction with status code: 11
2026.09.17-08:34:26.064[31m error[39m [caliper] [connectors/peer-gateway/PeerGateway] 	Failed to perform submit transaction [Transfer] using arguments [wlt_c_20260917-pilot6_calibration-retail-transfer-low-1w-40tps-r2_retail-transfer-low_w0_31,wlt_c_20260917-pilot6_calibration-retail-transfer-low-1w-40tps-r2_retail-transfer-low_w0_93,1000,transfer_20260917-pilot6_calibration-retail-transfer-low-1w-40tps-r2_retail-transfer-low_w0_r1_2024],  with error: Error: Failed to submit trasaction with status code: 11
2026.09.17-08:34:26.068[31m error[39m [caliper] [connectors/peer-gateway/PeerGateway] 	Failed to perform submit transaction [Transfer] using arguments [wlt_c_20260917-pilot6_calibration-retail-transfer-low-1w-40tps-r2_retail-transfer-low_w0_52,wlt_c_20260917-pilot6_calibration-retail-transfer-low-1w-40tps-r2_retail-transfer-low_w0_114,1000,transfer_20260917-pilot6_calibration-retail-transfer-low-1w-40tps-r2_retail-transfer-low_w0_r1_2041],  with error: Error: Failed to submit trasaction with status code: 11
2026.09.17-08:34:26.069[31m error[39m [caliper] [connectors/peer-gateway/PeerGateway] 	Failed to perform submit transaction [Transfer] using arguments [wlt_c_20260917-pilot6_calibration-retail-transfer-low-1w-40tps-r2_retail-transfer-low_w0_57,wlt_c_20260917-pilot6_calibration-retail-transfer-low-1w-40tps-r2_retail-transfer-low_w0_119,1000,transfer_20260917-pilot6_calibration-retail-transfer-low-1w-40tps-r2_retail-transfer-low_w0_r1_2045],  with error: Error: Failed to submit trasaction with status code: 11
2026.09.17-08:34:26.299[31m error[39m [caliper] [connectors/peer-gateway/PeerGateway] 	Failed to perform submit transaction [Transfer] using arguments [wlt_c_20260917-pilot6_calibration-retail-transfer-low-1w-40tps-r2_retail-transfer-low_w0_14,wlt_c_20260917-pilot6_calibration-retail-transfer-low-1w-40tps-r2_retail-transfer-low_w0_77,1000,transfer_20260917-pilot6_calibration-retail-transfer-low-1w-40tps-r2_retail-transfer-low_w0_r1_2061],  with error: Error: Failed to submit trasaction with status code: 11
2026.09.17-08:34:26.420[31m error[39m [caliper] [connectors/peer-gateway/PeerGateway] 	Failed to perform submit transaction [Transfer] using arguments [wlt_c_20260917-pilot6_calibration-retail-transfer-low-1w-40tps-r2_retail-transfer-low_w0_26,wlt_c_20260917-pilot6_calibration-retail-transfer-low-1w-40tps-r2_retail-transfer-low_w0_88,1000,transfer_20260917-pilot6_calibration-retail-transfer-low-1w-40tps-r2_retail-transfer-low_w0_r1_2070],  with error: Error: Failed to submit trasaction with status code: 11
2026.09.17-08:34:26.423[31m error[39m [caliper] [connectors/peer-gateway/PeerGateway] 	Failed to perform submit transaction [Transfer] using arguments [wlt_c_20260917-pilot6_calibration-retail-transfer-low-1w-40tps-r2_retail-transfer-low_w0_8,wlt_c_20260917-pilot6_calibration-retail-transfer-low-1w-40tps-r2_retail-transfer-low_w0_71,1000,transfer_20260917-pilot6_calibration-retail-transfer-low-1w-40tps-r2_retail-transfer-low_w0_r1_2056],  with error: Error: Failed to submit trasaction with status code: 11
2026.09.17-08:34:26.424[31m error[39m [caliper] [connectors/peer-gateway/PeerGateway] 	Failed to perform submit transaction [Transfer] using arguments [wlt_c_20260917-pilot6_calibration-retail-transfer-low-1w-40tps-r2_retail-transfer-low_w0_7,wlt_c_20260917-pilot6_calibration-retail-transfer-low-1w-40tps-r2_retail-transfer-low_w0_69,1000,transfer_20260917-pilot6_calibration-retail-transfer-low-1w-40tps-r2_retail-transfer-low_w0_r1_2055],  with error: Error: Failed to submit trasaction with status code: 11
2026.09.17-08:34:26.424[31m error[39m [caliper] [connectors/peer-gateway/PeerGateway] 	Failed to perform submit transaction [Transfer] using arguments [wlt_c_20260917-pilot6_calibration-retail-transfer-low-1w-40tps-r2_retail-transfer-low_w0_9,wlt_c_20260917-pilot6_calibration-retail-transfer-low-1w-40tps-r2_retail-transfer-low_w0_72,1000,transfer_20260917-pilot6_calibration-retail-transfer-low-1w-40tps-r2_retail-transfer-low_w0_r1_2057],  with error: Error: Failed to submit trasaction with status code: 11
2026.09.17-08:34:26.424[31m error[39m [caliper] [connectors/peer-gateway/PeerGateway] 	Failed to perform submit transaction [Transfer] using arguments [wlt_c_20260917-pilot6_calibration-retail-transfer-low-1w-40tps-r2_retail-transfer-low_w0_17,wlt_c_20260917-pilot6_calibration-retail-transfer-low-1w-40tps-r2_retail-transfer-low_w0_79,1000,transfer_20260917-pilot6_calibration-retail-transfer-low-1w-40tps-r2_retail-transfer-low_w0_r1_2063],  with error: Error: Failed to submit trasaction with status code: 11
2026.09.17-08:34:26.424[31m error[39m [caliper] [connectors/peer-gateway/PeerGateway] 	Failed to perform submit transaction [Transfer] using arguments [wlt_c_20260917-pilot6_calibration-retail-transfer-low-1w-40tps-r2_retail-transfer-low_w0_18,wlt_c_20260917-pilot6_calibration-retail-transfer-low-1w-40tps-r2_retail-transfer-low_w0_81,1000,transfer_20260917-pilot6_calibration-retail-transfer-low-1w-40tps-r2_retail-transfer-low_w0_r1_2064],  with error: Error: Failed to submit trasaction with status code: 11
2026.09.17-08:34:26.424[31m error[39m [caliper] [connectors/peer-gateway/PeerGateway] 	Failed to perform submit transaction [Transfer] using arguments [wlt_c_20260917-pilot6_calibration-retail-transfer-low-1w-40tps-r2_retail-transfer-low_w0_19,wlt_c_20260917-pilot6_calibration-retail-transfer-low-1w-40tps-r2_retail-transfer-low_w0_82,1000,transfer_20260917-pilot6_calibration-retail-transfer-low-1w-40tps-r2_retail-transfer-low_w0_r1_2065],  with error: Error: Failed to submit trasaction with status code: 11
2026.09.17-08:34:26.424[31m error[39m [caliper] [connectors/peer-gateway/PeerGateway] 	Failed to perform submit transaction [Transfer] using arguments [wlt_c_20260917-pilot6_calibration-retail-transfer-low-1w-40tps-r2_retail-transfer-low_w0_29,wlt_c_20260917-pilot6_calibration-retail-transfer-low-1w-40tps-r2_retail-transfer-low_w0_92,1000,transfer_20260917-pilot6_calibration-retail-transfer-low-1w-40tps-r2_retail-transfer-low_w0_r1_2073],  with error: Error: Failed to submit trasaction with status code: 11
2026.09.17-08:34:26.584[31m error[39m [caliper] [connectors/peer-gateway/PeerGateway] 	Failed to perform submit transaction [Transfer] using arguments [wlt_c_20260917-pilot6_calibration-retail-transfer-low-1w-40tps-r2_retail-transfer-low_w0_39,wlt_c_20260917-pilot6_calibration-retail-transfer-low-1w-40tps-r2_retail-transfer-low_w0_102,1000,transfer_20260917-pilot6_calibration-retail-transfer-low-1w-40tps-r2_retail-transfer-low_w0_r1_2081],  with error: Error: Failed to submit trasaction with status code: 11
2026.09.17-08:34:26.585[31m error[39m [caliper] [connectors/peer-gateway/PeerGateway] 	Failed to perform submit transaction [Transfer] using arguments [wlt_c_20260917-pilot6_calibration-retail-transfer-low-1w-40tps-r2_retail-transfer-low_w0_28,wlt_c_20260917-pilot6_calibration-retail-transfer-low-1w-40tps-r2_retail-transfer-low_w0_91,1000,transfer_20260917-pilot6_calibration-retail-transfer-low-1w-40tps-r2_retail-transfer-low_w0_r1_2072],  with error: Error: Failed to submit trasaction with status code: 11
2026.09.17-08:34:26.586[31m error[39m [caliper] [connectors/peer-gateway/PeerGateway] 	Failed to perform submit transaction [Transfer] using arguments [wlt_c_20260917-pilot6_calibration-retail-transfer-low-1w-40tps-r2_retail-transfer-low_w0_31,wlt_c_20260917-pilot6_calibration-retail-transfer-low-1w-40tps-r2_retail-transfer-low_w0_93,1000,transfer_20260917-pilot6_calibration-retail-transfer-low-1w-40tps-r2_retail-transfer-low_w0_r1_2074],  with error: Error: Failed to submit trasaction with status code: 11
2026.09.17-08:34:26.586[31m error[39m [caliper] [connectors/peer-gateway/PeerGateway] 	Failed to perform submit transaction [Transfer] using arguments [wlt_c_20260917-pilot6_calibration-retail-transfer-low-1w-40tps-r2_retail-transfer-low_w0_27,wlt_c_20260917-pilot6_calibration-retail-transfer-low-1w-40tps-r2_retail-transfer-low_w0_89,1000,transfer_20260917-pilot6_calibration-retail-transfer-low-1w-40tps-r2_retail-transfer-low_w0_r1_2071],  with error: Error: Failed to submit trasaction with status code: 11
2026.09.17-08:34:26.586[31m error[39m [caliper] [connectors/peer-gateway/PeerGateway] 	Failed to perform submit transaction [Transfer] using arguments [wlt_c_20260917-pilot6_calibration-retail-transfer-low-1w-40tps-r2_retail-transfer-low_w0_32,wlt_c_20260917-pilot6_calibration-retail-transfer-low-1w-40tps-r2_retail-transfer-low_w0_94,1000,transfer_20260917-pilot6_calibration-retail-transfer-low-1w-40tps-r2_retail-transfer-low_w0_r1_2075],  with error: Error: Failed to submit trasaction with status code: 11
2026.09.17-08:34:26.586[31m error[39m [caliper] [connectors/peer-gateway/PeerGateway] 	Failed to perform submit transaction [Transfer] using arguments [wlt_c_20260917-pilot6_calibration-retail-transfer-low-1w-40tps-r2_retail-transfer-low_w0_34,wlt_c_20260917-pilot6_calibration-retail-transfer-low-1w-40tps-r2_retail-transfer-low_w0_97,1000,transfer_20260917-pilot6_calibration-retail-transfer-low-1w-40tps-r2_retail-transfer-low_w0_r1_2077],  with error: Error: Failed to submit trasaction with status code: 11
2026.09.17-08:34:26.586[31m error[39m [caliper] [connectors/peer-gateway/PeerGateway] 	Failed to perform submit transaction [Transfer] using arguments [wlt_c_20260917-pilot6_calibration-retail-transfer-low-1w-40tps-r2_retail-transfer-low_w0_33,wlt_c_20260917-pilot6_calibration-retail-transfer-low-1w-40tps-r2_retail-transfer-low_w0_96,1000,transfer_20260917-pilot6_calibration-retail-transfer-low-1w-40tps-r2_retail-transfer-low_w0_r1_2076],  with error: Error: Failed to submit trasaction with status code: 11
2026.09.17-08:34:26.591[31m error[39m [caliper] [connectors/peer-gateway/PeerGateway] 	Failed to perform submit transaction [Transfer] using arguments [wlt_c_20260917-pilot6_calibration-retail-transfer-low-1w-40tps-r2_retail-transfer-low_w0_37,wlt_c_20260917-pilot6_calibration-retail-transfer-low-1w-40tps-r2_retail-transfer-low_w0_99,1000,transfer_20260917-pilot6_calibration-retail-transfer-low-1w-40tps-r2_retail-transfer-low_w0_r1_2079],  with error: Error: Failed to submit trasaction with status code: 11
2026.09.17-08:34:26.725[31m error[39m [caliper] [connectors/peer-gateway/PeerGateway] 	Failed to perform submit transaction [Transfer] using arguments [wlt_c_20260917-pilot6_calibration-retail-transfer-low-1w-40tps-r2_retail-transfer-low_w0_46,wlt_c_20260917-pilot6_calibration-retail-transfer-low-1w-40tps-r2_retail-transfer-low_w0_108,1000,transfer_20260917-pilot6_calibration-retail-transfer-low-1w-40tps-r2_retail-transfer-low_w0_r1_2086],  with error: Error: Failed to submit trasaction with status code: 11
2026.09.17-08:34:26.725[31m error[39m [caliper] [connectors/peer-gateway/PeerGateway] 	Failed to perform submit transaction [Transfer] using arguments [wlt_c_20260917-pilot6_calibration-retail-transfer-low-1w-40tps-r2_retail-transfer-low_w0_38,wlt_c_20260917-pilot6_calibration-retail-transfer-low-1w-40tps-r2_retail-transfer-low_w0_101,1000,transfer_20260917-pilot6_calibration-retail-transfer-low-1w-40tps-r2_retail-transfer-low_w0_r1_2080],  with error: Error: Failed to submit trasaction with status code: 11
2026.09.17-08:34:26.726[31m error[39m [caliper] [connectors/peer-gateway/PeerGateway] 	Failed to perform submit transaction [Transfer] using arguments [wlt_c_20260917-pilot6_calibration-retail-transfer-low-1w-40tps-r2_retail-transfer-low_w0_36,wlt_c_20260917-pilot6_calibration-retail-transfer-low-1w-40tps-r2_retail-transfer-low_w0_98,1000,transfer_20260917-pilot6_calibration-retail-transfer-low-1w-40tps-r2_retail-transfer-low_w0_r1_2078],  with error: Error: Failed to submit trasaction with status code: 11
2026.09.17-08:34:26.726[31m error[39m [caliper] [connectors/peer-gateway/PeerGateway] 	Failed to perform submit transaction [Transfer] using arguments [wlt_c_20260917-pilot6_calibration-retail-transfer-low-1w-40tps-r2_retail-transfer-low_w0_41,wlt_c_20260917-pilot6_calibration-retail-transfer-low-1w-40tps-r2_retail-transfer-low_w0_103,1000,transfer_20260917-pilot6_calibration-retail-transfer-low-1w-40tps-r2_retail-transfer-low_w0_r1_2082],  with error: Error: Failed to submit trasaction with status code: 11
2026.09.17-08:34:26.726[31m error[39m [caliper] [connectors/peer-gateway/PeerGateway] 	Failed to perform submit transaction [Transfer] using arguments [wlt_c_20260917-pilot6_calibration-retail-transfer-low-1w-40tps-r2_retail-transfer-low_w0_42,wlt_c_20260917-pilot6_calibration-retail-transfer-low-1w-40tps-r2_retail-transfer-low_w0_104,1000,transfer_20260917-pilot6_calibration-retail-transfer-low-1w-40tps-r2_retail-transfer-low_w0_r1_2083],  with error: Error: Failed to submit trasaction with status code: 11
2026.09.17-08:34:26.726[31m error[39m [caliper] [connectors/peer-gateway/PeerGateway] 	Failed to perform submit transaction [Transfer] using arguments [wlt_c_20260917-pilot6_calibration-retail-transfer-low-1w-40tps-r2_retail-transfer-low_w0_48,wlt_c_20260917-pilot6_calibration-retail-transfer-low-1w-40tps-r2_retail-transfer-low_w0_111,1000,transfer_20260917-pilot6_calibration-retail-transfer-low-1w-40tps-r2_retail-transfer-low_w0_r1_2088],  with error: Error: Failed to submit trasaction with status code: 11
2026.09.17-08:34:26.727[31m error[39m [caliper] [connectors/peer-gateway/PeerGateway] 	Failed to perform submit transaction [Transfer] using arguments [wlt_c_20260917-pilot6_calibration-retail-transfer-low-1w-40tps-r2_retail-transfer-low_w0_47,wlt_c_20260917-pilot6_calibration-retail-transfer-low-1w-40tps-r2_retail-transfer-low_w0_109,1000,transfer_20260917-pilot6_calibration-retail-transfer-low-1w-40tps-r2_retail-transfer-low_w0_r1_2087],  with error: Error: Failed to submit trasaction with status code: 11
2026.09.17-08:34:26.727[31m error[39m [caliper] [connectors/peer-gateway/PeerGateway] 	Failed to perform submit transaction [Transfer] using arguments [wlt_c_20260917-pilot6_calibration-retail-transfer-low-1w-40tps-r2_retail-transfer-low_w0_43,wlt_c_20260917-pilot6_calibration-retail-transfer-low-1w-40tps-r2_retail-transfer-low_w0_106,1000,transfer_20260917-pilot6_calibration-retail-transfer-low-1w-40tps-r2_retail-transfer-low_w0_r1_2084],  with error: Error: Failed to submit trasaction with status code: 11
2026.09.17-08:34:26.727[31m error[39m [caliper] [connectors/peer-gateway/PeerGateway] 	Failed to perform submit transaction [Transfer] using arguments [wlt_c_20260917-pilot6_calibration-retail-transfer-low-1w-40tps-r2_retail-transfer-low_w0_44,wlt_c_20260917-pilot6_calibration-retail-transfer-low-1w-40tps-r2_retail-transfer-low_w0_107,1000,transfer_20260917-pilot6_calibration-retail-transfer-low-1w-40tps-r2_retail-transfer-low_w0_r1_2085],  with error: Error: Failed to submit trasaction with status code: 11
2026.09.17-08:34:26.728[31m error[39m [caliper] [connectors/peer-gateway/PeerGateway] 	Failed to perform submit transaction [Transfer] using arguments [wlt_c_20260917-pilot6_calibration-retail-transfer-low-1w-40tps-r2_retail-transfer-low_w0_49,wlt_c_20260917-pilot6_calibration-retail-transfer-low-1w-40tps-r2_retail-transfer-low_w0_112,1000,transfer_20260917-pilot6_calibration-retail-transfer-low-1w-40tps-r2_retail-transfer-low_w0_r1_2089],  with error: Error: Failed to submit trasaction with status code: 11
2026.09.17-08:34:27.117[31m error[39m [caliper] [connectors/peer-gateway/PeerGateway] 	Failed to perform submit transaction [Transfer] using arguments [wlt_c_20260917-pilot6_calibration-retail-transfer-low-1w-40tps-r2_retail-transfer-low_w0_1,wlt_c_20260917-pilot6_calibration-retail-transfer-low-1w-40tps-r2_retail-transfer-low_w0_63,1000,transfer_20260917-pilot6_calibration-retail-transfer-low-1w-40tps-r2_retail-transfer-low_w0_r1_2100],  with error: Error: Failed to submit trasaction with status code: 11
2026.09.17-08:34:27.119[31m error[39m [caliper] [connectors/peer-gateway/PeerGateway] 	Failed to perform submit transaction [Transfer] using arguments [wlt_c_20260917-pilot6_calibration-retail-transfer-low-1w-40tps-r2_retail-transfer-low_w0_51,wlt_c_20260917-pilot6_calibration-retail-transfer-low-1w-40tps-r2_retail-transfer-low_w0_113,1000,transfer_20260917-pilot6_calibration-retail-transfer-low-1w-40tps-r2_retail-transfer-low_w0_r1_2090],  with error: Error: Failed to submit trasaction with status code: 11
2026.09.17-08:34:27.120[31m error[39m [caliper] [connectors/peer-gateway/PeerGateway] 	Failed to perform submit transaction [Transfer] using arguments [wlt_c_20260917-pilot6_calibration-retail-transfer-low-1w-40tps-r2_retail-transfer-low_w0_54,wlt_c_20260917-pilot6_calibration-retail-transfer-low-1w-40tps-r2_retail-transfer-low_w0_117,1000,transfer_20260917-pilot6_calibration-retail-transfer-low-1w-40tps-r2_retail-transfer-low_w0_r1_2093],  with error: Error: Failed to submit trasaction with status code: 11
2026.09.17-08:34:27.121[31m error[39m [caliper] [connectors/peer-gateway/PeerGateway] 	Failed to perform submit transaction [Transfer] using arguments [wlt_c_20260917-pilot6_calibration-retail-transfer-low-1w-40tps-r2_retail-transfer-low_w0_58,wlt_c_20260917-pilot6_calibration-retail-transfer-low-1w-40tps-r2_retail-transfer-low_w0_121,1000,transfer_20260917-pilot6_calibration-retail-transfer-low-1w-40tps-r2_retail-transfer-low_w0_r1_2096],  with error: Error: Failed to submit trasaction with status code: 11
2026.09.17-08:34:27.121[31m error[39m [caliper] [connectors/peer-gateway/PeerGateway] 	Failed to perform submit transaction [Transfer] using arguments [wlt_c_20260917-pilot6_calibration-retail-transfer-low-1w-40tps-r2_retail-transfer-low_w0_56,wlt_c_20260917-pilot6_calibration-retail-transfer-low-1w-40tps-r2_retail-transfer-low_w0_118,1000,transfer_20260917-pilot6_calibration-retail-transfer-low-1w-40tps-r2_retail-transfer-low_w0_r1_2094],  with error: Error: Failed to submit trasaction with status code: 11
2026.09.17-08:34:27.122[31m error[39m [caliper] [connectors/peer-gateway/PeerGateway] 	Failed to perform submit transaction [Transfer] using arguments [wlt_c_20260917-pilot6_calibration-retail-transfer-low-1w-40tps-r2_retail-transfer-low_w0_61,wlt_c_20260917-pilot6_calibration-retail-transfer-low-1w-40tps-r2_retail-transfer-low_w0_123,1000,transfer_20260917-pilot6_calibration-retail-transfer-low-1w-40tps-r2_retail-transfer-low_w0_r1_2098],  with error: Error: Failed to submit trasaction with status code: 11
2026.09.17-08:34:27.122[31m error[39m [caliper] [connectors/peer-gateway/PeerGateway] 	Failed to perform submit transaction [Transfer] using arguments [wlt_c_20260917-pilot6_calibration-retail-transfer-low-1w-40tps-r2_retail-transfer-low_w0_59,wlt_c_20260917-pilot6_calibration-retail-transfer-low-1w-40tps-r2_retail-transfer-low_w0_122,1000,transfer_20260917-pilot6_calibration-retail-transfer-low-1w-40tps-r2_retail-transfer-low_w0_r1_2097],  with error: Error: Failed to submit trasaction with status code: 11
2026.09.17-08:34:27.457[31m error[39m [caliper] [connectors/peer-gateway/PeerGateway] 	Failed to perform submit transaction [Transfer] using arguments [wlt_c_20260917-pilot6_calibration-retail-transfer-low-1w-40tps-r2_retail-transfer-low_w0_12,wlt_c_20260917-pilot6_calibration-retail-transfer-low-1w-40tps-r2_retail-transfer-low_w0_74,1000,transfer_20260917-pilot6_calibration-retail-transfer-low-1w-40tps-r2_retail-transfer-low_w0_r1_2109],  with error: Error: Failed to submit trasaction with status code: 11
2026.09.17-08:34:27.457[31m error[39m [caliper] [connectors/peer-gateway/PeerGateway] 	Failed to perform submit transaction [Transfer] using arguments [wlt_c_20260917-pilot6_calibration-retail-transfer-low-1w-40tps-r2_retail-transfer-low_w0_2,wlt_c_20260917-pilot6_calibration-retail-transfer-low-1w-40tps-r2_retail-transfer-low_w0_64,1000,transfer_20260917-pilot6_calibration-retail-transfer-low-1w-40tps-r2_retail-transfer-low_w0_r1_2101],  with error: Error: Failed to submit trasaction with status code: 11
2026.09.17-08:34:27.461[31m error[39m [caliper] [connectors/peer-gateway/PeerGateway] 	Failed to perform submit transaction [Transfer] using arguments [wlt_c_20260917-pilot6_calibration-retail-transfer-low-1w-40tps-r2_retail-transfer-low_w0_62,wlt_c_20260917-pilot6_calibration-retail-transfer-low-1w-40tps-r2_retail-transfer-low_w0_124,1000,transfer_20260917-pilot6_calibration-retail-transfer-low-1w-40tps-r2_retail-transfer-low_w0_r1_2099],  with error: Error: Failed to submit trasaction with status code: 11
2026.09.17-08:34:27.462[31m error[39m [caliper] [connectors/peer-gateway/PeerGateway] 	Failed to perform submit transaction [Transfer] using arguments [wlt_c_20260917-pilot6_calibration-retail-transfer-low-1w-40tps-r2_retail-transfer-low_w0_3,wlt_c_20260917-pilot6_calibration-retail-transfer-low-1w-40tps-r2_retail-transfer-low_w0_66,1000,transfer_20260917-pilot6_calibration-retail-transfer-low-1w-40tps-r2_retail-transfer-low_w0_r1_2102],  with error: Error: Failed to submit trasaction with status code: 11
2026.09.17-08:34:27.462[31m error[39m [caliper] [connectors/peer-gateway/PeerGateway] 	Failed to perform submit transaction [Transfer] using arguments [wlt_c_20260917-pilot6_calibration-retail-transfer-low-1w-40tps-r2_retail-transfer-low_w0_6,wlt_c_20260917-pilot6_calibration-retail-transfer-low-1w-40tps-r2_retail-transfer-low_w0_68,1000,transfer_20260917-pilot6_calibration-retail-transfer-low-1w-40tps-r2_retail-transfer-low_w0_r1_2104],  with error: Error: Failed to submit trasaction with status code: 11
2026.09.17-08:34:27.463[31m error[39m [caliper] [connectors/peer-gateway/PeerGateway] 	Failed to perform submit transaction [Transfer] using arguments [wlt_c_20260917-pilot6_calibration-retail-transfer-low-1w-40tps-r2_retail-transfer-low_w0_8,wlt_c_20260917-pilot6_calibration-retail-transfer-low-1w-40tps-r2_retail-transfer-low_w0_71,1000,transfer_20260917-pilot6_calibration-retail-transfer-low-1w-40tps-r2_retail-transfer-low_w0_r1_2106],  with error: Error: Failed to submit trasaction with status code: 11
2026.09.17-08:34:27.464[31m error[39m [caliper] [connectors/peer-gateway/PeerGateway] 	Failed to perform submit transaction [Transfer] using arguments [wlt_c_20260917-pilot6_calibration-retail-transfer-low-1w-40tps-r2_retail-transfer-low_w0_11,wlt_c_20260917-pilot6_calibration-retail-transfer-low-1w-40tps-r2_retail-transfer-low_w0_73,1000,transfer_20260917-pilot6_calibration-retail-transfer-low-1w-40tps-r2_retail-transfer-low_w0_r1_2108],  with error: Error: Failed to submit trasaction with status code: 11
2026.09.17-08:34:27.465[31m error[39m [caliper] [connectors/peer-gateway/PeerGateway] 	Failed to perform submit transaction [Transfer] using arguments [wlt_c_20260917-pilot6_calibration-retail-transfer-low-1w-40tps-r2_retail-transfer-low_w0_4,wlt_c_20260917-pilot6_calibration-retail-transfer-low-1w-40tps-r2_retail-transfer-low_w0_67,1000,transfer_20260917-pilot6_calibration-retail-transfer-low-1w-40tps-r2_retail-transfer-low_w0_r1_2103],  with error: Error: Failed to submit trasaction with status code: 11
2026.09.17-08:34:27.784[31m error[39m [caliper] [connectors/peer-gateway/PeerGateway] 	Failed to perform submit transaction [Transfer] using arguments [wlt_c_20260917-pilot6_calibration-retail-transfer-low-1w-40tps-r2_retail-transfer-low_w0_24,wlt_c_20260917-pilot6_calibration-retail-transfer-low-1w-40tps-r2_retail-transfer-low_w0_87,1000,transfer_20260917-pilot6_calibration-retail-transfer-low-1w-40tps-r2_retail-transfer-low_w0_r1_2119],  with error: Error: Failed to submit trasaction with status code: 11
2026.09.17-08:34:27.785[31m error[39m [caliper] [connectors/peer-gateway/PeerGateway] 	Failed to perform submit transaction [Transfer] using arguments [wlt_c_20260917-pilot6_calibration-retail-transfer-low-1w-40tps-r2_retail-transfer-low_w0_13,wlt_c_20260917-pilot6_calibration-retail-transfer-low-1w-40tps-r2_retail-transfer-low_w0_76,1000,transfer_20260917-pilot6_calibration-retail-transfer-low-1w-40tps-r2_retail-transfer-low_w0_r1_2110],  with error: Error: Failed to submit trasaction with status code: 11
2026.09.17-08:34:27.795[31m error[39m [caliper] [connectors/peer-gateway/PeerGateway] 	Failed to perform submit transaction [Transfer] using arguments [wlt_c_20260917-pilot6_calibration-retail-transfer-low-1w-40tps-r2_retail-transfer-low_w0_23,wlt_c_20260917-pilot6_calibration-retail-transfer-low-1w-40tps-r2_retail-transfer-low_w0_86,1000,transfer_20260917-pilot6_calibration-retail-transfer-low-1w-40tps-r2_retail-transfer-low_w0_r1_2118],  with error: Error: Failed to submit trasaction with status code: 11
2026.09.17-08:34:27.795[31m error[39m [caliper] [connectors/peer-gateway/PeerGateway] 	Failed to perform submit transaction [Transfer] using arguments [wlt_c_20260917-pilot6_calibration-retail-transfer-low-1w-40tps-r2_retail-transfer-low_w0_22,wlt_c_20260917-pilot6_calibration-retail-transfer-low-1w-40tps-r2_retail-transfer-low_w0_84,1000,transfer_20260917-pilot6_calibration-retail-transfer-low-1w-40tps-r2_retail-transfer-low_w0_r1_2117],  with error: Error: Failed to submit trasaction with status code: 11
2026.09.17-08:34:27.797[31m error[39m [caliper] [connectors/peer-gateway/PeerGateway] 	Failed to perform submit transaction [Transfer] using arguments [wlt_c_20260917-pilot6_calibration-retail-transfer-low-1w-40tps-r2_retail-transfer-low_w0_21,wlt_c_20260917-pilot6_calibration-retail-transfer-low-1w-40tps-r2_retail-transfer-low_w0_83,1000,transfer_20260917-pilot6_calibration-retail-transfer-low-1w-40tps-r2_retail-transfer-low_w0_r1_2116],  with error: Error: Failed to submit trasaction with status code: 11
2026.09.17-08:34:27.799[31m error[39m [caliper] [connectors/peer-gateway/PeerGateway] 	Failed to perform submit transaction [Transfer] using arguments [wlt_c_20260917-pilot6_calibration-retail-transfer-low-1w-40tps-r2_retail-transfer-low_w0_16,wlt_c_20260917-pilot6_calibration-retail-transfer-low-1w-40tps-r2_retail-transfer-low_w0_78,1000,transfer_20260917-pilot6_calibration-retail-transfer-low-1w-40tps-r2_retail-transfer-low_w0_r1_2112],  with error: Error: Failed to submit trasaction with status code: 11
2026.09.17-08:34:28.066[31m error[39m [caliper] [connectors/peer-gateway/PeerGateway] 	Failed to perform submit transaction [Transfer] using arguments [wlt_c_20260917-pilot6_calibration-retail-transfer-low-1w-40tps-r2_retail-transfer-low_w0_37,wlt_c_20260917-pilot6_calibration-retail-transfer-low-1w-40tps-r2_retail-transfer-low_w0_99,1000,transfer_20260917-pilot6_calibration-retail-transfer-low-1w-40tps-r2_retail-transfer-low_w0_r1_2129],  with error: Error: Failed to submit trasaction with status code: 11
2026.09.17-08:34:28.070[31m error[39m [caliper] [connectors/peer-gateway/PeerGateway] 	Failed to perform submit transaction [Transfer] using arguments [wlt_c_20260917-pilot6_calibration-retail-transfer-low-1w-40tps-r2_retail-transfer-low_w0_28,wlt_c_20260917-pilot6_calibration-retail-transfer-low-1w-40tps-r2_retail-transfer-low_w0_91,1000,transfer_20260917-pilot6_calibration-retail-transfer-low-1w-40tps-r2_retail-transfer-low_w0_r1_2122],  with error: Error: Failed to submit trasaction with status code: 11
2026.09.17-08:34:28.071[31m error[39m [caliper] [connectors/peer-gateway/PeerGateway] 	Failed to perform submit transaction [Transfer] using arguments [wlt_c_20260917-pilot6_calibration-retail-transfer-low-1w-40tps-r2_retail-transfer-low_w0_27,wlt_c_20260917-pilot6_calibration-retail-transfer-low-1w-40tps-r2_retail-transfer-low_w0_89,1000,transfer_20260917-pilot6_calibration-retail-transfer-low-1w-40tps-r2_retail-transfer-low_w0_r1_2121],  with error: Error: Failed to submit trasaction with status code: 11
2026.09.17-08:34:28.071[31m error[39m [caliper] [connectors/peer-gateway/PeerGateway] 	Failed to perform submit transaction [Transfer] using arguments [wlt_c_20260917-pilot6_calibration-retail-transfer-low-1w-40tps-r2_retail-transfer-low_w0_26,wlt_c_20260917-pilot6_calibration-retail-transfer-low-1w-40tps-r2_retail-transfer-low_w0_88,1000,transfer_20260917-pilot6_calibration-retail-transfer-low-1w-40tps-r2_retail-transfer-low_w0_r1_2120],  with error: Error: Failed to submit trasaction with status code: 11
2026.09.17-08:34:28.313[31m error[39m [caliper] [connectors/peer-gateway/PeerGateway] 	Failed to perform submit transaction [Transfer] using arguments [wlt_c_20260917-pilot6_calibration-retail-transfer-low-1w-40tps-r2_retail-transfer-low_w0_38,wlt_c_20260917-pilot6_calibration-retail-transfer-low-1w-40tps-r2_retail-transfer-low_w0_101,1000,transfer_20260917-pilot6_calibration-retail-transfer-low-1w-40tps-r2_retail-transfer-low_w0_r1_2130],  with error: Error: Failed to submit trasaction with status code: 11
2026.09.17-08:34:28.314[31m error[39m [caliper] [connectors/peer-gateway/PeerGateway] 	Failed to perform submit transaction [Transfer] using arguments [wlt_c_20260917-pilot6_calibration-retail-transfer-low-1w-40tps-r2_retail-transfer-low_w0_39,wlt_c_20260917-pilot6_calibration-retail-transfer-low-1w-40tps-r2_retail-transfer-low_w0_102,1000,transfer_20260917-pilot6_calibration-retail-transfer-low-1w-40tps-r2_retail-transfer-low_w0_r1_2131],  with error: Error: Failed to submit trasaction with status code: 11
2026.09.17-08:34:28.315[31m error[39m [caliper] [connectors/peer-gateway/PeerGateway] 	Failed to perform submit transaction [Transfer] using arguments [wlt_c_20260917-pilot6_calibration-retail-transfer-low-1w-40tps-r2_retail-transfer-low_w0_41,wlt_c_20260917-pilot6_calibration-retail-transfer-low-1w-40tps-r2_retail-transfer-low_w0_103,1000,transfer_20260917-pilot6_calibration-retail-transfer-low-1w-40tps-r2_retail-transfer-low_w0_r1_2132],  with error: Error: Failed to submit trasaction with status code: 11
2026.09.17-08:34:28.315[31m error[39m [caliper] [connectors/peer-gateway/PeerGateway] 	Failed to perform submit transaction [Transfer] using arguments [wlt_c_20260917-pilot6_calibration-retail-transfer-low-1w-40tps-r2_retail-transfer-low_w0_42,wlt_c_20260917-pilot6_calibration-retail-transfer-low-1w-40tps-r2_retail-transfer-low_w0_104,1000,transfer_20260917-pilot6_calibration-retail-transfer-low-1w-40tps-r2_retail-transfer-low_w0_r1_2133],  with error: Error: Failed to submit trasaction with status code: 11
2026.09.17-08:34:28.316[31m error[39m [caliper] [connectors/peer-gateway/PeerGateway] 	Failed to perform submit transaction [Transfer] using arguments [wlt_c_20260917-pilot6_calibration-retail-transfer-low-1w-40tps-r2_retail-transfer-low_w0_44,wlt_c_20260917-pilot6_calibration-retail-transfer-low-1w-40tps-r2_retail-transfer-low_w0_107,1000,transfer_20260917-pilot6_calibration-retail-transfer-low-1w-40tps-r2_retail-transfer-low_w0_r1_2135],  with error: Error: Failed to submit trasaction with status code: 11
2026.09.17-08:34:28.318[31m error[39m [caliper] [connectors/peer-gateway/PeerGateway] 	Failed to perform submit transaction [Transfer] using arguments [wlt_c_20260917-pilot6_calibration-retail-transfer-low-1w-40tps-r2_retail-transfer-low_w0_46,wlt_c_20260917-pilot6_calibration-retail-transfer-low-1w-40tps-r2_retail-transfer-low_w0_108,1000,transfer_20260917-pilot6_calibration-retail-transfer-low-1w-40tps-r2_retail-transfer-low_w0_r1_2136],  with error: Error: Failed to submit trasaction with status code: 11
2026.09.17-08:34:28.318[31m error[39m [caliper] [connectors/peer-gateway/PeerGateway] 	Failed to perform submit transaction [Transfer] using arguments [wlt_c_20260917-pilot6_calibration-retail-transfer-low-1w-40tps-r2_retail-transfer-low_w0_47,wlt_c_20260917-pilot6_calibration-retail-transfer-low-1w-40tps-r2_retail-transfer-low_w0_109,1000,transfer_20260917-pilot6_calibration-retail-transfer-low-1w-40tps-r2_retail-transfer-low_w0_r1_2137],  with error: Error: Failed to submit trasaction with status code: 11
2026.09.17-08:34:28.502[31m error[39m [caliper] [connectors/peer-gateway/PeerGateway] 	Failed to perform submit transaction [Transfer] using arguments [wlt_c_20260917-pilot6_calibration-retail-transfer-low-1w-40tps-r2_retail-transfer-low_w0_56,wlt_c_20260917-pilot6_calibration-retail-transfer-low-1w-40tps-r2_retail-transfer-low_w0_118,1000,transfer_20260917-pilot6_calibration-retail-transfer-low-1w-40tps-r2_retail-transfer-low_w0_r1_2144],  with error: Error: Failed to submit trasaction with status code: 11
2026.09.17-08:34:28.503[31m error[39m [caliper] [connectors/peer-gateway/PeerGateway] 	Failed to perform submit transaction [Transfer] using arguments [wlt_c_20260917-pilot6_calibration-retail-transfer-low-1w-40tps-r2_retail-transfer-low_w0_54,wlt_c_20260917-pilot6_calibration-retail-transfer-low-1w-40tps-r2_retail-transfer-low_w0_117,1000,transfer_20260917-pilot6_calibration-retail-transfer-low-1w-40tps-r2_retail-transfer-low_w0_r1_2143],  with error: Error: Failed to submit trasaction with status code: 11
2026.09.17-08:34:28.504[31m error[39m [caliper] [connectors/peer-gateway/PeerGateway] 	Failed to perform submit transaction [Transfer] using arguments [wlt_c_20260917-pilot6_calibration-retail-transfer-low-1w-40tps-r2_retail-transfer-low_w0_62,wlt_c_20260917-pilot6_calibration-retail-transfer-low-1w-40tps-r2_retail-transfer-low_w0_124,1000,transfer_20260917-pilot6_calibration-retail-transfer-low-1w-40tps-r2_retail-transfer-low_w0_r1_2149],  with error: Error: Failed to submit trasaction with status code: 11
2026.09.17-08:34:28.504[31m error[39m [caliper] [connectors/peer-gateway/PeerGateway] 	Failed to perform submit transaction [Transfer] using arguments [wlt_c_20260917-pilot6_calibration-retail-transfer-low-1w-40tps-r2_retail-transfer-low_w0_59,wlt_c_20260917-pilot6_calibration-retail-transfer-low-1w-40tps-r2_retail-transfer-low_w0_122,1000,transfer_20260917-pilot6_calibration-retail-transfer-low-1w-40tps-r2_retail-transfer-low_w0_r1_2147],  with error: Error: Failed to submit trasaction with status code: 11
2026.09.17-08:34:28.504[31m error[39m [caliper] [connectors/peer-gateway/PeerGateway] 	Failed to perform submit transaction [Transfer] using arguments [wlt_c_20260917-pilot6_calibration-retail-transfer-low-1w-40tps-r2_retail-transfer-low_w0_52,wlt_c_20260917-pilot6_calibration-retail-transfer-low-1w-40tps-r2_retail-transfer-low_w0_114,1000,transfer_20260917-pilot6_calibration-retail-transfer-low-1w-40tps-r2_retail-transfer-low_w0_r1_2141],  with error: Error: Failed to submit trasaction with status code: 11
2026.09.17-08:34:28.504[31m error[39m [caliper] [connectors/peer-gateway/PeerGateway] 	Failed to perform submit transaction [Transfer] using arguments [wlt_c_20260917-pilot6_calibration-retail-transfer-low-1w-40tps-r2_retail-transfer-low_w0_43,wlt_c_20260917-pilot6_calibration-retail-transfer-low-1w-40tps-r2_retail-transfer-low_w0_106,1000,transfer_20260917-pilot6_calibration-retail-transfer-low-1w-40tps-r2_retail-transfer-low_w0_r1_2134],  with error: Error: Failed to submit trasaction with status code: 11
2026.09.17-08:34:28.504[31m error[39m [caliper] [connectors/peer-gateway/PeerGateway] 	Failed to perform submit transaction [Transfer] using arguments [wlt_c_20260917-pilot6_calibration-retail-transfer-low-1w-40tps-r2_retail-transfer-low_w0_57,wlt_c_20260917-pilot6_calibration-retail-transfer-low-1w-40tps-r2_retail-transfer-low_w0_119,1000,transfer_20260917-pilot6_calibration-retail-transfer-low-1w-40tps-r2_retail-transfer-low_w0_r1_2145],  with error: Error: Failed to submit trasaction with status code: 11
2026.09.17-08:34:28.504[31m error[39m [caliper] [connectors/peer-gateway/PeerGateway] 	Failed to perform submit transaction [Transfer] using arguments [wlt_c_20260917-pilot6_calibration-retail-transfer-low-1w-40tps-r2_retail-transfer-low_w0_58,wlt_c_20260917-pilot6_calibration-retail-transfer-low-1w-40tps-r2_retail-transfer-low_w0_121,1000,transfer_20260917-pilot6_calibration-retail-transfer-low-1w-40tps-r2_retail-transfer-low_w0_r1_2146],  with error: Error: Failed to submit trasaction with status code: 11
2026.09.17-08:34:28.504[31m error[39m [caliper] [connectors/peer-gateway/PeerGateway] 	Failed to perform submit transaction [Transfer] using arguments [wlt_c_20260917-pilot6_calibration-retail-transfer-low-1w-40tps-r2_retail-transfer-low_w0_53,wlt_c_20260917-pilot6_calibration-retail-transfer-low-1w-40tps-r2_retail-transfer-low_w0_116,1000,transfer_20260917-pilot6_calibration-retail-transfer-low-1w-40tps-r2_retail-transfer-low_w0_r1_2142],  with error: Error: Failed to submit trasaction with status code: 11
2026.09.17-08:34:28.504[31m error[39m [caliper] [connectors/peer-gateway/PeerGateway] 	Failed to perform submit transaction [Transfer] using arguments [wlt_c_20260917-pilot6_calibration-retail-transfer-low-1w-40tps-r2_retail-transfer-low_w0_61,wlt_c_20260917-pilot6_calibration-retail-transfer-low-1w-40tps-r2_retail-transfer-low_w0_123,1000,transfer_20260917-pilot6_calibration-retail-transfer-low-1w-40tps-r2_retail-transfer-low_w0_r1_2148],  with error: Error: Failed to submit trasaction with status code: 11
2026.09.17-08:34:28.782[31m error[39m [caliper] [connectors/peer-gateway/PeerGateway] 	Failed to perform submit transaction [Transfer] using arguments [wlt_c_20260917-pilot6_calibration-retail-transfer-low-1w-40tps-r2_retail-transfer-low_w0_3,wlt_c_20260917-pilot6_calibration-retail-transfer-low-1w-40tps-r2_retail-transfer-low_w0_66,1000,transfer_20260917-pilot6_calibration-retail-transfer-low-1w-40tps-r2_retail-transfer-low_w0_r1_2152],  with error: Error: Failed to submit trasaction with status code: 11
2026.09.17-08:34:28.783[31m error[39m [caliper] [connectors/peer-gateway/PeerGateway] 	Failed to perform submit transaction [Transfer] using arguments [wlt_c_20260917-pilot6_calibration-retail-transfer-low-1w-40tps-r2_retail-transfer-low_w0_4,wlt_c_20260917-pilot6_calibration-retail-transfer-low-1w-40tps-r2_retail-transfer-low_w0_67,1000,transfer_20260917-pilot6_calibration-retail-transfer-low-1w-40tps-r2_retail-transfer-low_w0_r1_2153],  with error: Error: Failed to submit trasaction with status code: 11
2026.09.17-08:34:28.785[31m error[39m [caliper] [connectors/peer-gateway/PeerGateway] 	Failed to perform submit transaction [Transfer] using arguments [wlt_c_20260917-pilot6_calibration-retail-transfer-low-1w-40tps-r2_retail-transfer-low_w0_6,wlt_c_20260917-pilot6_calibration-retail-transfer-low-1w-40tps-r2_retail-transfer-low_w0_68,1000,transfer_20260917-pilot6_calibration-retail-transfer-low-1w-40tps-r2_retail-transfer-low_w0_r1_2154],  with error: Error: Failed to submit trasaction with status code: 11
2026.09.17-08:34:28.786[31m error[39m [caliper] [connectors/peer-gateway/PeerGateway] 	Failed to perform submit transaction [Transfer] using arguments [wlt_c_20260917-pilot6_calibration-retail-transfer-low-1w-40tps-r2_retail-transfer-low_w0_7,wlt_c_20260917-pilot6_calibration-retail-transfer-low-1w-40tps-r2_retail-transfer-low_w0_69,1000,transfer_20260917-pilot6_calibration-retail-transfer-low-1w-40tps-r2_retail-transfer-low_w0_r1_2155],  with error: Error: Failed to submit trasaction with status code: 11
2026.09.17-08:34:28.786[31m error[39m [caliper] [connectors/peer-gateway/PeerGateway] 	Failed to perform submit transaction [Transfer] using arguments [wlt_c_20260917-pilot6_calibration-retail-transfer-low-1w-40tps-r2_retail-transfer-low_w0_18,wlt_c_20260917-pilot6_calibration-retail-transfer-low-1w-40tps-r2_retail-transfer-low_w0_81,1000,transfer_20260917-pilot6_calibration-retail-transfer-low-1w-40tps-r2_retail-transfer-low_w0_r1_2164],  with error: Error: Failed to submit trasaction with status code: 11
2026.09.17-08:34:28.786[31m error[39m [caliper] [connectors/peer-gateway/PeerGateway] 	Failed to perform submit transaction [Transfer] using arguments [wlt_c_20260917-pilot6_calibration-retail-transfer-low-1w-40tps-r2_retail-transfer-low_w0_1,wlt_c_20260917-pilot6_calibration-retail-transfer-low-1w-40tps-r2_retail-transfer-low_w0_63,1000,transfer_20260917-pilot6_calibration-retail-transfer-low-1w-40tps-r2_retail-transfer-low_w0_r1_2150],  with error: Error: Failed to submit trasaction with status code: 11
2026.09.17-08:34:28.786[31m error[39m [caliper] [connectors/peer-gateway/PeerGateway] 	Failed to perform submit transaction [Transfer] using arguments [wlt_c_20260917-pilot6_calibration-retail-transfer-low-1w-40tps-r2_retail-transfer-low_w0_2,wlt_c_20260917-pilot6_calibration-retail-transfer-low-1w-40tps-r2_retail-transfer-low_w0_64,1000,transfer_20260917-pilot6_calibration-retail-transfer-low-1w-40tps-r2_retail-transfer-low_w0_r1_2151],  with error: Error: Failed to submit trasaction with status code: 11
2026.09.17-08:34:29.107[31m error[39m [caliper] [connectors/peer-gateway/PeerGateway] 	Failed to perform submit transaction [Transfer] using arguments [wlt_c_20260917-pilot6_calibration-retail-transfer-low-1w-40tps-r2_retail-transfer-low_w0_22,wlt_c_20260917-pilot6_calibration-retail-transfer-low-1w-40tps-r2_retail-transfer-low_w0_84,1000,transfer_20260917-pilot6_calibration-retail-transfer-low-1w-40tps-r2_retail-transfer-low_w0_r1_2167],  with error: Error: Failed to submit trasaction with status code: 11
2026.09.17-08:34:29.109[31m error[39m [caliper] [connectors/peer-gateway/PeerGateway] 	Failed to perform submit transaction [Transfer] using arguments [wlt_c_20260917-pilot6_calibration-retail-transfer-low-1w-40tps-r2_retail-transfer-low_w0_14,wlt_c_20260917-pilot6_calibration-retail-transfer-low-1w-40tps-r2_retail-transfer-low_w0_77,1000,transfer_20260917-pilot6_calibration-retail-transfer-low-1w-40tps-r2_retail-transfer-low_w0_r1_2161],  with error: Error: Failed to submit trasaction with status code: 11
2026.09.17-08:34:29.110[31m error[39m [caliper] [connectors/peer-gateway/PeerGateway] 	Failed to perform submit transaction [Transfer] using arguments [wlt_c_20260917-pilot6_calibration-retail-transfer-low-1w-40tps-r2_retail-transfer-low_w0_19,wlt_c_20260917-pilot6_calibration-retail-transfer-low-1w-40tps-r2_retail-transfer-low_w0_82,1000,transfer_20260917-pilot6_calibration-retail-transfer-low-1w-40tps-r2_retail-transfer-low_w0_r1_2165],  with error: Error: Failed to submit trasaction with status code: 11
2026.09.17-08:34:29.111[31m error[39m [caliper] [connectors/peer-gateway/PeerGateway] 	Failed to perform submit transaction [Transfer] using arguments [wlt_c_20260917-pilot6_calibration-retail-transfer-low-1w-40tps-r2_retail-transfer-low_w0_21,wlt_c_20260917-pilot6_calibration-retail-transfer-low-1w-40tps-r2_retail-transfer-low_w0_83,1000,transfer_20260917-pilot6_calibration-retail-transfer-low-1w-40tps-r2_retail-transfer-low_w0_r1_2166],  with error: Error: Failed to submit trasaction with status code: 11
2026.09.17-08:34:29.113[31m error[39m [caliper] [connectors/peer-gateway/PeerGateway] 	Failed to perform submit transaction [Transfer] using arguments [wlt_c_20260917-pilot6_calibration-retail-transfer-low-1w-40tps-r2_retail-transfer-low_w0_17,wlt_c_20260917-pilot6_calibration-retail-transfer-low-1w-40tps-r2_retail-transfer-low_w0_79,1000,transfer_20260917-pilot6_calibration-retail-transfer-low-1w-40tps-r2_retail-transfer-low_w0_r1_2163],  with error: Error: Failed to submit trasaction with status code: 11
2026.09.17-08:34:29.113[31m error[39m [caliper] [connectors/peer-gateway/PeerGateway] 	Failed to perform submit transaction [Transfer] using arguments [wlt_c_20260917-pilot6_calibration-retail-transfer-low-1w-40tps-r2_retail-transfer-low_w0_9,wlt_c_20260917-pilot6_calibration-retail-transfer-low-1w-40tps-r2_retail-transfer-low_w0_72,1000,transfer_20260917-pilot6_calibration-retail-transfer-low-1w-40tps-r2_retail-transfer-low_w0_r1_2157],  with error: Error: Failed to submit trasaction with status code: 11
2026.09.17-08:34:29.463[31m error[39m [caliper] [connectors/peer-gateway/PeerGateway] 	Failed to perform submit transaction [Transfer] using arguments [wlt_c_20260917-pilot6_calibration-retail-transfer-low-1w-40tps-r2_retail-transfer-low_w0_31,wlt_c_20260917-pilot6_calibration-retail-transfer-low-1w-40tps-r2_retail-transfer-low_w0_93,1000,transfer_20260917-pilot6_calibration-retail-transfer-low-1w-40tps-r2_retail-transfer-low_w0_r1_2174],  with error: Error: Failed to submit trasaction with status code: 11
2026.09.17-08:34:29.466[31m error[39m [caliper] [connectors/peer-gateway/PeerGateway] 	Failed to perform submit transaction [Transfer] using arguments [wlt_c_20260917-pilot6_calibration-retail-transfer-low-1w-40tps-r2_retail-transfer-low_w0_29,wlt_c_20260917-pilot6_calibration-retail-transfer-low-1w-40tps-r2_retail-transfer-low_w0_92,1000,transfer_20260917-pilot6_calibration-retail-transfer-low-1w-40tps-r2_retail-transfer-low_w0_r1_2173],  with error: Error: Failed to submit trasaction with status code: 11
2026.09.17-08:34:29.466[31m error[39m [caliper] [connectors/peer-gateway/PeerGateway] 	Failed to perform submit transaction [Transfer] using arguments [wlt_c_20260917-pilot6_calibration-retail-transfer-low-1w-40tps-r2_retail-transfer-low_w0_32,wlt_c_20260917-pilot6_calibration-retail-transfer-low-1w-40tps-r2_retail-transfer-low_w0_94,1000,transfer_20260917-pilot6_calibration-retail-transfer-low-1w-40tps-r2_retail-transfer-low_w0_r1_2175],  with error: Error: Failed to submit trasaction with status code: 11
2026.09.17-08:34:29.466[31m error[39m [caliper] [connectors/peer-gateway/PeerGateway] 	Failed to perform submit transaction [Transfer] using arguments [wlt_c_20260917-pilot6_calibration-retail-transfer-low-1w-40tps-r2_retail-transfer-low_w0_33,wlt_c_20260917-pilot6_calibration-retail-transfer-low-1w-40tps-r2_retail-transfer-low_w0_96,1000,transfer_20260917-pilot6_calibration-retail-transfer-low-1w-40tps-r2_retail-transfer-low_w0_r1_2176],  with error: Error: Failed to submit trasaction with status code: 11
2026.09.17-08:34:29.466[31m error[39m [caliper] [connectors/peer-gateway/PeerGateway] 	Failed to perform submit transaction [Transfer] using arguments [wlt_c_20260917-pilot6_calibration-retail-transfer-low-1w-40tps-r2_retail-transfer-low_w0_34,wlt_c_20260917-pilot6_calibration-retail-transfer-low-1w-40tps-r2_retail-transfer-low_w0_97,1000,transfer_20260917-pilot6_calibration-retail-transfer-low-1w-40tps-r2_retail-transfer-low_w0_r1_2177],  with error: Error: Failed to submit trasaction with status code: 11
2026.09.17-08:34:29.736[31m error[39m [caliper] [connectors/peer-gateway/PeerGateway] 	Failed to perform submit transaction [Transfer] using arguments [wlt_c_20260917-pilot6_calibration-retail-transfer-low-1w-40tps-r2_retail-transfer-low_w0_36,wlt_c_20260917-pilot6_calibration-retail-transfer-low-1w-40tps-r2_retail-transfer-low_w0_98,1000,transfer_20260917-pilot6_calibration-retail-transfer-low-1w-40tps-r2_retail-transfer-low_w0_r1_2178],  with error: Error: Failed to submit trasaction with status code: 11
2026.09.17-08:34:29.736[31m error[39m [caliper] [connectors/peer-gateway/PeerGateway] 	Failed to perform submit transaction [Transfer] using arguments [wlt_c_20260917-pilot6_calibration-retail-transfer-low-1w-40tps-r2_retail-transfer-low_w0_49,wlt_c_20260917-pilot6_calibration-retail-transfer-low-1w-40tps-r2_retail-transfer-low_w0_112,1000,transfer_20260917-pilot6_calibration-retail-transfer-low-1w-40tps-r2_retail-transfer-low_w0_r1_2189],  with error: Error: Failed to submit trasaction with status code: 11
2026.09.17-08:34:29.738[31m error[39m [caliper] [connectors/peer-gateway/PeerGateway] 	Failed to perform submit transaction [Transfer] using arguments [wlt_c_20260917-pilot6_calibration-retail-transfer-low-1w-40tps-r2_retail-transfer-low_w0_48,wlt_c_20260917-pilot6_calibration-retail-transfer-low-1w-40tps-r2_retail-transfer-low_w0_111,1000,transfer_20260917-pilot6_calibration-retail-transfer-low-1w-40tps-r2_retail-transfer-low_w0_r1_2188],  with error: Error: Failed to submit trasaction with status code: 11
2026.09.17-08:34:30.014[31m error[39m [caliper] [connectors/peer-gateway/PeerGateway] 	Failed to perform submit transaction [Transfer] using arguments [wlt_c_20260917-pilot6_calibration-retail-transfer-low-1w-40tps-r2_retail-transfer-low_w0_51,wlt_c_20260917-pilot6_calibration-retail-transfer-low-1w-40tps-r2_retail-transfer-low_w0_113,1000,transfer_20260917-pilot6_calibration-retail-transfer-low-1w-40tps-r2_retail-transfer-low_w0_r1_2190],  with error: Error: Failed to submit trasaction with status code: 11
2026.09.17-08:34:30.049[32m info [39m [caliper] [default-observer] 	[retail-transfer-low-40tps Round 1 Transaction Info] - Submitted: 2290 Succ: 1712 Fail:458 Unfinished:120
2026.09.17-08:34:30.264[31m error[39m [caliper] [connectors/peer-gateway/PeerGateway] 	Failed to perform submit transaction [Transfer] using arguments [wlt_c_20260917-pilot6_calibration-retail-transfer-low-1w-40tps-r2_retail-transfer-low_w0_8,wlt_c_20260917-pilot6_calibration-retail-transfer-low-1w-40tps-r2_retail-transfer-low_w0_71,1000,transfer_20260917-pilot6_calibration-retail-transfer-low-1w-40tps-r2_retail-transfer-low_w0_r1_2206],  with error: Error: Failed to submit trasaction with status code: 11
2026.09.17-08:34:30.264[31m error[39m [caliper] [connectors/peer-gateway/PeerGateway] 	Failed to perform submit transaction [Transfer] using arguments [wlt_c_20260917-pilot6_calibration-retail-transfer-low-1w-40tps-r2_retail-transfer-low_w0_12,wlt_c_20260917-pilot6_calibration-retail-transfer-low-1w-40tps-r2_retail-transfer-low_w0_74,1000,transfer_20260917-pilot6_calibration-retail-transfer-low-1w-40tps-r2_retail-transfer-low_w0_r1_2209],  with error: Error: Failed to submit trasaction with status code: 11
2026.09.17-08:34:30.271[31m error[39m [caliper] [connectors/peer-gateway/PeerGateway] 	Failed to perform submit transaction [Transfer] using arguments [wlt_c_20260917-pilot6_calibration-retail-transfer-low-1w-40tps-r2_retail-transfer-low_w0_11,wlt_c_20260917-pilot6_calibration-retail-transfer-low-1w-40tps-r2_retail-transfer-low_w0_73,1000,transfer_20260917-pilot6_calibration-retail-transfer-low-1w-40tps-r2_retail-transfer-low_w0_r1_2208],  with error: Error: Failed to submit trasaction with status code: 11
2026.09.17-08:34:30.273[31m error[39m [caliper] [connectors/peer-gateway/PeerGateway] 	Failed to perform submit transaction [Transfer] using arguments [wlt_c_20260917-pilot6_calibration-retail-transfer-low-1w-40tps-r2_retail-transfer-low_w0_13,wlt_c_20260917-pilot6_calibration-retail-transfer-low-1w-40tps-r2_retail-transfer-low_w0_76,1000,transfer_20260917-pilot6_calibration-retail-transfer-low-1w-40tps-r2_retail-transfer-low_w0_r1_2210],  with error: Error: Failed to submit trasaction with status code: 11
2026.09.17-08:34:30.515[31m error[39m [caliper] [connectors/peer-gateway/PeerGateway] 	Failed to perform submit transaction [Transfer] using arguments [wlt_c_20260917-pilot6_calibration-retail-transfer-low-1w-40tps-r2_retail-transfer-low_w0_28,wlt_c_20260917-pilot6_calibration-retail-transfer-low-1w-40tps-r2_retail-transfer-low_w0_91,1000,transfer_20260917-pilot6_calibration-retail-transfer-low-1w-40tps-r2_retail-transfer-low_w0_r1_2222],  with error: Error: Failed to submit trasaction with status code: 11
2026.09.17-08:34:30.516[31m error[39m [caliper] [connectors/peer-gateway/PeerGateway] 	Failed to perform submit transaction [Transfer] using arguments [wlt_c_20260917-pilot6_calibration-retail-transfer-low-1w-40tps-r2_retail-transfer-low_w0_24,wlt_c_20260917-pilot6_calibration-retail-transfer-low-1w-40tps-r2_retail-transfer-low_w0_87,1000,transfer_20260917-pilot6_calibration-retail-transfer-low-1w-40tps-r2_retail-transfer-low_w0_r1_2219],  with error: Error: Failed to submit trasaction with status code: 11
2026.09.17-08:34:30.517[31m error[39m [caliper] [connectors/peer-gateway/PeerGateway] 	Failed to perform submit transaction [Transfer] using arguments [wlt_c_20260917-pilot6_calibration-retail-transfer-low-1w-40tps-r2_retail-transfer-low_w0_23,wlt_c_20260917-pilot6_calibration-retail-transfer-low-1w-40tps-r2_retail-transfer-low_w0_86,1000,transfer_20260917-pilot6_calibration-retail-transfer-low-1w-40tps-r2_retail-transfer-low_w0_r1_2218],  with error: Error: Failed to submit trasaction with status code: 11
2026.09.17-08:34:30.518[31m error[39m [caliper] [connectors/peer-gateway/PeerGateway] 	Failed to perform submit transaction [Transfer] using arguments [wlt_c_20260917-pilot6_calibration-retail-transfer-low-1w-40tps-r2_retail-transfer-low_w0_16,wlt_c_20260917-pilot6_calibration-retail-transfer-low-1w-40tps-r2_retail-transfer-low_w0_78,1000,transfer_20260917-pilot6_calibration-retail-transfer-low-1w-40tps-r2_retail-transfer-low_w0_r1_2212],  with error: Error: Failed to submit trasaction with status code: 11
2026.09.17-08:34:30.519[31m error[39m [caliper] [connectors/peer-gateway/PeerGateway] 	Failed to perform submit transaction [Transfer] using arguments [wlt_c_20260917-pilot6_calibration-retail-transfer-low-1w-40tps-r2_retail-transfer-low_w0_14,wlt_c_20260917-pilot6_calibration-retail-transfer-low-1w-40tps-r2_retail-transfer-low_w0_77,1000,transfer_20260917-pilot6_calibration-retail-transfer-low-1w-40tps-r2_retail-transfer-low_w0_r1_2211],  with error: Error: Failed to submit trasaction with status code: 11
2026.09.17-08:34:30.519[31m error[39m [caliper] [connectors/peer-gateway/PeerGateway] 	Failed to perform submit transaction [Transfer] using arguments [wlt_c_20260917-pilot6_calibration-retail-transfer-low-1w-40tps-r2_retail-transfer-low_w0_17,wlt_c_20260917-pilot6_calibration-retail-transfer-low-1w-40tps-r2_retail-transfer-low_w0_79,1000,transfer_20260917-pilot6_calibration-retail-transfer-low-1w-40tps-r2_retail-transfer-low_w0_r1_2213],  with error: Error: Failed to submit trasaction with status code: 11
2026.09.17-08:34:30.520[31m error[39m [caliper] [connectors/peer-gateway/PeerGateway] 	Failed to perform submit transaction [Transfer] using arguments [wlt_c_20260917-pilot6_calibration-retail-transfer-low-1w-40tps-r2_retail-transfer-low_w0_18,wlt_c_20260917-pilot6_calibration-retail-transfer-low-1w-40tps-r2_retail-transfer-low_w0_81,1000,transfer_20260917-pilot6_calibration-retail-transfer-low-1w-40tps-r2_retail-transfer-low_w0_r1_2214],  with error: Error: Failed to submit trasaction with status code: 11
2026.09.17-08:34:30.716[31m error[39m [caliper] [connectors/peer-gateway/PeerGateway] 	Failed to perform submit transaction [Transfer] using arguments [wlt_c_20260917-pilot6_calibration-retail-transfer-low-1w-40tps-r2_retail-transfer-low_w0_38,wlt_c_20260917-pilot6_calibration-retail-transfer-low-1w-40tps-r2_retail-transfer-low_w0_101,1000,transfer_20260917-pilot6_calibration-retail-transfer-low-1w-40tps-r2_retail-transfer-low_w0_r1_2230],  with error: Error: Failed to submit trasaction with status code: 11
2026.09.17-08:34:30.717[31m error[39m [caliper] [connectors/peer-gateway/PeerGateway] 	Failed to perform submit transaction [Transfer] using arguments [wlt_c_20260917-pilot6_calibration-retail-transfer-low-1w-40tps-r2_retail-transfer-low_w0_27,wlt_c_20260917-pilot6_calibration-retail-transfer-low-1w-40tps-r2_retail-transfer-low_w0_89,1000,transfer_20260917-pilot6_calibration-retail-transfer-low-1w-40tps-r2_retail-transfer-low_w0_r1_2221],  with error: Error: Failed to submit trasaction with status code: 11
2026.09.17-08:34:30.717[31m error[39m [caliper] [connectors/peer-gateway/PeerGateway] 	Failed to perform submit transaction [Transfer] using arguments [wlt_c_20260917-pilot6_calibration-retail-transfer-low-1w-40tps-r2_retail-transfer-low_w0_31,wlt_c_20260917-pilot6_calibration-retail-transfer-low-1w-40tps-r2_retail-transfer-low_w0_93,1000,transfer_20260917-pilot6_calibration-retail-transfer-low-1w-40tps-r2_retail-transfer-low_w0_r1_2224],  with error: Error: Failed to submit trasaction with status code: 11
2026.09.17-08:34:30.717[31m error[39m [caliper] [connectors/peer-gateway/PeerGateway] 	Failed to perform submit transaction [Transfer] using arguments [wlt_c_20260917-pilot6_calibration-retail-transfer-low-1w-40tps-r2_retail-transfer-low_w0_32,wlt_c_20260917-pilot6_calibration-retail-transfer-low-1w-40tps-r2_retail-transfer-low_w0_94,1000,transfer_20260917-pilot6_calibration-retail-transfer-low-1w-40tps-r2_retail-transfer-low_w0_r1_2225],  with error: Error: Failed to submit trasaction with status code: 11
2026.09.17-08:34:30.718[31m error[39m [caliper] [connectors/peer-gateway/PeerGateway] 	Failed to perform submit transaction [Transfer] using arguments [wlt_c_20260917-pilot6_calibration-retail-transfer-low-1w-40tps-r2_retail-transfer-low_w0_26,wlt_c_20260917-pilot6_calibration-retail-transfer-low-1w-40tps-r2_retail-transfer-low_w0_88,1000,transfer_20260917-pilot6_calibration-retail-transfer-low-1w-40tps-r2_retail-transfer-low_w0_r1_2220],  with error: Error: Failed to submit trasaction with status code: 11
2026.09.17-08:34:30.718[31m error[39m [caliper] [connectors/peer-gateway/PeerGateway] 	Failed to perform submit transaction [Transfer] using arguments [wlt_c_20260917-pilot6_calibration-retail-transfer-low-1w-40tps-r2_retail-transfer-low_w0_29,wlt_c_20260917-pilot6_calibration-retail-transfer-low-1w-40tps-r2_retail-transfer-low_w0_92,1000,transfer_20260917-pilot6_calibration-retail-transfer-low-1w-40tps-r2_retail-transfer-low_w0_r1_2223],  with error: Error: Failed to submit trasaction with status code: 11
2026.09.17-08:34:30.721[31m error[39m [caliper] [connectors/peer-gateway/PeerGateway] 	Failed to perform submit transaction [Transfer] using arguments [wlt_c_20260917-pilot6_calibration-retail-transfer-low-1w-40tps-r2_retail-transfer-low_w0_33,wlt_c_20260917-pilot6_calibration-retail-transfer-low-1w-40tps-r2_retail-transfer-low_w0_96,1000,transfer_20260917-pilot6_calibration-retail-transfer-low-1w-40tps-r2_retail-transfer-low_w0_r1_2226],  with error: Error: Failed to submit trasaction with status code: 11
2026.09.17-08:34:30.721[31m error[39m [caliper] [connectors/peer-gateway/PeerGateway] 	Failed to perform submit transaction [Transfer] using arguments [wlt_c_20260917-pilot6_calibration-retail-transfer-low-1w-40tps-r2_retail-transfer-low_w0_37,wlt_c_20260917-pilot6_calibration-retail-transfer-low-1w-40tps-r2_retail-transfer-low_w0_99,1000,transfer_20260917-pilot6_calibration-retail-transfer-low-1w-40tps-r2_retail-transfer-low_w0_r1_2229],  with error: Error: Failed to submit trasaction with status code: 11
2026.09.17-08:34:30.886[31m error[39m [caliper] [connectors/peer-gateway/PeerGateway] 	Failed to perform submit transaction [Transfer] using arguments [wlt_c_20260917-pilot6_calibration-retail-transfer-low-1w-40tps-r2_retail-transfer-low_w0_41,wlt_c_20260917-pilot6_calibration-retail-transfer-low-1w-40tps-r2_retail-transfer-low_w0_103,1000,transfer_20260917-pilot6_calibration-retail-transfer-low-1w-40tps-r2_retail-transfer-low_w0_r1_2232],  with error: Error: Failed to submit trasaction with status code: 11
2026.09.17-08:34:30.888[31m error[39m [caliper] [connectors/peer-gateway/PeerGateway] 	Failed to perform submit transaction [Transfer] using arguments [wlt_c_20260917-pilot6_calibration-retail-transfer-low-1w-40tps-r2_retail-transfer-low_w0_44,wlt_c_20260917-pilot6_calibration-retail-transfer-low-1w-40tps-r2_retail-transfer-low_w0_107,1000,transfer_20260917-pilot6_calibration-retail-transfer-low-1w-40tps-r2_retail-transfer-low_w0_r1_2235],  with error: Error: Failed to submit trasaction with status code: 11
2026.09.17-08:34:30.889[31m error[39m [caliper] [connectors/peer-gateway/PeerGateway] 	Failed to perform submit transaction [Transfer] using arguments [wlt_c_20260917-pilot6_calibration-retail-transfer-low-1w-40tps-r2_retail-transfer-low_w0_39,wlt_c_20260917-pilot6_calibration-retail-transfer-low-1w-40tps-r2_retail-transfer-low_w0_102,1000,transfer_20260917-pilot6_calibration-retail-transfer-low-1w-40tps-r2_retail-transfer-low_w0_r1_2231],  with error: Error: Failed to submit trasaction with status code: 11
2026.09.17-08:34:30.889[31m error[39m [caliper] [connectors/peer-gateway/PeerGateway] 	Failed to perform submit transaction [Transfer] using arguments [wlt_c_20260917-pilot6_calibration-retail-transfer-low-1w-40tps-r2_retail-transfer-low_w0_43,wlt_c_20260917-pilot6_calibration-retail-transfer-low-1w-40tps-r2_retail-transfer-low_w0_106,1000,transfer_20260917-pilot6_calibration-retail-transfer-low-1w-40tps-r2_retail-transfer-low_w0_r1_2234],  with error: Error: Failed to submit trasaction with status code: 11
2026.09.17-08:34:30.890[31m error[39m [caliper] [connectors/peer-gateway/PeerGateway] 	Failed to perform submit transaction [Transfer] using arguments [wlt_c_20260917-pilot6_calibration-retail-transfer-low-1w-40tps-r2_retail-transfer-low_w0_42,wlt_c_20260917-pilot6_calibration-retail-transfer-low-1w-40tps-r2_retail-transfer-low_w0_104,1000,transfer_20260917-pilot6_calibration-retail-transfer-low-1w-40tps-r2_retail-transfer-low_w0_r1_2233],  with error: Error: Failed to submit trasaction with status code: 11
2026.09.17-08:34:30.891[31m error[39m [caliper] [connectors/peer-gateway/PeerGateway] 	Failed to perform submit transaction [Transfer] using arguments [wlt_c_20260917-pilot6_calibration-retail-transfer-low-1w-40tps-r2_retail-transfer-low_w0_48,wlt_c_20260917-pilot6_calibration-retail-transfer-low-1w-40tps-r2_retail-transfer-low_w0_111,1000,transfer_20260917-pilot6_calibration-retail-transfer-low-1w-40tps-r2_retail-transfer-low_w0_r1_2238],  with error: Error: Failed to submit trasaction with status code: 11
2026.09.17-08:34:30.891[31m error[39m [caliper] [connectors/peer-gateway/PeerGateway] 	Failed to perform submit transaction [Transfer] using arguments [wlt_c_20260917-pilot6_calibration-retail-transfer-low-1w-40tps-r2_retail-transfer-low_w0_46,wlt_c_20260917-pilot6_calibration-retail-transfer-low-1w-40tps-r2_retail-transfer-low_w0_108,1000,transfer_20260917-pilot6_calibration-retail-transfer-low-1w-40tps-r2_retail-transfer-low_w0_r1_2236],  with error: Error: Failed to submit trasaction with status code: 11
2026.09.17-08:34:30.892[31m error[39m [caliper] [connectors/peer-gateway/PeerGateway] 	Failed to perform submit transaction [Transfer] using arguments [wlt_c_20260917-pilot6_calibration-retail-transfer-low-1w-40tps-r2_retail-transfer-low_w0_47,wlt_c_20260917-pilot6_calibration-retail-transfer-low-1w-40tps-r2_retail-transfer-low_w0_109,1000,transfer_20260917-pilot6_calibration-retail-transfer-low-1w-40tps-r2_retail-transfer-low_w0_r1_2237],  with error: Error: Failed to submit trasaction with status code: 11
2026.09.17-08:34:30.979[31m error[39m [caliper] [connectors/peer-gateway/PeerGateway] 	Failed to perform submit transaction [Transfer] using arguments [wlt_c_20260917-pilot6_calibration-retail-transfer-low-1w-40tps-r2_retail-transfer-low_w0_56,wlt_c_20260917-pilot6_calibration-retail-transfer-low-1w-40tps-r2_retail-transfer-low_w0_118,1000,transfer_20260917-pilot6_calibration-retail-transfer-low-1w-40tps-r2_retail-transfer-low_w0_r1_2244],  with error: Error: Failed to submit trasaction with status code: 11
2026.09.17-08:34:30.980[31m error[39m [caliper] [connectors/peer-gateway/PeerGateway] 	Failed to perform submit transaction [Transfer] using arguments [wlt_c_20260917-pilot6_calibration-retail-transfer-low-1w-40tps-r2_retail-transfer-low_w0_2,wlt_c_20260917-pilot6_calibration-retail-transfer-low-1w-40tps-r2_retail-transfer-low_w0_64,1000,transfer_20260917-pilot6_calibration-retail-transfer-low-1w-40tps-r2_retail-transfer-low_w0_r1_2251],  with error: Error: Failed to submit trasaction with status code: 11
2026.09.17-08:34:30.981[31m error[39m [caliper] [connectors/peer-gateway/PeerGateway] 	Failed to perform submit transaction [Transfer] using arguments [wlt_c_20260917-pilot6_calibration-retail-transfer-low-1w-40tps-r2_retail-transfer-low_w0_53,wlt_c_20260917-pilot6_calibration-retail-transfer-low-1w-40tps-r2_retail-transfer-low_w0_116,1000,transfer_20260917-pilot6_calibration-retail-transfer-low-1w-40tps-r2_retail-transfer-low_w0_r1_2242],  with error: Error: Failed to submit trasaction with status code: 11
2026.09.17-08:34:30.982[31m error[39m [caliper] [connectors/peer-gateway/PeerGateway] 	Failed to perform submit transaction [Transfer] using arguments [wlt_c_20260917-pilot6_calibration-retail-transfer-low-1w-40tps-r2_retail-transfer-low_w0_58,wlt_c_20260917-pilot6_calibration-retail-transfer-low-1w-40tps-r2_retail-transfer-low_w0_121,1000,transfer_20260917-pilot6_calibration-retail-transfer-low-1w-40tps-r2_retail-transfer-low_w0_r1_2246],  with error: Error: Failed to submit trasaction with status code: 11
2026.09.17-08:34:30.982[31m error[39m [caliper] [connectors/peer-gateway/PeerGateway] 	Failed to perform submit transaction [Transfer] using arguments [wlt_c_20260917-pilot6_calibration-retail-transfer-low-1w-40tps-r2_retail-transfer-low_w0_57,wlt_c_20260917-pilot6_calibration-retail-transfer-low-1w-40tps-r2_retail-transfer-low_w0_119,1000,transfer_20260917-pilot6_calibration-retail-transfer-low-1w-40tps-r2_retail-transfer-low_w0_r1_2245],  with error: Error: Failed to submit trasaction with status code: 11
2026.09.17-08:34:30.985[31m error[39m [caliper] [connectors/peer-gateway/PeerGateway] 	Failed to perform submit transaction [Transfer] using arguments [wlt_c_20260917-pilot6_calibration-retail-transfer-low-1w-40tps-r2_retail-transfer-low_w0_59,wlt_c_20260917-pilot6_calibration-retail-transfer-low-1w-40tps-r2_retail-transfer-low_w0_122,1000,transfer_20260917-pilot6_calibration-retail-transfer-low-1w-40tps-r2_retail-transfer-low_w0_r1_2247],  with error: Error: Failed to submit trasaction with status code: 11
2026.09.17-08:34:30.985[31m error[39m [caliper] [connectors/peer-gateway/PeerGateway] 	Failed to perform submit transaction [Transfer] using arguments [wlt_c_20260917-pilot6_calibration-retail-transfer-low-1w-40tps-r2_retail-transfer-low_w0_61,wlt_c_20260917-pilot6_calibration-retail-transfer-low-1w-40tps-r2_retail-transfer-low_w0_123,1000,transfer_20260917-pilot6_calibration-retail-transfer-low-1w-40tps-r2_retail-transfer-low_w0_r1_2248],  with error: Error: Failed to submit trasaction with status code: 11
2026.09.17-08:34:30.986[31m error[39m [caliper] [connectors/peer-gateway/PeerGateway] 	Failed to perform submit transaction [Transfer] using arguments [wlt_c_20260917-pilot6_calibration-retail-transfer-low-1w-40tps-r2_retail-transfer-low_w0_54,wlt_c_20260917-pilot6_calibration-retail-transfer-low-1w-40tps-r2_retail-transfer-low_w0_117,1000,transfer_20260917-pilot6_calibration-retail-transfer-low-1w-40tps-r2_retail-transfer-low_w0_r1_2243],  with error: Error: Failed to submit trasaction with status code: 11
2026.09.17-08:34:30.986[31m error[39m [caliper] [connectors/peer-gateway/PeerGateway] 	Failed to perform submit transaction [Transfer] using arguments [wlt_c_20260917-pilot6_calibration-retail-transfer-low-1w-40tps-r2_retail-transfer-low_w0_52,wlt_c_20260917-pilot6_calibration-retail-transfer-low-1w-40tps-r2_retail-transfer-low_w0_114,1000,transfer_20260917-pilot6_calibration-retail-transfer-low-1w-40tps-r2_retail-transfer-low_w0_r1_2241],  with error: Error: Failed to submit trasaction with status code: 11
2026.09.17-08:34:31.083[31m error[39m [caliper] [connectors/peer-gateway/PeerGateway] 	Failed to perform submit transaction [Transfer] using arguments [wlt_c_20260917-pilot6_calibration-retail-transfer-low-1w-40tps-r2_retail-transfer-low_w0_4,wlt_c_20260917-pilot6_calibration-retail-transfer-low-1w-40tps-r2_retail-transfer-low_w0_67,1000,transfer_20260917-pilot6_calibration-retail-transfer-low-1w-40tps-r2_retail-transfer-low_w0_r1_2253],  with error: Error: Failed to submit trasaction with status code: 11
2026.09.17-08:34:31.083[31m error[39m [caliper] [connectors/peer-gateway/PeerGateway] 	Failed to perform submit transaction [Transfer] using arguments [wlt_c_20260917-pilot6_calibration-retail-transfer-low-1w-40tps-r2_retail-transfer-low_w0_62,wlt_c_20260917-pilot6_calibration-retail-transfer-low-1w-40tps-r2_retail-transfer-low_w0_124,1000,transfer_20260917-pilot6_calibration-retail-transfer-low-1w-40tps-r2_retail-transfer-low_w0_r1_2249],  with error: Error: Failed to submit trasaction with status code: 11
2026.09.17-08:34:31.083[31m error[39m [caliper] [connectors/peer-gateway/PeerGateway] 	Failed to perform submit transaction [Transfer] using arguments [wlt_c_20260917-pilot6_calibration-retail-transfer-low-1w-40tps-r2_retail-transfer-low_w0_1,wlt_c_20260917-pilot6_calibration-retail-transfer-low-1w-40tps-r2_retail-transfer-low_w0_63,1000,transfer_20260917-pilot6_calibration-retail-transfer-low-1w-40tps-r2_retail-transfer-low_w0_r1_2250],  with error: Error: Failed to submit trasaction with status code: 11
2026.09.17-08:34:31.084[31m error[39m [caliper] [connectors/peer-gateway/PeerGateway] 	Failed to perform submit transaction [Transfer] using arguments [wlt_c_20260917-pilot6_calibration-retail-transfer-low-1w-40tps-r2_retail-transfer-low_w0_3,wlt_c_20260917-pilot6_calibration-retail-transfer-low-1w-40tps-r2_retail-transfer-low_w0_66,1000,transfer_20260917-pilot6_calibration-retail-transfer-low-1w-40tps-r2_retail-transfer-low_w0_r1_2252],  with error: Error: Failed to submit trasaction with status code: 11
2026.09.17-08:34:31.084[31m error[39m [caliper] [connectors/peer-gateway/PeerGateway] 	Failed to perform submit transaction [Transfer] using arguments [wlt_c_20260917-pilot6_calibration-retail-transfer-low-1w-40tps-r2_retail-transfer-low_w0_7,wlt_c_20260917-pilot6_calibration-retail-transfer-low-1w-40tps-r2_retail-transfer-low_w0_69,1000,transfer_20260917-pilot6_calibration-retail-transfer-low-1w-40tps-r2_retail-transfer-low_w0_r1_2255],  with error: Error: Failed to submit trasaction with status code: 11
2026.09.17-08:34:31.084[31m error[39m [caliper] [connectors/peer-gateway/PeerGateway] 	Failed to perform submit transaction [Transfer] using arguments [wlt_c_20260917-pilot6_calibration-retail-transfer-low-1w-40tps-r2_retail-transfer-low_w0_6,wlt_c_20260917-pilot6_calibration-retail-transfer-low-1w-40tps-r2_retail-transfer-low_w0_68,1000,transfer_20260917-pilot6_calibration-retail-transfer-low-1w-40tps-r2_retail-transfer-low_w0_r1_2254],  with error: Error: Failed to submit trasaction with status code: 11
2026.09.17-08:34:31.086[31m error[39m [caliper] [connectors/peer-gateway/PeerGateway] 	Failed to perform submit transaction [Transfer] using arguments [wlt_c_20260917-pilot6_calibration-retail-transfer-low-1w-40tps-r2_retail-transfer-low_w0_12,wlt_c_20260917-pilot6_calibration-retail-transfer-low-1w-40tps-r2_retail-transfer-low_w0_74,1000,transfer_20260917-pilot6_calibration-retail-transfer-low-1w-40tps-r2_retail-transfer-low_w0_r1_2259],  with error: Error: Failed to submit trasaction with status code: 11
2026.09.17-08:34:31.086[31m error[39m [caliper] [connectors/peer-gateway/PeerGateway] 	Failed to perform submit transaction [Transfer] using arguments [wlt_c_20260917-pilot6_calibration-retail-transfer-low-1w-40tps-r2_retail-transfer-low_w0_9,wlt_c_20260917-pilot6_calibration-retail-transfer-low-1w-40tps-r2_retail-transfer-low_w0_72,1000,transfer_20260917-pilot6_calibration-retail-transfer-low-1w-40tps-r2_retail-transfer-low_w0_r1_2257],  with error: Error: Failed to submit trasaction with status code: 11
2026.09.17-08:34:31.183[31m error[39m [caliper] [connectors/peer-gateway/PeerGateway] 	Failed to perform submit transaction [Transfer] using arguments [wlt_c_20260917-pilot6_calibration-retail-transfer-low-1w-40tps-r2_retail-transfer-low_w0_36,wlt_c_20260917-pilot6_calibration-retail-transfer-low-1w-40tps-r2_retail-transfer-low_w0_98,1000,transfer_20260917-pilot6_calibration-retail-transfer-low-1w-40tps-r2_retail-transfer-low_w0_r1_2278],  with error: Error: Failed to submit trasaction with status code: 11
2026.09.17-08:34:31.183[31m error[39m [caliper] [connectors/peer-gateway/PeerGateway] 	Failed to perform submit transaction [Transfer] using arguments [wlt_c_20260917-pilot6_calibration-retail-transfer-low-1w-40tps-r2_retail-transfer-low_w0_16,wlt_c_20260917-pilot6_calibration-retail-transfer-low-1w-40tps-r2_retail-transfer-low_w0_78,1000,transfer_20260917-pilot6_calibration-retail-transfer-low-1w-40tps-r2_retail-transfer-low_w0_r1_2262],  with error: Error: Failed to submit trasaction with status code: 11
2026.09.17-08:34:31.184[31m error[39m [caliper] [connectors/peer-gateway/PeerGateway] 	Failed to perform submit transaction [Transfer] using arguments [wlt_c_20260917-pilot6_calibration-retail-transfer-low-1w-40tps-r2_retail-transfer-low_w0_19,wlt_c_20260917-pilot6_calibration-retail-transfer-low-1w-40tps-r2_retail-transfer-low_w0_82,1000,transfer_20260917-pilot6_calibration-retail-transfer-low-1w-40tps-r2_retail-transfer-low_w0_r1_2265],  with error: Error: Failed to submit trasaction with status code: 11
2026.09.17-08:34:31.185[31m error[39m [caliper] [connectors/peer-gateway/PeerGateway] 	Failed to perform submit transaction [Transfer] using arguments [wlt_c_20260917-pilot6_calibration-retail-transfer-low-1w-40tps-r2_retail-transfer-low_w0_21,wlt_c_20260917-pilot6_calibration-retail-transfer-low-1w-40tps-r2_retail-transfer-low_w0_83,1000,transfer_20260917-pilot6_calibration-retail-transfer-low-1w-40tps-r2_retail-transfer-low_w0_r1_2266],  with error: Error: Failed to submit trasaction with status code: 11
2026.09.17-08:34:31.442[31m error[39m [caliper] [connectors/peer-gateway/PeerGateway] 	Failed to perform submit transaction [Transfer] using arguments [wlt_c_20260917-pilot6_calibration-retail-transfer-low-1w-40tps-r2_retail-transfer-low_w0_34,wlt_c_20260917-pilot6_calibration-retail-transfer-low-1w-40tps-r2_retail-transfer-low_w0_97,1000,transfer_20260917-pilot6_calibration-retail-transfer-low-1w-40tps-r2_retail-transfer-low_w0_r1_2277],  with error: Error: Failed to submit trasaction with status code: 11
2026.09.17-08:34:31.450[31m error[39m [caliper] [connectors/peer-gateway/PeerGateway] 	Failed to perform submit transaction [Transfer] using arguments [wlt_c_20260917-pilot6_calibration-retail-transfer-low-1w-40tps-r2_retail-transfer-low_w0_37,wlt_c_20260917-pilot6_calibration-retail-transfer-low-1w-40tps-r2_retail-transfer-low_w0_99,1000,transfer_20260917-pilot6_calibration-retail-transfer-low-1w-40tps-r2_retail-transfer-low_w0_r1_2279],  with error: Error: Failed to submit trasaction with status code: 11
2026.09.17-08:34:31.451[31m error[39m [caliper] [connectors/peer-gateway/PeerGateway] 	Failed to perform submit transaction [Transfer] using arguments [wlt_c_20260917-pilot6_calibration-retail-transfer-low-1w-40tps-r2_retail-transfer-low_w0_28,wlt_c_20260917-pilot6_calibration-retail-transfer-low-1w-40tps-r2_retail-transfer-low_w0_91,1000,transfer_20260917-pilot6_calibration-retail-transfer-low-1w-40tps-r2_retail-transfer-low_w0_r1_2272],  with error: Error: Failed to submit trasaction with status code: 11
2026.09.17-08:34:31.452[31m error[39m [caliper] [connectors/peer-gateway/PeerGateway] 	Failed to perform submit transaction [Transfer] using arguments [wlt_c_20260917-pilot6_calibration-retail-transfer-low-1w-40tps-r2_retail-transfer-low_w0_22,wlt_c_20260917-pilot6_calibration-retail-transfer-low-1w-40tps-r2_retail-transfer-low_w0_84,1000,transfer_20260917-pilot6_calibration-retail-transfer-low-1w-40tps-r2_retail-transfer-low_w0_r1_2267],  with error: Error: Failed to submit trasaction with status code: 11
2026.09.17-08:34:31.454[31m error[39m [caliper] [connectors/peer-gateway/PeerGateway] 	Failed to perform submit transaction [Transfer] using arguments [wlt_c_20260917-pilot6_calibration-retail-transfer-low-1w-40tps-r2_retail-transfer-low_w0_27,wlt_c_20260917-pilot6_calibration-retail-transfer-low-1w-40tps-r2_retail-transfer-low_w0_89,1000,transfer_20260917-pilot6_calibration-retail-transfer-low-1w-40tps-r2_retail-transfer-low_w0_r1_2271],  with error: Error: Failed to submit trasaction with status code: 11
2026.09.17-08:34:31.456[31m error[39m [caliper] [connectors/peer-gateway/PeerGateway] 	Failed to perform submit transaction [Transfer] using arguments [wlt_c_20260917-pilot6_calibration-retail-transfer-low-1w-40tps-r2_retail-transfer-low_w0_26,wlt_c_20260917-pilot6_calibration-retail-transfer-low-1w-40tps-r2_retail-transfer-low_w0_88,1000,transfer_20260917-pilot6_calibration-retail-transfer-low-1w-40tps-r2_retail-transfer-low_w0_r1_2270],  with error: Error: Failed to submit trasaction with status code: 11
2026.09.17-08:34:31.608[31m error[39m [caliper] [connectors/peer-gateway/PeerGateway] 	Failed to perform submit transaction [Transfer] using arguments [wlt_c_20260917-pilot6_calibration-retail-transfer-low-1w-40tps-r2_retail-transfer-low_w0_39,wlt_c_20260917-pilot6_calibration-retail-transfer-low-1w-40tps-r2_retail-transfer-low_w0_102,1000,transfer_20260917-pilot6_calibration-retail-transfer-low-1w-40tps-r2_retail-transfer-low_w0_r1_2281],  with error: Error: Failed to submit trasaction with status code: 11
2026.09.17-08:34:31.609[31m error[39m [caliper] [connectors/peer-gateway/PeerGateway] 	Failed to perform submit transaction [Transfer] using arguments [wlt_c_20260917-pilot6_calibration-retail-transfer-low-1w-40tps-r2_retail-transfer-low_w0_38,wlt_c_20260917-pilot6_calibration-retail-transfer-low-1w-40tps-r2_retail-transfer-low_w0_101,1000,transfer_20260917-pilot6_calibration-retail-transfer-low-1w-40tps-r2_retail-transfer-low_w0_r1_2280],  with error: Error: Failed to submit trasaction with status code: 11
2026.09.17-08:34:31.610[31m error[39m [caliper] [connectors/peer-gateway/PeerGateway] 	Failed to perform submit transaction [Transfer] using arguments [wlt_c_20260917-pilot6_calibration-retail-transfer-low-1w-40tps-r2_retail-transfer-low_w0_44,wlt_c_20260917-pilot6_calibration-retail-transfer-low-1w-40tps-r2_retail-transfer-low_w0_107,1000,transfer_20260917-pilot6_calibration-retail-transfer-low-1w-40tps-r2_retail-transfer-low_w0_r1_2285],  with error: Error: Failed to submit trasaction with status code: 11
2026.09.17-08:34:31.612[31m error[39m [caliper] [connectors/peer-gateway/PeerGateway] 	Failed to perform submit transaction [Transfer] using arguments [wlt_c_20260917-pilot6_calibration-retail-transfer-low-1w-40tps-r2_retail-transfer-low_w0_49,wlt_c_20260917-pilot6_calibration-retail-transfer-low-1w-40tps-r2_retail-transfer-low_w0_112,1000,transfer_20260917-pilot6_calibration-retail-transfer-low-1w-40tps-r2_retail-transfer-low_w0_r1_2289],  with error: Error: Failed to submit trasaction with status code: 11
2026.09.17-08:34:31.613[31m error[39m [caliper] [connectors/peer-gateway/PeerGateway] 	Failed to perform submit transaction [Transfer] using arguments [wlt_c_20260917-pilot6_calibration-retail-transfer-low-1w-40tps-r2_retail-transfer-low_w0_42,wlt_c_20260917-pilot6_calibration-retail-transfer-low-1w-40tps-r2_retail-transfer-low_w0_104,1000,transfer_20260917-pilot6_calibration-retail-transfer-low-1w-40tps-r2_retail-transfer-low_w0_r1_2283],  with error: Error: Failed to submit trasaction with status code: 11
2026.09.17-08:34:31.613[31m error[39m [caliper] [connectors/peer-gateway/PeerGateway] 	Failed to perform submit transaction [Transfer] using arguments [wlt_c_20260917-pilot6_calibration-retail-transfer-low-1w-40tps-r2_retail-transfer-low_w0_43,wlt_c_20260917-pilot6_calibration-retail-transfer-low-1w-40tps-r2_retail-transfer-low_w0_106,1000,transfer_20260917-pilot6_calibration-retail-transfer-low-1w-40tps-r2_retail-transfer-low_w0_r1_2284],  with error: Error: Failed to submit trasaction with status code: 11
2026.09.17-08:34:31.613[31m error[39m [caliper] [connectors/peer-gateway/PeerGateway] 	Failed to perform submit transaction [Transfer] using arguments [wlt_c_20260917-pilot6_calibration-retail-transfer-low-1w-40tps-r2_retail-transfer-low_w0_46,wlt_c_20260917-pilot6_calibration-retail-transfer-low-1w-40tps-r2_retail-transfer-low_w0_108,1000,transfer_20260917-pilot6_calibration-retail-transfer-low-1w-40tps-r2_retail-transfer-low_w0_r1_2286],  with error: Error: Failed to submit trasaction with status code: 11
2026.09.17-08:34:31.613[31m error[39m [caliper] [connectors/peer-gateway/PeerGateway] 	Failed to perform submit transaction [Transfer] using arguments [wlt_c_20260917-pilot6_calibration-retail-transfer-low-1w-40tps-r2_retail-transfer-low_w0_47,wlt_c_20260917-pilot6_calibration-retail-transfer-low-1w-40tps-r2_retail-transfer-low_w0_109,1000,transfer_20260917-pilot6_calibration-retail-transfer-low-1w-40tps-r2_retail-transfer-low_w0_r1_2287],  with error: Error: Failed to submit trasaction with status code: 11
2026.09.17-08:34:31.775[31m error[39m [caliper] [connectors/peer-gateway/PeerGateway] 	Failed to perform submit transaction [Transfer] using arguments [wlt_c_20260917-pilot6_calibration-retail-transfer-low-1w-40tps-r2_retail-transfer-low_w0_59,wlt_c_20260917-pilot6_calibration-retail-transfer-low-1w-40tps-r2_retail-transfer-low_w0_122,1000,transfer_20260917-pilot6_calibration-retail-transfer-low-1w-40tps-r2_retail-transfer-low_w0_r1_2297],  with error: Error: Failed to submit trasaction with status code: 11
2026.09.17-08:34:31.776[31m error[39m [caliper] [connectors/peer-gateway/PeerGateway] 	Failed to perform submit transaction [Transfer] using arguments [wlt_c_20260917-pilot6_calibration-retail-transfer-low-1w-40tps-r2_retail-transfer-low_w0_52,wlt_c_20260917-pilot6_calibration-retail-transfer-low-1w-40tps-r2_retail-transfer-low_w0_114,1000,transfer_20260917-pilot6_calibration-retail-transfer-low-1w-40tps-r2_retail-transfer-low_w0_r1_2291],  with error: Error: Failed to submit trasaction with status code: 11
2026.09.17-08:34:31.776[31m error[39m [caliper] [connectors/peer-gateway/PeerGateway] 	Failed to perform submit transaction [Transfer] using arguments [wlt_c_20260917-pilot6_calibration-retail-transfer-low-1w-40tps-r2_retail-transfer-low_w0_51,wlt_c_20260917-pilot6_calibration-retail-transfer-low-1w-40tps-r2_retail-transfer-low_w0_113,1000,transfer_20260917-pilot6_calibration-retail-transfer-low-1w-40tps-r2_retail-transfer-low_w0_r1_2290],  with error: Error: Failed to submit trasaction with status code: 11
2026.09.17-08:34:31.777[31m error[39m [caliper] [connectors/peer-gateway/PeerGateway] 	Failed to perform submit transaction [Transfer] using arguments [wlt_c_20260917-pilot6_calibration-retail-transfer-low-1w-40tps-r2_retail-transfer-low_w0_58,wlt_c_20260917-pilot6_calibration-retail-transfer-low-1w-40tps-r2_retail-transfer-low_w0_121,1000,transfer_20260917-pilot6_calibration-retail-transfer-low-1w-40tps-r2_retail-transfer-low_w0_r1_2296],  with error: Error: Failed to submit trasaction with status code: 11
2026.09.17-08:34:31.778[31m error[39m [caliper] [connectors/peer-gateway/PeerGateway] 	Failed to perform submit transaction [Transfer] using arguments [wlt_c_20260917-pilot6_calibration-retail-transfer-low-1w-40tps-r2_retail-transfer-low_w0_2,wlt_c_20260917-pilot6_calibration-retail-transfer-low-1w-40tps-r2_retail-transfer-low_w0_64,1000,transfer_20260917-pilot6_calibration-retail-transfer-low-1w-40tps-r2_retail-transfer-low_w0_r1_2301],  with error: Error: Failed to submit trasaction with status code: 11
2026.09.17-08:34:31.779[31m error[39m [caliper] [connectors/peer-gateway/PeerGateway] 	Failed to perform submit transaction [Transfer] using arguments [wlt_c_20260917-pilot6_calibration-retail-transfer-low-1w-40tps-r2_retail-transfer-low_w0_53,wlt_c_20260917-pilot6_calibration-retail-transfer-low-1w-40tps-r2_retail-transfer-low_w0_116,1000,transfer_20260917-pilot6_calibration-retail-transfer-low-1w-40tps-r2_retail-transfer-low_w0_r1_2292],  with error: Error: Failed to submit trasaction with status code: 11
2026.09.17-08:34:31.779[31m error[39m [caliper] [connectors/peer-gateway/PeerGateway] 	Failed to perform submit transaction [Transfer] using arguments [wlt_c_20260917-pilot6_calibration-retail-transfer-low-1w-40tps-r2_retail-transfer-low_w0_54,wlt_c_20260917-pilot6_calibration-retail-transfer-low-1w-40tps-r2_retail-transfer-low_w0_117,1000,transfer_20260917-pilot6_calibration-retail-transfer-low-1w-40tps-r2_retail-transfer-low_w0_r1_2293],  with error: Error: Failed to submit trasaction with status code: 11
2026.09.17-08:34:31.780[31m error[39m [caliper] [connectors/peer-gateway/PeerGateway] 	Failed to perform submit transaction [Transfer] using arguments [wlt_c_20260917-pilot6_calibration-retail-transfer-low-1w-40tps-r2_retail-transfer-low_w0_1,wlt_c_20260917-pilot6_calibration-retail-transfer-low-1w-40tps-r2_retail-transfer-low_w0_63,1000,transfer_20260917-pilot6_calibration-retail-transfer-low-1w-40tps-r2_retail-transfer-low_w0_r1_2300],  with error: Error: Failed to submit trasaction with status code: 11
2026.09.17-08:34:31.922[31m error[39m [caliper] [connectors/peer-gateway/PeerGateway] 	Failed to perform submit transaction [Transfer] using arguments [wlt_c_20260917-pilot6_calibration-retail-transfer-low-1w-40tps-r2_retail-transfer-low_w0_13,wlt_c_20260917-pilot6_calibration-retail-transfer-low-1w-40tps-r2_retail-transfer-low_w0_76,1000,transfer_20260917-pilot6_calibration-retail-transfer-low-1w-40tps-r2_retail-transfer-low_w0_r1_2310],  with error: Error: Failed to submit trasaction with status code: 11
2026.09.17-08:34:31.924[31m error[39m [caliper] [connectors/peer-gateway/PeerGateway] 	Failed to perform submit transaction [Transfer] using arguments [wlt_c_20260917-pilot6_calibration-retail-transfer-low-1w-40tps-r2_retail-transfer-low_w0_57,wlt_c_20260917-pilot6_calibration-retail-transfer-low-1w-40tps-r2_retail-transfer-low_w0_119,1000,transfer_20260917-pilot6_calibration-retail-transfer-low-1w-40tps-r2_retail-transfer-low_w0_r1_2295],  with error: Error: Failed to submit trasaction with status code: 11
2026.09.17-08:34:31.924[31m error[39m [caliper] [connectors/peer-gateway/PeerGateway] 	Failed to perform submit transaction [Transfer] using arguments [wlt_c_20260917-pilot6_calibration-retail-transfer-low-1w-40tps-r2_retail-transfer-low_w0_3,wlt_c_20260917-pilot6_calibration-retail-transfer-low-1w-40tps-r2_retail-transfer-low_w0_66,1000,transfer_20260917-pilot6_calibration-retail-transfer-low-1w-40tps-r2_retail-transfer-low_w0_r1_2302],  with error: Error: Failed to submit trasaction with status code: 11
2026.09.17-08:34:31.925[31m error[39m [caliper] [connectors/peer-gateway/PeerGateway] 	Failed to perform submit transaction [Transfer] using arguments [wlt_c_20260917-pilot6_calibration-retail-transfer-low-1w-40tps-r2_retail-transfer-low_w0_56,wlt_c_20260917-pilot6_calibration-retail-transfer-low-1w-40tps-r2_retail-transfer-low_w0_118,1000,transfer_20260917-pilot6_calibration-retail-transfer-low-1w-40tps-r2_retail-transfer-low_w0_r1_2294],  with error: Error: Failed to submit trasaction with status code: 11
2026.09.17-08:34:31.925[31m error[39m [caliper] [connectors/peer-gateway/PeerGateway] 	Failed to perform submit transaction [Transfer] using arguments [wlt_c_20260917-pilot6_calibration-retail-transfer-low-1w-40tps-r2_retail-transfer-low_w0_4,wlt_c_20260917-pilot6_calibration-retail-transfer-low-1w-40tps-r2_retail-transfer-low_w0_67,1000,transfer_20260917-pilot6_calibration-retail-transfer-low-1w-40tps-r2_retail-transfer-low_w0_r1_2303],  with error: Error: Failed to submit trasaction with status code: 11
2026.09.17-08:34:31.932[31m error[39m [caliper] [connectors/peer-gateway/PeerGateway] 	Failed to perform submit transaction [Transfer] using arguments [wlt_c_20260917-pilot6_calibration-retail-transfer-low-1w-40tps-r2_retail-transfer-low_w0_11,wlt_c_20260917-pilot6_calibration-retail-transfer-low-1w-40tps-r2_retail-transfer-low_w0_73,1000,transfer_20260917-pilot6_calibration-retail-transfer-low-1w-40tps-r2_retail-transfer-low_w0_r1_2308],  with error: Error: Failed to submit trasaction with status code: 11
2026.09.17-08:34:31.937[31m error[39m [caliper] [connectors/peer-gateway/PeerGateway] 	Failed to perform submit transaction [Transfer] using arguments [wlt_c_20260917-pilot6_calibration-retail-transfer-low-1w-40tps-r2_retail-transfer-low_w0_7,wlt_c_20260917-pilot6_calibration-retail-transfer-low-1w-40tps-r2_retail-transfer-low_w0_69,1000,transfer_20260917-pilot6_calibration-retail-transfer-low-1w-40tps-r2_retail-transfer-low_w0_r1_2305],  with error: Error: Failed to submit trasaction with status code: 11
2026.09.17-08:34:31.938[31m error[39m [caliper] [connectors/peer-gateway/PeerGateway] 	Failed to perform submit transaction [Transfer] using arguments [wlt_c_20260917-pilot6_calibration-retail-transfer-low-1w-40tps-r2_retail-transfer-low_w0_6,wlt_c_20260917-pilot6_calibration-retail-transfer-low-1w-40tps-r2_retail-transfer-low_w0_68,1000,transfer_20260917-pilot6_calibration-retail-transfer-low-1w-40tps-r2_retail-transfer-low_w0_r1_2304],  with error: Error: Failed to submit trasaction with status code: 11
2026.09.17-08:34:31.938[31m error[39m [caliper] [connectors/peer-gateway/PeerGateway] 	Failed to perform submit transaction [Transfer] using arguments [wlt_c_20260917-pilot6_calibration-retail-transfer-low-1w-40tps-r2_retail-transfer-low_w0_9,wlt_c_20260917-pilot6_calibration-retail-transfer-low-1w-40tps-r2_retail-transfer-low_w0_72,1000,transfer_20260917-pilot6_calibration-retail-transfer-low-1w-40tps-r2_retail-transfer-low_w0_r1_2307],  with error: Error: Failed to submit trasaction with status code: 11
2026.09.17-08:34:32.106[31m error[39m [caliper] [connectors/peer-gateway/PeerGateway] 	Failed to perform submit transaction [Transfer] using arguments [wlt_c_20260917-pilot6_calibration-retail-transfer-low-1w-40tps-r2_retail-transfer-low_w0_14,wlt_c_20260917-pilot6_calibration-retail-transfer-low-1w-40tps-r2_retail-transfer-low_w0_77,1000,transfer_20260917-pilot6_calibration-retail-transfer-low-1w-40tps-r2_retail-transfer-low_w0_r1_2311],  with error: Error: Failed to submit trasaction with status code: 11
2026.09.17-08:34:32.107[31m error[39m [caliper] [connectors/peer-gateway/PeerGateway] 	Failed to perform submit transaction [Transfer] using arguments [wlt_c_20260917-pilot6_calibration-retail-transfer-low-1w-40tps-r2_retail-transfer-low_w0_18,wlt_c_20260917-pilot6_calibration-retail-transfer-low-1w-40tps-r2_retail-transfer-low_w0_81,1000,transfer_20260917-pilot6_calibration-retail-transfer-low-1w-40tps-r2_retail-transfer-low_w0_r1_2314],  with error: Error: Failed to submit trasaction with status code: 11
2026.09.17-08:34:32.108[31m error[39m [caliper] [connectors/peer-gateway/PeerGateway] 	Failed to perform submit transaction [Transfer] using arguments [wlt_c_20260917-pilot6_calibration-retail-transfer-low-1w-40tps-r2_retail-transfer-low_w0_8,wlt_c_20260917-pilot6_calibration-retail-transfer-low-1w-40tps-r2_retail-transfer-low_w0_71,1000,transfer_20260917-pilot6_calibration-retail-transfer-low-1w-40tps-r2_retail-transfer-low_w0_r1_2306],  with error: Error: Failed to submit trasaction with status code: 11
2026.09.17-08:34:32.108[31m error[39m [caliper] [connectors/peer-gateway/PeerGateway] 	Failed to perform submit transaction [Transfer] using arguments [wlt_c_20260917-pilot6_calibration-retail-transfer-low-1w-40tps-r2_retail-transfer-low_w0_19,wlt_c_20260917-pilot6_calibration-retail-transfer-low-1w-40tps-r2_retail-transfer-low_w0_82,1000,transfer_20260917-pilot6_calibration-retail-transfer-low-1w-40tps-r2_retail-transfer-low_w0_r1_2315],  with error: Error: Failed to submit trasaction with status code: 11
2026.09.17-08:34:32.108[31m error[39m [caliper] [connectors/peer-gateway/PeerGateway] 	Failed to perform submit transaction [Transfer] using arguments [wlt_c_20260917-pilot6_calibration-retail-transfer-low-1w-40tps-r2_retail-transfer-low_w0_17,wlt_c_20260917-pilot6_calibration-retail-transfer-low-1w-40tps-r2_retail-transfer-low_w0_79,1000,transfer_20260917-pilot6_calibration-retail-transfer-low-1w-40tps-r2_retail-transfer-low_w0_r1_2313],  with error: Error: Failed to submit trasaction with status code: 11
2026.09.17-08:34:32.108[31m error[39m [caliper] [connectors/peer-gateway/PeerGateway] 	Failed to perform submit transaction [Transfer] using arguments [wlt_c_20260917-pilot6_calibration-retail-transfer-low-1w-40tps-r2_retail-transfer-low_w0_29,wlt_c_20260917-pilot6_calibration-retail-transfer-low-1w-40tps-r2_retail-transfer-low_w0_92,1000,transfer_20260917-pilot6_calibration-retail-transfer-low-1w-40tps-r2_retail-transfer-low_w0_r1_2323],  with error: Error: Failed to submit trasaction with status code: 11
2026.09.17-08:34:32.229[31m error[39m [caliper] [connectors/peer-gateway/PeerGateway] 	Failed to perform submit transaction [Transfer] using arguments [wlt_c_20260917-pilot6_calibration-retail-transfer-low-1w-40tps-r2_retail-transfer-low_w0_36,wlt_c_20260917-pilot6_calibration-retail-transfer-low-1w-40tps-r2_retail-transfer-low_w0_98,1000,transfer_20260917-pilot6_calibration-retail-transfer-low-1w-40tps-r2_retail-transfer-low_w0_r1_2328],  with error: Error: Failed to submit trasaction with status code: 11
2026.09.17-08:34:32.231[31m error[39m [caliper] [connectors/peer-gateway/PeerGateway] 	Failed to perform submit transaction [Transfer] using arguments [wlt_c_20260917-pilot6_calibration-retail-transfer-low-1w-40tps-r2_retail-transfer-low_w0_24,wlt_c_20260917-pilot6_calibration-retail-transfer-low-1w-40tps-r2_retail-transfer-low_w0_87,1000,transfer_20260917-pilot6_calibration-retail-transfer-low-1w-40tps-r2_retail-transfer-low_w0_r1_2319],  with error: Error: Failed to submit trasaction with status code: 11
2026.09.17-08:34:32.231[31m error[39m [caliper] [connectors/peer-gateway/PeerGateway] 	Failed to perform submit transaction [Transfer] using arguments [wlt_c_20260917-pilot6_calibration-retail-transfer-low-1w-40tps-r2_retail-transfer-low_w0_22,wlt_c_20260917-pilot6_calibration-retail-transfer-low-1w-40tps-r2_retail-transfer-low_w0_84,1000,transfer_20260917-pilot6_calibration-retail-transfer-low-1w-40tps-r2_retail-transfer-low_w0_r1_2317],  with error: Error: Failed to submit trasaction with status code: 11
2026.09.17-08:34:32.232[31m error[39m [caliper] [connectors/peer-gateway/PeerGateway] 	Failed to perform submit transaction [Transfer] using arguments [wlt_c_20260917-pilot6_calibration-retail-transfer-low-1w-40tps-r2_retail-transfer-low_w0_23,wlt_c_20260917-pilot6_calibration-retail-transfer-low-1w-40tps-r2_retail-transfer-low_w0_86,1000,transfer_20260917-pilot6_calibration-retail-transfer-low-1w-40tps-r2_retail-transfer-low_w0_r1_2318],  with error: Error: Failed to submit trasaction with status code: 11
2026.09.17-08:34:32.233[31m error[39m [caliper] [connectors/peer-gateway/PeerGateway] 	Failed to perform submit transaction [Transfer] using arguments [wlt_c_20260917-pilot6_calibration-retail-transfer-low-1w-40tps-r2_retail-transfer-low_w0_31,wlt_c_20260917-pilot6_calibration-retail-transfer-low-1w-40tps-r2_retail-transfer-low_w0_93,1000,transfer_20260917-pilot6_calibration-retail-transfer-low-1w-40tps-r2_retail-transfer-low_w0_r1_2324],  with error: Error: Failed to submit trasaction with status code: 11
2026.09.17-08:34:32.233[31m error[39m [caliper] [connectors/peer-gateway/PeerGateway] 	Failed to perform submit transaction [Transfer] using arguments [wlt_c_20260917-pilot6_calibration-retail-transfer-low-1w-40tps-r2_retail-transfer-low_w0_33,wlt_c_20260917-pilot6_calibration-retail-transfer-low-1w-40tps-r2_retail-transfer-low_w0_96,1000,transfer_20260917-pilot6_calibration-retail-transfer-low-1w-40tps-r2_retail-transfer-low_w0_r1_2326],  with error: Error: Failed to submit trasaction with status code: 11
2026.09.17-08:34:32.233[31m error[39m [caliper] [connectors/peer-gateway/PeerGateway] 	Failed to perform submit transaction [Transfer] using arguments [wlt_c_20260917-pilot6_calibration-retail-transfer-low-1w-40tps-r2_retail-transfer-low_w0_32,wlt_c_20260917-pilot6_calibration-retail-transfer-low-1w-40tps-r2_retail-transfer-low_w0_94,1000,transfer_20260917-pilot6_calibration-retail-transfer-low-1w-40tps-r2_retail-transfer-low_w0_r1_2325],  with error: Error: Failed to submit trasaction with status code: 11
2026.09.17-08:34:32.234[31m error[39m [caliper] [connectors/peer-gateway/PeerGateway] 	Failed to perform submit transaction [Transfer] using arguments [wlt_c_20260917-pilot6_calibration-retail-transfer-low-1w-40tps-r2_retail-transfer-low_w0_34,wlt_c_20260917-pilot6_calibration-retail-transfer-low-1w-40tps-r2_retail-transfer-low_w0_97,1000,transfer_20260917-pilot6_calibration-retail-transfer-low-1w-40tps-r2_retail-transfer-low_w0_r1_2327],  with error: Error: Failed to submit trasaction with status code: 11
2026.09.17-08:34:32.236[31m error[39m [caliper] [connectors/peer-gateway/PeerGateway] 	Failed to perform submit transaction [Transfer] using arguments [wlt_c_20260917-pilot6_calibration-retail-transfer-low-1w-40tps-r2_retail-transfer-low_w0_21,wlt_c_20260917-pilot6_calibration-retail-transfer-low-1w-40tps-r2_retail-transfer-low_w0_83,1000,transfer_20260917-pilot6_calibration-retail-transfer-low-1w-40tps-r2_retail-transfer-low_w0_r1_2316],  with error: Error: Failed to submit trasaction with status code: 11
2026.09.17-08:34:32.521[31m error[39m [caliper] [connectors/peer-gateway/PeerGateway] 	Failed to perform submit transaction [Transfer] using arguments [wlt_c_20260917-pilot6_calibration-retail-transfer-low-1w-40tps-r2_retail-transfer-low_w0_41,wlt_c_20260917-pilot6_calibration-retail-transfer-low-1w-40tps-r2_retail-transfer-low_w0_103,1000,transfer_20260917-pilot6_calibration-retail-transfer-low-1w-40tps-r2_retail-transfer-low_w0_r1_2332],  with error: Error: Failed to submit trasaction with status code: 11
2026.09.17-08:34:32.527[31m error[39m [caliper] [connectors/peer-gateway/PeerGateway] 	Failed to perform submit transaction [Transfer] using arguments [wlt_c_20260917-pilot6_calibration-retail-transfer-low-1w-40tps-r2_retail-transfer-low_w0_49,wlt_c_20260917-pilot6_calibration-retail-transfer-low-1w-40tps-r2_retail-transfer-low_w0_112,1000,transfer_20260917-pilot6_calibration-retail-transfer-low-1w-40tps-r2_retail-transfer-low_w0_r1_2339],  with error: Error: Failed to submit trasaction with status code: 11
2026.09.17-08:34:32.528[31m error[39m [caliper] [connectors/peer-gateway/PeerGateway] 	Failed to perform submit transaction [Transfer] using arguments [wlt_c_20260917-pilot6_calibration-retail-transfer-low-1w-40tps-r2_retail-transfer-low_w0_51,wlt_c_20260917-pilot6_calibration-retail-transfer-low-1w-40tps-r2_retail-transfer-low_w0_113,1000,transfer_20260917-pilot6_calibration-retail-transfer-low-1w-40tps-r2_retail-transfer-low_w0_r1_2340],  with error: Error: Failed to submit trasaction with status code: 11
2026.09.17-08:34:32.673[31m error[39m [caliper] [connectors/peer-gateway/PeerGateway] 	Failed to perform submit transaction [Transfer] using arguments [wlt_c_20260917-pilot6_calibration-retail-transfer-low-1w-40tps-r2_retail-transfer-low_w0_61,wlt_c_20260917-pilot6_calibration-retail-transfer-low-1w-40tps-r2_retail-transfer-low_w0_123,1000,transfer_20260917-pilot6_calibration-retail-transfer-low-1w-40tps-r2_retail-transfer-low_w0_r1_2348],  with error: Error: Failed to submit trasaction with status code: 11
2026.09.17-08:34:32.674[31m error[39m [caliper] [connectors/peer-gateway/PeerGateway] 	Failed to perform submit transaction [Transfer] using arguments [wlt_c_20260917-pilot6_calibration-retail-transfer-low-1w-40tps-r2_retail-transfer-low_w0_48,wlt_c_20260917-pilot6_calibration-retail-transfer-low-1w-40tps-r2_retail-transfer-low_w0_111,1000,transfer_20260917-pilot6_calibration-retail-transfer-low-1w-40tps-r2_retail-transfer-low_w0_r1_2338],  with error: Error: Failed to submit trasaction with status code: 11
2026.09.17-08:34:32.854[31m error[39m [caliper] [connectors/peer-gateway/PeerGateway] 	Failed to perform submit transaction [Transfer] using arguments [wlt_c_20260917-pilot6_calibration-retail-transfer-low-1w-40tps-r2_retail-transfer-low_w0_12,wlt_c_20260917-pilot6_calibration-retail-transfer-low-1w-40tps-r2_retail-transfer-low_w0_74,1000,transfer_20260917-pilot6_calibration-retail-transfer-low-1w-40tps-r2_retail-transfer-low_w0_r1_2359],  with error: Error: Failed to submit trasaction with status code: 11
2026.09.17-08:34:32.856[31m error[39m [caliper] [connectors/peer-gateway/PeerGateway] 	Failed to perform submit transaction [Transfer] using arguments [wlt_c_20260917-pilot6_calibration-retail-transfer-low-1w-40tps-r2_retail-transfer-low_w0_62,wlt_c_20260917-pilot6_calibration-retail-transfer-low-1w-40tps-r2_retail-transfer-low_w0_124,1000,transfer_20260917-pilot6_calibration-retail-transfer-low-1w-40tps-r2_retail-transfer-low_w0_r1_2349],  with error: Error: Failed to submit trasaction with status code: 11
2026.09.17-08:34:32.965[31m error[39m [caliper] [connectors/peer-gateway/PeerGateway] 	Failed to perform submit transaction [Transfer] using arguments [wlt_c_20260917-pilot6_calibration-retail-transfer-low-1w-40tps-r2_retail-transfer-low_w0_26,wlt_c_20260917-pilot6_calibration-retail-transfer-low-1w-40tps-r2_retail-transfer-low_w0_88,1000,transfer_20260917-pilot6_calibration-retail-transfer-low-1w-40tps-r2_retail-transfer-low_w0_r1_2370],  with error: Error: Failed to submit trasaction with status code: 11
2026.09.17-08:34:32.967[31m error[39m [caliper] [connectors/peer-gateway/PeerGateway] 	Failed to perform submit transaction [Transfer] using arguments [wlt_c_20260917-pilot6_calibration-retail-transfer-low-1w-40tps-r2_retail-transfer-low_w0_16,wlt_c_20260917-pilot6_calibration-retail-transfer-low-1w-40tps-r2_retail-transfer-low_w0_78,1000,transfer_20260917-pilot6_calibration-retail-transfer-low-1w-40tps-r2_retail-transfer-low_w0_r1_2362],  with error: Error: Failed to submit trasaction with status code: 11
2026.09.17-08:34:33.069[31m error[39m [caliper] [connectors/peer-gateway/PeerGateway] 	Failed to perform submit transaction [Transfer] using arguments [wlt_c_20260917-pilot6_calibration-retail-transfer-low-1w-40tps-r2_retail-transfer-low_w0_38,wlt_c_20260917-pilot6_calibration-retail-transfer-low-1w-40tps-r2_retail-transfer-low_w0_101,1000,transfer_20260917-pilot6_calibration-retail-transfer-low-1w-40tps-r2_retail-transfer-low_w0_r1_2380],  with error: Error: Failed to submit trasaction with status code: 11
2026.09.17-08:34:33.070[31m error[39m [caliper] [connectors/peer-gateway/PeerGateway] 	Failed to perform submit transaction [Transfer] using arguments [wlt_c_20260917-pilot6_calibration-retail-transfer-low-1w-40tps-r2_retail-transfer-low_w0_28,wlt_c_20260917-pilot6_calibration-retail-transfer-low-1w-40tps-r2_retail-transfer-low_w0_91,1000,transfer_20260917-pilot6_calibration-retail-transfer-low-1w-40tps-r2_retail-transfer-low_w0_r1_2372],  with error: Error: Failed to submit trasaction with status code: 11
2026.09.17-08:34:33.070[31m error[39m [caliper] [connectors/peer-gateway/PeerGateway] 	Failed to perform submit transaction [Transfer] using arguments [wlt_c_20260917-pilot6_calibration-retail-transfer-low-1w-40tps-r2_retail-transfer-low_w0_27,wlt_c_20260917-pilot6_calibration-retail-transfer-low-1w-40tps-r2_retail-transfer-low_w0_89,1000,transfer_20260917-pilot6_calibration-retail-transfer-low-1w-40tps-r2_retail-transfer-low_w0_r1_2371],  with error: Error: Failed to submit trasaction with status code: 11
2026.09.17-08:34:33.140[31m error[39m [caliper] [connectors/peer-gateway/PeerGateway] 	Failed to perform submit transaction [Transfer] using arguments [wlt_c_20260917-pilot6_calibration-retail-transfer-low-1w-40tps-r2_retail-transfer-low_w0_37,wlt_c_20260917-pilot6_calibration-retail-transfer-low-1w-40tps-r2_retail-transfer-low_w0_99,1000,transfer_20260917-pilot6_calibration-retail-transfer-low-1w-40tps-r2_retail-transfer-low_w0_r1_2379],  with error: Error: Failed to submit trasaction with status code: 11
2026.09.17-08:34:33.141[31m error[39m [caliper] [connectors/peer-gateway/PeerGateway] 	Failed to perform submit transaction [Transfer] using arguments [wlt_c_20260917-pilot6_calibration-retail-transfer-low-1w-40tps-r2_retail-transfer-low_w0_39,wlt_c_20260917-pilot6_calibration-retail-transfer-low-1w-40tps-r2_retail-transfer-low_w0_102,1000,transfer_20260917-pilot6_calibration-retail-transfer-low-1w-40tps-r2_retail-transfer-low_w0_r1_2381],  with error: Error: Failed to submit trasaction with status code: 11
2026.09.17-08:34:33.142[31m error[39m [caliper] [connectors/peer-gateway/PeerGateway] 	Failed to perform submit transaction [Transfer] using arguments [wlt_c_20260917-pilot6_calibration-retail-transfer-low-1w-40tps-r2_retail-transfer-low_w0_42,wlt_c_20260917-pilot6_calibration-retail-transfer-low-1w-40tps-r2_retail-transfer-low_w0_104,1000,transfer_20260917-pilot6_calibration-retail-transfer-low-1w-40tps-r2_retail-transfer-low_w0_r1_2383],  with error: Error: Failed to submit trasaction with status code: 11
2026.09.17-08:34:33.143[31m error[39m [caliper] [connectors/peer-gateway/PeerGateway] 	Failed to perform submit transaction [Transfer] using arguments [wlt_c_20260917-pilot6_calibration-retail-transfer-low-1w-40tps-r2_retail-transfer-low_w0_43,wlt_c_20260917-pilot6_calibration-retail-transfer-low-1w-40tps-r2_retail-transfer-low_w0_106,1000,transfer_20260917-pilot6_calibration-retail-transfer-low-1w-40tps-r2_retail-transfer-low_w0_r1_2384],  with error: Error: Failed to submit trasaction with status code: 11
2026.09.17-08:34:33.144[31m error[39m [caliper] [connectors/peer-gateway/PeerGateway] 	Failed to perform submit transaction [Transfer] using arguments [wlt_c_20260917-pilot6_calibration-retail-transfer-low-1w-40tps-r2_retail-transfer-low_w0_44,wlt_c_20260917-pilot6_calibration-retail-transfer-low-1w-40tps-r2_retail-transfer-low_w0_107,1000,transfer_20260917-pilot6_calibration-retail-transfer-low-1w-40tps-r2_retail-transfer-low_w0_r1_2385],  with error: Error: Failed to submit trasaction with status code: 11
2026.09.17-08:34:33.145[31m error[39m [caliper] [connectors/peer-gateway/PeerGateway] 	Failed to perform submit transaction [Transfer] using arguments [wlt_c_20260917-pilot6_calibration-retail-transfer-low-1w-40tps-r2_retail-transfer-low_w0_46,wlt_c_20260917-pilot6_calibration-retail-transfer-low-1w-40tps-r2_retail-transfer-low_w0_108,1000,transfer_20260917-pilot6_calibration-retail-transfer-low-1w-40tps-r2_retail-transfer-low_w0_r1_2386],  with error: Error: Failed to submit trasaction with status code: 11
2026.09.17-08:34:33.146[31m error[39m [caliper] [connectors/peer-gateway/PeerGateway] 	Failed to perform submit transaction [Transfer] using arguments [wlt_c_20260917-pilot6_calibration-retail-transfer-low-1w-40tps-r2_retail-transfer-low_w0_47,wlt_c_20260917-pilot6_calibration-retail-transfer-low-1w-40tps-r2_retail-transfer-low_w0_109,1000,transfer_20260917-pilot6_calibration-retail-transfer-low-1w-40tps-r2_retail-transfer-low_w0_r1_2387],  with error: Error: Failed to submit trasaction with status code: 11
2026.09.17-08:34:33.259[31m error[39m [caliper] [connectors/peer-gateway/PeerGateway] 	Failed to perform submit transaction [Transfer] using arguments [wlt_c_20260917-pilot6_calibration-retail-transfer-low-1w-40tps-r2_retail-transfer-low_w0_1,wlt_c_20260917-pilot6_calibration-retail-transfer-low-1w-40tps-r2_retail-transfer-low_w0_63,1000,transfer_20260917-pilot6_calibration-retail-transfer-low-1w-40tps-r2_retail-transfer-low_w0_r1_2400],  with error: Error: Failed to submit trasaction with status code: 11
2026.09.17-08:34:33.259[31m error[39m [caliper] [connectors/peer-gateway/PeerGateway] 	Failed to perform submit transaction [Transfer] using arguments [wlt_c_20260917-pilot6_calibration-retail-transfer-low-1w-40tps-r2_retail-transfer-low_w0_52,wlt_c_20260917-pilot6_calibration-retail-transfer-low-1w-40tps-r2_retail-transfer-low_w0_114,1000,transfer_20260917-pilot6_calibration-retail-transfer-low-1w-40tps-r2_retail-transfer-low_w0_r1_2391],  with error: Error: Failed to submit trasaction with status code: 11
2026.09.17-08:34:33.260[31m error[39m [caliper] [connectors/peer-gateway/PeerGateway] 	Failed to perform submit transaction [Transfer] using arguments [wlt_c_20260917-pilot6_calibration-retail-transfer-low-1w-40tps-r2_retail-transfer-low_w0_57,wlt_c_20260917-pilot6_calibration-retail-transfer-low-1w-40tps-r2_retail-transfer-low_w0_119,1000,transfer_20260917-pilot6_calibration-retail-transfer-low-1w-40tps-r2_retail-transfer-low_w0_r1_2395],  with error: Error: Failed to submit trasaction with status code: 11
2026.09.17-08:34:33.260[31m error[39m [caliper] [connectors/peer-gateway/PeerGateway] 	Failed to perform submit transaction [Transfer] using arguments [wlt_c_20260917-pilot6_calibration-retail-transfer-low-1w-40tps-r2_retail-transfer-low_w0_54,wlt_c_20260917-pilot6_calibration-retail-transfer-low-1w-40tps-r2_retail-transfer-low_w0_117,1000,transfer_20260917-pilot6_calibration-retail-transfer-low-1w-40tps-r2_retail-transfer-low_w0_r1_2393],  with error: Error: Failed to submit trasaction with status code: 11
2026.09.17-08:34:33.260[31m error[39m [caliper] [connectors/peer-gateway/PeerGateway] 	Failed to perform submit transaction [Transfer] using arguments [wlt_c_20260917-pilot6_calibration-retail-transfer-low-1w-40tps-r2_retail-transfer-low_w0_53,wlt_c_20260917-pilot6_calibration-retail-transfer-low-1w-40tps-r2_retail-transfer-low_w0_116,1000,transfer_20260917-pilot6_calibration-retail-transfer-low-1w-40tps-r2_retail-transfer-low_w0_r1_2392],  with error: Error: Failed to submit trasaction with status code: 11
2026.09.17-08:34:33.261[31m error[39m [caliper] [connectors/peer-gateway/PeerGateway] 	Failed to perform submit transaction [Transfer] using arguments [wlt_c_20260917-pilot6_calibration-retail-transfer-low-1w-40tps-r2_retail-transfer-low_w0_56,wlt_c_20260917-pilot6_calibration-retail-transfer-low-1w-40tps-r2_retail-transfer-low_w0_118,1000,transfer_20260917-pilot6_calibration-retail-transfer-low-1w-40tps-r2_retail-transfer-low_w0_r1_2394],  with error: Error: Failed to submit trasaction with status code: 11
2026.09.17-08:34:33.261[31m error[39m [caliper] [connectors/peer-gateway/PeerGateway] 	Failed to perform submit transaction [Transfer] using arguments [wlt_c_20260917-pilot6_calibration-retail-transfer-low-1w-40tps-r2_retail-transfer-low_w0_58,wlt_c_20260917-pilot6_calibration-retail-transfer-low-1w-40tps-r2_retail-transfer-low_w0_121,1000,transfer_20260917-pilot6_calibration-retail-transfer-low-1w-40tps-r2_retail-transfer-low_w0_r1_2396],  with error: Error: Failed to submit trasaction with status code: 11
2026.09.17-08:34:33.261[31m error[39m [caliper] [connectors/peer-gateway/PeerGateway] 	Failed to perform submit transaction [Transfer] using arguments [wlt_c_20260917-pilot6_calibration-retail-transfer-low-1w-40tps-r2_retail-transfer-low_w0_59,wlt_c_20260917-pilot6_calibration-retail-transfer-low-1w-40tps-r2_retail-transfer-low_w0_122,1000,transfer_20260917-pilot6_calibration-retail-transfer-low-1w-40tps-r2_retail-transfer-low_w0_r1_2397],  with error: Error: Failed to submit trasaction with status code: 11
2026.09.17-08:34:35.049[32m info [39m [caliper] [default-observer] 	[retail-transfer-low-40tps Round 1 Transaction Info] - Submitted: 2401 Succ: 1813 Fail:588 Unfinished:0
2026.09.17-08:34:35.408[32m info [39m [caliper] [connectors/peer-gateway/PeerGateway] 	disconnecting gateway for user User1
2026.09.17-08:34:35.408[32m info [39m [caliper] [connectors/peer-gateway/PeerGateway] 	disconnecting gateway for user _HimbaraBankOrgMSP_User1
2026.09.17-08:34:35.408[32m info [39m [caliper] [connectors/peer-gateway/PeerGateway] 	disconnecting gateway for user _CommercialBankOrgMSP_User1
2026.09.17-08:34:35.409[32m info [39m [caliper] [connectors/peer-gateway/PeerGateway] 	disconnecting gRpc client at peer peer0.bi.paynet
2026.09.17-08:34:35.410[32m info [39m [caliper] [connectors/peer-gateway/PeerGateway] 	disconnecting gRpc client at peer peer0.himbara.paynet
2026.09.17-08:34:35.411[32m info [39m [caliper] [connectors/peer-gateway/PeerGateway] 	disconnecting gRpc client at peer peer0.commercial.paynet
2026.09.17-08:34:35.411[32m info [39m [caliper] [worker-message-handler] 	Worker#0 finished Round#1
2026.09.17-08:34:40.414[32m info [39m [caliper] [default-observer] 	Resetting txCount indicator count
2026.09.17-08:34:40.414[32m info [39m [caliper] [report-builder] 	### Test result ###
2026.09.17-08:34:40.416[32m info [39m [caliper] [report-builder] 	
+---------------------------+------+------+-----------------+-----------------+-----------------+-----------------+------------------+
| Name                      | Succ | Fail | Send Rate (TPS) | Max Latency (s) | Min Latency (s) | Avg Latency (s) | Throughput (TPS) |
|---------------------------|------|------|-----------------|-----------------|-----------------|-----------------|------------------|
| retail-transfer-low-40tps | 1813 | 588  | 40.0            | 4.22            | 0.18            | 1.16            | 38.6             |
+---------------------------+------+------+-----------------+-----------------+-----------------+-----------------+------------------+

2026.09.17-08:34:40.422[32m info [39m [caliper] [report-builder] 	### docker resource stats ###'
2026.09.17-08:34:40.423[32m info [39m [caliper] [report-builder] 	
+-----------------------------+-----------+-----------+------------------+------------------+-----------------+------------------+-----------------+----------------+
| Name                        | CPU%(max) | CPU%(avg) | Memory(max) [MB] | Memory(avg) [MB] | Traffic In [MB] | Traffic Out [MB] | Disc Write [MB] | Disc Read [KB] |
|-----------------------------|-----------|-----------|------------------|------------------|-----------------|------------------|-----------------|----------------|
| /peer0.himbara.paynet       | 0.585     | 0.40625   | 132              | 120              | 75.2            | 72.4             | 60.4            | 0.00           |
|-----------------------------|-----------|-----------|------------------|------------------|-----------------|------------------|-----------------|----------------|
| /peer0.pjp.paynet           | 0.21      | 0.14375   | 117              | 112              | 36.4            | 12.2             | 60.4            | 0.00           |
|-----------------------------|-----------|-----------|------------------|------------------|-----------------|------------------|-----------------|----------------|
| /peer0.bi.paynet            | 0.2025    | 0.14375   | 120              | 116              | 36.4            | 12.3             | 58.7            | 0.00           |
|-----------------------------|-----------|-----------|------------------|------------------|-----------------|------------------|-----------------|----------------|
| /peer0.commercial.paynet    | 0.2575    | 0.1425    | 125              | 117              | 36.4            | 12.2             | 60.1            | 0.00           |
|-----------------------------|-----------|-----------|------------------|------------------|-----------------|------------------|-----------------|----------------|
| /peer0.ojk.paynet           | 0.26125   | 0.1425    | 118              | 113              | 36.4            | 12.2             | 59.6            | 0.00           |
|-----------------------------|-----------|-----------|------------------|------------------|-----------------|------------------|-----------------|----------------|
| /couchdb0.ojk.paynet        | 2.60875   | 1.3125    | 77.0             | 62.5             | 11.7            | 15.3             | 215             | 32.0           |
|-----------------------------|-----------|-----------|------------------|------------------|-----------------|------------------|-----------------|----------------|
| /couchdb0.pjp.paynet        | 2.23      | 1.30875   | 72.4             | 61.5             | 11.7            | 15.3             | 290             | 128            |
|-----------------------------|-----------|-----------|------------------|------------------|-----------------|------------------|-----------------|----------------|
| /couchdb0.bi.paynet         | 2.295     | 1.38      | 69.0             | 60.0             | 11.7            | 15.2             | 328             | 64.0           |
|-----------------------------|-----------|-----------|------------------|------------------|-----------------|------------------|-----------------|----------------|
| /couchdb0.commercial.paynet | 2.78125   | 1.3675    | 76.8             | 62.4             | 11.7            | 15.3             | 220             | 44.0           |
|-----------------------------|-----------|-----------|------------------|------------------|-----------------|------------------|-----------------|----------------|
| /orderer.paynet             | 0.1225    | 0.0825    | 75.9             | 57.9             | 21.8            | 104              | 66.6            | 0.00           |
|-----------------------------|-----------|-----------|------------------|------------------|-----------------|------------------|-----------------|----------------|
| /couchdb0.himbara.paynet    | 2.4525    | 1.25      | 75.7             | 64.2             | 11.4            | 5.69             | 278             | 236            |
+-----------------------------+-----------+-----------+------------------+------------------+-----------------+------------------+-----------------+----------------+

2026.09.17-08:34:40.424[32m info [39m [caliper] [report-builder] 	### process resource stats ###'
2026.09.17-08:34:40.424[32m info [39m [caliper] [report-builder] 	
+-------------------+-----------+-----------+-----------------+-----------------+
| Name              | CPU%(max) | CPU%(avg) | Memory(max) [B] | Memory(avg) [B] |
|-------------------|-----------|-----------|-----------------|-----------------|
| node caliper(sum) | 95.00     | 57.74     | -               | -               |
+-------------------+-----------+-----------+-----------------+-----------------+

2026.09.17-08:34:40.424[32m info [39m [caliper] [round-orchestrator] 	Finished round 2 (retail-transfer-low-40tps) in 62.207 seconds
2026.09.17-08:34:40.424[32m info [39m [caliper] [monitor.js] 	Stopping all monitors
2026.09.17-08:34:40.625[32m info [39m [caliper] [report-builder] 	### All test results ###
2026.09.17-08:34:40.626[32m info [39m [caliper] [report-builder] 	
+----------------------------------+------+------+-----------------+-----------------+-----------------+-----------------+------------------+
| Name                             | Succ | Fail | Send Rate (TPS) | Max Latency (s) | Min Latency (s) | Avg Latency (s) | Throughput (TPS) |
|----------------------------------|------|------|-----------------|-----------------|-----------------|-----------------|------------------|
| warmup-retail-transfer-low-40tps | 151  | 0    | 5.0             | 2.08            | 0.11            | 1.05            | 4.7              |
|----------------------------------|------|------|-----------------|-----------------|-----------------|-----------------|------------------|
| retail-transfer-low-40tps        | 1813 | 588  | 40.0            | 4.22            | 0.18            | 1.16            | 38.6             |
+----------------------------------+------+------+-----------------+-----------------+-----------------+-----------------+------------------+

2026.09.17-08:34:40.637[32m info [39m [caliper] [report-builder] 	Generated report with path /home/mfachrizalg/2026/Skripsi/bi-coin/bi-coin-fabric/report.html
2026.09.17-08:34:40.637[32m info [39m [caliper] [monitor.js] 	Stopping all monitors
2026.09.17-08:34:40.637[32m info [39m [caliper] [worker-orchestrator] 	Sending exit message to connected workers
2026.09.17-08:34:40.638[32m info [39m [caliper] [round-orchestrator] 	Benchmark finished in 377.895 seconds. Total rounds: 2. Successful rounds: 2. Failed rounds: 0.
2026.09.17-08:34:40.638[32m info [39m [caliper] [caliper-engine] 	Network configuration attribute "caliper.command.end" is not present, skipping end command
2026.09.17-08:34:40.638[32m info [39m [caliper] [cli-launch-manager] 	Benchmark successfully finished!
2026.09.17-08:34:40.638[32m info [39m [caliper] [worker-message-handler] 	Worker#0 is exiting
