Packaging chaincode...
Installing chaincode on all 5 org peers...
[34m2026-08-11 12:41:34.779 WIB 0001 INFO[0m [grpc] [34;1mInfof[0m -> [core] original dial target is: "localhost:7051"
[34m2026-08-11 12:41:34.779 WIB 0002 INFO[0m [grpc] [34;1mAddTraceEvent[0m -> [core] [Channel #1]Channel created
[34m2026-08-11 12:41:34.779 WIB 0003 INFO[0m [grpc] [34;1mAddTraceEvent[0m -> [core] [Channel #1]parsed dial target is: resolver.Target{URL:url.URL{Scheme:"passthrough", Opaque:"", User:(*url.Userinfo)(nil), Host:"", Path:"/localhost:7051", Fragment:"", RawQuery:"", RawPath:"", RawFragment:"", ForceQuery:false, OmitHost:false}}
[34m2026-08-11 12:41:34.779 WIB 0004 INFO[0m [grpc] [34;1mAddTraceEvent[0m -> [core] [Channel #1]Channel authority set to "localhost:7051"
[34m2026-08-11 12:41:34.779 WIB 0005 INFO[0m [grpc] [34;1mAddTraceEvent[0m -> [core] [Channel #1]Resolver state updated: {
  "Addresses": [
    {
      "Addr": "localhost:7051",
      "ServerName": "",
      "Attributes": null,
      "BalancerAttributes": null,
      "Metadata": null
    }
  ],
  "Endpoints": [
    {
      "Addresses": [
        {
          "Addr": "localhost:7051",
          "ServerName": "",
          "Attributes": null,
          "BalancerAttributes": null,
          "Metadata": null
        }
      ],
      "Attributes": null
    }
  ],
  "ServiceConfig": null,
  "Attributes": null
} (resolver returned new addresses)
[34m2026-08-11 12:41:34.779 WIB 0006 INFO[0m [grpc] [34;1mAddTraceEvent[0m -> [core] [Channel #1]Channel switches to new LB policy "pick_first"
[34m2026-08-11 12:41:34.779 WIB 0007 INFO[0m [grpc] [34;1mInfof[0m -> [pick-first-leaf-lb] [pick-first-leaf-lb 0x363c878bf9e0] Received new config {
  "shuffleAddressList": false
}, resolver state {
  "Addresses": [
    {
      "Addr": "localhost:7051",
      "ServerName": "",
      "Attributes": null,
      "BalancerAttributes": null,
      "Metadata": null
    }
  ],
  "Endpoints": [
    {
      "Addresses": [
        {
          "Addr": "localhost:7051",
          "ServerName": "",
          "Attributes": null,
          "BalancerAttributes": null,
          "Metadata": null
        }
      ],
      "Attributes": null
    }
  ],
  "ServiceConfig": null,
  "Attributes": null
}
[34m2026-08-11 12:41:34.779 WIB 0008 INFO[0m [grpc] [34;1mAddTraceEvent[0m -> [core] [Channel #1]Channel Connectivity change to CONNECTING
[34m2026-08-11 12:41:34.779 WIB 0009 INFO[0m [grpc] [34;1mAddTraceEvent[0m -> [core] [Channel #1 SubChannel #2]Subchannel created
[34m2026-08-11 12:41:34.779 WIB 000a INFO[0m [grpc] [34;1mAddTraceEvent[0m -> [core] [Channel #1]Channel exiting idle mode
[34m2026-08-11 12:41:34.779 WIB 000b INFO[0m [grpc] [34;1mAddTraceEvent[0m -> [core] [Channel #1 SubChannel #2]Subchannel Connectivity change to CONNECTING
[34m2026-08-11 12:41:34.779 WIB 000c INFO[0m [grpc] [34;1mAddTraceEvent[0m -> [core] [Channel #1 SubChannel #2]Subchannel picks a new address "localhost:7051" to connect
[34m2026-08-11 12:41:34.782 WIB 000d INFO[0m [grpc] [34;1mAddTraceEvent[0m -> [core] [Channel #1 SubChannel #2]Subchannel Connectivity change to READY
[34m2026-08-11 12:41:34.782 WIB 000e INFO[0m [grpc] [34;1mInfof[0m -> [pick-first-leaf-lb] [pick-first-leaf-lb 0x363c878bf9e0] SubConn 0x363c87a34e10 reported connectivity state READY and the health listener is disabled. Transitioning SubConn to READY.
[34m2026-08-11 12:41:34.782 WIB 000f INFO[0m [grpc] [34;1mAddTraceEvent[0m -> [core] [Channel #1]Channel Connectivity change to READY
[34m2026-08-11 12:41:34.782 WIB 0010 INFO[0m [grpc] [34;1mInfof[0m -> [core] original dial target is: "localhost:7051"
[34m2026-08-11 12:41:34.782 WIB 0011 INFO[0m [grpc] [34;1mAddTraceEvent[0m -> [core] [Channel #4]Channel created
[34m2026-08-11 12:41:34.782 WIB 0012 INFO[0m [grpc] [34;1mAddTraceEvent[0m -> [core] [Channel #4]parsed dial target is: resolver.Target{URL:url.URL{Scheme:"passthrough", Opaque:"", User:(*url.Userinfo)(nil), Host:"", Path:"/localhost:7051", Fragment:"", RawQuery:"", RawPath:"", RawFragment:"", ForceQuery:false, OmitHost:false}}
[34m2026-08-11 12:41:34.782 WIB 0013 INFO[0m [grpc] [34;1mAddTraceEvent[0m -> [core] [Channel #4]Channel authority set to "localhost:7051"
[34m2026-08-11 12:41:34.782 WIB 0014 INFO[0m [grpc] [34;1mAddTraceEvent[0m -> [core] [Channel #4]Resolver state updated: {
  "Addresses": [
    {
      "Addr": "localhost:7051",
      "ServerName": "",
      "Attributes": null,
      "BalancerAttributes": null,
      "Metadata": null
    }
  ],
  "Endpoints": [
    {
      "Addresses": [
        {
          "Addr": "localhost:7051",
          "ServerName": "",
          "Attributes": null,
          "BalancerAttributes": null,
          "Metadata": null
        }
      ],
      "Attributes": null
    }
  ],
  "ServiceConfig": null,
  "Attributes": null
} (resolver returned new addresses)
[34m2026-08-11 12:41:34.782 WIB 0015 INFO[0m [grpc] [34;1mAddTraceEvent[0m -> [core] [Channel #4]Channel switches to new LB policy "pick_first"
[34m2026-08-11 12:41:34.782 WIB 0016 INFO[0m [grpc] [34;1mInfof[0m -> [pick-first-leaf-lb] [pick-first-leaf-lb 0x363c87aa6360] Received new config {
  "shuffleAddressList": false
}, resolver state {
  "Addresses": [
    {
      "Addr": "localhost:7051",
      "ServerName": "",
      "Attributes": null,
      "BalancerAttributes": null,
      "Metadata": null
    }
  ],
  "Endpoints": [
    {
      "Addresses": [
        {
          "Addr": "localhost:7051",
          "ServerName": "",
          "Attributes": null,
          "BalancerAttributes": null,
          "Metadata": null
        }
      ],
      "Attributes": null
    }
  ],
  "ServiceConfig": null,
  "Attributes": null
}
[34m2026-08-11 12:41:34.782 WIB 0017 INFO[0m [grpc] [34;1mAddTraceEvent[0m -> [core] [Channel #4]Channel Connectivity change to CONNECTING
[34m2026-08-11 12:41:34.782 WIB 0018 INFO[0m [grpc] [34;1mAddTraceEvent[0m -> [core] [Channel #4 SubChannel #5]Subchannel created
[34m2026-08-11 12:41:34.782 WIB 0019 INFO[0m [grpc] [34;1mAddTraceEvent[0m -> [core] [Channel #4]Channel exiting idle mode
[34m2026-08-11 12:41:34.783 WIB 001a INFO[0m [grpc] [34;1mAddTraceEvent[0m -> [core] [Channel #4 SubChannel #5]Subchannel Connectivity change to CONNECTING
[34m2026-08-11 12:41:34.783 WIB 001b INFO[0m [grpc] [34;1mAddTraceEvent[0m -> [core] [Channel #4 SubChannel #5]Subchannel picks a new address "localhost:7051" to connect
[34m2026-08-11 12:41:34.785 WIB 001c INFO[0m [grpc] [34;1mAddTraceEvent[0m -> [core] [Channel #4 SubChannel #5]Subchannel Connectivity change to READY
[34m2026-08-11 12:41:34.785 WIB 001d INFO[0m [grpc] [34;1mInfof[0m -> [pick-first-leaf-lb] [pick-first-leaf-lb 0x363c87aa6360] SubConn 0x363c8764dcc0 reported connectivity state READY and the health listener is disabled. Transitioning SubConn to READY.
[34m2026-08-11 12:41:34.785 WIB 001e INFO[0m [grpc] [34;1mAddTraceEvent[0m -> [core] [Channel #4]Channel Connectivity change to READY
[34m2026-08-11 12:41:35.571 WIB 001f INFO[0m [cli.lifecycle.chaincode] [34;1msubmitInstallProposal[0m -> Installed remotely: response:{status:200 payload:"\nSdigital-rupiah_3.0:70629b2235c475650485112e4e16068b884159a167357aa70dc514c756b81942\x12\x12digital-rupiah_3.0"}
[34m2026-08-11 12:41:35.571 WIB 0020 INFO[0m [cli.lifecycle.chaincode] [34;1msubmitInstallProposal[0m -> Chaincode code package identifier: digital-rupiah_3.0:70629b2235c475650485112e4e16068b884159a167357aa70dc514c756b81942
[34m2026-08-11 12:41:35.622 WIB 0001 INFO[0m [grpc] [34;1mInfof[0m -> [core] original dial target is: "localhost:9051"
[34m2026-08-11 12:41:35.622 WIB 0002 INFO[0m [grpc] [34;1mAddTraceEvent[0m -> [core] [Channel #1]Channel created
[34m2026-08-11 12:41:35.622 WIB 0003 INFO[0m [grpc] [34;1mAddTraceEvent[0m -> [core] [Channel #1]parsed dial target is: resolver.Target{URL:url.URL{Scheme:"passthrough", Opaque:"", User:(*url.Userinfo)(nil), Host:"", Path:"/localhost:9051", Fragment:"", RawQuery:"", RawPath:"", RawFragment:"", ForceQuery:false, OmitHost:false}}
[34m2026-08-11 12:41:35.622 WIB 0004 INFO[0m [grpc] [34;1mAddTraceEvent[0m -> [core] [Channel #1]Channel authority set to "localhost:9051"
[34m2026-08-11 12:41:35.622 WIB 0005 INFO[0m [grpc] [34;1mAddTraceEvent[0m -> [core] [Channel #1]Resolver state updated: {
  "Addresses": [
    {
      "Addr": "localhost:9051",
      "ServerName": "",
      "Attributes": null,
      "BalancerAttributes": null,
      "Metadata": null
    }
  ],
  "Endpoints": [
    {
      "Addresses": [
        {
          "Addr": "localhost:9051",
          "ServerName": "",
          "Attributes": null,
          "BalancerAttributes": null,
          "Metadata": null
        }
      ],
      "Attributes": null
    }
  ],
  "ServiceConfig": null,
  "Attributes": null
} (resolver returned new addresses)
[34m2026-08-11 12:41:35.622 WIB 0006 INFO[0m [grpc] [34;1mAddTraceEvent[0m -> [core] [Channel #1]Channel switches to new LB policy "pick_first"
[34m2026-08-11 12:41:35.622 WIB 0007 INFO[0m [grpc] [34;1mInfof[0m -> [pick-first-leaf-lb] [pick-first-leaf-lb 0x8f8dbd58480] Received new config {
  "shuffleAddressList": false
}, resolver state {
  "Addresses": [
    {
      "Addr": "localhost:9051",
      "ServerName": "",
      "Attributes": null,
      "BalancerAttributes": null,
      "Metadata": null
    }
  ],
  "Endpoints": [
    {
      "Addresses": [
        {
          "Addr": "localhost:9051",
          "ServerName": "",
          "Attributes": null,
          "BalancerAttributes": null,
          "Metadata": null
        }
      ],
      "Attributes": null
    }
  ],
  "ServiceConfig": null,
  "Attributes": null
}
[34m2026-08-11 12:41:35.622 WIB 0008 INFO[0m [grpc] [34;1mAddTraceEvent[0m -> [core] [Channel #1]Channel Connectivity change to CONNECTING
[34m2026-08-11 12:41:35.622 WIB 0009 INFO[0m [grpc] [34;1mAddTraceEvent[0m -> [core] [Channel #1 SubChannel #2]Subchannel created
[34m2026-08-11 12:41:35.623 WIB 000a INFO[0m [grpc] [34;1mAddTraceEvent[0m -> [core] [Channel #1]Channel exiting idle mode
[34m2026-08-11 12:41:35.623 WIB 000b INFO[0m [grpc] [34;1mAddTraceEvent[0m -> [core] [Channel #1 SubChannel #2]Subchannel Connectivity change to CONNECTING
[34m2026-08-11 12:41:35.623 WIB 000c INFO[0m [grpc] [34;1mAddTraceEvent[0m -> [core] [Channel #1 SubChannel #2]Subchannel picks a new address "localhost:9051" to connect
[34m2026-08-11 12:41:35.625 WIB 000d INFO[0m [grpc] [34;1mAddTraceEvent[0m -> [core] [Channel #1 SubChannel #2]Subchannel Connectivity change to READY
[34m2026-08-11 12:41:35.625 WIB 000e INFO[0m [grpc] [34;1mInfof[0m -> [pick-first-leaf-lb] [pick-first-leaf-lb 0x8f8dbd58480] SubConn 0x8f8dbd5ca00 reported connectivity state READY and the health listener is disabled. Transitioning SubConn to READY.
[34m2026-08-11 12:41:35.625 WIB 000f INFO[0m [grpc] [34;1mAddTraceEvent[0m -> [core] [Channel #1]Channel Connectivity change to READY
[34m2026-08-11 12:41:35.625 WIB 0010 INFO[0m [grpc] [34;1mInfof[0m -> [core] original dial target is: "localhost:9051"
[34m2026-08-11 12:41:35.625 WIB 0011 INFO[0m [grpc] [34;1mAddTraceEvent[0m -> [core] [Channel #4]Channel created
[34m2026-08-11 12:41:35.625 WIB 0012 INFO[0m [grpc] [34;1mAddTraceEvent[0m -> [core] [Channel #4]parsed dial target is: resolver.Target{URL:url.URL{Scheme:"passthrough", Opaque:"", User:(*url.Userinfo)(nil), Host:"", Path:"/localhost:9051", Fragment:"", RawQuery:"", RawPath:"", RawFragment:"", ForceQuery:false, OmitHost:false}}
[34m2026-08-11 12:41:35.625 WIB 0013 INFO[0m [grpc] [34;1mAddTraceEvent[0m -> [core] [Channel #4]Channel authority set to "localhost:9051"
[34m2026-08-11 12:41:35.625 WIB 0014 INFO[0m [grpc] [34;1mAddTraceEvent[0m -> [core] [Channel #4]Resolver state updated: {
  "Addresses": [
    {
      "Addr": "localhost:9051",
      "ServerName": "",
      "Attributes": null,
      "BalancerAttributes": null,
      "Metadata": null
    }
  ],
  "Endpoints": [
    {
      "Addresses": [
        {
          "Addr": "localhost:9051",
          "ServerName": "",
          "Attributes": null,
          "BalancerAttributes": null,
          "Metadata": null
        }
      ],
      "Attributes": null
    }
  ],
  "ServiceConfig": null,
  "Attributes": null
} (resolver returned new addresses)
[34m2026-08-11 12:41:35.625 WIB 0015 INFO[0m [grpc] [34;1mAddTraceEvent[0m -> [core] [Channel #4]Channel switches to new LB policy "pick_first"
[34m2026-08-11 12:41:35.625 WIB 0016 INFO[0m [grpc] [34;1mInfof[0m -> [pick-first-leaf-lb] [pick-first-leaf-lb 0x8f8dbdcb050] Received new config {
  "shuffleAddressList": false
}, resolver state {
  "Addresses": [
    {
      "Addr": "localhost:9051",
      "ServerName": "",
      "Attributes": null,
      "BalancerAttributes": null,
      "Metadata": null
    }
  ],
  "Endpoints": [
    {
      "Addresses": [
        {
          "Addr": "localhost:9051",
          "ServerName": "",
          "Attributes": null,
          "BalancerAttributes": null,
          "Metadata": null
        }
      ],
      "Attributes": null
    }
  ],
  "ServiceConfig": null,
  "Attributes": null
}
[34m2026-08-11 12:41:35.625 WIB 0017 INFO[0m [grpc] [34;1mAddTraceEvent[0m -> [core] [Channel #4]Channel Connectivity change to CONNECTING
[34m2026-08-11 12:41:35.625 WIB 0018 INFO[0m [grpc] [34;1mAddTraceEvent[0m -> [core] [Channel #4 SubChannel #5]Subchannel created
[34m2026-08-11 12:41:35.626 WIB 0019 INFO[0m [grpc] [34;1mAddTraceEvent[0m -> [core] [Channel #4]Channel exiting idle mode
[34m2026-08-11 12:41:35.626 WIB 001a INFO[0m [grpc] [34;1mAddTraceEvent[0m -> [core] [Channel #4 SubChannel #5]Subchannel Connectivity change to CONNECTING
[34m2026-08-11 12:41:35.626 WIB 001b INFO[0m [grpc] [34;1mAddTraceEvent[0m -> [core] [Channel #4 SubChannel #5]Subchannel picks a new address "localhost:9051" to connect
[34m2026-08-11 12:41:35.628 WIB 001c INFO[0m [grpc] [34;1mAddTraceEvent[0m -> [core] [Channel #4 SubChannel #5]Subchannel Connectivity change to READY
[34m2026-08-11 12:41:35.628 WIB 001d INFO[0m [grpc] [34;1mInfof[0m -> [pick-first-leaf-lb] [pick-first-leaf-lb 0x8f8dbdcb050] SubConn 0x8f8dbdc93b0 reported connectivity state READY and the health listener is disabled. Transitioning SubConn to READY.
[34m2026-08-11 12:41:35.628 WIB 001e INFO[0m [grpc] [34;1mAddTraceEvent[0m -> [core] [Channel #4]Channel Connectivity change to READY
[34m2026-08-11 12:41:36.529 WIB 001f INFO[0m [cli.lifecycle.chaincode] [34;1msubmitInstallProposal[0m -> Installed remotely: response:{status:200 payload:"\nSdigital-rupiah_3.0:70629b2235c475650485112e4e16068b884159a167357aa70dc514c756b81942\x12\x12digital-rupiah_3.0"}
[34m2026-08-11 12:41:36.529 WIB 0020 INFO[0m [cli.lifecycle.chaincode] [34;1msubmitInstallProposal[0m -> Chaincode code package identifier: digital-rupiah_3.0:70629b2235c475650485112e4e16068b884159a167357aa70dc514c756b81942
[34m2026-08-11 12:41:36.586 WIB 0001 INFO[0m [grpc] [34;1mInfof[0m -> [core] original dial target is: "localhost:11051"
[34m2026-08-11 12:41:36.586 WIB 0002 INFO[0m [grpc] [34;1mAddTraceEvent[0m -> [core] [Channel #1]Channel created
[34m2026-08-11 12:41:36.587 WIB 0003 INFO[0m [grpc] [34;1mAddTraceEvent[0m -> [core] [Channel #1]parsed dial target is: resolver.Target{URL:url.URL{Scheme:"passthrough", Opaque:"", User:(*url.Userinfo)(nil), Host:"", Path:"/localhost:11051", Fragment:"", RawQuery:"", RawPath:"", RawFragment:"", ForceQuery:false, OmitHost:false}}
[34m2026-08-11 12:41:36.587 WIB 0004 INFO[0m [grpc] [34;1mAddTraceEvent[0m -> [core] [Channel #1]Channel authority set to "localhost:11051"
[34m2026-08-11 12:41:36.587 WIB 0005 INFO[0m [grpc] [34;1mAddTraceEvent[0m -> [core] [Channel #1]Resolver state updated: {
  "Addresses": [
    {
      "Addr": "localhost:11051",
      "ServerName": "",
      "Attributes": null,
      "BalancerAttributes": null,
      "Metadata": null
    }
  ],
  "Endpoints": [
    {
      "Addresses": [
        {
          "Addr": "localhost:11051",
          "ServerName": "",
          "Attributes": null,
          "BalancerAttributes": null,
          "Metadata": null
        }
      ],
      "Attributes": null
    }
  ],
  "ServiceConfig": null,
  "Attributes": null
} (resolver returned new addresses)
[34m2026-08-11 12:41:36.587 WIB 0006 INFO[0m [grpc] [34;1mAddTraceEvent[0m -> [core] [Channel #1]Channel switches to new LB policy "pick_first"
[34m2026-08-11 12:41:36.587 WIB 0007 INFO[0m [grpc] [34;1mInfof[0m -> [pick-first-leaf-lb] [pick-first-leaf-lb 0x7c100660900] Received new config {
  "shuffleAddressList": false
}, resolver state {
  "Addresses": [
    {
      "Addr": "localhost:11051",
      "ServerName": "",
      "Attributes": null,
      "BalancerAttributes": null,
      "Metadata": null
    }
  ],
  "Endpoints": [
    {
      "Addresses": [
        {
          "Addr": "localhost:11051",
          "ServerName": "",
          "Attributes": null,
          "BalancerAttributes": null,
          "Metadata": null
        }
      ],
      "Attributes": null
    }
  ],
  "ServiceConfig": null,
  "Attributes": null
}
[34m2026-08-11 12:41:36.587 WIB 0008 INFO[0m [grpc] [34;1mAddTraceEvent[0m -> [core] [Channel #1]Channel Connectivity change to CONNECTING
[34m2026-08-11 12:41:36.587 WIB 0009 INFO[0m [grpc] [34;1mAddTraceEvent[0m -> [core] [Channel #1 SubChannel #2]Subchannel created
[34m2026-08-11 12:41:36.587 WIB 000a INFO[0m [grpc] [34;1mAddTraceEvent[0m -> [core] [Channel #1]Channel exiting idle mode
[34m2026-08-11 12:41:36.587 WIB 000b INFO[0m [grpc] [34;1mAddTraceEvent[0m -> [core] [Channel #1 SubChannel #2]Subchannel Connectivity change to CONNECTING
[34m2026-08-11 12:41:36.587 WIB 000c INFO[0m [grpc] [34;1mAddTraceEvent[0m -> [core] [Channel #1 SubChannel #2]Subchannel picks a new address "localhost:11051" to connect
[34m2026-08-11 12:41:36.590 WIB 000d INFO[0m [grpc] [34;1mAddTraceEvent[0m -> [core] [Channel #1 SubChannel #2]Subchannel Connectivity change to READY
[34m2026-08-11 12:41:36.590 WIB 000e INFO[0m [grpc] [34;1mInfof[0m -> [pick-first-leaf-lb] [pick-first-leaf-lb 0x7c100660900] SubConn 0x7c10032b2c0 reported connectivity state READY and the health listener is disabled. Transitioning SubConn to READY.
[34m2026-08-11 12:41:36.591 WIB 000f INFO[0m [grpc] [34;1mAddTraceEvent[0m -> [core] [Channel #1]Channel Connectivity change to READY
[34m2026-08-11 12:41:36.591 WIB 0010 INFO[0m [grpc] [34;1mInfof[0m -> [core] original dial target is: "localhost:11051"
[34m2026-08-11 12:41:36.591 WIB 0011 INFO[0m [grpc] [34;1mAddTraceEvent[0m -> [core] [Channel #4]Channel created
[34m2026-08-11 12:41:36.591 WIB 0012 INFO[0m [grpc] [34;1mAddTraceEvent[0m -> [core] [Channel #4]parsed dial target is: resolver.Target{URL:url.URL{Scheme:"passthrough", Opaque:"", User:(*url.Userinfo)(nil), Host:"", Path:"/localhost:11051", Fragment:"", RawQuery:"", RawPath:"", RawFragment:"", ForceQuery:false, OmitHost:false}}
[34m2026-08-11 12:41:36.591 WIB 0013 INFO[0m [grpc] [34;1mAddTraceEvent[0m -> [core] [Channel #4]Channel authority set to "localhost:11051"
[34m2026-08-11 12:41:36.591 WIB 0014 INFO[0m [grpc] [34;1mAddTraceEvent[0m -> [core] [Channel #4]Resolver state updated: {
  "Addresses": [
    {
      "Addr": "localhost:11051",
      "ServerName": "",
      "Attributes": null,
      "BalancerAttributes": null,
      "Metadata": null
    }
  ],
  "Endpoints": [
    {
      "Addresses": [
        {
          "Addr": "localhost:11051",
          "ServerName": "",
          "Attributes": null,
          "BalancerAttributes": null,
          "Metadata": null
        }
      ],
      "Attributes": null
    }
  ],
  "ServiceConfig": null,
  "Attributes": null
} (resolver returned new addresses)
[34m2026-08-11 12:41:36.591 WIB 0015 INFO[0m [grpc] [34;1mAddTraceEvent[0m -> [core] [Channel #4]Channel switches to new LB policy "pick_first"
[34m2026-08-11 12:41:36.591 WIB 0016 INFO[0m [grpc] [34;1mInfof[0m -> [pick-first-leaf-lb] [pick-first-leaf-lb 0x7c100660ab0] Received new config {
  "shuffleAddressList": false
}, resolver state {
  "Addresses": [
    {
      "Addr": "localhost:11051",
      "ServerName": "",
      "Attributes": null,
      "BalancerAttributes": null,
      "Metadata": null
    }
  ],
  "Endpoints": [
    {
      "Addresses": [
        {
          "Addr": "localhost:11051",
          "ServerName": "",
          "Attributes": null,
          "BalancerAttributes": null,
          "Metadata": null
        }
      ],
      "Attributes": null
    }
  ],
  "ServiceConfig": null,
  "Attributes": null
}
[34m2026-08-11 12:41:36.591 WIB 0017 INFO[0m [grpc] [34;1mAddTraceEvent[0m -> [core] [Channel #4]Channel Connectivity change to CONNECTING
[34m2026-08-11 12:41:36.591 WIB 0018 INFO[0m [grpc] [34;1mAddTraceEvent[0m -> [core] [Channel #4 SubChannel #5]Subchannel created
[34m2026-08-11 12:41:36.591 WIB 0019 INFO[0m [grpc] [34;1mAddTraceEvent[0m -> [core] [Channel #4]Channel exiting idle mode
[34m2026-08-11 12:41:36.591 WIB 001a INFO[0m [grpc] [34;1mAddTraceEvent[0m -> [core] [Channel #4 SubChannel #5]Subchannel Connectivity change to CONNECTING
[34m2026-08-11 12:41:36.591 WIB 001b INFO[0m [grpc] [34;1mAddTraceEvent[0m -> [core] [Channel #4 SubChannel #5]Subchannel picks a new address "localhost:11051" to connect
[34m2026-08-11 12:41:36.594 WIB 001c INFO[0m [grpc] [34;1mAddTraceEvent[0m -> [core] [Channel #4 SubChannel #5]Subchannel Connectivity change to READY
[34m2026-08-11 12:41:36.594 WIB 001d INFO[0m [grpc] [34;1mInfof[0m -> [pick-first-leaf-lb] [pick-first-leaf-lb 0x7c100660ab0] SubConn 0x7c10032b6d0 reported connectivity state READY and the health listener is disabled. Transitioning SubConn to READY.
[34m2026-08-11 12:41:36.594 WIB 001e INFO[0m [grpc] [34;1mAddTraceEvent[0m -> [core] [Channel #4]Channel Connectivity change to READY
[34m2026-08-11 12:41:37.407 WIB 001f INFO[0m [cli.lifecycle.chaincode] [34;1msubmitInstallProposal[0m -> Installed remotely: response:{status:200 payload:"\nSdigital-rupiah_3.0:70629b2235c475650485112e4e16068b884159a167357aa70dc514c756b81942\x12\x12digital-rupiah_3.0"}
[34m2026-08-11 12:41:37.407 WIB 0020 INFO[0m [cli.lifecycle.chaincode] [34;1msubmitInstallProposal[0m -> Chaincode code package identifier: digital-rupiah_3.0:70629b2235c475650485112e4e16068b884159a167357aa70dc514c756b81942
[34m2026-08-11 12:41:37.458 WIB 0001 INFO[0m [grpc] [34;1mInfof[0m -> [core] original dial target is: "localhost:12051"
[34m2026-08-11 12:41:37.458 WIB 0002 INFO[0m [grpc] [34;1mAddTraceEvent[0m -> [core] [Channel #1]Channel created
[34m2026-08-11 12:41:37.458 WIB 0003 INFO[0m [grpc] [34;1mAddTraceEvent[0m -> [core] [Channel #1]parsed dial target is: resolver.Target{URL:url.URL{Scheme:"passthrough", Opaque:"", User:(*url.Userinfo)(nil), Host:"", Path:"/localhost:12051", Fragment:"", RawQuery:"", RawPath:"", RawFragment:"", ForceQuery:false, OmitHost:false}}
[34m2026-08-11 12:41:37.458 WIB 0004 INFO[0m [grpc] [34;1mAddTraceEvent[0m -> [core] [Channel #1]Channel authority set to "localhost:12051"
[34m2026-08-11 12:41:37.458 WIB 0005 INFO[0m [grpc] [34;1mAddTraceEvent[0m -> [core] [Channel #1]Resolver state updated: {
  "Addresses": [
    {
      "Addr": "localhost:12051",
      "ServerName": "",
      "Attributes": null,
      "BalancerAttributes": null,
      "Metadata": null
    }
  ],
  "Endpoints": [
    {
      "Addresses": [
        {
          "Addr": "localhost:12051",
          "ServerName": "",
          "Attributes": null,
          "BalancerAttributes": null,
          "Metadata": null
        }
      ],
      "Attributes": null
    }
  ],
  "ServiceConfig": null,
  "Attributes": null
} (resolver returned new addresses)
[34m2026-08-11 12:41:37.458 WIB 0006 INFO[0m [grpc] [34;1mAddTraceEvent[0m -> [core] [Channel #1]Channel switches to new LB policy "pick_first"
[34m2026-08-11 12:41:37.458 WIB 0007 INFO[0m [grpc] [34;1mInfof[0m -> [pick-first-leaf-lb] [pick-first-leaf-lb 0xf30a8324900] Received new config {
  "shuffleAddressList": false
}, resolver state {
  "Addresses": [
    {
      "Addr": "localhost:12051",
      "ServerName": "",
      "Attributes": null,
      "BalancerAttributes": null,
      "Metadata": null
    }
  ],
  "Endpoints": [
    {
      "Addresses": [
        {
          "Addr": "localhost:12051",
          "ServerName": "",
          "Attributes": null,
          "BalancerAttributes": null,
          "Metadata": null
        }
      ],
      "Attributes": null
    }
  ],
  "ServiceConfig": null,
  "Attributes": null
}
[34m2026-08-11 12:41:37.458 WIB 0008 INFO[0m [grpc] [34;1mAddTraceEvent[0m -> [core] [Channel #1]Channel Connectivity change to CONNECTING
[34m2026-08-11 12:41:37.458 WIB 0009 INFO[0m [grpc] [34;1mAddTraceEvent[0m -> [core] [Channel #1 SubChannel #2]Subchannel created
[34m2026-08-11 12:41:37.458 WIB 000a INFO[0m [grpc] [34;1mAddTraceEvent[0m -> [core] [Channel #1]Channel exiting idle mode
[34m2026-08-11 12:41:37.458 WIB 000b INFO[0m [grpc] [34;1mAddTraceEvent[0m -> [core] [Channel #1 SubChannel #2]Subchannel Connectivity change to CONNECTING
[34m2026-08-11 12:41:37.458 WIB 000c INFO[0m [grpc] [34;1mAddTraceEvent[0m -> [core] [Channel #1 SubChannel #2]Subchannel picks a new address "localhost:12051" to connect
[34m2026-08-11 12:41:37.461 WIB 000d INFO[0m [grpc] [34;1mAddTraceEvent[0m -> [core] [Channel #1 SubChannel #2]Subchannel Connectivity change to READY
[34m2026-08-11 12:41:37.461 WIB 000e INFO[0m [grpc] [34;1mInfof[0m -> [pick-first-leaf-lb] [pick-first-leaf-lb 0xf30a8324900] SubConn 0xf30a8317ae0 reported connectivity state READY and the health listener is disabled. Transitioning SubConn to READY.
[34m2026-08-11 12:41:37.461 WIB 000f INFO[0m [grpc] [34;1mAddTraceEvent[0m -> [core] [Channel #1]Channel Connectivity change to READY
[34m2026-08-11 12:41:37.461 WIB 0010 INFO[0m [grpc] [34;1mInfof[0m -> [core] original dial target is: "localhost:12051"
[34m2026-08-11 12:41:37.461 WIB 0011 INFO[0m [grpc] [34;1mAddTraceEvent[0m -> [core] [Channel #4]Channel created
[34m2026-08-11 12:41:37.461 WIB 0012 INFO[0m [grpc] [34;1mAddTraceEvent[0m -> [core] [Channel #4]parsed dial target is: resolver.Target{URL:url.URL{Scheme:"passthrough", Opaque:"", User:(*url.Userinfo)(nil), Host:"", Path:"/localhost:12051", Fragment:"", RawQuery:"", RawPath:"", RawFragment:"", ForceQuery:false, OmitHost:false}}
[34m2026-08-11 12:41:37.461 WIB 0013 INFO[0m [grpc] [34;1mAddTraceEvent[0m -> [core] [Channel #4]Channel authority set to "localhost:12051"
[34m2026-08-11 12:41:37.461 WIB 0014 INFO[0m [grpc] [34;1mAddTraceEvent[0m -> [core] [Channel #4]Resolver state updated: {
  "Addresses": [
    {
      "Addr": "localhost:12051",
      "ServerName": "",
      "Attributes": null,
      "BalancerAttributes": null,
      "Metadata": null
    }
  ],
  "Endpoints": [
    {
      "Addresses": [
        {
          "Addr": "localhost:12051",
          "ServerName": "",
          "Attributes": null,
          "BalancerAttributes": null,
          "Metadata": null
        }
      ],
      "Attributes": null
    }
  ],
  "ServiceConfig": null,
  "Attributes": null
} (resolver returned new addresses)
[34m2026-08-11 12:41:37.462 WIB 0015 INFO[0m [grpc] [34;1mAddTraceEvent[0m -> [core] [Channel #4]Channel switches to new LB policy "pick_first"
[34m2026-08-11 12:41:37.462 WIB 0016 INFO[0m [grpc] [34;1mInfof[0m -> [pick-first-leaf-lb] [pick-first-leaf-lb 0xf30a8324ab0] Received new config {
  "shuffleAddressList": false
}, resolver state {
  "Addresses": [
    {
      "Addr": "localhost:12051",
      "ServerName": "",
      "Attributes": null,
      "BalancerAttributes": null,
      "Metadata": null
    }
  ],
  "Endpoints": [
    {
      "Addresses": [
        {
          "Addr": "localhost:12051",
          "ServerName": "",
          "Attributes": null,
          "BalancerAttributes": null,
          "Metadata": null
        }
      ],
      "Attributes": null
    }
  ],
  "ServiceConfig": null,
  "Attributes": null
}
[34m2026-08-11 12:41:37.462 WIB 0017 INFO[0m [grpc] [34;1mAddTraceEvent[0m -> [core] [Channel #4]Channel Connectivity change to CONNECTING
[34m2026-08-11 12:41:37.462 WIB 0018 INFO[0m [grpc] [34;1mAddTraceEvent[0m -> [core] [Channel #4 SubChannel #5]Subchannel created
[34m2026-08-11 12:41:37.462 WIB 0019 INFO[0m [grpc] [34;1mAddTraceEvent[0m -> [core] [Channel #4]Channel exiting idle mode
[34m2026-08-11 12:41:37.462 WIB 001a INFO[0m [grpc] [34;1mAddTraceEvent[0m -> [core] [Channel #4 SubChannel #5]Subchannel Connectivity change to CONNECTING
[34m2026-08-11 12:41:37.462 WIB 001b INFO[0m [grpc] [34;1mAddTraceEvent[0m -> [core] [Channel #4 SubChannel #5]Subchannel picks a new address "localhost:12051" to connect
[34m2026-08-11 12:41:37.464 WIB 001c INFO[0m [grpc] [34;1mAddTraceEvent[0m -> [core] [Channel #4 SubChannel #5]Subchannel Connectivity change to READY
[34m2026-08-11 12:41:37.464 WIB 001d INFO[0m [grpc] [34;1mInfof[0m -> [pick-first-leaf-lb] [pick-first-leaf-lb 0xf30a8324ab0] SubConn 0xf30a854e500 reported connectivity state READY and the health listener is disabled. Transitioning SubConn to READY.
[34m2026-08-11 12:41:37.464 WIB 001e INFO[0m [grpc] [34;1mAddTraceEvent[0m -> [core] [Channel #4]Channel Connectivity change to READY
[34m2026-08-11 12:41:38.222 WIB 001f INFO[0m [cli.lifecycle.chaincode] [34;1msubmitInstallProposal[0m -> Installed remotely: response:{status:200 payload:"\nSdigital-rupiah_3.0:70629b2235c475650485112e4e16068b884159a167357aa70dc514c756b81942\x12\x12digital-rupiah_3.0"}
[34m2026-08-11 12:41:38.222 WIB 0020 INFO[0m [cli.lifecycle.chaincode] [34;1msubmitInstallProposal[0m -> Chaincode code package identifier: digital-rupiah_3.0:70629b2235c475650485112e4e16068b884159a167357aa70dc514c756b81942
[34m2026-08-11 12:41:38.275 WIB 0001 INFO[0m [grpc] [34;1mInfof[0m -> [core] original dial target is: "localhost:13051"
[34m2026-08-11 12:41:38.275 WIB 0002 INFO[0m [grpc] [34;1mAddTraceEvent[0m -> [core] [Channel #1]Channel created
[34m2026-08-11 12:41:38.275 WIB 0003 INFO[0m [grpc] [34;1mAddTraceEvent[0m -> [core] [Channel #1]parsed dial target is: resolver.Target{URL:url.URL{Scheme:"passthrough", Opaque:"", User:(*url.Userinfo)(nil), Host:"", Path:"/localhost:13051", Fragment:"", RawQuery:"", RawPath:"", RawFragment:"", ForceQuery:false, OmitHost:false}}
[34m2026-08-11 12:41:38.275 WIB 0004 INFO[0m [grpc] [34;1mAddTraceEvent[0m -> [core] [Channel #1]Channel authority set to "localhost:13051"
[34m2026-08-11 12:41:38.276 WIB 0005 INFO[0m [grpc] [34;1mAddTraceEvent[0m -> [core] [Channel #1]Resolver state updated: {
  "Addresses": [
    {
      "Addr": "localhost:13051",
      "ServerName": "",
      "Attributes": null,
      "BalancerAttributes": null,
      "Metadata": null
    }
  ],
  "Endpoints": [
    {
      "Addresses": [
        {
          "Addr": "localhost:13051",
          "ServerName": "",
          "Attributes": null,
          "BalancerAttributes": null,
          "Metadata": null
        }
      ],
      "Attributes": null
    }
  ],
  "ServiceConfig": null,
  "Attributes": null
} (resolver returned new addresses)
[34m2026-08-11 12:41:38.276 WIB 0006 INFO[0m [grpc] [34;1mAddTraceEvent[0m -> [core] [Channel #1]Channel switches to new LB policy "pick_first"
[34m2026-08-11 12:41:38.276 WIB 0007 INFO[0m [grpc] [34;1mInfof[0m -> [pick-first-leaf-lb] [pick-first-leaf-lb 0x19e86a8dc510] Received new config {
  "shuffleAddressList": false
}, resolver state {
  "Addresses": [
    {
      "Addr": "localhost:13051",
      "ServerName": "",
      "Attributes": null,
      "BalancerAttributes": null,
      "Metadata": null
    }
  ],
  "Endpoints": [
    {
      "Addresses": [
        {
          "Addr": "localhost:13051",
          "ServerName": "",
          "Attributes": null,
          "BalancerAttributes": null,
          "Metadata": null
        }
      ],
      "Attributes": null
    }
  ],
  "ServiceConfig": null,
  "Attributes": null
}
[34m2026-08-11 12:41:38.276 WIB 0008 INFO[0m [grpc] [34;1mAddTraceEvent[0m -> [core] [Channel #1]Channel Connectivity change to CONNECTING
[34m2026-08-11 12:41:38.276 WIB 0009 INFO[0m [grpc] [34;1mAddTraceEvent[0m -> [core] [Channel #1 SubChannel #2]Subchannel created
[34m2026-08-11 12:41:38.276 WIB 000a INFO[0m [grpc] [34;1mAddTraceEvent[0m -> [core] [Channel #1]Channel exiting idle mode
[34m2026-08-11 12:41:38.276 WIB 000b INFO[0m [grpc] [34;1mAddTraceEvent[0m -> [core] [Channel #1 SubChannel #2]Subchannel Connectivity change to CONNECTING
[34m2026-08-11 12:41:38.276 WIB 000c INFO[0m [grpc] [34;1mAddTraceEvent[0m -> [core] [Channel #1 SubChannel #2]Subchannel picks a new address "localhost:13051" to connect
[34m2026-08-11 12:41:38.279 WIB 000d INFO[0m [grpc] [34;1mAddTraceEvent[0m -> [core] [Channel #1 SubChannel #2]Subchannel Connectivity change to READY
[34m2026-08-11 12:41:38.279 WIB 000e INFO[0m [grpc] [34;1mInfof[0m -> [pick-first-leaf-lb] [pick-first-leaf-lb 0x19e86a8dc510] SubConn 0x19e86a7424b0 reported connectivity state READY and the health listener is disabled. Transitioning SubConn to READY.
[34m2026-08-11 12:41:38.279 WIB 000f INFO[0m [grpc] [34;1mAddTraceEvent[0m -> [core] [Channel #1]Channel Connectivity change to READY
[34m2026-08-11 12:41:38.279 WIB 0010 INFO[0m [grpc] [34;1mInfof[0m -> [core] original dial target is: "localhost:13051"
[34m2026-08-11 12:41:38.279 WIB 0011 INFO[0m [grpc] [34;1mAddTraceEvent[0m -> [core] [Channel #4]Channel created
[34m2026-08-11 12:41:38.279 WIB 0012 INFO[0m [grpc] [34;1mAddTraceEvent[0m -> [core] [Channel #4]parsed dial target is: resolver.Target{URL:url.URL{Scheme:"passthrough", Opaque:"", User:(*url.Userinfo)(nil), Host:"", Path:"/localhost:13051", Fragment:"", RawQuery:"", RawPath:"", RawFragment:"", ForceQuery:false, OmitHost:false}}
[34m2026-08-11 12:41:38.279 WIB 0013 INFO[0m [grpc] [34;1mAddTraceEvent[0m -> [core] [Channel #4]Channel authority set to "localhost:13051"
[34m2026-08-11 12:41:38.279 WIB 0014 INFO[0m [grpc] [34;1mAddTraceEvent[0m -> [core] [Channel #4]Resolver state updated: {
  "Addresses": [
    {
      "Addr": "localhost:13051",
      "ServerName": "",
      "Attributes": null,
      "BalancerAttributes": null,
      "Metadata": null
    }
  ],
  "Endpoints": [
    {
      "Addresses": [
        {
          "Addr": "localhost:13051",
          "ServerName": "",
          "Attributes": null,
          "BalancerAttributes": null,
          "Metadata": null
        }
      ],
      "Attributes": null
    }
  ],
  "ServiceConfig": null,
  "Attributes": null
} (resolver returned new addresses)
[34m2026-08-11 12:41:38.279 WIB 0015 INFO[0m [grpc] [34;1mAddTraceEvent[0m -> [core] [Channel #4]Channel switches to new LB policy "pick_first"
[34m2026-08-11 12:41:38.279 WIB 0016 INFO[0m [grpc] [34;1mInfof[0m -> [pick-first-leaf-lb] [pick-first-leaf-lb 0x19e86a84a1b0] Received new config {
  "shuffleAddressList": false
}, resolver state {
  "Addresses": [
    {
      "Addr": "localhost:13051",
      "ServerName": "",
      "Attributes": null,
      "BalancerAttributes": null,
      "Metadata": null
    }
  ],
  "Endpoints": [
    {
      "Addresses": [
        {
          "Addr": "localhost:13051",
          "ServerName": "",
          "Attributes": null,
          "BalancerAttributes": null,
          "Metadata": null
        }
      ],
      "Attributes": null
    }
  ],
  "ServiceConfig": null,
  "Attributes": null
}
[34m2026-08-11 12:41:38.279 WIB 0017 INFO[0m [grpc] [34;1mAddTraceEvent[0m -> [core] [Channel #4]Channel Connectivity change to CONNECTING
[34m2026-08-11 12:41:38.279 WIB 0018 INFO[0m [grpc] [34;1mAddTraceEvent[0m -> [core] [Channel #4 SubChannel #5]Subchannel created
[34m2026-08-11 12:41:38.279 WIB 0019 INFO[0m [grpc] [34;1mAddTraceEvent[0m -> [core] [Channel #4]Channel exiting idle mode
[34m2026-08-11 12:41:38.279 WIB 001a INFO[0m [grpc] [34;1mAddTraceEvent[0m -> [core] [Channel #4 SubChannel #5]Subchannel Connectivity change to CONNECTING
[34m2026-08-11 12:41:38.279 WIB 001b INFO[0m [grpc] [34;1mAddTraceEvent[0m -> [core] [Channel #4 SubChannel #5]Subchannel picks a new address "localhost:13051" to connect
[34m2026-08-11 12:41:38.282 WIB 001c INFO[0m [grpc] [34;1mAddTraceEvent[0m -> [core] [Channel #4 SubChannel #5]Subchannel Connectivity change to READY
[34m2026-08-11 12:41:38.282 WIB 001d INFO[0m [grpc] [34;1mInfof[0m -> [pick-first-leaf-lb] [pick-first-leaf-lb 0x19e86a84a1b0] SubConn 0x19e86a6109b0 reported connectivity state READY and the health listener is disabled. Transitioning SubConn to READY.
[34m2026-08-11 12:41:38.282 WIB 001e INFO[0m [grpc] [34;1mAddTraceEvent[0m -> [core] [Channel #4]Channel Connectivity change to READY
[34m2026-08-11 12:41:39.053 WIB 001f INFO[0m [cli.lifecycle.chaincode] [34;1msubmitInstallProposal[0m -> Installed remotely: response:{status:200 payload:"\nSdigital-rupiah_3.0:70629b2235c475650485112e4e16068b884159a167357aa70dc514c756b81942\x12\x12digital-rupiah_3.0"}
[34m2026-08-11 12:41:39.053 WIB 0020 INFO[0m [cli.lifecycle.chaincode] [34;1msubmitInstallProposal[0m -> Chaincode code package identifier: digital-rupiah_3.0:70629b2235c475650485112e4e16068b884159a167357aa70dc514c756b81942
[34m2026-08-11 12:41:39.107 WIB 0001 INFO[0m [grpc] [34;1mInfof[0m -> [core] original dial target is: "localhost:13051"
[34m2026-08-11 12:41:39.107 WIB 0002 INFO[0m [grpc] [34;1mAddTraceEvent[0m -> [core] [Channel #1]Channel created
[34m2026-08-11 12:41:39.107 WIB 0003 INFO[0m [grpc] [34;1mAddTraceEvent[0m -> [core] [Channel #1]parsed dial target is: resolver.Target{URL:url.URL{Scheme:"passthrough", Opaque:"", User:(*url.Userinfo)(nil), Host:"", Path:"/localhost:13051", Fragment:"", RawQuery:"", RawPath:"", RawFragment:"", ForceQuery:false, OmitHost:false}}
[34m2026-08-11 12:41:39.107 WIB 0004 INFO[0m [grpc] [34;1mAddTraceEvent[0m -> [core] [Channel #1]Channel authority set to "localhost:13051"
[34m2026-08-11 12:41:39.107 WIB 0005 INFO[0m [grpc] [34;1mAddTraceEvent[0m -> [core] [Channel #1]Resolver state updated: {
  "Addresses": [
    {
      "Addr": "localhost:13051",
      "ServerName": "",
      "Attributes": null,
      "BalancerAttributes": null,
      "Metadata": null
    }
  ],
  "Endpoints": [
    {
      "Addresses": [
        {
          "Addr": "localhost:13051",
          "ServerName": "",
          "Attributes": null,
          "BalancerAttributes": null,
          "Metadata": null
        }
      ],
      "Attributes": null
    }
  ],
  "ServiceConfig": null,
  "Attributes": null
} (resolver returned new addresses)
[34m2026-08-11 12:41:39.107 WIB 0006 INFO[0m [grpc] [34;1mAddTraceEvent[0m -> [core] [Channel #1]Channel switches to new LB policy "pick_first"
[34m2026-08-11 12:41:39.107 WIB 0007 INFO[0m [grpc] [34;1mInfof[0m -> [pick-first-leaf-lb] [pick-first-leaf-lb 0x1aa0919ee870] Received new config {
  "shuffleAddressList": false
}, resolver state {
  "Addresses": [
    {
      "Addr": "localhost:13051",
      "ServerName": "",
      "Attributes": null,
      "BalancerAttributes": null,
      "Metadata": null
    }
  ],
  "Endpoints": [
    {
      "Addresses": [
        {
          "Addr": "localhost:13051",
          "ServerName": "",
          "Attributes": null,
          "BalancerAttributes": null,
          "Metadata": null
        }
      ],
      "Attributes": null
    }
  ],
  "ServiceConfig": null,
  "Attributes": null
}
[34m2026-08-11 12:41:39.107 WIB 0008 INFO[0m [grpc] [34;1mAddTraceEvent[0m -> [core] [Channel #1]Channel Connectivity change to CONNECTING
[34m2026-08-11 12:41:39.107 WIB 0009 INFO[0m [grpc] [34;1mAddTraceEvent[0m -> [core] [Channel #1 SubChannel #2]Subchannel created
[34m2026-08-11 12:41:39.107 WIB 000a INFO[0m [grpc] [34;1mAddTraceEvent[0m -> [core] [Channel #1]Channel exiting idle mode
[34m2026-08-11 12:41:39.107 WIB 000b INFO[0m [grpc] [34;1mAddTraceEvent[0m -> [core] [Channel #1 SubChannel #2]Subchannel Connectivity change to CONNECTING
[34m2026-08-11 12:41:39.107 WIB 000c INFO[0m [grpc] [34;1mAddTraceEvent[0m -> [core] [Channel #1 SubChannel #2]Subchannel picks a new address "localhost:13051" to connect
[34m2026-08-11 12:41:39.110 WIB 000d INFO[0m [grpc] [34;1mAddTraceEvent[0m -> [core] [Channel #1 SubChannel #2]Subchannel Connectivity change to READY
[34m2026-08-11 12:41:39.110 WIB 000e INFO[0m [grpc] [34;1mInfof[0m -> [pick-first-leaf-lb] [pick-first-leaf-lb 0x1aa0919ee870] SubConn 0x1aa0917e4b40 reported connectivity state READY and the health listener is disabled. Transitioning SubConn to READY.
[34m2026-08-11 12:41:39.110 WIB 000f INFO[0m [grpc] [34;1mAddTraceEvent[0m -> [core] [Channel #1]Channel Connectivity change to READY
[34m2026-08-11 12:41:39.111 WIB 0010 INFO[0m [grpc] [34;1mInfof[0m -> [core] original dial target is: "localhost:13051"
[34m2026-08-11 12:41:39.111 WIB 0011 INFO[0m [grpc] [34;1mAddTraceEvent[0m -> [core] [Channel #4]Channel created
[34m2026-08-11 12:41:39.111 WIB 0012 INFO[0m [grpc] [34;1mAddTraceEvent[0m -> [core] [Channel #4]parsed dial target is: resolver.Target{URL:url.URL{Scheme:"passthrough", Opaque:"", User:(*url.Userinfo)(nil), Host:"", Path:"/localhost:13051", Fragment:"", RawQuery:"", RawPath:"", RawFragment:"", ForceQuery:false, OmitHost:false}}
[34m2026-08-11 12:41:39.111 WIB 0013 INFO[0m [grpc] [34;1mAddTraceEvent[0m -> [core] [Channel #4]Channel authority set to "localhost:13051"
[34m2026-08-11 12:41:39.111 WIB 0014 INFO[0m [grpc] [34;1mAddTraceEvent[0m -> [core] [Channel #4]Resolver state updated: {
  "Addresses": [
    {
      "Addr": "localhost:13051",
      "ServerName": "",
      "Attributes": null,
      "BalancerAttributes": null,
      "Metadata": null
    }
  ],
  "Endpoints": [
    {
      "Addresses": [
        {
          "Addr": "localhost:13051",
          "ServerName": "",
          "Attributes": null,
          "BalancerAttributes": null,
          "Metadata": null
        }
      ],
      "Attributes": null
    }
  ],
  "ServiceConfig": null,
  "Attributes": null
} (resolver returned new addresses)
[34m2026-08-11 12:41:39.111 WIB 0015 INFO[0m [grpc] [34;1mAddTraceEvent[0m -> [core] [Channel #4]Channel switches to new LB policy "pick_first"
[34m2026-08-11 12:41:39.111 WIB 0016 INFO[0m [grpc] [34;1mInfof[0m -> [pick-first-leaf-lb] [pick-first-leaf-lb 0x1aa0919eec60] Received new config {
  "shuffleAddressList": false
}, resolver state {
  "Addresses": [
    {
      "Addr": "localhost:13051",
      "ServerName": "",
      "Attributes": null,
      "BalancerAttributes": null,
      "Metadata": null
    }
  ],
  "Endpoints": [
    {
      "Addresses": [
        {
          "Addr": "localhost:13051",
          "ServerName": "",
          "Attributes": null,
          "BalancerAttributes": null,
          "Metadata": null
        }
      ],
      "Attributes": null
    }
  ],
  "ServiceConfig": null,
  "Attributes": null
}
[34m2026-08-11 12:41:39.111 WIB 0017 INFO[0m [grpc] [34;1mAddTraceEvent[0m -> [core] [Channel #4]Channel Connectivity change to CONNECTING
[34m2026-08-11 12:41:39.111 WIB 0018 INFO[0m [grpc] [34;1mAddTraceEvent[0m -> [core] [Channel #4 SubChannel #5]Subchannel created
[34m2026-08-11 12:41:39.111 WIB 0019 INFO[0m [grpc] [34;1mAddTraceEvent[0m -> [core] [Channel #4]Channel exiting idle mode
[34m2026-08-11 12:41:39.111 WIB 001a INFO[0m [grpc] [34;1mAddTraceEvent[0m -> [core] [Channel #4 SubChannel #5]Subchannel Connectivity change to CONNECTING
[34m2026-08-11 12:41:39.111 WIB 001b INFO[0m [grpc] [34;1mAddTraceEvent[0m -> [core] [Channel #4 SubChannel #5]Subchannel picks a new address "localhost:13051" to connect
[34m2026-08-11 12:41:39.114 WIB 001c INFO[0m [grpc] [34;1mAddTraceEvent[0m -> [core] [Channel #4 SubChannel #5]Subchannel Connectivity change to READY
[34m2026-08-11 12:41:39.114 WIB 001d INFO[0m [grpc] [34;1mInfof[0m -> [pick-first-leaf-lb] [pick-first-leaf-lb 0x1aa0919eec60] SubConn 0x1aa0917e4fa0 reported connectivity state READY and the health listener is disabled. Transitioning SubConn to READY.
[34m2026-08-11 12:41:39.114 WIB 001e INFO[0m [grpc] [34;1mAddTraceEvent[0m -> [core] [Channel #4]Channel Connectivity change to READY
Package ID: digital-rupiah_3.0:70629b2235c475650485112e4e16068b884159a167357aa70dc514c756b81942
Approving chaincode for all 5 orgs...
[34m2026-08-11 12:41:39.176 WIB 0001 INFO[0m [grpc] [34;1mInfof[0m -> [core] original dial target is: "localhost:7051"
[34m2026-08-11 12:41:39.176 WIB 0002 INFO[0m [grpc] [34;1mAddTraceEvent[0m -> [core] [Channel #1]Channel created
[34m2026-08-11 12:41:39.177 WIB 0003 INFO[0m [grpc] [34;1mAddTraceEvent[0m -> [core] [Channel #1]parsed dial target is: resolver.Target{URL:url.URL{Scheme:"passthrough", Opaque:"", User:(*url.Userinfo)(nil), Host:"", Path:"/localhost:7051", Fragment:"", RawQuery:"", RawPath:"", RawFragment:"", ForceQuery:false, OmitHost:false}}
[34m2026-08-11 12:41:39.177 WIB 0004 INFO[0m [grpc] [34;1mAddTraceEvent[0m -> [core] [Channel #1]Channel authority set to "localhost:7051"
[34m2026-08-11 12:41:39.177 WIB 0005 INFO[0m [grpc] [34;1mAddTraceEvent[0m -> [core] [Channel #1]Resolver state updated: {
  "Addresses": [
    {
      "Addr": "localhost:7051",
      "ServerName": "",
      "Attributes": null,
      "BalancerAttributes": null,
      "Metadata": null
    }
  ],
  "Endpoints": [
    {
      "Addresses": [
        {
          "Addr": "localhost:7051",
          "ServerName": "",
          "Attributes": null,
          "BalancerAttributes": null,
          "Metadata": null
        }
      ],
      "Attributes": null
    }
  ],
  "ServiceConfig": null,
  "Attributes": null
} (resolver returned new addresses)
[34m2026-08-11 12:41:39.177 WIB 0006 INFO[0m [grpc] [34;1mAddTraceEvent[0m -> [core] [Channel #1]Channel switches to new LB policy "pick_first"
[34m2026-08-11 12:41:39.177 WIB 0007 INFO[0m [grpc] [34;1mInfof[0m -> [pick-first-leaf-lb] [pick-first-leaf-lb 0x22e0e5910870] Received new config {
  "shuffleAddressList": false
}, resolver state {
  "Addresses": [
    {
      "Addr": "localhost:7051",
      "ServerName": "",
      "Attributes": null,
      "BalancerAttributes": null,
      "Metadata": null
    }
  ],
  "Endpoints": [
    {
      "Addresses": [
        {
          "Addr": "localhost:7051",
          "ServerName": "",
          "Attributes": null,
          "BalancerAttributes": null,
          "Metadata": null
        }
      ],
      "Attributes": null
    }
  ],
  "ServiceConfig": null,
  "Attributes": null
}
[34m2026-08-11 12:41:39.177 WIB 0008 INFO[0m [grpc] [34;1mAddTraceEvent[0m -> [core] [Channel #1]Channel Connectivity change to CONNECTING
[34m2026-08-11 12:41:39.177 WIB 0009 INFO[0m [grpc] [34;1mAddTraceEvent[0m -> [core] [Channel #1 SubChannel #2]Subchannel created
[34m2026-08-11 12:41:39.177 WIB 000a INFO[0m [grpc] [34;1mAddTraceEvent[0m -> [core] [Channel #1]Channel exiting idle mode
[34m2026-08-11 12:41:39.177 WIB 000b INFO[0m [grpc] [34;1mAddTraceEvent[0m -> [core] [Channel #1 SubChannel #2]Subchannel Connectivity change to CONNECTING
[34m2026-08-11 12:41:39.177 WIB 000c INFO[0m [grpc] [34;1mAddTraceEvent[0m -> [core] [Channel #1 SubChannel #2]Subchannel picks a new address "localhost:7051" to connect
[34m2026-08-11 12:41:39.181 WIB 000d INFO[0m [grpc] [34;1mAddTraceEvent[0m -> [core] [Channel #1 SubChannel #2]Subchannel Connectivity change to READY
[34m2026-08-11 12:41:39.181 WIB 000e INFO[0m [grpc] [34;1mInfof[0m -> [pick-first-leaf-lb] [pick-first-leaf-lb 0x22e0e5910870] SubConn 0x22e0e567d9a0 reported connectivity state READY and the health listener is disabled. Transitioning SubConn to READY.
[34m2026-08-11 12:41:39.181 WIB 000f INFO[0m [grpc] [34;1mAddTraceEvent[0m -> [core] [Channel #1]Channel Connectivity change to READY
[34m2026-08-11 12:41:39.181 WIB 0010 INFO[0m [grpc] [34;1mInfof[0m -> [core] original dial target is: "localhost:7051"
[34m2026-08-11 12:41:39.181 WIB 0011 INFO[0m [grpc] [34;1mAddTraceEvent[0m -> [core] [Channel #4]Channel created
[34m2026-08-11 12:41:39.181 WIB 0012 INFO[0m [grpc] [34;1mAddTraceEvent[0m -> [core] [Channel #4]parsed dial target is: resolver.Target{URL:url.URL{Scheme:"passthrough", Opaque:"", User:(*url.Userinfo)(nil), Host:"", Path:"/localhost:7051", Fragment:"", RawQuery:"", RawPath:"", RawFragment:"", ForceQuery:false, OmitHost:false}}
[34m2026-08-11 12:41:39.181 WIB 0013 INFO[0m [grpc] [34;1mAddTraceEvent[0m -> [core] [Channel #4]Channel authority set to "localhost:7051"
[34m2026-08-11 12:41:39.181 WIB 0014 INFO[0m [grpc] [34;1mAddTraceEvent[0m -> [core] [Channel #4]Resolver state updated: {
  "Addresses": [
    {
      "Addr": "localhost:7051",
      "ServerName": "",
      "Attributes": null,
      "BalancerAttributes": null,
      "Metadata": null
    }
  ],
  "Endpoints": [
    {
      "Addresses": [
        {
          "Addr": "localhost:7051",
          "ServerName": "",
          "Attributes": null,
          "BalancerAttributes": null,
          "Metadata": null
        }
      ],
      "Attributes": null
    }
  ],
  "ServiceConfig": null,
  "Attributes": null
} (resolver returned new addresses)
[34m2026-08-11 12:41:39.181 WIB 0015 INFO[0m [grpc] [34;1mAddTraceEvent[0m -> [core] [Channel #4]Channel switches to new LB policy "pick_first"
[34m2026-08-11 12:41:39.182 WIB 0016 INFO[0m [grpc] [34;1mInfof[0m -> [pick-first-leaf-lb] [pick-first-leaf-lb 0x22e0e5910a20] Received new config {
  "shuffleAddressList": false
}, resolver state {
  "Addresses": [
    {
      "Addr": "localhost:7051",
      "ServerName": "",
      "Attributes": null,
      "BalancerAttributes": null,
      "Metadata": null
    }
  ],
  "Endpoints": [
    {
      "Addresses": [
        {
          "Addr": "localhost:7051",
          "ServerName": "",
          "Attributes": null,
          "BalancerAttributes": null,
          "Metadata": null
        }
      ],
      "Attributes": null
    }
  ],
  "ServiceConfig": null,
  "Attributes": null
}
[34m2026-08-11 12:41:39.182 WIB 0017 INFO[0m [grpc] [34;1mAddTraceEvent[0m -> [core] [Channel #4]Channel Connectivity change to CONNECTING
[34m2026-08-11 12:41:39.182 WIB 0018 INFO[0m [grpc] [34;1mAddTraceEvent[0m -> [core] [Channel #4 SubChannel #5]Subchannel created
[34m2026-08-11 12:41:39.182 WIB 0019 INFO[0m [grpc] [34;1mAddTraceEvent[0m -> [core] [Channel #4]Channel exiting idle mode
[34m2026-08-11 12:41:39.182 WIB 001a INFO[0m [grpc] [34;1mAddTraceEvent[0m -> [core] [Channel #4 SubChannel #5]Subchannel Connectivity change to CONNECTING
[34m2026-08-11 12:41:39.182 WIB 001b INFO[0m [grpc] [34;1mAddTraceEvent[0m -> [core] [Channel #4 SubChannel #5]Subchannel picks a new address "localhost:7051" to connect
[34m2026-08-11 12:41:39.184 WIB 001c INFO[0m [grpc] [34;1mAddTraceEvent[0m -> [core] [Channel #4 SubChannel #5]Subchannel Connectivity change to READY
[34m2026-08-11 12:41:39.184 WIB 001d INFO[0m [grpc] [34;1mInfof[0m -> [pick-first-leaf-lb] [pick-first-leaf-lb 0x22e0e5910a20] SubConn 0x22e0e5a8a7d0 reported connectivity state READY and the health listener is disabled. Transitioning SubConn to READY.
[34m2026-08-11 12:41:39.184 WIB 001e INFO[0m [grpc] [34;1mAddTraceEvent[0m -> [core] [Channel #4]Channel Connectivity change to READY
[33m2026-08-11 12:41:39.184 WIB 001f WARN[0m [grpc] [33;1mWarningf[0m -> [core] Adjusting keepalive ping interval to minimum period of 10s
[34m2026-08-11 12:41:39.184 WIB 0020 INFO[0m [grpc] [34;1mInfof[0m -> [core] original dial target is: "localhost:7050"
[34m2026-08-11 12:41:39.184 WIB 0021 INFO[0m [grpc] [34;1mAddTraceEvent[0m -> [core] [Channel #7]Channel created
[34m2026-08-11 12:41:39.184 WIB 0022 INFO[0m [grpc] [34;1mAddTraceEvent[0m -> [core] [Channel #7]parsed dial target is: resolver.Target{URL:url.URL{Scheme:"passthrough", Opaque:"", User:(*url.Userinfo)(nil), Host:"", Path:"/localhost:7050", Fragment:"", RawQuery:"", RawPath:"", RawFragment:"", ForceQuery:false, OmitHost:false}}
[34m2026-08-11 12:41:39.184 WIB 0023 INFO[0m [grpc] [34;1mAddTraceEvent[0m -> [core] [Channel #7]Channel authority set to "orderer.paynet"
[34m2026-08-11 12:41:39.184 WIB 0024 INFO[0m [grpc] [34;1mAddTraceEvent[0m -> [core] [Channel #7]Resolver state updated: {
  "Addresses": [
    {
      "Addr": "localhost:7050",
      "ServerName": "",
      "Attributes": null,
      "BalancerAttributes": null,
      "Metadata": null
    }
  ],
  "Endpoints": [
    {
      "Addresses": [
        {
          "Addr": "localhost:7050",
          "ServerName": "",
          "Attributes": null,
          "BalancerAttributes": null,
          "Metadata": null
        }
      ],
      "Attributes": null
    }
  ],
  "ServiceConfig": null,
  "Attributes": null
} (resolver returned new addresses)
[34m2026-08-11 12:41:39.184 WIB 0025 INFO[0m [grpc] [34;1mAddTraceEvent[0m -> [core] [Channel #7]Channel switches to new LB policy "pick_first"
[34m2026-08-11 12:41:39.185 WIB 0026 INFO[0m [grpc] [34;1mInfof[0m -> [pick-first-leaf-lb] [pick-first-leaf-lb 0x22e0e5938480] Received new config {
  "shuffleAddressList": false
}, resolver state {
  "Addresses": [
    {
      "Addr": "localhost:7050",
      "ServerName": "",
      "Attributes": null,
      "BalancerAttributes": null,
      "Metadata": null
    }
  ],
  "Endpoints": [
    {
      "Addresses": [
        {
          "Addr": "localhost:7050",
          "ServerName": "",
          "Attributes": null,
          "BalancerAttributes": null,
          "Metadata": null
        }
      ],
      "Attributes": null
    }
  ],
  "ServiceConfig": null,
  "Attributes": null
}
[34m2026-08-11 12:41:39.185 WIB 0027 INFO[0m [grpc] [34;1mAddTraceEvent[0m -> [core] [Channel #7]Channel Connectivity change to CONNECTING
[34m2026-08-11 12:41:39.185 WIB 0028 INFO[0m [grpc] [34;1mAddTraceEvent[0m -> [core] [Channel #7 SubChannel #8]Subchannel created
[34m2026-08-11 12:41:39.185 WIB 0029 INFO[0m [grpc] [34;1mAddTraceEvent[0m -> [core] [Channel #7]Channel exiting idle mode
[34m2026-08-11 12:41:39.185 WIB 002a INFO[0m [grpc] [34;1mAddTraceEvent[0m -> [core] [Channel #7 SubChannel #8]Subchannel Connectivity change to CONNECTING
[34m2026-08-11 12:41:39.185 WIB 002b INFO[0m [grpc] [34;1mAddTraceEvent[0m -> [core] [Channel #7 SubChannel #8]Subchannel picks a new address "localhost:7050" to connect
[34m2026-08-11 12:41:39.187 WIB 002c INFO[0m [grpc] [34;1mAddTraceEvent[0m -> [core] [Channel #7 SubChannel #8]Subchannel Connectivity change to READY
[34m2026-08-11 12:41:39.187 WIB 002d INFO[0m [grpc] [34;1mInfof[0m -> [pick-first-leaf-lb] [pick-first-leaf-lb 0x22e0e5938480] SubConn 0x22e0e567cb40 reported connectivity state READY and the health listener is disabled. Transitioning SubConn to READY.
[34m2026-08-11 12:41:39.187 WIB 002e INFO[0m [grpc] [34;1mAddTraceEvent[0m -> [core] [Channel #7]Channel Connectivity change to READY
[34m2026-08-11 12:41:41.340 WIB 002f INFO[0m [chaincodeCmd] [34;1mClientWait[0m -> txid [ca4acb9ce4fe360081dcb8bef67b067cdd26dadc50a5efe7a6d2e39344359841] committed with status (VALID) at localhost:7051
[34m2026-08-11 12:41:41.410 WIB 0001 INFO[0m [grpc] [34;1mInfof[0m -> [core] original dial target is: "localhost:9051"
[34m2026-08-11 12:41:41.410 WIB 0002 INFO[0m [grpc] [34;1mAddTraceEvent[0m -> [core] [Channel #1]Channel created
[34m2026-08-11 12:41:41.410 WIB 0003 INFO[0m [grpc] [34;1mAddTraceEvent[0m -> [core] [Channel #1]parsed dial target is: resolver.Target{URL:url.URL{Scheme:"passthrough", Opaque:"", User:(*url.Userinfo)(nil), Host:"", Path:"/localhost:9051", Fragment:"", RawQuery:"", RawPath:"", RawFragment:"", ForceQuery:false, OmitHost:false}}
[34m2026-08-11 12:41:41.410 WIB 0004 INFO[0m [grpc] [34;1mAddTraceEvent[0m -> [core] [Channel #1]Channel authority set to "localhost:9051"
[34m2026-08-11 12:41:41.410 WIB 0005 INFO[0m [grpc] [34;1mAddTraceEvent[0m -> [core] [Channel #1]Resolver state updated: {
  "Addresses": [
    {
      "Addr": "localhost:9051",
      "ServerName": "",
      "Attributes": null,
      "BalancerAttributes": null,
      "Metadata": null
    }
  ],
  "Endpoints": [
    {
      "Addresses": [
        {
          "Addr": "localhost:9051",
          "ServerName": "",
          "Attributes": null,
          "BalancerAttributes": null,
          "Metadata": null
        }
      ],
      "Attributes": null
    }
  ],
  "ServiceConfig": null,
  "Attributes": null
} (resolver returned new addresses)
[34m2026-08-11 12:41:41.410 WIB 0006 INFO[0m [grpc] [34;1mAddTraceEvent[0m -> [core] [Channel #1]Channel switches to new LB policy "pick_first"
[34m2026-08-11 12:41:41.411 WIB 0007 INFO[0m [grpc] [34;1mInfof[0m -> [pick-first-leaf-lb] [pick-first-leaf-lb 0x2d637a0de870] Received new config {
  "shuffleAddressList": false
}, resolver state {
  "Addresses": [
    {
      "Addr": "localhost:9051",
      "ServerName": "",
      "Attributes": null,
      "BalancerAttributes": null,
      "Metadata": null
    }
  ],
  "Endpoints": [
    {
      "Addresses": [
        {
          "Addr": "localhost:9051",
          "ServerName": "",
          "Attributes": null,
          "BalancerAttributes": null,
          "Metadata": null
        }
      ],
      "Attributes": null
    }
  ],
  "ServiceConfig": null,
  "Attributes": null
}
[34m2026-08-11 12:41:41.411 WIB 0008 INFO[0m [grpc] [34;1mAddTraceEvent[0m -> [core] [Channel #1]Channel Connectivity change to CONNECTING
[34m2026-08-11 12:41:41.411 WIB 0009 INFO[0m [grpc] [34;1mAddTraceEvent[0m -> [core] [Channel #1 SubChannel #2]Subchannel created
[34m2026-08-11 12:41:41.411 WIB 000a INFO[0m [grpc] [34;1mAddTraceEvent[0m -> [core] [Channel #1]Channel exiting idle mode
[34m2026-08-11 12:41:41.411 WIB 000b INFO[0m [grpc] [34;1mAddTraceEvent[0m -> [core] [Channel #1 SubChannel #2]Subchannel Connectivity change to CONNECTING
[34m2026-08-11 12:41:41.411 WIB 000c INFO[0m [grpc] [34;1mAddTraceEvent[0m -> [core] [Channel #1 SubChannel #2]Subchannel picks a new address "localhost:9051" to connect
[34m2026-08-11 12:41:41.414 WIB 000d INFO[0m [grpc] [34;1mAddTraceEvent[0m -> [core] [Channel #1 SubChannel #2]Subchannel Connectivity change to READY
[34m2026-08-11 12:41:41.414 WIB 000e INFO[0m [grpc] [34;1mInfof[0m -> [pick-first-leaf-lb] [pick-first-leaf-lb 0x2d637a0de870] SubConn 0x2d637a1d88c0 reported connectivity state READY and the health listener is disabled. Transitioning SubConn to READY.
[34m2026-08-11 12:41:41.414 WIB 000f INFO[0m [grpc] [34;1mAddTraceEvent[0m -> [core] [Channel #1]Channel Connectivity change to READY
[34m2026-08-11 12:41:41.414 WIB 0010 INFO[0m [grpc] [34;1mInfof[0m -> [core] original dial target is: "localhost:9051"
[34m2026-08-11 12:41:41.415 WIB 0011 INFO[0m [grpc] [34;1mAddTraceEvent[0m -> [core] [Channel #4]Channel created
[34m2026-08-11 12:41:41.415 WIB 0012 INFO[0m [grpc] [34;1mAddTraceEvent[0m -> [core] [Channel #4]parsed dial target is: resolver.Target{URL:url.URL{Scheme:"passthrough", Opaque:"", User:(*url.Userinfo)(nil), Host:"", Path:"/localhost:9051", Fragment:"", RawQuery:"", RawPath:"", RawFragment:"", ForceQuery:false, OmitHost:false}}
[34m2026-08-11 12:41:41.415 WIB 0013 INFO[0m [grpc] [34;1mAddTraceEvent[0m -> [core] [Channel #4]Channel authority set to "localhost:9051"
[34m2026-08-11 12:41:41.415 WIB 0014 INFO[0m [grpc] [34;1mAddTraceEvent[0m -> [core] [Channel #4]Resolver state updated: {
  "Addresses": [
    {
      "Addr": "localhost:9051",
      "ServerName": "",
      "Attributes": null,
      "BalancerAttributes": null,
      "Metadata": null
    }
  ],
  "Endpoints": [
    {
      "Addresses": [
        {
          "Addr": "localhost:9051",
          "ServerName": "",
          "Attributes": null,
          "BalancerAttributes": null,
          "Metadata": null
        }
      ],
      "Attributes": null
    }
  ],
  "ServiceConfig": null,
  "Attributes": null
} (resolver returned new addresses)
[34m2026-08-11 12:41:41.415 WIB 0015 INFO[0m [grpc] [34;1mAddTraceEvent[0m -> [core] [Channel #4]Channel switches to new LB policy "pick_first"
[34m2026-08-11 12:41:41.415 WIB 0016 INFO[0m [grpc] [34;1mInfof[0m -> [pick-first-leaf-lb] [pick-first-leaf-lb 0x2d6379f1b3b0] Received new config {
  "shuffleAddressList": false
}, resolver state {
  "Addresses": [
    {
      "Addr": "localhost:9051",
      "ServerName": "",
      "Attributes": null,
      "BalancerAttributes": null,
      "Metadata": null
    }
  ],
  "Endpoints": [
    {
      "Addresses": [
        {
          "Addr": "localhost:9051",
          "ServerName": "",
          "Attributes": null,
          "BalancerAttributes": null,
          "Metadata": null
        }
      ],
      "Attributes": null
    }
  ],
  "ServiceConfig": null,
  "Attributes": null
}
[34m2026-08-11 12:41:41.415 WIB 0017 INFO[0m [grpc] [34;1mAddTraceEvent[0m -> [core] [Channel #4]Channel Connectivity change to CONNECTING
[34m2026-08-11 12:41:41.415 WIB 0018 INFO[0m [grpc] [34;1mAddTraceEvent[0m -> [core] [Channel #4 SubChannel #5]Subchannel created
[34m2026-08-11 12:41:41.415 WIB 0019 INFO[0m [grpc] [34;1mAddTraceEvent[0m -> [core] [Channel #4]Channel exiting idle mode
[34m2026-08-11 12:41:41.415 WIB 001a INFO[0m [grpc] [34;1mAddTraceEvent[0m -> [core] [Channel #4 SubChannel #5]Subchannel Connectivity change to CONNECTING
[34m2026-08-11 12:41:41.415 WIB 001b INFO[0m [grpc] [34;1mAddTraceEvent[0m -> [core] [Channel #4 SubChannel #5]Subchannel picks a new address "localhost:9051" to connect
[34m2026-08-11 12:41:41.417 WIB 001c INFO[0m [grpc] [34;1mAddTraceEvent[0m -> [core] [Channel #4 SubChannel #5]Subchannel Connectivity change to READY
[34m2026-08-11 12:41:41.418 WIB 001d INFO[0m [grpc] [34;1mInfof[0m -> [pick-first-leaf-lb] [pick-first-leaf-lb 0x2d6379f1b3b0] SubConn 0x2d637a032780 reported connectivity state READY and the health listener is disabled. Transitioning SubConn to READY.
[34m2026-08-11 12:41:41.418 WIB 001e INFO[0m [grpc] [34;1mAddTraceEvent[0m -> [core] [Channel #4]Channel Connectivity change to READY
[33m2026-08-11 12:41:41.418 WIB 001f WARN[0m [grpc] [33;1mWarningf[0m -> [core] Adjusting keepalive ping interval to minimum period of 10s
[34m2026-08-11 12:41:41.418 WIB 0020 INFO[0m [grpc] [34;1mInfof[0m -> [core] original dial target is: "localhost:7050"
[34m2026-08-11 12:41:41.418 WIB 0021 INFO[0m [grpc] [34;1mAddTraceEvent[0m -> [core] [Channel #7]Channel created
[34m2026-08-11 12:41:41.418 WIB 0022 INFO[0m [grpc] [34;1mAddTraceEvent[0m -> [core] [Channel #7]parsed dial target is: resolver.Target{URL:url.URL{Scheme:"passthrough", Opaque:"", User:(*url.Userinfo)(nil), Host:"", Path:"/localhost:7050", Fragment:"", RawQuery:"", RawPath:"", RawFragment:"", ForceQuery:false, OmitHost:false}}
[34m2026-08-11 12:41:41.418 WIB 0023 INFO[0m [grpc] [34;1mAddTraceEvent[0m -> [core] [Channel #7]Channel authority set to "orderer.paynet"
[34m2026-08-11 12:41:41.419 WIB 0024 INFO[0m [grpc] [34;1mAddTraceEvent[0m -> [core] [Channel #7]Resolver state updated: {
  "Addresses": [
    {
      "Addr": "localhost:7050",
      "ServerName": "",
      "Attributes": null,
      "BalancerAttributes": null,
      "Metadata": null
    }
  ],
  "Endpoints": [
    {
      "Addresses": [
        {
          "Addr": "localhost:7050",
          "ServerName": "",
          "Attributes": null,
          "BalancerAttributes": null,
          "Metadata": null
        }
      ],
      "Attributes": null
    }
  ],
  "ServiceConfig": null,
  "Attributes": null
} (resolver returned new addresses)
[34m2026-08-11 12:41:41.419 WIB 0025 INFO[0m [grpc] [34;1mAddTraceEvent[0m -> [core] [Channel #7]Channel switches to new LB policy "pick_first"
[34m2026-08-11 12:41:41.419 WIB 0026 INFO[0m [grpc] [34;1mInfof[0m -> [pick-first-leaf-lb] [pick-first-leaf-lb 0x2d637a1b4000] Received new config {
  "shuffleAddressList": false
}, resolver state {
  "Addresses": [
    {
      "Addr": "localhost:7050",
      "ServerName": "",
      "Attributes": null,
      "BalancerAttributes": null,
      "Metadata": null
    }
  ],
  "Endpoints": [
    {
      "Addresses": [
        {
          "Addr": "localhost:7050",
          "ServerName": "",
          "Attributes": null,
          "BalancerAttributes": null,
          "Metadata": null
        }
      ],
      "Attributes": null
    }
  ],
  "ServiceConfig": null,
  "Attributes": null
}
[34m2026-08-11 12:41:41.419 WIB 0027 INFO[0m [grpc] [34;1mAddTraceEvent[0m -> [core] [Channel #7]Channel Connectivity change to CONNECTING
[34m2026-08-11 12:41:41.419 WIB 0028 INFO[0m [grpc] [34;1mAddTraceEvent[0m -> [core] [Channel #7 SubChannel #8]Subchannel created
[34m2026-08-11 12:41:41.419 WIB 0029 INFO[0m [grpc] [34;1mAddTraceEvent[0m -> [core] [Channel #7]Channel exiting idle mode
[34m2026-08-11 12:41:41.419 WIB 002a INFO[0m [grpc] [34;1mAddTraceEvent[0m -> [core] [Channel #7 SubChannel #8]Subchannel Connectivity change to CONNECTING
[34m2026-08-11 12:41:41.419 WIB 002b INFO[0m [grpc] [34;1mAddTraceEvent[0m -> [core] [Channel #7 SubChannel #8]Subchannel picks a new address "localhost:7050" to connect
[34m2026-08-11 12:41:41.422 WIB 002c INFO[0m [grpc] [34;1mAddTraceEvent[0m -> [core] [Channel #7 SubChannel #8]Subchannel Connectivity change to READY
[34m2026-08-11 12:41:41.422 WIB 002d INFO[0m [grpc] [34;1mInfof[0m -> [pick-first-leaf-lb] [pick-first-leaf-lb 0x2d637a1b4000] SubConn 0x2d6379cd9220 reported connectivity state READY and the health listener is disabled. Transitioning SubConn to READY.
[34m2026-08-11 12:41:41.422 WIB 002e INFO[0m [grpc] [34;1mAddTraceEvent[0m -> [core] [Channel #7]Channel Connectivity change to READY
[34m2026-08-11 12:41:43.550 WIB 002f INFO[0m [chaincodeCmd] [34;1mClientWait[0m -> txid [efda141e1b2ea4d2f95a075f4f25026055d54893141f956885cb34286b1cf360] committed with status (VALID) at localhost:9051
[34m2026-08-11 12:41:43.616 WIB 0001 INFO[0m [grpc] [34;1mInfof[0m -> [core] original dial target is: "localhost:11051"
[34m2026-08-11 12:41:43.616 WIB 0002 INFO[0m [grpc] [34;1mAddTraceEvent[0m -> [core] [Channel #1]Channel created
[34m2026-08-11 12:41:43.616 WIB 0003 INFO[0m [grpc] [34;1mAddTraceEvent[0m -> [core] [Channel #1]parsed dial target is: resolver.Target{URL:url.URL{Scheme:"passthrough", Opaque:"", User:(*url.Userinfo)(nil), Host:"", Path:"/localhost:11051", Fragment:"", RawQuery:"", RawPath:"", RawFragment:"", ForceQuery:false, OmitHost:false}}
[34m2026-08-11 12:41:43.616 WIB 0004 INFO[0m [grpc] [34;1mAddTraceEvent[0m -> [core] [Channel #1]Channel authority set to "localhost:11051"
[34m2026-08-11 12:41:43.617 WIB 0005 INFO[0m [grpc] [34;1mAddTraceEvent[0m -> [core] [Channel #1]Resolver state updated: {
  "Addresses": [
    {
      "Addr": "localhost:11051",
      "ServerName": "",
      "Attributes": null,
      "BalancerAttributes": null,
      "Metadata": null
    }
  ],
  "Endpoints": [
    {
      "Addresses": [
        {
          "Addr": "localhost:11051",
          "ServerName": "",
          "Attributes": null,
          "BalancerAttributes": null,
          "Metadata": null
        }
      ],
      "Attributes": null
    }
  ],
  "ServiceConfig": null,
  "Attributes": null
} (resolver returned new addresses)
[34m2026-08-11 12:41:43.617 WIB 0006 INFO[0m [grpc] [34;1mAddTraceEvent[0m -> [core] [Channel #1]Channel switches to new LB policy "pick_first"
[34m2026-08-11 12:41:43.617 WIB 0007 INFO[0m [grpc] [34;1mInfof[0m -> [pick-first-leaf-lb] [pick-first-leaf-lb 0x369a3c3a510] Received new config {
  "shuffleAddressList": false
}, resolver state {
  "Addresses": [
    {
      "Addr": "localhost:11051",
      "ServerName": "",
      "Attributes": null,
      "BalancerAttributes": null,
      "Metadata": null
    }
  ],
  "Endpoints": [
    {
      "Addresses": [
        {
          "Addr": "localhost:11051",
          "ServerName": "",
          "Attributes": null,
          "BalancerAttributes": null,
          "Metadata": null
        }
      ],
      "Attributes": null
    }
  ],
  "ServiceConfig": null,
  "Attributes": null
}
[34m2026-08-11 12:41:43.617 WIB 0008 INFO[0m [grpc] [34;1mAddTraceEvent[0m -> [core] [Channel #1]Channel Connectivity change to CONNECTING
[34m2026-08-11 12:41:43.617 WIB 0009 INFO[0m [grpc] [34;1mAddTraceEvent[0m -> [core] [Channel #1 SubChannel #2]Subchannel created
[34m2026-08-11 12:41:43.617 WIB 000a INFO[0m [grpc] [34;1mAddTraceEvent[0m -> [core] [Channel #1]Channel exiting idle mode
[34m2026-08-11 12:41:43.617 WIB 000b INFO[0m [grpc] [34;1mAddTraceEvent[0m -> [core] [Channel #1 SubChannel #2]Subchannel Connectivity change to CONNECTING
[34m2026-08-11 12:41:43.617 WIB 000c INFO[0m [grpc] [34;1mAddTraceEvent[0m -> [core] [Channel #1 SubChannel #2]Subchannel picks a new address "localhost:11051" to connect
[34m2026-08-11 12:41:43.620 WIB 000d INFO[0m [grpc] [34;1mAddTraceEvent[0m -> [core] [Channel #1 SubChannel #2]Subchannel Connectivity change to READY
[34m2026-08-11 12:41:43.620 WIB 000e INFO[0m [grpc] [34;1mInfof[0m -> [pick-first-leaf-lb] [pick-first-leaf-lb 0x369a3c3a510] SubConn 0x369a3c780a0 reported connectivity state READY and the health listener is disabled. Transitioning SubConn to READY.
[34m2026-08-11 12:41:43.620 WIB 000f INFO[0m [grpc] [34;1mAddTraceEvent[0m -> [core] [Channel #1]Channel Connectivity change to READY
[34m2026-08-11 12:41:43.620 WIB 0010 INFO[0m [grpc] [34;1mInfof[0m -> [core] original dial target is: "localhost:11051"
[34m2026-08-11 12:41:43.620 WIB 0011 INFO[0m [grpc] [34;1mAddTraceEvent[0m -> [core] [Channel #4]Channel created
[34m2026-08-11 12:41:43.620 WIB 0012 INFO[0m [grpc] [34;1mAddTraceEvent[0m -> [core] [Channel #4]parsed dial target is: resolver.Target{URL:url.URL{Scheme:"passthrough", Opaque:"", User:(*url.Userinfo)(nil), Host:"", Path:"/localhost:11051", Fragment:"", RawQuery:"", RawPath:"", RawFragment:"", ForceQuery:false, OmitHost:false}}
[34m2026-08-11 12:41:43.620 WIB 0013 INFO[0m [grpc] [34;1mAddTraceEvent[0m -> [core] [Channel #4]Channel authority set to "localhost:11051"
[34m2026-08-11 12:41:43.620 WIB 0014 INFO[0m [grpc] [34;1mAddTraceEvent[0m -> [core] [Channel #4]Resolver state updated: {
  "Addresses": [
    {
      "Addr": "localhost:11051",
      "ServerName": "",
      "Attributes": null,
      "BalancerAttributes": null,
      "Metadata": null
    }
  ],
  "Endpoints": [
    {
      "Addresses": [
        {
          "Addr": "localhost:11051",
          "ServerName": "",
          "Attributes": null,
          "BalancerAttributes": null,
          "Metadata": null
        }
      ],
      "Attributes": null
    }
  ],
  "ServiceConfig": null,
  "Attributes": null
} (resolver returned new addresses)
[34m2026-08-11 12:41:43.620 WIB 0015 INFO[0m [grpc] [34;1mAddTraceEvent[0m -> [core] [Channel #4]Channel switches to new LB policy "pick_first"
[34m2026-08-11 12:41:43.621 WIB 0016 INFO[0m [grpc] [34;1mInfof[0m -> [pick-first-leaf-lb] [pick-first-leaf-lb 0x369a3da6360] Received new config {
  "shuffleAddressList": false
}, resolver state {
  "Addresses": [
    {
      "Addr": "localhost:11051",
      "ServerName": "",
      "Attributes": null,
      "BalancerAttributes": null,
      "Metadata": null
    }
  ],
  "Endpoints": [
    {
      "Addresses": [
        {
          "Addr": "localhost:11051",
          "ServerName": "",
          "Attributes": null,
          "BalancerAttributes": null,
          "Metadata": null
        }
      ],
      "Attributes": null
    }
  ],
  "ServiceConfig": null,
  "Attributes": null
}
[34m2026-08-11 12:41:43.621 WIB 0017 INFO[0m [grpc] [34;1mAddTraceEvent[0m -> [core] [Channel #4]Channel Connectivity change to CONNECTING
[34m2026-08-11 12:41:43.621 WIB 0018 INFO[0m [grpc] [34;1mAddTraceEvent[0m -> [core] [Channel #4 SubChannel #5]Subchannel created
[34m2026-08-11 12:41:43.621 WIB 0019 INFO[0m [grpc] [34;1mAddTraceEvent[0m -> [core] [Channel #4]Channel exiting idle mode
[34m2026-08-11 12:41:43.621 WIB 001a INFO[0m [grpc] [34;1mAddTraceEvent[0m -> [core] [Channel #4 SubChannel #5]Subchannel Connectivity change to CONNECTING
[34m2026-08-11 12:41:43.621 WIB 001b INFO[0m [grpc] [34;1mAddTraceEvent[0m -> [core] [Channel #4 SubChannel #5]Subchannel picks a new address "localhost:11051" to connect
[34m2026-08-11 12:41:43.623 WIB 001c INFO[0m [grpc] [34;1mAddTraceEvent[0m -> [core] [Channel #4 SubChannel #5]Subchannel Connectivity change to READY
[34m2026-08-11 12:41:43.623 WIB 001d INFO[0m [grpc] [34;1mInfof[0m -> [pick-first-leaf-lb] [pick-first-leaf-lb 0x369a3da6360] SubConn 0x369a3ab49b0 reported connectivity state READY and the health listener is disabled. Transitioning SubConn to READY.
[34m2026-08-11 12:41:43.623 WIB 001e INFO[0m [grpc] [34;1mAddTraceEvent[0m -> [core] [Channel #4]Channel Connectivity change to READY
[33m2026-08-11 12:41:43.623 WIB 001f WARN[0m [grpc] [33;1mWarningf[0m -> [core] Adjusting keepalive ping interval to minimum period of 10s
[34m2026-08-11 12:41:43.623 WIB 0020 INFO[0m [grpc] [34;1mInfof[0m -> [core] original dial target is: "localhost:7050"
[34m2026-08-11 12:41:43.623 WIB 0021 INFO[0m [grpc] [34;1mAddTraceEvent[0m -> [core] [Channel #7]Channel created
[34m2026-08-11 12:41:43.623 WIB 0022 INFO[0m [grpc] [34;1mAddTraceEvent[0m -> [core] [Channel #7]parsed dial target is: resolver.Target{URL:url.URL{Scheme:"passthrough", Opaque:"", User:(*url.Userinfo)(nil), Host:"", Path:"/localhost:7050", Fragment:"", RawQuery:"", RawPath:"", RawFragment:"", ForceQuery:false, OmitHost:false}}
[34m2026-08-11 12:41:43.623 WIB 0023 INFO[0m [grpc] [34;1mAddTraceEvent[0m -> [core] [Channel #7]Channel authority set to "orderer.paynet"
[34m2026-08-11 12:41:43.623 WIB 0024 INFO[0m [grpc] [34;1mAddTraceEvent[0m -> [core] [Channel #7]Resolver state updated: {
  "Addresses": [
    {
      "Addr": "localhost:7050",
      "ServerName": "",
      "Attributes": null,
      "BalancerAttributes": null,
      "Metadata": null
    }
  ],
  "Endpoints": [
    {
      "Addresses": [
        {
          "Addr": "localhost:7050",
          "ServerName": "",
          "Attributes": null,
          "BalancerAttributes": null,
          "Metadata": null
        }
      ],
      "Attributes": null
    }
  ],
  "ServiceConfig": null,
  "Attributes": null
} (resolver returned new addresses)
[34m2026-08-11 12:41:43.623 WIB 0025 INFO[0m [grpc] [34;1mAddTraceEvent[0m -> [core] [Channel #7]Channel switches to new LB policy "pick_first"
[34m2026-08-11 12:41:43.623 WIB 0026 INFO[0m [grpc] [34;1mInfof[0m -> [pick-first-leaf-lb] [pick-first-leaf-lb 0x369a3c3a6c0] Received new config {
  "shuffleAddressList": false
}, resolver state {
  "Addresses": [
    {
      "Addr": "localhost:7050",
      "ServerName": "",
      "Attributes": null,
      "BalancerAttributes": null,
      "Metadata": null
    }
  ],
  "Endpoints": [
    {
      "Addresses": [
        {
          "Addr": "localhost:7050",
          "ServerName": "",
          "Attributes": null,
          "BalancerAttributes": null,
          "Metadata": null
        }
      ],
      "Attributes": null
    }
  ],
  "ServiceConfig": null,
  "Attributes": null
}
[34m2026-08-11 12:41:43.623 WIB 0027 INFO[0m [grpc] [34;1mAddTraceEvent[0m -> [core] [Channel #7]Channel Connectivity change to CONNECTING
[34m2026-08-11 12:41:43.623 WIB 0028 INFO[0m [grpc] [34;1mAddTraceEvent[0m -> [core] [Channel #7 SubChannel #8]Subchannel created
[34m2026-08-11 12:41:43.623 WIB 0029 INFO[0m [grpc] [34;1mAddTraceEvent[0m -> [core] [Channel #7]Channel exiting idle mode
[34m2026-08-11 12:41:43.623 WIB 002a INFO[0m [grpc] [34;1mAddTraceEvent[0m -> [core] [Channel #7 SubChannel #8]Subchannel Connectivity change to CONNECTING
[34m2026-08-11 12:41:43.623 WIB 002b INFO[0m [grpc] [34;1mAddTraceEvent[0m -> [core] [Channel #7 SubChannel #8]Subchannel picks a new address "localhost:7050" to connect
[34m2026-08-11 12:41:43.626 WIB 002c INFO[0m [grpc] [34;1mAddTraceEvent[0m -> [core] [Channel #7 SubChannel #8]Subchannel Connectivity change to READY
[34m2026-08-11 12:41:43.626 WIB 002d INFO[0m [grpc] [34;1mInfof[0m -> [pick-first-leaf-lb] [pick-first-leaf-lb 0x369a3c3a6c0] SubConn 0x369a38f6f50 reported connectivity state READY and the health listener is disabled. Transitioning SubConn to READY.
[34m2026-08-11 12:41:43.626 WIB 002e INFO[0m [grpc] [34;1mAddTraceEvent[0m -> [core] [Channel #7]Channel Connectivity change to READY
[34m2026-08-11 12:41:45.751 WIB 002f INFO[0m [chaincodeCmd] [34;1mClientWait[0m -> txid [f5620f10baae915a84adaa97291c299f5fddaf4d8fabcace1a8bb317c3b0f76e] committed with status (VALID) at localhost:11051
[34m2026-08-11 12:41:45.818 WIB 0001 INFO[0m [grpc] [34;1mInfof[0m -> [core] original dial target is: "localhost:12051"
[34m2026-08-11 12:41:45.818 WIB 0002 INFO[0m [grpc] [34;1mAddTraceEvent[0m -> [core] [Channel #1]Channel created
[34m2026-08-11 12:41:45.818 WIB 0003 INFO[0m [grpc] [34;1mAddTraceEvent[0m -> [core] [Channel #1]parsed dial target is: resolver.Target{URL:url.URL{Scheme:"passthrough", Opaque:"", User:(*url.Userinfo)(nil), Host:"", Path:"/localhost:12051", Fragment:"", RawQuery:"", RawPath:"", RawFragment:"", ForceQuery:false, OmitHost:false}}
[34m2026-08-11 12:41:45.818 WIB 0004 INFO[0m [grpc] [34;1mAddTraceEvent[0m -> [core] [Channel #1]Channel authority set to "localhost:12051"
[34m2026-08-11 12:41:45.818 WIB 0005 INFO[0m [grpc] [34;1mAddTraceEvent[0m -> [core] [Channel #1]Resolver state updated: {
  "Addresses": [
    {
      "Addr": "localhost:12051",
      "ServerName": "",
      "Attributes": null,
      "BalancerAttributes": null,
      "Metadata": null
    }
  ],
  "Endpoints": [
    {
      "Addresses": [
        {
          "Addr": "localhost:12051",
          "ServerName": "",
          "Attributes": null,
          "BalancerAttributes": null,
          "Metadata": null
        }
      ],
      "Attributes": null
    }
  ],
  "ServiceConfig": null,
  "Attributes": null
} (resolver returned new addresses)
[34m2026-08-11 12:41:45.818 WIB 0006 INFO[0m [grpc] [34;1mAddTraceEvent[0m -> [core] [Channel #1]Channel switches to new LB policy "pick_first"
[34m2026-08-11 12:41:45.818 WIB 0007 INFO[0m [grpc] [34;1mInfof[0m -> [pick-first-leaf-lb] [pick-first-leaf-lb 0x29716e38a630] Received new config {
  "shuffleAddressList": false
}, resolver state {
  "Addresses": [
    {
      "Addr": "localhost:12051",
      "ServerName": "",
      "Attributes": null,
      "BalancerAttributes": null,
      "Metadata": null
    }
  ],
  "Endpoints": [
    {
      "Addresses": [
        {
          "Addr": "localhost:12051",
          "ServerName": "",
          "Attributes": null,
          "BalancerAttributes": null,
          "Metadata": null
        }
      ],
      "Attributes": null
    }
  ],
  "ServiceConfig": null,
  "Attributes": null
}
[34m2026-08-11 12:41:45.818 WIB 0008 INFO[0m [grpc] [34;1mAddTraceEvent[0m -> [core] [Channel #1]Channel Connectivity change to CONNECTING
[34m2026-08-11 12:41:45.818 WIB 0009 INFO[0m [grpc] [34;1mAddTraceEvent[0m -> [core] [Channel #1 SubChannel #2]Subchannel created
[34m2026-08-11 12:41:45.818 WIB 000a INFO[0m [grpc] [34;1mAddTraceEvent[0m -> [core] [Channel #1]Channel exiting idle mode
[34m2026-08-11 12:41:45.818 WIB 000b INFO[0m [grpc] [34;1mAddTraceEvent[0m -> [core] [Channel #1 SubChannel #2]Subchannel Connectivity change to CONNECTING
[34m2026-08-11 12:41:45.819 WIB 000c INFO[0m [grpc] [34;1mAddTraceEvent[0m -> [core] [Channel #1 SubChannel #2]Subchannel picks a new address "localhost:12051" to connect
[34m2026-08-11 12:41:45.821 WIB 000d INFO[0m [grpc] [34;1mAddTraceEvent[0m -> [core] [Channel #1 SubChannel #2]Subchannel Connectivity change to READY
[34m2026-08-11 12:41:45.821 WIB 000e INFO[0m [grpc] [34;1mInfof[0m -> [pick-first-leaf-lb] [pick-first-leaf-lb 0x29716e38a630] SubConn 0x29716e2d1630 reported connectivity state READY and the health listener is disabled. Transitioning SubConn to READY.
[34m2026-08-11 12:41:45.821 WIB 000f INFO[0m [grpc] [34;1mAddTraceEvent[0m -> [core] [Channel #1]Channel Connectivity change to READY
[34m2026-08-11 12:41:45.822 WIB 0010 INFO[0m [grpc] [34;1mInfof[0m -> [core] original dial target is: "localhost:12051"
[34m2026-08-11 12:41:45.822 WIB 0011 INFO[0m [grpc] [34;1mAddTraceEvent[0m -> [core] [Channel #4]Channel created
[34m2026-08-11 12:41:45.822 WIB 0012 INFO[0m [grpc] [34;1mAddTraceEvent[0m -> [core] [Channel #4]parsed dial target is: resolver.Target{URL:url.URL{Scheme:"passthrough", Opaque:"", User:(*url.Userinfo)(nil), Host:"", Path:"/localhost:12051", Fragment:"", RawQuery:"", RawPath:"", RawFragment:"", ForceQuery:false, OmitHost:false}}
[34m2026-08-11 12:41:45.822 WIB 0013 INFO[0m [grpc] [34;1mAddTraceEvent[0m -> [core] [Channel #4]Channel authority set to "localhost:12051"
[34m2026-08-11 12:41:45.822 WIB 0014 INFO[0m [grpc] [34;1mAddTraceEvent[0m -> [core] [Channel #4]Resolver state updated: {
  "Addresses": [
    {
      "Addr": "localhost:12051",
      "ServerName": "",
      "Attributes": null,
      "BalancerAttributes": null,
      "Metadata": null
    }
  ],
  "Endpoints": [
    {
      "Addresses": [
        {
          "Addr": "localhost:12051",
          "ServerName": "",
          "Attributes": null,
          "BalancerAttributes": null,
          "Metadata": null
        }
      ],
      "Attributes": null
    }
  ],
  "ServiceConfig": null,
  "Attributes": null
} (resolver returned new addresses)
[34m2026-08-11 12:41:45.822 WIB 0015 INFO[0m [grpc] [34;1mAddTraceEvent[0m -> [core] [Channel #4]Channel switches to new LB policy "pick_first"
[34m2026-08-11 12:41:45.822 WIB 0016 INFO[0m [grpc] [34;1mInfof[0m -> [pick-first-leaf-lb] [pick-first-leaf-lb 0x29716e540ab0] Received new config {
  "shuffleAddressList": false
}, resolver state {
  "Addresses": [
    {
      "Addr": "localhost:12051",
      "ServerName": "",
      "Attributes": null,
      "BalancerAttributes": null,
      "Metadata": null
    }
  ],
  "Endpoints": [
    {
      "Addresses": [
        {
          "Addr": "localhost:12051",
          "ServerName": "",
          "Attributes": null,
          "BalancerAttributes": null,
          "Metadata": null
        }
      ],
      "Attributes": null
    }
  ],
  "ServiceConfig": null,
  "Attributes": null
}
[34m2026-08-11 12:41:45.822 WIB 0017 INFO[0m [grpc] [34;1mAddTraceEvent[0m -> [core] [Channel #4]Channel Connectivity change to CONNECTING
[34m2026-08-11 12:41:45.822 WIB 0018 INFO[0m [grpc] [34;1mAddTraceEvent[0m -> [core] [Channel #4 SubChannel #5]Subchannel created
[34m2026-08-11 12:41:45.822 WIB 0019 INFO[0m [grpc] [34;1mAddTraceEvent[0m -> [core] [Channel #4]Channel exiting idle mode
[34m2026-08-11 12:41:45.822 WIB 001a INFO[0m [grpc] [34;1mAddTraceEvent[0m -> [core] [Channel #4 SubChannel #5]Subchannel Connectivity change to CONNECTING
[34m2026-08-11 12:41:45.822 WIB 001b INFO[0m [grpc] [34;1mAddTraceEvent[0m -> [core] [Channel #4 SubChannel #5]Subchannel picks a new address "localhost:12051" to connect
[34m2026-08-11 12:41:45.824 WIB 001c INFO[0m [grpc] [34;1mAddTraceEvent[0m -> [core] [Channel #4 SubChannel #5]Subchannel Connectivity change to READY
[34m2026-08-11 12:41:45.824 WIB 001d INFO[0m [grpc] [34;1mInfof[0m -> [pick-first-leaf-lb] [pick-first-leaf-lb 0x29716e540ab0] SubConn 0x29716e5920a0 reported connectivity state READY and the health listener is disabled. Transitioning SubConn to READY.
[34m2026-08-11 12:41:45.824 WIB 001e INFO[0m [grpc] [34;1mAddTraceEvent[0m -> [core] [Channel #4]Channel Connectivity change to READY
[33m2026-08-11 12:41:45.824 WIB 001f WARN[0m [grpc] [33;1mWarningf[0m -> [core] Adjusting keepalive ping interval to minimum period of 10s
[34m2026-08-11 12:41:45.824 WIB 0020 INFO[0m [grpc] [34;1mInfof[0m -> [core] original dial target is: "localhost:7050"
[34m2026-08-11 12:41:45.824 WIB 0021 INFO[0m [grpc] [34;1mAddTraceEvent[0m -> [core] [Channel #7]Channel created
[34m2026-08-11 12:41:45.824 WIB 0022 INFO[0m [grpc] [34;1mAddTraceEvent[0m -> [core] [Channel #7]parsed dial target is: resolver.Target{URL:url.URL{Scheme:"passthrough", Opaque:"", User:(*url.Userinfo)(nil), Host:"", Path:"/localhost:7050", Fragment:"", RawQuery:"", RawPath:"", RawFragment:"", ForceQuery:false, OmitHost:false}}
[34m2026-08-11 12:41:45.824 WIB 0023 INFO[0m [grpc] [34;1mAddTraceEvent[0m -> [core] [Channel #7]Channel authority set to "orderer.paynet"
[34m2026-08-11 12:41:45.825 WIB 0024 INFO[0m [grpc] [34;1mAddTraceEvent[0m -> [core] [Channel #7]Resolver state updated: {
  "Addresses": [
    {
      "Addr": "localhost:7050",
      "ServerName": "",
      "Attributes": null,
      "BalancerAttributes": null,
      "Metadata": null
    }
  ],
  "Endpoints": [
    {
      "Addresses": [
        {
          "Addr": "localhost:7050",
          "ServerName": "",
          "Attributes": null,
          "BalancerAttributes": null,
          "Metadata": null
        }
      ],
      "Attributes": null
    }
  ],
  "ServiceConfig": null,
  "Attributes": null
} (resolver returned new addresses)
[34m2026-08-11 12:41:45.825 WIB 0025 INFO[0m [grpc] [34;1mAddTraceEvent[0m -> [core] [Channel #7]Channel switches to new LB policy "pick_first"
[34m2026-08-11 12:41:45.825 WIB 0026 INFO[0m [grpc] [34;1mInfof[0m -> [pick-first-leaf-lb] [pick-first-leaf-lb 0x29716e596240] Received new config {
  "shuffleAddressList": false
}, resolver state {
  "Addresses": [
    {
      "Addr": "localhost:7050",
      "ServerName": "",
      "Attributes": null,
      "BalancerAttributes": null,
      "Metadata": null
    }
  ],
  "Endpoints": [
    {
      "Addresses": [
        {
          "Addr": "localhost:7050",
          "ServerName": "",
          "Attributes": null,
          "BalancerAttributes": null,
          "Metadata": null
        }
      ],
      "Attributes": null
    }
  ],
  "ServiceConfig": null,
  "Attributes": null
}
[34m2026-08-11 12:41:45.825 WIB 0027 INFO[0m [grpc] [34;1mAddTraceEvent[0m -> [core] [Channel #7]Channel Connectivity change to CONNECTING
[34m2026-08-11 12:41:45.825 WIB 0028 INFO[0m [grpc] [34;1mAddTraceEvent[0m -> [core] [Channel #7 SubChannel #8]Subchannel created
[34m2026-08-11 12:41:45.825 WIB 0029 INFO[0m [grpc] [34;1mAddTraceEvent[0m -> [core] [Channel #7]Channel exiting idle mode
[34m2026-08-11 12:41:45.825 WIB 002a INFO[0m [grpc] [34;1mAddTraceEvent[0m -> [core] [Channel #7 SubChannel #8]Subchannel Connectivity change to CONNECTING
[34m2026-08-11 12:41:45.825 WIB 002b INFO[0m [grpc] [34;1mAddTraceEvent[0m -> [core] [Channel #7 SubChannel #8]Subchannel picks a new address "localhost:7050" to connect
[34m2026-08-11 12:41:45.827 WIB 002c INFO[0m [grpc] [34;1mAddTraceEvent[0m -> [core] [Channel #7 SubChannel #8]Subchannel Connectivity change to READY
[34m2026-08-11 12:41:45.827 WIB 002d INFO[0m [grpc] [34;1mInfof[0m -> [pick-first-leaf-lb] [pick-first-leaf-lb 0x29716e596240] SubConn 0x29716e592410 reported connectivity state READY and the health listener is disabled. Transitioning SubConn to READY.
[34m2026-08-11 12:41:45.827 WIB 002e INFO[0m [grpc] [34;1mAddTraceEvent[0m -> [core] [Channel #7]Channel Connectivity change to READY
[34m2026-08-11 12:41:47.971 WIB 002f INFO[0m [chaincodeCmd] [34;1mClientWait[0m -> txid [cb1fe42acb48739d97b1205163ed64cc6ac46187c447161510d0c644196d1f57] committed with status (VALID) at localhost:12051
[34m2026-08-11 12:41:48.077 WIB 0001 INFO[0m [grpc] [34;1mInfof[0m -> [core] original dial target is: "localhost:13051"
[34m2026-08-11 12:41:48.077 WIB 0002 INFO[0m [grpc] [34;1mAddTraceEvent[0m -> [core] [Channel #1]Channel created
[34m2026-08-11 12:41:48.078 WIB 0003 INFO[0m [grpc] [34;1mAddTraceEvent[0m -> [core] [Channel #1]parsed dial target is: resolver.Target{URL:url.URL{Scheme:"passthrough", Opaque:"", User:(*url.Userinfo)(nil), Host:"", Path:"/localhost:13051", Fragment:"", RawQuery:"", RawPath:"", RawFragment:"", ForceQuery:false, OmitHost:false}}
[34m2026-08-11 12:41:48.078 WIB 0004 INFO[0m [grpc] [34;1mAddTraceEvent[0m -> [core] [Channel #1]Channel authority set to "localhost:13051"
[34m2026-08-11 12:41:48.078 WIB 0005 INFO[0m [grpc] [34;1mAddTraceEvent[0m -> [core] [Channel #1]Resolver state updated: {
  "Addresses": [
    {
      "Addr": "localhost:13051",
      "ServerName": "",
      "Attributes": null,
      "BalancerAttributes": null,
      "Metadata": null
    }
  ],
  "Endpoints": [
    {
      "Addresses": [
        {
          "Addr": "localhost:13051",
          "ServerName": "",
          "Attributes": null,
          "BalancerAttributes": null,
          "Metadata": null
        }
      ],
      "Attributes": null
    }
  ],
  "ServiceConfig": null,
  "Attributes": null
} (resolver returned new addresses)
[34m2026-08-11 12:41:48.078 WIB 0006 INFO[0m [grpc] [34;1mAddTraceEvent[0m -> [core] [Channel #1]Channel switches to new LB policy "pick_first"
[34m2026-08-11 12:41:48.078 WIB 0007 INFO[0m [grpc] [34;1mInfof[0m -> [pick-first-leaf-lb] [pick-first-leaf-lb 0x1e9edeb665a0] Received new config {
  "shuffleAddressList": false
}, resolver state {
  "Addresses": [
    {
      "Addr": "localhost:13051",
      "ServerName": "",
      "Attributes": null,
      "BalancerAttributes": null,
      "Metadata": null
    }
  ],
  "Endpoints": [
    {
      "Addresses": [
        {
          "Addr": "localhost:13051",
          "ServerName": "",
          "Attributes": null,
          "BalancerAttributes": null,
          "Metadata": null
        }
      ],
      "Attributes": null
    }
  ],
  "ServiceConfig": null,
  "Attributes": null
}
[34m2026-08-11 12:41:48.078 WIB 0008 INFO[0m [grpc] [34;1mAddTraceEvent[0m -> [core] [Channel #1]Channel Connectivity change to CONNECTING
[34m2026-08-11 12:41:48.078 WIB 0009 INFO[0m [grpc] [34;1mAddTraceEvent[0m -> [core] [Channel #1 SubChannel #2]Subchannel created
[34m2026-08-11 12:41:48.078 WIB 000a INFO[0m [grpc] [34;1mAddTraceEvent[0m -> [core] [Channel #1]Channel exiting idle mode
[34m2026-08-11 12:41:48.078 WIB 000b INFO[0m [grpc] [34;1mAddTraceEvent[0m -> [core] [Channel #1 SubChannel #2]Subchannel Connectivity change to CONNECTING
[34m2026-08-11 12:41:48.078 WIB 000c INFO[0m [grpc] [34;1mAddTraceEvent[0m -> [core] [Channel #1 SubChannel #2]Subchannel picks a new address "localhost:13051" to connect
[34m2026-08-11 12:41:48.081 WIB 000d INFO[0m [grpc] [34;1mAddTraceEvent[0m -> [core] [Channel #1 SubChannel #2]Subchannel Connectivity change to READY
[34m2026-08-11 12:41:48.081 WIB 000e INFO[0m [grpc] [34;1mInfof[0m -> [pick-first-leaf-lb] [pick-first-leaf-lb 0x1e9edeb665a0] SubConn 0x1e9edecc8000 reported connectivity state READY and the health listener is disabled. Transitioning SubConn to READY.
[34m2026-08-11 12:41:48.081 WIB 000f INFO[0m [grpc] [34;1mAddTraceEvent[0m -> [core] [Channel #1]Channel Connectivity change to READY
[34m2026-08-11 12:41:48.082 WIB 0010 INFO[0m [grpc] [34;1mInfof[0m -> [core] original dial target is: "localhost:13051"
[34m2026-08-11 12:41:48.082 WIB 0011 INFO[0m [grpc] [34;1mAddTraceEvent[0m -> [core] [Channel #4]Channel created
[34m2026-08-11 12:41:48.082 WIB 0012 INFO[0m [grpc] [34;1mAddTraceEvent[0m -> [core] [Channel #4]parsed dial target is: resolver.Target{URL:url.URL{Scheme:"passthrough", Opaque:"", User:(*url.Userinfo)(nil), Host:"", Path:"/localhost:13051", Fragment:"", RawQuery:"", RawPath:"", RawFragment:"", ForceQuery:false, OmitHost:false}}
[34m2026-08-11 12:41:48.082 WIB 0013 INFO[0m [grpc] [34;1mAddTraceEvent[0m -> [core] [Channel #4]Channel authority set to "localhost:13051"
[34m2026-08-11 12:41:48.082 WIB 0014 INFO[0m [grpc] [34;1mAddTraceEvent[0m -> [core] [Channel #4]Resolver state updated: {
  "Addresses": [
    {
      "Addr": "localhost:13051",
      "ServerName": "",
      "Attributes": null,
      "BalancerAttributes": null,
      "Metadata": null
    }
  ],
  "Endpoints": [
    {
      "Addresses": [
        {
          "Addr": "localhost:13051",
          "ServerName": "",
          "Attributes": null,
          "BalancerAttributes": null,
          "Metadata": null
        }
      ],
      "Attributes": null
    }
  ],
  "ServiceConfig": null,
  "Attributes": null
} (resolver returned new addresses)
[34m2026-08-11 12:41:48.082 WIB 0015 INFO[0m [grpc] [34;1mAddTraceEvent[0m -> [core] [Channel #4]Channel switches to new LB policy "pick_first"
[34m2026-08-11 12:41:48.082 WIB 0016 INFO[0m [grpc] [34;1mInfof[0m -> [pick-first-leaf-lb] [pick-first-leaf-lb 0x1e9edeb666c0] Received new config {
  "shuffleAddressList": false
}, resolver state {
  "Addresses": [
    {
      "Addr": "localhost:13051",
      "ServerName": "",
      "Attributes": null,
      "BalancerAttributes": null,
      "Metadata": null
    }
  ],
  "Endpoints": [
    {
      "Addresses": [
        {
          "Addr": "localhost:13051",
          "ServerName": "",
          "Attributes": null,
          "BalancerAttributes": null,
          "Metadata": null
        }
      ],
      "Attributes": null
    }
  ],
  "ServiceConfig": null,
  "Attributes": null
}
[34m2026-08-11 12:41:48.082 WIB 0017 INFO[0m [grpc] [34;1mAddTraceEvent[0m -> [core] [Channel #4]Channel Connectivity change to CONNECTING
[34m2026-08-11 12:41:48.082 WIB 0018 INFO[0m [grpc] [34;1mAddTraceEvent[0m -> [core] [Channel #4 SubChannel #5]Subchannel created
[34m2026-08-11 12:41:48.082 WIB 0019 INFO[0m [grpc] [34;1mAddTraceEvent[0m -> [core] [Channel #4]Channel exiting idle mode
[34m2026-08-11 12:41:48.082 WIB 001a INFO[0m [grpc] [34;1mAddTraceEvent[0m -> [core] [Channel #4 SubChannel #5]Subchannel Connectivity change to CONNECTING
[34m2026-08-11 12:41:48.082 WIB 001b INFO[0m [grpc] [34;1mAddTraceEvent[0m -> [core] [Channel #4 SubChannel #5]Subchannel picks a new address "localhost:13051" to connect
[34m2026-08-11 12:41:48.085 WIB 001c INFO[0m [grpc] [34;1mAddTraceEvent[0m -> [core] [Channel #4 SubChannel #5]Subchannel Connectivity change to READY
[34m2026-08-11 12:41:48.085 WIB 001d INFO[0m [grpc] [34;1mInfof[0m -> [pick-first-leaf-lb] [pick-first-leaf-lb 0x1e9edeb666c0] SubConn 0x1e9edec65360 reported connectivity state READY and the health listener is disabled. Transitioning SubConn to READY.
[34m2026-08-11 12:41:48.086 WIB 001e INFO[0m [grpc] [34;1mAddTraceEvent[0m -> [core] [Channel #4]Channel Connectivity change to READY
[33m2026-08-11 12:41:48.086 WIB 001f WARN[0m [grpc] [33;1mWarningf[0m -> [core] Adjusting keepalive ping interval to minimum period of 10s
[34m2026-08-11 12:41:48.086 WIB 0020 INFO[0m [grpc] [34;1mInfof[0m -> [core] original dial target is: "localhost:7050"
[34m2026-08-11 12:41:48.086 WIB 0021 INFO[0m [grpc] [34;1mAddTraceEvent[0m -> [core] [Channel #7]Channel created
[34m2026-08-11 12:41:48.086 WIB 0022 INFO[0m [grpc] [34;1mAddTraceEvent[0m -> [core] [Channel #7]parsed dial target is: resolver.Target{URL:url.URL{Scheme:"passthrough", Opaque:"", User:(*url.Userinfo)(nil), Host:"", Path:"/localhost:7050", Fragment:"", RawQuery:"", RawPath:"", RawFragment:"", ForceQuery:false, OmitHost:false}}
[34m2026-08-11 12:41:48.086 WIB 0023 INFO[0m [grpc] [34;1mAddTraceEvent[0m -> [core] [Channel #7]Channel authority set to "orderer.paynet"
[34m2026-08-11 12:41:48.086 WIB 0024 INFO[0m [grpc] [34;1mAddTraceEvent[0m -> [core] [Channel #7]Resolver state updated: {
  "Addresses": [
    {
      "Addr": "localhost:7050",
      "ServerName": "",
      "Attributes": null,
      "BalancerAttributes": null,
      "Metadata": null
    }
  ],
  "Endpoints": [
    {
      "Addresses": [
        {
          "Addr": "localhost:7050",
          "ServerName": "",
          "Attributes": null,
          "BalancerAttributes": null,
          "Metadata": null
        }
      ],
      "Attributes": null
    }
  ],
  "ServiceConfig": null,
  "Attributes": null
} (resolver returned new addresses)
[34m2026-08-11 12:41:48.086 WIB 0025 INFO[0m [grpc] [34;1mAddTraceEvent[0m -> [core] [Channel #7]Channel switches to new LB policy "pick_first"
[34m2026-08-11 12:41:48.086 WIB 0026 INFO[0m [grpc] [34;1mInfof[0m -> [pick-first-leaf-lb] [pick-first-leaf-lb 0x1e9edeb66ab0] Received new config {
  "shuffleAddressList": false
}, resolver state {
  "Addresses": [
    {
      "Addr": "localhost:7050",
      "ServerName": "",
      "Attributes": null,
      "BalancerAttributes": null,
      "Metadata": null
    }
  ],
  "Endpoints": [
    {
      "Addresses": [
        {
          "Addr": "localhost:7050",
          "ServerName": "",
          "Attributes": null,
          "BalancerAttributes": null,
          "Metadata": null
        }
      ],
      "Attributes": null
    }
  ],
  "ServiceConfig": null,
  "Attributes": null
}
[34m2026-08-11 12:41:48.086 WIB 0027 INFO[0m [grpc] [34;1mAddTraceEvent[0m -> [core] [Channel #7]Channel Connectivity change to CONNECTING
[34m2026-08-11 12:41:48.086 WIB 0028 INFO[0m [grpc] [34;1mAddTraceEvent[0m -> [core] [Channel #7 SubChannel #8]Subchannel created
[34m2026-08-11 12:41:48.086 WIB 0029 INFO[0m [grpc] [34;1mAddTraceEvent[0m -> [core] [Channel #7]Channel exiting idle mode
[34m2026-08-11 12:41:48.086 WIB 002a INFO[0m [grpc] [34;1mAddTraceEvent[0m -> [core] [Channel #7 SubChannel #8]Subchannel Connectivity change to CONNECTING
[34m2026-08-11 12:41:48.086 WIB 002b INFO[0m [grpc] [34;1mAddTraceEvent[0m -> [core] [Channel #7 SubChannel #8]Subchannel picks a new address "localhost:7050" to connect
[34m2026-08-11 12:41:48.089 WIB 002c INFO[0m [grpc] [34;1mAddTraceEvent[0m -> [core] [Channel #7 SubChannel #8]Subchannel Connectivity change to READY
[34m2026-08-11 12:41:48.089 WIB 002d INFO[0m [grpc] [34;1mInfof[0m -> [pick-first-leaf-lb] [pick-first-leaf-lb 0x1e9edeb66ab0] SubConn 0x1e9ede937220 reported connectivity state READY and the health listener is disabled. Transitioning SubConn to READY.
[34m2026-08-11 12:41:48.089 WIB 002e INFO[0m [grpc] [34;1mAddTraceEvent[0m -> [core] [Channel #7]Channel Connectivity change to READY
[34m2026-08-11 12:41:50.215 WIB 002f INFO[0m [chaincodeCmd] [34;1mClientWait[0m -> txid [9c49cd173c7d8e868c3a2f44dc9f7b43d69a6cc7149f755c2942e2b0c43b9556] committed with status (VALID) at localhost:13051
Committing chaincode...
[34m2026-08-11 12:41:50.280 WIB 0001 INFO[0m [grpc] [34;1mInfof[0m -> [core] original dial target is: "localhost:7051"
[34m2026-08-11 12:41:50.280 WIB 0002 INFO[0m [grpc] [34;1mAddTraceEvent[0m -> [core] [Channel #1]Channel created
[34m2026-08-11 12:41:50.280 WIB 0003 INFO[0m [grpc] [34;1mAddTraceEvent[0m -> [core] [Channel #1]parsed dial target is: resolver.Target{URL:url.URL{Scheme:"passthrough", Opaque:"", User:(*url.Userinfo)(nil), Host:"", Path:"/localhost:7051", Fragment:"", RawQuery:"", RawPath:"", RawFragment:"", ForceQuery:false, OmitHost:false}}
[34m2026-08-11 12:41:50.280 WIB 0004 INFO[0m [grpc] [34;1mAddTraceEvent[0m -> [core] [Channel #1]Channel authority set to "localhost:7051"
[34m2026-08-11 12:41:50.280 WIB 0005 INFO[0m [grpc] [34;1mAddTraceEvent[0m -> [core] [Channel #1]Resolver state updated: {
  "Addresses": [
    {
      "Addr": "localhost:7051",
      "ServerName": "",
      "Attributes": null,
      "BalancerAttributes": null,
      "Metadata": null
    }
  ],
  "Endpoints": [
    {
      "Addresses": [
        {
          "Addr": "localhost:7051",
          "ServerName": "",
          "Attributes": null,
          "BalancerAttributes": null,
          "Metadata": null
        }
      ],
      "Attributes": null
    }
  ],
  "ServiceConfig": null,
  "Attributes": null
} (resolver returned new addresses)
[34m2026-08-11 12:41:50.280 WIB 0006 INFO[0m [grpc] [34;1mAddTraceEvent[0m -> [core] [Channel #1]Channel switches to new LB policy "pick_first"
[34m2026-08-11 12:41:50.280 WIB 0007 INFO[0m [grpc] [34;1mInfof[0m -> [pick-first-leaf-lb] [pick-first-leaf-lb 0x131fd31ea750] Received new config {
  "shuffleAddressList": false
}, resolver state {
  "Addresses": [
    {
      "Addr": "localhost:7051",
      "ServerName": "",
      "Attributes": null,
      "BalancerAttributes": null,
      "Metadata": null
    }
  ],
  "Endpoints": [
    {
      "Addresses": [
        {
          "Addr": "localhost:7051",
          "ServerName": "",
          "Attributes": null,
          "BalancerAttributes": null,
          "Metadata": null
        }
      ],
      "Attributes": null
    }
  ],
  "ServiceConfig": null,
  "Attributes": null
}
[34m2026-08-11 12:41:50.280 WIB 0008 INFO[0m [grpc] [34;1mAddTraceEvent[0m -> [core] [Channel #1]Channel Connectivity change to CONNECTING
[34m2026-08-11 12:41:50.280 WIB 0009 INFO[0m [grpc] [34;1mAddTraceEvent[0m -> [core] [Channel #1 SubChannel #2]Subchannel created
[34m2026-08-11 12:41:50.280 WIB 000a INFO[0m [grpc] [34;1mAddTraceEvent[0m -> [core] [Channel #1]Channel exiting idle mode
[34m2026-08-11 12:41:50.280 WIB 000b INFO[0m [grpc] [34;1mAddTraceEvent[0m -> [core] [Channel #1 SubChannel #2]Subchannel Connectivity change to CONNECTING
[34m2026-08-11 12:41:50.280 WIB 000c INFO[0m [grpc] [34;1mAddTraceEvent[0m -> [core] [Channel #1 SubChannel #2]Subchannel picks a new address "localhost:7051" to connect
[34m2026-08-11 12:41:50.283 WIB 000d INFO[0m [grpc] [34;1mAddTraceEvent[0m -> [core] [Channel #1 SubChannel #2]Subchannel Connectivity change to READY
[34m2026-08-11 12:41:50.283 WIB 000e INFO[0m [grpc] [34;1mInfof[0m -> [pick-first-leaf-lb] [pick-first-leaf-lb 0x131fd31ea750] SubConn 0x131fd32faf00 reported connectivity state READY and the health listener is disabled. Transitioning SubConn to READY.
[34m2026-08-11 12:41:50.283 WIB 000f INFO[0m [grpc] [34;1mAddTraceEvent[0m -> [core] [Channel #1]Channel Connectivity change to READY
[34m2026-08-11 12:41:50.283 WIB 0010 INFO[0m [grpc] [34;1mInfof[0m -> [core] original dial target is: "localhost:7051"
[34m2026-08-11 12:41:50.283 WIB 0011 INFO[0m [grpc] [34;1mAddTraceEvent[0m -> [core] [Channel #4]Channel created
[34m2026-08-11 12:41:50.283 WIB 0012 INFO[0m [grpc] [34;1mAddTraceEvent[0m -> [core] [Channel #4]parsed dial target is: resolver.Target{URL:url.URL{Scheme:"passthrough", Opaque:"", User:(*url.Userinfo)(nil), Host:"", Path:"/localhost:7051", Fragment:"", RawQuery:"", RawPath:"", RawFragment:"", ForceQuery:false, OmitHost:false}}
[34m2026-08-11 12:41:50.283 WIB 0013 INFO[0m [grpc] [34;1mAddTraceEvent[0m -> [core] [Channel #4]Channel authority set to "localhost:7051"
[34m2026-08-11 12:41:50.283 WIB 0014 INFO[0m [grpc] [34;1mAddTraceEvent[0m -> [core] [Channel #4]Resolver state updated: {
  "Addresses": [
    {
      "Addr": "localhost:7051",
      "ServerName": "",
      "Attributes": null,
      "BalancerAttributes": null,
      "Metadata": null
    }
  ],
  "Endpoints": [
    {
      "Addresses": [
        {
          "Addr": "localhost:7051",
          "ServerName": "",
          "Attributes": null,
          "BalancerAttributes": null,
          "Metadata": null
        }
      ],
      "Attributes": null
    }
  ],
  "ServiceConfig": null,
  "Attributes": null
} (resolver returned new addresses)
[34m2026-08-11 12:41:50.284 WIB 0015 INFO[0m [grpc] [34;1mAddTraceEvent[0m -> [core] [Channel #4]Channel switches to new LB policy "pick_first"
[34m2026-08-11 12:41:50.284 WIB 0016 INFO[0m [grpc] [34;1mInfof[0m -> [pick-first-leaf-lb] [pick-first-leaf-lb 0x131fd3640090] Received new config {
  "shuffleAddressList": false
}, resolver state {
  "Addresses": [
    {
      "Addr": "localhost:7051",
      "ServerName": "",
      "Attributes": null,
      "BalancerAttributes": null,
      "Metadata": null
    }
  ],
  "Endpoints": [
    {
      "Addresses": [
        {
          "Addr": "localhost:7051",
          "ServerName": "",
          "Attributes": null,
          "BalancerAttributes": null,
          "Metadata": null
        }
      ],
      "Attributes": null
    }
  ],
  "ServiceConfig": null,
  "Attributes": null
}
[34m2026-08-11 12:41:50.284 WIB 0017 INFO[0m [grpc] [34;1mAddTraceEvent[0m -> [core] [Channel #4]Channel Connectivity change to CONNECTING
[34m2026-08-11 12:41:50.284 WIB 0018 INFO[0m [grpc] [34;1mAddTraceEvent[0m -> [core] [Channel #4 SubChannel #5]Subchannel created
[34m2026-08-11 12:41:50.284 WIB 0019 INFO[0m [grpc] [34;1mAddTraceEvent[0m -> [core] [Channel #4]Channel exiting idle mode
[34m2026-08-11 12:41:50.284 WIB 001a INFO[0m [grpc] [34;1mAddTraceEvent[0m -> [core] [Channel #4 SubChannel #5]Subchannel Connectivity change to CONNECTING
[34m2026-08-11 12:41:50.284 WIB 001b INFO[0m [grpc] [34;1mAddTraceEvent[0m -> [core] [Channel #4 SubChannel #5]Subchannel picks a new address "localhost:7051" to connect
[34m2026-08-11 12:41:50.287 WIB 001c INFO[0m [grpc] [34;1mAddTraceEvent[0m -> [core] [Channel #4 SubChannel #5]Subchannel Connectivity change to READY
[34m2026-08-11 12:41:50.287 WIB 001d INFO[0m [grpc] [34;1mInfof[0m -> [pick-first-leaf-lb] [pick-first-leaf-lb 0x131fd3640090] SubConn 0x131fd35c65a0 reported connectivity state READY and the health listener is disabled. Transitioning SubConn to READY.
[34m2026-08-11 12:41:50.287 WIB 001e INFO[0m [grpc] [34;1mAddTraceEvent[0m -> [core] [Channel #4]Channel Connectivity change to READY
[34m2026-08-11 12:41:50.287 WIB 001f INFO[0m [grpc] [34;1mInfof[0m -> [core] original dial target is: "localhost:9051"
[34m2026-08-11 12:41:50.287 WIB 0020 INFO[0m [grpc] [34;1mAddTraceEvent[0m -> [core] [Channel #7]Channel created
[34m2026-08-11 12:41:50.287 WIB 0021 INFO[0m [grpc] [34;1mAddTraceEvent[0m -> [core] [Channel #7]parsed dial target is: resolver.Target{URL:url.URL{Scheme:"passthrough", Opaque:"", User:(*url.Userinfo)(nil), Host:"", Path:"/localhost:9051", Fragment:"", RawQuery:"", RawPath:"", RawFragment:"", ForceQuery:false, OmitHost:false}}
[34m2026-08-11 12:41:50.287 WIB 0022 INFO[0m [grpc] [34;1mAddTraceEvent[0m -> [core] [Channel #7]Channel authority set to "localhost:9051"
[34m2026-08-11 12:41:50.287 WIB 0023 INFO[0m [grpc] [34;1mAddTraceEvent[0m -> [core] [Channel #7]Resolver state updated: {
  "Addresses": [
    {
      "Addr": "localhost:9051",
      "ServerName": "",
      "Attributes": null,
      "BalancerAttributes": null,
      "Metadata": null
    }
  ],
  "Endpoints": [
    {
      "Addresses": [
        {
          "Addr": "localhost:9051",
          "ServerName": "",
          "Attributes": null,
          "BalancerAttributes": null,
          "Metadata": null
        }
      ],
      "Attributes": null
    }
  ],
  "ServiceConfig": null,
  "Attributes": null
} (resolver returned new addresses)
[34m2026-08-11 12:41:50.287 WIB 0024 INFO[0m [grpc] [34;1mAddTraceEvent[0m -> [core] [Channel #7]Channel switches to new LB policy "pick_first"
[34m2026-08-11 12:41:50.287 WIB 0025 INFO[0m [grpc] [34;1mInfof[0m -> [pick-first-leaf-lb] [pick-first-leaf-lb 0x131fd36401b0] Received new config {
  "shuffleAddressList": false
}, resolver state {
  "Addresses": [
    {
      "Addr": "localhost:9051",
      "ServerName": "",
      "Attributes": null,
      "BalancerAttributes": null,
      "Metadata": null
    }
  ],
  "Endpoints": [
    {
      "Addresses": [
        {
          "Addr": "localhost:9051",
          "ServerName": "",
          "Attributes": null,
          "BalancerAttributes": null,
          "Metadata": null
        }
      ],
      "Attributes": null
    }
  ],
  "ServiceConfig": null,
  "Attributes": null
}
[34m2026-08-11 12:41:50.287 WIB 0026 INFO[0m [grpc] [34;1mAddTraceEvent[0m -> [core] [Channel #7]Channel Connectivity change to CONNECTING
[34m2026-08-11 12:41:50.287 WIB 0027 INFO[0m [grpc] [34;1mAddTraceEvent[0m -> [core] [Channel #7 SubChannel #8]Subchannel created
[34m2026-08-11 12:41:50.287 WIB 0028 INFO[0m [grpc] [34;1mAddTraceEvent[0m -> [core] [Channel #7]Channel exiting idle mode
[34m2026-08-11 12:41:50.287 WIB 0029 INFO[0m [grpc] [34;1mAddTraceEvent[0m -> [core] [Channel #7 SubChannel #8]Subchannel Connectivity change to CONNECTING
[34m2026-08-11 12:41:50.287 WIB 002a INFO[0m [grpc] [34;1mAddTraceEvent[0m -> [core] [Channel #7 SubChannel #8]Subchannel picks a new address "localhost:9051" to connect
[34m2026-08-11 12:41:50.290 WIB 002b INFO[0m [grpc] [34;1mAddTraceEvent[0m -> [core] [Channel #7 SubChannel #8]Subchannel Connectivity change to READY
[34m2026-08-11 12:41:50.290 WIB 002c INFO[0m [grpc] [34;1mInfof[0m -> [pick-first-leaf-lb] [pick-first-leaf-lb 0x131fd36401b0] SubConn 0x131fd35c60f0 reported connectivity state READY and the health listener is disabled. Transitioning SubConn to READY.
[34m2026-08-11 12:41:50.290 WIB 002d INFO[0m [grpc] [34;1mAddTraceEvent[0m -> [core] [Channel #7]Channel Connectivity change to READY
[34m2026-08-11 12:41:50.290 WIB 002e INFO[0m [grpc] [34;1mInfof[0m -> [core] original dial target is: "localhost:9051"
[34m2026-08-11 12:41:50.290 WIB 002f INFO[0m [grpc] [34;1mAddTraceEvent[0m -> [core] [Channel #10]Channel created
[34m2026-08-11 12:41:50.290 WIB 0030 INFO[0m [grpc] [34;1mAddTraceEvent[0m -> [core] [Channel #10]parsed dial target is: resolver.Target{URL:url.URL{Scheme:"passthrough", Opaque:"", User:(*url.Userinfo)(nil), Host:"", Path:"/localhost:9051", Fragment:"", RawQuery:"", RawPath:"", RawFragment:"", ForceQuery:false, OmitHost:false}}
[34m2026-08-11 12:41:50.290 WIB 0031 INFO[0m [grpc] [34;1mAddTraceEvent[0m -> [core] [Channel #10]Channel authority set to "localhost:9051"
[34m2026-08-11 12:41:50.290 WIB 0032 INFO[0m [grpc] [34;1mAddTraceEvent[0m -> [core] [Channel #10]Resolver state updated: {
  "Addresses": [
    {
      "Addr": "localhost:9051",
      "ServerName": "",
      "Attributes": null,
      "BalancerAttributes": null,
      "Metadata": null
    }
  ],
  "Endpoints": [
    {
      "Addresses": [
        {
          "Addr": "localhost:9051",
          "ServerName": "",
          "Attributes": null,
          "BalancerAttributes": null,
          "Metadata": null
        }
      ],
      "Attributes": null
    }
  ],
  "ServiceConfig": null,
  "Attributes": null
} (resolver returned new addresses)
[34m2026-08-11 12:41:50.290 WIB 0033 INFO[0m [grpc] [34;1mAddTraceEvent[0m -> [core] [Channel #10]Channel switches to new LB policy "pick_first"
[34m2026-08-11 12:41:50.290 WIB 0034 INFO[0m [grpc] [34;1mInfof[0m -> [pick-first-leaf-lb] [pick-first-leaf-lb 0x131fd31ea900] Received new config {
  "shuffleAddressList": false
}, resolver state {
  "Addresses": [
    {
      "Addr": "localhost:9051",
      "ServerName": "",
      "Attributes": null,
      "BalancerAttributes": null,
      "Metadata": null
    }
  ],
  "Endpoints": [
    {
      "Addresses": [
        {
          "Addr": "localhost:9051",
          "ServerName": "",
          "Attributes": null,
          "BalancerAttributes": null,
          "Metadata": null
        }
      ],
      "Attributes": null
    }
  ],
  "ServiceConfig": null,
  "Attributes": null
}
[34m2026-08-11 12:41:50.290 WIB 0035 INFO[0m [grpc] [34;1mAddTraceEvent[0m -> [core] [Channel #10]Channel Connectivity change to CONNECTING
[34m2026-08-11 12:41:50.290 WIB 0036 INFO[0m [grpc] [34;1mAddTraceEvent[0m -> [core] [Channel #10 SubChannel #11]Subchannel created
[34m2026-08-11 12:41:50.290 WIB 0037 INFO[0m [grpc] [34;1mAddTraceEvent[0m -> [core] [Channel #10]Channel exiting idle mode
[34m2026-08-11 12:41:50.290 WIB 0038 INFO[0m [grpc] [34;1mAddTraceEvent[0m -> [core] [Channel #10 SubChannel #11]Subchannel Connectivity change to CONNECTING
[34m2026-08-11 12:41:50.290 WIB 0039 INFO[0m [grpc] [34;1mAddTraceEvent[0m -> [core] [Channel #10 SubChannel #11]Subchannel picks a new address "localhost:9051" to connect
[34m2026-08-11 12:41:50.293 WIB 003a INFO[0m [grpc] [34;1mAddTraceEvent[0m -> [core] [Channel #10 SubChannel #11]Subchannel Connectivity change to READY
[34m2026-08-11 12:41:50.293 WIB 003b INFO[0m [grpc] [34;1mInfof[0m -> [pick-first-leaf-lb] [pick-first-leaf-lb 0x131fd31ea900] SubConn 0x131fd36a6e10 reported connectivity state READY and the health listener is disabled. Transitioning SubConn to READY.
[34m2026-08-11 12:41:50.293 WIB 003c INFO[0m [grpc] [34;1mAddTraceEvent[0m -> [core] [Channel #10]Channel Connectivity change to READY
[34m2026-08-11 12:41:50.293 WIB 003d INFO[0m [grpc] [34;1mInfof[0m -> [core] original dial target is: "localhost:11051"
[34m2026-08-11 12:41:50.293 WIB 003e INFO[0m [grpc] [34;1mAddTraceEvent[0m -> [core] [Channel #13]Channel created
[34m2026-08-11 12:41:50.293 WIB 003f INFO[0m [grpc] [34;1mAddTraceEvent[0m -> [core] [Channel #13]parsed dial target is: resolver.Target{URL:url.URL{Scheme:"passthrough", Opaque:"", User:(*url.Userinfo)(nil), Host:"", Path:"/localhost:11051", Fragment:"", RawQuery:"", RawPath:"", RawFragment:"", ForceQuery:false, OmitHost:false}}
[34m2026-08-11 12:41:50.293 WIB 0040 INFO[0m [grpc] [34;1mAddTraceEvent[0m -> [core] [Channel #13]Channel authority set to "localhost:11051"
[34m2026-08-11 12:41:50.293 WIB 0041 INFO[0m [grpc] [34;1mAddTraceEvent[0m -> [core] [Channel #13]Resolver state updated: {
  "Addresses": [
    {
      "Addr": "localhost:11051",
      "ServerName": "",
      "Attributes": null,
      "BalancerAttributes": null,
      "Metadata": null
    }
  ],
  "Endpoints": [
    {
      "Addresses": [
        {
          "Addr": "localhost:11051",
          "ServerName": "",
          "Attributes": null,
          "BalancerAttributes": null,
          "Metadata": null
        }
      ],
      "Attributes": null
    }
  ],
  "ServiceConfig": null,
  "Attributes": null
} (resolver returned new addresses)
[34m2026-08-11 12:41:50.293 WIB 0042 INFO[0m [grpc] [34;1mAddTraceEvent[0m -> [core] [Channel #13]Channel switches to new LB policy "pick_first"
[34m2026-08-11 12:41:50.293 WIB 0043 INFO[0m [grpc] [34;1mInfof[0m -> [pick-first-leaf-lb] [pick-first-leaf-lb 0x131fd31eacf0] Received new config {
  "shuffleAddressList": false
}, resolver state {
  "Addresses": [
    {
      "Addr": "localhost:11051",
      "ServerName": "",
      "Attributes": null,
      "BalancerAttributes": null,
      "Metadata": null
    }
  ],
  "Endpoints": [
    {
      "Addresses": [
        {
          "Addr": "localhost:11051",
          "ServerName": "",
          "Attributes": null,
          "BalancerAttributes": null,
          "Metadata": null
        }
      ],
      "Attributes": null
    }
  ],
  "ServiceConfig": null,
  "Attributes": null
}
[34m2026-08-11 12:41:50.293 WIB 0044 INFO[0m [grpc] [34;1mAddTraceEvent[0m -> [core] [Channel #13]Channel Connectivity change to CONNECTING
[34m2026-08-11 12:41:50.293 WIB 0045 INFO[0m [grpc] [34;1mAddTraceEvent[0m -> [core] [Channel #13 SubChannel #14]Subchannel created
[34m2026-08-11 12:41:50.293 WIB 0046 INFO[0m [grpc] [34;1mAddTraceEvent[0m -> [core] [Channel #13]Channel exiting idle mode
[34m2026-08-11 12:41:50.293 WIB 0047 INFO[0m [grpc] [34;1mAddTraceEvent[0m -> [core] [Channel #13 SubChannel #14]Subchannel Connectivity change to CONNECTING
[34m2026-08-11 12:41:50.293 WIB 0048 INFO[0m [grpc] [34;1mAddTraceEvent[0m -> [core] [Channel #13 SubChannel #14]Subchannel picks a new address "localhost:11051" to connect
[34m2026-08-11 12:41:50.296 WIB 0049 INFO[0m [grpc] [34;1mAddTraceEvent[0m -> [core] [Channel #13 SubChannel #14]Subchannel Connectivity change to READY
[34m2026-08-11 12:41:50.296 WIB 004a INFO[0m [grpc] [34;1mInfof[0m -> [pick-first-leaf-lb] [pick-first-leaf-lb 0x131fd31eacf0] SubConn 0x131fd36a7180 reported connectivity state READY and the health listener is disabled. Transitioning SubConn to READY.
[34m2026-08-11 12:41:50.296 WIB 004b INFO[0m [grpc] [34;1mAddTraceEvent[0m -> [core] [Channel #13]Channel Connectivity change to READY
[34m2026-08-11 12:41:50.296 WIB 004c INFO[0m [grpc] [34;1mInfof[0m -> [core] original dial target is: "localhost:11051"
[34m2026-08-11 12:41:50.296 WIB 004d INFO[0m [grpc] [34;1mAddTraceEvent[0m -> [core] [Channel #16]Channel created
[34m2026-08-11 12:41:50.296 WIB 004e INFO[0m [grpc] [34;1mAddTraceEvent[0m -> [core] [Channel #16]parsed dial target is: resolver.Target{URL:url.URL{Scheme:"passthrough", Opaque:"", User:(*url.Userinfo)(nil), Host:"", Path:"/localhost:11051", Fragment:"", RawQuery:"", RawPath:"", RawFragment:"", ForceQuery:false, OmitHost:false}}
[34m2026-08-11 12:41:50.296 WIB 004f INFO[0m [grpc] [34;1mAddTraceEvent[0m -> [core] [Channel #16]Channel authority set to "localhost:11051"
[34m2026-08-11 12:41:50.296 WIB 0050 INFO[0m [grpc] [34;1mAddTraceEvent[0m -> [core] [Channel #16]Resolver state updated: {
  "Addresses": [
    {
      "Addr": "localhost:11051",
      "ServerName": "",
      "Attributes": null,
      "BalancerAttributes": null,
      "Metadata": null
    }
  ],
  "Endpoints": [
    {
      "Addresses": [
        {
          "Addr": "localhost:11051",
          "ServerName": "",
          "Attributes": null,
          "BalancerAttributes": null,
          "Metadata": null
        }
      ],
      "Attributes": null
    }
  ],
  "ServiceConfig": null,
  "Attributes": null
} (resolver returned new addresses)
[34m2026-08-11 12:41:50.296 WIB 0051 INFO[0m [grpc] [34;1mAddTraceEvent[0m -> [core] [Channel #16]Channel switches to new LB policy "pick_first"
[34m2026-08-11 12:41:50.296 WIB 0052 INFO[0m [grpc] [34;1mInfof[0m -> [pick-first-leaf-lb] [pick-first-leaf-lb 0x131fd31eb0e0] Received new config {
  "shuffleAddressList": false
}, resolver state {
  "Addresses": [
    {
      "Addr": "localhost:11051",
      "ServerName": "",
      "Attributes": null,
      "BalancerAttributes": null,
      "Metadata": null
    }
  ],
  "Endpoints": [
    {
      "Addresses": [
        {
          "Addr": "localhost:11051",
          "ServerName": "",
          "Attributes": null,
          "BalancerAttributes": null,
          "Metadata": null
        }
      ],
      "Attributes": null
    }
  ],
  "ServiceConfig": null,
  "Attributes": null
}
[34m2026-08-11 12:41:50.296 WIB 0053 INFO[0m [grpc] [34;1mAddTraceEvent[0m -> [core] [Channel #16]Channel Connectivity change to CONNECTING
[34m2026-08-11 12:41:50.296 WIB 0054 INFO[0m [grpc] [34;1mAddTraceEvent[0m -> [core] [Channel #16 SubChannel #17]Subchannel created
[34m2026-08-11 12:41:50.296 WIB 0055 INFO[0m [grpc] [34;1mAddTraceEvent[0m -> [core] [Channel #16]Channel exiting idle mode
[34m2026-08-11 12:41:50.296 WIB 0056 INFO[0m [grpc] [34;1mAddTraceEvent[0m -> [core] [Channel #16 SubChannel #17]Subchannel Connectivity change to CONNECTING
[34m2026-08-11 12:41:50.297 WIB 0057 INFO[0m [grpc] [34;1mAddTraceEvent[0m -> [core] [Channel #16 SubChannel #17]Subchannel picks a new address "localhost:11051" to connect
[34m2026-08-11 12:41:50.299 WIB 0058 INFO[0m [grpc] [34;1mAddTraceEvent[0m -> [core] [Channel #16 SubChannel #17]Subchannel Connectivity change to READY
[34m2026-08-11 12:41:50.299 WIB 0059 INFO[0m [grpc] [34;1mInfof[0m -> [pick-first-leaf-lb] [pick-first-leaf-lb 0x131fd31eb0e0] SubConn 0x131fd36a7bd0 reported connectivity state READY and the health listener is disabled. Transitioning SubConn to READY.
[34m2026-08-11 12:41:50.299 WIB 005a INFO[0m [grpc] [34;1mAddTraceEvent[0m -> [core] [Channel #16]Channel Connectivity change to READY
[34m2026-08-11 12:41:50.299 WIB 005b INFO[0m [grpc] [34;1mInfof[0m -> [core] original dial target is: "localhost:13051"
[34m2026-08-11 12:41:50.299 WIB 005c INFO[0m [grpc] [34;1mAddTraceEvent[0m -> [core] [Channel #19]Channel created
[34m2026-08-11 12:41:50.299 WIB 005d INFO[0m [grpc] [34;1mAddTraceEvent[0m -> [core] [Channel #19]parsed dial target is: resolver.Target{URL:url.URL{Scheme:"passthrough", Opaque:"", User:(*url.Userinfo)(nil), Host:"", Path:"/localhost:13051", Fragment:"", RawQuery:"", RawPath:"", RawFragment:"", ForceQuery:false, OmitHost:false}}
[34m2026-08-11 12:41:50.299 WIB 005e INFO[0m [grpc] [34;1mAddTraceEvent[0m -> [core] [Channel #19]Channel authority set to "localhost:13051"
[34m2026-08-11 12:41:50.299 WIB 005f INFO[0m [grpc] [34;1mAddTraceEvent[0m -> [core] [Channel #19]Resolver state updated: {
  "Addresses": [
    {
      "Addr": "localhost:13051",
      "ServerName": "",
      "Attributes": null,
      "BalancerAttributes": null,
      "Metadata": null
    }
  ],
  "Endpoints": [
    {
      "Addresses": [
        {
          "Addr": "localhost:13051",
          "ServerName": "",
          "Attributes": null,
          "BalancerAttributes": null,
          "Metadata": null
        }
      ],
      "Attributes": null
    }
  ],
  "ServiceConfig": null,
  "Attributes": null
} (resolver returned new addresses)
[34m2026-08-11 12:41:50.299 WIB 0060 INFO[0m [grpc] [34;1mAddTraceEvent[0m -> [core] [Channel #19]Channel switches to new LB policy "pick_first"
[34m2026-08-11 12:41:50.299 WIB 0061 INFO[0m [grpc] [34;1mInfof[0m -> [pick-first-leaf-lb] [pick-first-leaf-lb 0x131fd31eb4d0] Received new config {
  "shuffleAddressList": false
}, resolver state {
  "Addresses": [
    {
      "Addr": "localhost:13051",
      "ServerName": "",
      "Attributes": null,
      "BalancerAttributes": null,
      "Metadata": null
    }
  ],
  "Endpoints": [
    {
      "Addresses": [
        {
          "Addr": "localhost:13051",
          "ServerName": "",
          "Attributes": null,
          "BalancerAttributes": null,
          "Metadata": null
        }
      ],
      "Attributes": null
    }
  ],
  "ServiceConfig": null,
  "Attributes": null
}
[34m2026-08-11 12:41:50.299 WIB 0062 INFO[0m [grpc] [34;1mAddTraceEvent[0m -> [core] [Channel #19]Channel Connectivity change to CONNECTING
[34m2026-08-11 12:41:50.299 WIB 0063 INFO[0m [grpc] [34;1mAddTraceEvent[0m -> [core] [Channel #19 SubChannel #20]Subchannel created
[34m2026-08-11 12:41:50.300 WIB 0064 INFO[0m [grpc] [34;1mAddTraceEvent[0m -> [core] [Channel #19]Channel exiting idle mode
[34m2026-08-11 12:41:50.300 WIB 0065 INFO[0m [grpc] [34;1mAddTraceEvent[0m -> [core] [Channel #19 SubChannel #20]Subchannel Connectivity change to CONNECTING
[34m2026-08-11 12:41:50.300 WIB 0066 INFO[0m [grpc] [34;1mAddTraceEvent[0m -> [core] [Channel #19 SubChannel #20]Subchannel picks a new address "localhost:13051" to connect
[34m2026-08-11 12:41:50.302 WIB 0067 INFO[0m [grpc] [34;1mAddTraceEvent[0m -> [core] [Channel #19 SubChannel #20]Subchannel Connectivity change to READY
[34m2026-08-11 12:41:50.302 WIB 0068 INFO[0m [grpc] [34;1mInfof[0m -> [pick-first-leaf-lb] [pick-first-leaf-lb 0x131fd31eb4d0] SubConn 0x131fd32fa3c0 reported connectivity state READY and the health listener is disabled. Transitioning SubConn to READY.
[34m2026-08-11 12:41:50.302 WIB 0069 INFO[0m [grpc] [34;1mAddTraceEvent[0m -> [core] [Channel #19]Channel Connectivity change to READY
[34m2026-08-11 12:41:50.302 WIB 006a INFO[0m [grpc] [34;1mInfof[0m -> [core] original dial target is: "localhost:13051"
[34m2026-08-11 12:41:50.302 WIB 006b INFO[0m [grpc] [34;1mAddTraceEvent[0m -> [core] [Channel #22]Channel created
[34m2026-08-11 12:41:50.302 WIB 006c INFO[0m [grpc] [34;1mAddTraceEvent[0m -> [core] [Channel #22]parsed dial target is: resolver.Target{URL:url.URL{Scheme:"passthrough", Opaque:"", User:(*url.Userinfo)(nil), Host:"", Path:"/localhost:13051", Fragment:"", RawQuery:"", RawPath:"", RawFragment:"", ForceQuery:false, OmitHost:false}}
[34m2026-08-11 12:41:50.302 WIB 006d INFO[0m [grpc] [34;1mAddTraceEvent[0m -> [core] [Channel #22]Channel authority set to "localhost:13051"
[34m2026-08-11 12:41:50.302 WIB 006e INFO[0m [grpc] [34;1mAddTraceEvent[0m -> [core] [Channel #22]Resolver state updated: {
  "Addresses": [
    {
      "Addr": "localhost:13051",
      "ServerName": "",
      "Attributes": null,
      "BalancerAttributes": null,
      "Metadata": null
    }
  ],
  "Endpoints": [
    {
      "Addresses": [
        {
          "Addr": "localhost:13051",
          "ServerName": "",
          "Attributes": null,
          "BalancerAttributes": null,
          "Metadata": null
        }
      ],
      "Attributes": null
    }
  ],
  "ServiceConfig": null,
  "Attributes": null
} (resolver returned new addresses)
[34m2026-08-11 12:41:50.302 WIB 006f INFO[0m [grpc] [34;1mAddTraceEvent[0m -> [core] [Channel #22]Channel switches to new LB policy "pick_first"
[34m2026-08-11 12:41:50.302 WIB 0070 INFO[0m [grpc] [34;1mInfof[0m -> [pick-first-leaf-lb] [pick-first-leaf-lb 0x131fd36405a0] Received new config {
  "shuffleAddressList": false
}, resolver state {
  "Addresses": [
    {
      "Addr": "localhost:13051",
      "ServerName": "",
      "Attributes": null,
      "BalancerAttributes": null,
      "Metadata": null
    }
  ],
  "Endpoints": [
    {
      "Addresses": [
        {
          "Addr": "localhost:13051",
          "ServerName": "",
          "Attributes": null,
          "BalancerAttributes": null,
          "Metadata": null
        }
      ],
      "Attributes": null
    }
  ],
  "ServiceConfig": null,
  "Attributes": null
}
[34m2026-08-11 12:41:50.302 WIB 0071 INFO[0m [grpc] [34;1mAddTraceEvent[0m -> [core] [Channel #22]Channel Connectivity change to CONNECTING
[34m2026-08-11 12:41:50.302 WIB 0072 INFO[0m [grpc] [34;1mAddTraceEvent[0m -> [core] [Channel #22 SubChannel #23]Subchannel created
[34m2026-08-11 12:41:50.303 WIB 0073 INFO[0m [grpc] [34;1mAddTraceEvent[0m -> [core] [Channel #22]Channel exiting idle mode
[34m2026-08-11 12:41:50.303 WIB 0074 INFO[0m [grpc] [34;1mAddTraceEvent[0m -> [core] [Channel #22 SubChannel #23]Subchannel Connectivity change to CONNECTING
[34m2026-08-11 12:41:50.303 WIB 0075 INFO[0m [grpc] [34;1mAddTraceEvent[0m -> [core] [Channel #22 SubChannel #23]Subchannel picks a new address "localhost:13051" to connect
[34m2026-08-11 12:41:50.305 WIB 0076 INFO[0m [grpc] [34;1mAddTraceEvent[0m -> [core] [Channel #22 SubChannel #23]Subchannel Connectivity change to READY
[34m2026-08-11 12:41:50.305 WIB 0077 INFO[0m [grpc] [34;1mInfof[0m -> [pick-first-leaf-lb] [pick-first-leaf-lb 0x131fd36405a0] SubConn 0x131fd35c6c80 reported connectivity state READY and the health listener is disabled. Transitioning SubConn to READY.
[34m2026-08-11 12:41:50.305 WIB 0078 INFO[0m [grpc] [34;1mAddTraceEvent[0m -> [core] [Channel #22]Channel Connectivity change to READY
[33m2026-08-11 12:41:50.305 WIB 0079 WARN[0m [grpc] [33;1mWarningf[0m -> [core] Adjusting keepalive ping interval to minimum period of 10s
[34m2026-08-11 12:41:50.305 WIB 007a INFO[0m [grpc] [34;1mInfof[0m -> [core] original dial target is: "localhost:7050"
[34m2026-08-11 12:41:50.305 WIB 007b INFO[0m [grpc] [34;1mAddTraceEvent[0m -> [core] [Channel #25]Channel created
[34m2026-08-11 12:41:50.305 WIB 007c INFO[0m [grpc] [34;1mAddTraceEvent[0m -> [core] [Channel #25]parsed dial target is: resolver.Target{URL:url.URL{Scheme:"passthrough", Opaque:"", User:(*url.Userinfo)(nil), Host:"", Path:"/localhost:7050", Fragment:"", RawQuery:"", RawPath:"", RawFragment:"", ForceQuery:false, OmitHost:false}}
[34m2026-08-11 12:41:50.305 WIB 007d INFO[0m [grpc] [34;1mAddTraceEvent[0m -> [core] [Channel #25]Channel authority set to "orderer.paynet"
[34m2026-08-11 12:41:50.305 WIB 007e INFO[0m [grpc] [34;1mAddTraceEvent[0m -> [core] [Channel #25]Resolver state updated: {
  "Addresses": [
    {
      "Addr": "localhost:7050",
      "ServerName": "",
      "Attributes": null,
      "BalancerAttributes": null,
      "Metadata": null
    }
  ],
  "Endpoints": [
    {
      "Addresses": [
        {
          "Addr": "localhost:7050",
          "ServerName": "",
          "Attributes": null,
          "BalancerAttributes": null,
          "Metadata": null
        }
      ],
      "Attributes": null
    }
  ],
  "ServiceConfig": null,
  "Attributes": null
} (resolver returned new addresses)
[34m2026-08-11 12:41:50.305 WIB 007f INFO[0m [grpc] [34;1mAddTraceEvent[0m -> [core] [Channel #25]Channel switches to new LB policy "pick_first"
[34m2026-08-11 12:41:50.306 WIB 0080 INFO[0m [grpc] [34;1mInfof[0m -> [pick-first-leaf-lb] [pick-first-leaf-lb 0x131fd36406c0] Received new config {
  "shuffleAddressList": false
}, resolver state {
  "Addresses": [
    {
      "Addr": "localhost:7050",
      "ServerName": "",
      "Attributes": null,
      "BalancerAttributes": null,
      "Metadata": null
    }
  ],
  "Endpoints": [
    {
      "Addresses": [
        {
          "Addr": "localhost:7050",
          "ServerName": "",
          "Attributes": null,
          "BalancerAttributes": null,
          "Metadata": null
        }
      ],
      "Attributes": null
    }
  ],
  "ServiceConfig": null,
  "Attributes": null
}
[34m2026-08-11 12:41:50.306 WIB 0081 INFO[0m [grpc] [34;1mAddTraceEvent[0m -> [core] [Channel #25]Channel Connectivity change to CONNECTING
[34m2026-08-11 12:41:50.306 WIB 0082 INFO[0m [grpc] [34;1mAddTraceEvent[0m -> [core] [Channel #25 SubChannel #26]Subchannel created
[34m2026-08-11 12:41:50.306 WIB 0083 INFO[0m [grpc] [34;1mAddTraceEvent[0m -> [core] [Channel #25]Channel exiting idle mode
[34m2026-08-11 12:41:50.306 WIB 0084 INFO[0m [grpc] [34;1mAddTraceEvent[0m -> [core] [Channel #25 SubChannel #26]Subchannel Connectivity change to CONNECTING
[34m2026-08-11 12:41:50.306 WIB 0085 INFO[0m [grpc] [34;1mAddTraceEvent[0m -> [core] [Channel #25 SubChannel #26]Subchannel picks a new address "localhost:7050" to connect
[34m2026-08-11 12:41:50.308 WIB 0086 INFO[0m [grpc] [34;1mAddTraceEvent[0m -> [core] [Channel #25 SubChannel #26]Subchannel Connectivity change to READY
[34m2026-08-11 12:41:50.308 WIB 0087 INFO[0m [grpc] [34;1mInfof[0m -> [pick-first-leaf-lb] [pick-first-leaf-lb 0x131fd36406c0] SubConn 0x131fd37923c0 reported connectivity state READY and the health listener is disabled. Transitioning SubConn to READY.
[34m2026-08-11 12:41:50.308 WIB 0088 INFO[0m [grpc] [34;1mAddTraceEvent[0m -> [core] [Channel #25]Channel Connectivity change to READY
[34m2026-08-11 12:41:52.881 WIB 0089 INFO[0m [chaincodeCmd] [34;1mClientWait[0m -> txid [648e86b10143ede1f3bdc0f609a99bb314bfa9f0c32990c236f86d2d560ff24e] committed with status (VALID) at localhost:13051
[34m2026-08-11 12:41:52.881 WIB 008a INFO[0m [chaincodeCmd] [34;1mClientWait[0m -> txid [648e86b10143ede1f3bdc0f609a99bb314bfa9f0c32990c236f86d2d560ff24e] committed with status (VALID) at localhost:9051
[34m2026-08-11 12:41:52.887 WIB 008b INFO[0m [chaincodeCmd] [34;1mClientWait[0m -> txid [648e86b10143ede1f3bdc0f609a99bb314bfa9f0c32990c236f86d2d560ff24e] committed with status (VALID) at localhost:11051
[34m2026-08-11 12:41:52.887 WIB 008c INFO[0m [chaincodeCmd] [34;1mClientWait[0m -> txid [648e86b10143ede1f3bdc0f609a99bb314bfa9f0c32990c236f86d2d560ff24e] committed with status (VALID) at localhost:7051
Chaincode deployed successfully on Garuda network (4 validators + 1 observer + 1 PJP).
