Packaging chaincode...
Installing chaincode on all 5 org peers...
[34m2026-06-30 11:23:35.002 WIB 0001 INFO[0m [grpc] [34;1mInfof[0m -> [core] original dial target is: "localhost:7051"
[34m2026-06-30 11:23:35.002 WIB 0002 INFO[0m [grpc] [34;1mAddTraceEvent[0m -> [core] [Channel #1]Channel created
[34m2026-06-30 11:23:35.002 WIB 0003 INFO[0m [grpc] [34;1mAddTraceEvent[0m -> [core] [Channel #1]parsed dial target is: resolver.Target{URL:url.URL{Scheme:"passthrough", Opaque:"", User:(*url.Userinfo)(nil), Host:"", Path:"/localhost:7051", Fragment:"", RawQuery:"", RawPath:"", RawFragment:"", ForceQuery:false, OmitHost:false}}
[34m2026-06-30 11:23:35.002 WIB 0004 INFO[0m [grpc] [34;1mAddTraceEvent[0m -> [core] [Channel #1]Channel authority set to "localhost:7051"
[34m2026-06-30 11:23:35.002 WIB 0005 INFO[0m [grpc] [34;1mAddTraceEvent[0m -> [core] [Channel #1]Resolver state updated: {
  "Addresses": [
    {
      "Addr": "localhost:7051",
      "ServerName": "",
      "Attributes": null,
      "BalancerAttributes": null,
      "Metadata": null
    }
  ],
  "Endpoints": [
    {
      "Addresses": [
        {
          "Addr": "localhost:7051",
          "ServerName": "",
          "Attributes": null,
          "BalancerAttributes": null,
          "Metadata": null
        }
      ],
      "Attributes": null
    }
  ],
  "ServiceConfig": null,
  "Attributes": null
} (resolver returned new addresses)
[34m2026-06-30 11:23:35.002 WIB 0006 INFO[0m [grpc] [34;1mAddTraceEvent[0m -> [core] [Channel #1]Channel switches to new LB policy "pick_first"
[34m2026-06-30 11:23:35.002 WIB 0007 INFO[0m [grpc] [34;1mInfof[0m -> [pick-first-leaf-lb] [pick-first-leaf-lb 0x2ad524044900] Received new config {
  "shuffleAddressList": false
}, resolver state {
  "Addresses": [
    {
      "Addr": "localhost:7051",
      "ServerName": "",
      "Attributes": null,
      "BalancerAttributes": null,
      "Metadata": null
    }
  ],
  "Endpoints": [
    {
      "Addresses": [
        {
          "Addr": "localhost:7051",
          "ServerName": "",
          "Attributes": null,
          "BalancerAttributes": null,
          "Metadata": null
        }
      ],
      "Attributes": null
    }
  ],
  "ServiceConfig": null,
  "Attributes": null
}
[34m2026-06-30 11:23:35.002 WIB 0008 INFO[0m [grpc] [34;1mAddTraceEvent[0m -> [core] [Channel #1]Channel Connectivity change to CONNECTING
[34m2026-06-30 11:23:35.002 WIB 0009 INFO[0m [grpc] [34;1mAddTraceEvent[0m -> [core] [Channel #1 SubChannel #2]Subchannel created
[34m2026-06-30 11:23:35.002 WIB 000a INFO[0m [grpc] [34;1mAddTraceEvent[0m -> [core] [Channel #1]Channel exiting idle mode
[34m2026-06-30 11:23:35.002 WIB 000b INFO[0m [grpc] [34;1mAddTraceEvent[0m -> [core] [Channel #1 SubChannel #2]Subchannel Connectivity change to CONNECTING
[34m2026-06-30 11:23:35.003 WIB 000c INFO[0m [grpc] [34;1mAddTraceEvent[0m -> [core] [Channel #1 SubChannel #2]Subchannel picks a new address "localhost:7051" to connect
[34m2026-06-30 11:23:35.006 WIB 000d INFO[0m [grpc] [34;1mAddTraceEvent[0m -> [core] [Channel #1 SubChannel #2]Subchannel Connectivity change to READY
[34m2026-06-30 11:23:35.006 WIB 000e INFO[0m [grpc] [34;1mInfof[0m -> [pick-first-leaf-lb] [pick-first-leaf-lb 0x2ad524044900] SubConn 0x2ad5241aa5a0 reported connectivity state READY and the health listener is disabled. Transitioning SubConn to READY.
[34m2026-06-30 11:23:35.006 WIB 000f INFO[0m [grpc] [34;1mAddTraceEvent[0m -> [core] [Channel #1]Channel Connectivity change to READY
[34m2026-06-30 11:23:35.006 WIB 0010 INFO[0m [grpc] [34;1mInfof[0m -> [core] original dial target is: "localhost:7051"
[34m2026-06-30 11:23:35.006 WIB 0011 INFO[0m [grpc] [34;1mAddTraceEvent[0m -> [core] [Channel #4]Channel created
[34m2026-06-30 11:23:35.006 WIB 0012 INFO[0m [grpc] [34;1mAddTraceEvent[0m -> [core] [Channel #4]parsed dial target is: resolver.Target{URL:url.URL{Scheme:"passthrough", Opaque:"", User:(*url.Userinfo)(nil), Host:"", Path:"/localhost:7051", Fragment:"", RawQuery:"", RawPath:"", RawFragment:"", ForceQuery:false, OmitHost:false}}
[34m2026-06-30 11:23:35.006 WIB 0013 INFO[0m [grpc] [34;1mAddTraceEvent[0m -> [core] [Channel #4]Channel authority set to "localhost:7051"
[34m2026-06-30 11:23:35.006 WIB 0014 INFO[0m [grpc] [34;1mAddTraceEvent[0m -> [core] [Channel #4]Resolver state updated: {
  "Addresses": [
    {
      "Addr": "localhost:7051",
      "ServerName": "",
      "Attributes": null,
      "BalancerAttributes": null,
      "Metadata": null
    }
  ],
  "Endpoints": [
    {
      "Addresses": [
        {
          "Addr": "localhost:7051",
          "ServerName": "",
          "Attributes": null,
          "BalancerAttributes": null,
          "Metadata": null
        }
      ],
      "Attributes": null
    }
  ],
  "ServiceConfig": null,
  "Attributes": null
} (resolver returned new addresses)
[34m2026-06-30 11:23:35.006 WIB 0015 INFO[0m [grpc] [34;1mAddTraceEvent[0m -> [core] [Channel #4]Channel switches to new LB policy "pick_first"
[34m2026-06-30 11:23:35.006 WIB 0016 INFO[0m [grpc] [34;1mInfof[0m -> [pick-first-leaf-lb] [pick-first-leaf-lb 0x2ad524044cf0] Received new config {
  "shuffleAddressList": false
}, resolver state {
  "Addresses": [
    {
      "Addr": "localhost:7051",
      "ServerName": "",
      "Attributes": null,
      "BalancerAttributes": null,
      "Metadata": null
    }
  ],
  "Endpoints": [
    {
      "Addresses": [
        {
          "Addr": "localhost:7051",
          "ServerName": "",
          "Attributes": null,
          "BalancerAttributes": null,
          "Metadata": null
        }
      ],
      "Attributes": null
    }
  ],
  "ServiceConfig": null,
  "Attributes": null
}
[34m2026-06-30 11:23:35.006 WIB 0017 INFO[0m [grpc] [34;1mAddTraceEvent[0m -> [core] [Channel #4]Channel Connectivity change to CONNECTING
[34m2026-06-30 11:23:35.006 WIB 0018 INFO[0m [grpc] [34;1mAddTraceEvent[0m -> [core] [Channel #4 SubChannel #5]Subchannel created
[34m2026-06-30 11:23:35.006 WIB 0019 INFO[0m [grpc] [34;1mAddTraceEvent[0m -> [core] [Channel #4]Channel exiting idle mode
[34m2026-06-30 11:23:35.006 WIB 001a INFO[0m [grpc] [34;1mAddTraceEvent[0m -> [core] [Channel #4 SubChannel #5]Subchannel Connectivity change to CONNECTING
[34m2026-06-30 11:23:35.007 WIB 001b INFO[0m [grpc] [34;1mAddTraceEvent[0m -> [core] [Channel #4 SubChannel #5]Subchannel picks a new address "localhost:7051" to connect
[34m2026-06-30 11:23:35.009 WIB 001c INFO[0m [grpc] [34;1mAddTraceEvent[0m -> [core] [Channel #4 SubChannel #5]Subchannel Connectivity change to READY
[34m2026-06-30 11:23:35.009 WIB 001d INFO[0m [grpc] [34;1mInfof[0m -> [pick-first-leaf-lb] [pick-first-leaf-lb 0x2ad524044cf0] SubConn 0x2ad5241aa910 reported connectivity state READY and the health listener is disabled. Transitioning SubConn to READY.
[34m2026-06-30 11:23:35.009 WIB 001e INFO[0m [grpc] [34;1mAddTraceEvent[0m -> [core] [Channel #4]Channel Connectivity change to READY
[34m2026-06-30 11:23:35.768 WIB 001f INFO[0m [cli.lifecycle.chaincode] [34;1msubmitInstallProposal[0m -> Installed remotely: response:{status:200 payload:"\nSdigital-rupiah_2.0:d6a042c286af42bb5d333350f60634fe4c1b87270c76503c869d7a4383a1336b\x12\x12digital-rupiah_2.0"}
[34m2026-06-30 11:23:35.768 WIB 0020 INFO[0m [cli.lifecycle.chaincode] [34;1msubmitInstallProposal[0m -> Chaincode code package identifier: digital-rupiah_2.0:d6a042c286af42bb5d333350f60634fe4c1b87270c76503c869d7a4383a1336b
[34m2026-06-30 11:23:35.819 WIB 0001 INFO[0m [grpc] [34;1mInfof[0m -> [core] original dial target is: "localhost:9051"
[34m2026-06-30 11:23:35.819 WIB 0002 INFO[0m [grpc] [34;1mAddTraceEvent[0m -> [core] [Channel #1]Channel created
[34m2026-06-30 11:23:35.819 WIB 0003 INFO[0m [grpc] [34;1mAddTraceEvent[0m -> [core] [Channel #1]parsed dial target is: resolver.Target{URL:url.URL{Scheme:"passthrough", Opaque:"", User:(*url.Userinfo)(nil), Host:"", Path:"/localhost:9051", Fragment:"", RawQuery:"", RawPath:"", RawFragment:"", ForceQuery:false, OmitHost:false}}
[34m2026-06-30 11:23:35.819 WIB 0004 INFO[0m [grpc] [34;1mAddTraceEvent[0m -> [core] [Channel #1]Channel authority set to "localhost:9051"
[34m2026-06-30 11:23:35.819 WIB 0005 INFO[0m [grpc] [34;1mAddTraceEvent[0m -> [core] [Channel #1]Resolver state updated: {
  "Addresses": [
    {
      "Addr": "localhost:9051",
      "ServerName": "",
      "Attributes": null,
      "BalancerAttributes": null,
      "Metadata": null
    }
  ],
  "Endpoints": [
    {
      "Addresses": [
        {
          "Addr": "localhost:9051",
          "ServerName": "",
          "Attributes": null,
          "BalancerAttributes": null,
          "Metadata": null
        }
      ],
      "Attributes": null
    }
  ],
  "ServiceConfig": null,
  "Attributes": null
} (resolver returned new addresses)
[34m2026-06-30 11:23:35.819 WIB 0006 INFO[0m [grpc] [34;1mAddTraceEvent[0m -> [core] [Channel #1]Channel switches to new LB policy "pick_first"
[34m2026-06-30 11:23:35.819 WIB 0007 INFO[0m [grpc] [34;1mInfof[0m -> [pick-first-leaf-lb] [pick-first-leaf-lb 0x164cf11cb3b0] Received new config {
  "shuffleAddressList": false
}, resolver state {
  "Addresses": [
    {
      "Addr": "localhost:9051",
      "ServerName": "",
      "Attributes": null,
      "BalancerAttributes": null,
      "Metadata": null
    }
  ],
  "Endpoints": [
    {
      "Addresses": [
        {
          "Addr": "localhost:9051",
          "ServerName": "",
          "Attributes": null,
          "BalancerAttributes": null,
          "Metadata": null
        }
      ],
      "Attributes": null
    }
  ],
  "ServiceConfig": null,
  "Attributes": null
}
[34m2026-06-30 11:23:35.819 WIB 0008 INFO[0m [grpc] [34;1mAddTraceEvent[0m -> [core] [Channel #1]Channel Connectivity change to CONNECTING
[34m2026-06-30 11:23:35.820 WIB 0009 INFO[0m [grpc] [34;1mAddTraceEvent[0m -> [core] [Channel #1 SubChannel #2]Subchannel created
[34m2026-06-30 11:23:35.820 WIB 000a INFO[0m [grpc] [34;1mAddTraceEvent[0m -> [core] [Channel #1]Channel exiting idle mode
[34m2026-06-30 11:23:35.820 WIB 000b INFO[0m [grpc] [34;1mAddTraceEvent[0m -> [core] [Channel #1 SubChannel #2]Subchannel Connectivity change to CONNECTING
[34m2026-06-30 11:23:35.820 WIB 000c INFO[0m [grpc] [34;1mAddTraceEvent[0m -> [core] [Channel #1 SubChannel #2]Subchannel picks a new address "localhost:9051" to connect
[34m2026-06-30 11:23:35.822 WIB 000d INFO[0m [grpc] [34;1mAddTraceEvent[0m -> [core] [Channel #1 SubChannel #2]Subchannel Connectivity change to READY
[34m2026-06-30 11:23:35.822 WIB 000e INFO[0m [grpc] [34;1mInfof[0m -> [pick-first-leaf-lb] [pick-first-leaf-lb 0x164cf11cb3b0] SubConn 0x164cf12b79a0 reported connectivity state READY and the health listener is disabled. Transitioning SubConn to READY.
[34m2026-06-30 11:23:35.823 WIB 000f INFO[0m [grpc] [34;1mAddTraceEvent[0m -> [core] [Channel #1]Channel Connectivity change to READY
[34m2026-06-30 11:23:35.823 WIB 0010 INFO[0m [grpc] [34;1mInfof[0m -> [core] original dial target is: "localhost:9051"
[34m2026-06-30 11:23:35.823 WIB 0011 INFO[0m [grpc] [34;1mAddTraceEvent[0m -> [core] [Channel #4]Channel created
[34m2026-06-30 11:23:35.823 WIB 0012 INFO[0m [grpc] [34;1mAddTraceEvent[0m -> [core] [Channel #4]parsed dial target is: resolver.Target{URL:url.URL{Scheme:"passthrough", Opaque:"", User:(*url.Userinfo)(nil), Host:"", Path:"/localhost:9051", Fragment:"", RawQuery:"", RawPath:"", RawFragment:"", ForceQuery:false, OmitHost:false}}
[34m2026-06-30 11:23:35.823 WIB 0013 INFO[0m [grpc] [34;1mAddTraceEvent[0m -> [core] [Channel #4]Channel authority set to "localhost:9051"
[34m2026-06-30 11:23:35.823 WIB 0014 INFO[0m [grpc] [34;1mAddTraceEvent[0m -> [core] [Channel #4]Resolver state updated: {
  "Addresses": [
    {
      "Addr": "localhost:9051",
      "ServerName": "",
      "Attributes": null,
      "BalancerAttributes": null,
      "Metadata": null
    }
  ],
  "Endpoints": [
    {
      "Addresses": [
        {
          "Addr": "localhost:9051",
          "ServerName": "",
          "Attributes": null,
          "BalancerAttributes": null,
          "Metadata": null
        }
      ],
      "Attributes": null
    }
  ],
  "ServiceConfig": null,
  "Attributes": null
} (resolver returned new addresses)
[34m2026-06-30 11:23:35.823 WIB 0015 INFO[0m [grpc] [34;1mAddTraceEvent[0m -> [core] [Channel #4]Channel switches to new LB policy "pick_first"
[34m2026-06-30 11:23:35.823 WIB 0016 INFO[0m [grpc] [34;1mInfof[0m -> [pick-first-leaf-lb] [pick-first-leaf-lb 0x164cf11cb7a0] Received new config {
  "shuffleAddressList": false
}, resolver state {
  "Addresses": [
    {
      "Addr": "localhost:9051",
      "ServerName": "",
      "Attributes": null,
      "BalancerAttributes": null,
      "Metadata": null
    }
  ],
  "Endpoints": [
    {
      "Addresses": [
        {
          "Addr": "localhost:9051",
          "ServerName": "",
          "Attributes": null,
          "BalancerAttributes": null,
          "Metadata": null
        }
      ],
      "Attributes": null
    }
  ],
  "ServiceConfig": null,
  "Attributes": null
}
[34m2026-06-30 11:23:35.823 WIB 0017 INFO[0m [grpc] [34;1mAddTraceEvent[0m -> [core] [Channel #4]Channel Connectivity change to CONNECTING
[34m2026-06-30 11:23:35.823 WIB 0018 INFO[0m [grpc] [34;1mAddTraceEvent[0m -> [core] [Channel #4 SubChannel #5]Subchannel created
[34m2026-06-30 11:23:35.823 WIB 0019 INFO[0m [grpc] [34;1mAddTraceEvent[0m -> [core] [Channel #4]Channel exiting idle mode
[34m2026-06-30 11:23:35.823 WIB 001a INFO[0m [grpc] [34;1mAddTraceEvent[0m -> [core] [Channel #4 SubChannel #5]Subchannel Connectivity change to CONNECTING
[34m2026-06-30 11:23:35.823 WIB 001b INFO[0m [grpc] [34;1mAddTraceEvent[0m -> [core] [Channel #4 SubChannel #5]Subchannel picks a new address "localhost:9051" to connect
[34m2026-06-30 11:23:35.825 WIB 001c INFO[0m [grpc] [34;1mAddTraceEvent[0m -> [core] [Channel #4 SubChannel #5]Subchannel Connectivity change to READY
[34m2026-06-30 11:23:35.825 WIB 001d INFO[0m [grpc] [34;1mInfof[0m -> [pick-first-leaf-lb] [pick-first-leaf-lb 0x164cf11cb7a0] SubConn 0x164cf149d040 reported connectivity state READY and the health listener is disabled. Transitioning SubConn to READY.
[34m2026-06-30 11:23:35.825 WIB 001e INFO[0m [grpc] [34;1mAddTraceEvent[0m -> [core] [Channel #4]Channel Connectivity change to READY
[34m2026-06-30 11:23:36.554 WIB 001f INFO[0m [cli.lifecycle.chaincode] [34;1msubmitInstallProposal[0m -> Installed remotely: response:{status:200 payload:"\nSdigital-rupiah_2.0:d6a042c286af42bb5d333350f60634fe4c1b87270c76503c869d7a4383a1336b\x12\x12digital-rupiah_2.0"}
[34m2026-06-30 11:23:36.555 WIB 0020 INFO[0m [cli.lifecycle.chaincode] [34;1msubmitInstallProposal[0m -> Chaincode code package identifier: digital-rupiah_2.0:d6a042c286af42bb5d333350f60634fe4c1b87270c76503c869d7a4383a1336b
[34m2026-06-30 11:23:36.605 WIB 0001 INFO[0m [grpc] [34;1mInfof[0m -> [core] original dial target is: "localhost:11051"
[34m2026-06-30 11:23:36.605 WIB 0002 INFO[0m [grpc] [34;1mAddTraceEvent[0m -> [core] [Channel #1]Channel created
[34m2026-06-30 11:23:36.605 WIB 0003 INFO[0m [grpc] [34;1mAddTraceEvent[0m -> [core] [Channel #1]parsed dial target is: resolver.Target{URL:url.URL{Scheme:"passthrough", Opaque:"", User:(*url.Userinfo)(nil), Host:"", Path:"/localhost:11051", Fragment:"", RawQuery:"", RawPath:"", RawFragment:"", ForceQuery:false, OmitHost:false}}
[34m2026-06-30 11:23:36.605 WIB 0004 INFO[0m [grpc] [34;1mAddTraceEvent[0m -> [core] [Channel #1]Channel authority set to "localhost:11051"
[34m2026-06-30 11:23:36.606 WIB 0005 INFO[0m [grpc] [34;1mAddTraceEvent[0m -> [core] [Channel #1]Resolver state updated: {
  "Addresses": [
    {
      "Addr": "localhost:11051",
      "ServerName": "",
      "Attributes": null,
      "BalancerAttributes": null,
      "Metadata": null
    }
  ],
  "Endpoints": [
    {
      "Addresses": [
        {
          "Addr": "localhost:11051",
          "ServerName": "",
          "Attributes": null,
          "BalancerAttributes": null,
          "Metadata": null
        }
      ],
      "Attributes": null
    }
  ],
  "ServiceConfig": null,
  "Attributes": null
} (resolver returned new addresses)
[34m2026-06-30 11:23:36.606 WIB 0006 INFO[0m [grpc] [34;1mAddTraceEvent[0m -> [core] [Channel #1]Channel switches to new LB policy "pick_first"
[34m2026-06-30 11:23:36.606 WIB 0007 INFO[0m [grpc] [34;1mInfof[0m -> [pick-first-leaf-lb] [pick-first-leaf-lb 0x3a0b5695a870] Received new config {
  "shuffleAddressList": false
}, resolver state {
  "Addresses": [
    {
      "Addr": "localhost:11051",
      "ServerName": "",
      "Attributes": null,
      "BalancerAttributes": null,
      "Metadata": null
    }
  ],
  "Endpoints": [
    {
      "Addresses": [
        {
          "Addr": "localhost:11051",
          "ServerName": "",
          "Attributes": null,
          "BalancerAttributes": null,
          "Metadata": null
        }
      ],
      "Attributes": null
    }
  ],
  "ServiceConfig": null,
  "Attributes": null
}
[34m2026-06-30 11:23:36.606 WIB 0008 INFO[0m [grpc] [34;1mAddTraceEvent[0m -> [core] [Channel #1]Channel Connectivity change to CONNECTING
[34m2026-06-30 11:23:36.606 WIB 0009 INFO[0m [grpc] [34;1mAddTraceEvent[0m -> [core] [Channel #1 SubChannel #2]Subchannel created
[34m2026-06-30 11:23:36.606 WIB 000a INFO[0m [grpc] [34;1mAddTraceEvent[0m -> [core] [Channel #1]Channel exiting idle mode
[34m2026-06-30 11:23:36.606 WIB 000b INFO[0m [grpc] [34;1mAddTraceEvent[0m -> [core] [Channel #1 SubChannel #2]Subchannel Connectivity change to CONNECTING
[34m2026-06-30 11:23:36.606 WIB 000c INFO[0m [grpc] [34;1mAddTraceEvent[0m -> [core] [Channel #1 SubChannel #2]Subchannel picks a new address "localhost:11051" to connect
[34m2026-06-30 11:23:36.609 WIB 000d INFO[0m [grpc] [34;1mAddTraceEvent[0m -> [core] [Channel #1 SubChannel #2]Subchannel Connectivity change to READY
[34m2026-06-30 11:23:36.609 WIB 000e INFO[0m [grpc] [34;1mInfof[0m -> [pick-first-leaf-lb] [pick-first-leaf-lb 0x3a0b5695a870] SubConn 0x3a0b568765a0 reported connectivity state READY and the health listener is disabled. Transitioning SubConn to READY.
[34m2026-06-30 11:23:36.609 WIB 000f INFO[0m [grpc] [34;1mAddTraceEvent[0m -> [core] [Channel #1]Channel Connectivity change to READY
[34m2026-06-30 11:23:36.609 WIB 0010 INFO[0m [grpc] [34;1mInfof[0m -> [core] original dial target is: "localhost:11051"
[34m2026-06-30 11:23:36.609 WIB 0011 INFO[0m [grpc] [34;1mAddTraceEvent[0m -> [core] [Channel #4]Channel created
[34m2026-06-30 11:23:36.609 WIB 0012 INFO[0m [grpc] [34;1mAddTraceEvent[0m -> [core] [Channel #4]parsed dial target is: resolver.Target{URL:url.URL{Scheme:"passthrough", Opaque:"", User:(*url.Userinfo)(nil), Host:"", Path:"/localhost:11051", Fragment:"", RawQuery:"", RawPath:"", RawFragment:"", ForceQuery:false, OmitHost:false}}
[34m2026-06-30 11:23:36.609 WIB 0013 INFO[0m [grpc] [34;1mAddTraceEvent[0m -> [core] [Channel #4]Channel authority set to "localhost:11051"
[34m2026-06-30 11:23:36.609 WIB 0014 INFO[0m [grpc] [34;1mAddTraceEvent[0m -> [core] [Channel #4]Resolver state updated: {
  "Addresses": [
    {
      "Addr": "localhost:11051",
      "ServerName": "",
      "Attributes": null,
      "BalancerAttributes": null,
      "Metadata": null
    }
  ],
  "Endpoints": [
    {
      "Addresses": [
        {
          "Addr": "localhost:11051",
          "ServerName": "",
          "Attributes": null,
          "BalancerAttributes": null,
          "Metadata": null
        }
      ],
      "Attributes": null
    }
  ],
  "ServiceConfig": null,
  "Attributes": null
} (resolver returned new addresses)
[34m2026-06-30 11:23:36.609 WIB 0015 INFO[0m [grpc] [34;1mAddTraceEvent[0m -> [core] [Channel #4]Channel switches to new LB policy "pick_first"
[34m2026-06-30 11:23:36.609 WIB 0016 INFO[0m [grpc] [34;1mInfof[0m -> [pick-first-leaf-lb] [pick-first-leaf-lb 0x3a0b5695ac60] Received new config {
  "shuffleAddressList": false
}, resolver state {
  "Addresses": [
    {
      "Addr": "localhost:11051",
      "ServerName": "",
      "Attributes": null,
      "BalancerAttributes": null,
      "Metadata": null
    }
  ],
  "Endpoints": [
    {
      "Addresses": [
        {
          "Addr": "localhost:11051",
          "ServerName": "",
          "Attributes": null,
          "BalancerAttributes": null,
          "Metadata": null
        }
      ],
      "Attributes": null
    }
  ],
  "ServiceConfig": null,
  "Attributes": null
}
[34m2026-06-30 11:23:36.609 WIB 0017 INFO[0m [grpc] [34;1mAddTraceEvent[0m -> [core] [Channel #4]Channel Connectivity change to CONNECTING
[34m2026-06-30 11:23:36.609 WIB 0018 INFO[0m [grpc] [34;1mAddTraceEvent[0m -> [core] [Channel #4 SubChannel #5]Subchannel created
[34m2026-06-30 11:23:36.609 WIB 0019 INFO[0m [grpc] [34;1mAddTraceEvent[0m -> [core] [Channel #4]Channel exiting idle mode
[34m2026-06-30 11:23:36.609 WIB 001a INFO[0m [grpc] [34;1mAddTraceEvent[0m -> [core] [Channel #4 SubChannel #5]Subchannel Connectivity change to CONNECTING
[34m2026-06-30 11:23:36.609 WIB 001b INFO[0m [grpc] [34;1mAddTraceEvent[0m -> [core] [Channel #4 SubChannel #5]Subchannel picks a new address "localhost:11051" to connect
[34m2026-06-30 11:23:36.611 WIB 001c INFO[0m [grpc] [34;1mAddTraceEvent[0m -> [core] [Channel #4 SubChannel #5]Subchannel Connectivity change to READY
[34m2026-06-30 11:23:36.611 WIB 001d INFO[0m [grpc] [34;1mInfof[0m -> [pick-first-leaf-lb] [pick-first-leaf-lb 0x3a0b5695ac60] SubConn 0x3a0b56876ff0 reported connectivity state READY and the health listener is disabled. Transitioning SubConn to READY.
[34m2026-06-30 11:23:36.611 WIB 001e INFO[0m [grpc] [34;1mAddTraceEvent[0m -> [core] [Channel #4]Channel Connectivity change to READY
[34m2026-06-30 11:23:37.334 WIB 001f INFO[0m [cli.lifecycle.chaincode] [34;1msubmitInstallProposal[0m -> Installed remotely: response:{status:200 payload:"\nSdigital-rupiah_2.0:d6a042c286af42bb5d333350f60634fe4c1b87270c76503c869d7a4383a1336b\x12\x12digital-rupiah_2.0"}
[34m2026-06-30 11:23:37.334 WIB 0020 INFO[0m [cli.lifecycle.chaincode] [34;1msubmitInstallProposal[0m -> Chaincode code package identifier: digital-rupiah_2.0:d6a042c286af42bb5d333350f60634fe4c1b87270c76503c869d7a4383a1336b
[34m2026-06-30 11:23:37.384 WIB 0001 INFO[0m [grpc] [34;1mInfof[0m -> [core] original dial target is: "localhost:12051"
[34m2026-06-30 11:23:37.384 WIB 0002 INFO[0m [grpc] [34;1mAddTraceEvent[0m -> [core] [Channel #1]Channel created
[34m2026-06-30 11:23:37.385 WIB 0003 INFO[0m [grpc] [34;1mAddTraceEvent[0m -> [core] [Channel #1]parsed dial target is: resolver.Target{URL:url.URL{Scheme:"passthrough", Opaque:"", User:(*url.Userinfo)(nil), Host:"", Path:"/localhost:12051", Fragment:"", RawQuery:"", RawPath:"", RawFragment:"", ForceQuery:false, OmitHost:false}}
[34m2026-06-30 11:23:37.385 WIB 0004 INFO[0m [grpc] [34;1mAddTraceEvent[0m -> [core] [Channel #1]Channel authority set to "localhost:12051"
[34m2026-06-30 11:23:37.385 WIB 0005 INFO[0m [grpc] [34;1mAddTraceEvent[0m -> [core] [Channel #1]Resolver state updated: {
  "Addresses": [
    {
      "Addr": "localhost:12051",
      "ServerName": "",
      "Attributes": null,
      "BalancerAttributes": null,
      "Metadata": null
    }
  ],
  "Endpoints": [
    {
      "Addresses": [
        {
          "Addr": "localhost:12051",
          "ServerName": "",
          "Attributes": null,
          "BalancerAttributes": null,
          "Metadata": null
        }
      ],
      "Attributes": null
    }
  ],
  "ServiceConfig": null,
  "Attributes": null
} (resolver returned new addresses)
[34m2026-06-30 11:23:37.385 WIB 0006 INFO[0m [grpc] [34;1mAddTraceEvent[0m -> [core] [Channel #1]Channel switches to new LB policy "pick_first"
[34m2026-06-30 11:23:37.385 WIB 0007 INFO[0m [grpc] [34;1mInfof[0m -> [pick-first-leaf-lb] [pick-first-leaf-lb 0x348620f707e0] Received new config {
  "shuffleAddressList": false
}, resolver state {
  "Addresses": [
    {
      "Addr": "localhost:12051",
      "ServerName": "",
      "Attributes": null,
      "BalancerAttributes": null,
      "Metadata": null
    }
  ],
  "Endpoints": [
    {
      "Addresses": [
        {
          "Addr": "localhost:12051",
          "ServerName": "",
          "Attributes": null,
          "BalancerAttributes": null,
          "Metadata": null
        }
      ],
      "Attributes": null
    }
  ],
  "ServiceConfig": null,
  "Attributes": null
}
[34m2026-06-30 11:23:37.385 WIB 0008 INFO[0m [grpc] [34;1mAddTraceEvent[0m -> [core] [Channel #1]Channel Connectivity change to CONNECTING
[34m2026-06-30 11:23:37.385 WIB 0009 INFO[0m [grpc] [34;1mAddTraceEvent[0m -> [core] [Channel #1 SubChannel #2]Subchannel created
[34m2026-06-30 11:23:37.385 WIB 000a INFO[0m [grpc] [34;1mAddTraceEvent[0m -> [core] [Channel #1]Channel exiting idle mode
[34m2026-06-30 11:23:37.385 WIB 000b INFO[0m [grpc] [34;1mAddTraceEvent[0m -> [core] [Channel #1 SubChannel #2]Subchannel Connectivity change to CONNECTING
[34m2026-06-30 11:23:37.385 WIB 000c INFO[0m [grpc] [34;1mAddTraceEvent[0m -> [core] [Channel #1 SubChannel #2]Subchannel picks a new address "localhost:12051" to connect
[34m2026-06-30 11:23:37.387 WIB 000d INFO[0m [grpc] [34;1mAddTraceEvent[0m -> [core] [Channel #1 SubChannel #2]Subchannel Connectivity change to READY
[34m2026-06-30 11:23:37.387 WIB 000e INFO[0m [grpc] [34;1mInfof[0m -> [pick-first-leaf-lb] [pick-first-leaf-lb 0x348620f707e0] SubConn 0x3486210fb900 reported connectivity state READY and the health listener is disabled. Transitioning SubConn to READY.
[34m2026-06-30 11:23:37.387 WIB 000f INFO[0m [grpc] [34;1mAddTraceEvent[0m -> [core] [Channel #1]Channel Connectivity change to READY
[34m2026-06-30 11:23:37.388 WIB 0010 INFO[0m [grpc] [34;1mInfof[0m -> [core] original dial target is: "localhost:12051"
[34m2026-06-30 11:23:37.388 WIB 0011 INFO[0m [grpc] [34;1mAddTraceEvent[0m -> [core] [Channel #4]Channel created
[34m2026-06-30 11:23:37.388 WIB 0012 INFO[0m [grpc] [34;1mAddTraceEvent[0m -> [core] [Channel #4]parsed dial target is: resolver.Target{URL:url.URL{Scheme:"passthrough", Opaque:"", User:(*url.Userinfo)(nil), Host:"", Path:"/localhost:12051", Fragment:"", RawQuery:"", RawPath:"", RawFragment:"", ForceQuery:false, OmitHost:false}}
[34m2026-06-30 11:23:37.388 WIB 0013 INFO[0m [grpc] [34;1mAddTraceEvent[0m -> [core] [Channel #4]Channel authority set to "localhost:12051"
[34m2026-06-30 11:23:37.388 WIB 0014 INFO[0m [grpc] [34;1mAddTraceEvent[0m -> [core] [Channel #4]Resolver state updated: {
  "Addresses": [
    {
      "Addr": "localhost:12051",
      "ServerName": "",
      "Attributes": null,
      "BalancerAttributes": null,
      "Metadata": null
    }
  ],
  "Endpoints": [
    {
      "Addresses": [
        {
          "Addr": "localhost:12051",
          "ServerName": "",
          "Attributes": null,
          "BalancerAttributes": null,
          "Metadata": null
        }
      ],
      "Attributes": null
    }
  ],
  "ServiceConfig": null,
  "Attributes": null
} (resolver returned new addresses)
[34m2026-06-30 11:23:37.388 WIB 0015 INFO[0m [grpc] [34;1mAddTraceEvent[0m -> [core] [Channel #4]Channel switches to new LB policy "pick_first"
[34m2026-06-30 11:23:37.388 WIB 0016 INFO[0m [grpc] [34;1mInfof[0m -> [pick-first-leaf-lb] [pick-first-leaf-lb 0x348620f70bd0] Received new config {
  "shuffleAddressList": false
}, resolver state {
  "Addresses": [
    {
      "Addr": "localhost:12051",
      "ServerName": "",
      "Attributes": null,
      "BalancerAttributes": null,
      "Metadata": null
    }
  ],
  "Endpoints": [
    {
      "Addresses": [
        {
          "Addr": "localhost:12051",
          "ServerName": "",
          "Attributes": null,
          "BalancerAttributes": null,
          "Metadata": null
        }
      ],
      "Attributes": null
    }
  ],
  "ServiceConfig": null,
  "Attributes": null
}
[34m2026-06-30 11:23:37.388 WIB 0017 INFO[0m [grpc] [34;1mAddTraceEvent[0m -> [core] [Channel #4]Channel Connectivity change to CONNECTING
[34m2026-06-30 11:23:37.388 WIB 0018 INFO[0m [grpc] [34;1mAddTraceEvent[0m -> [core] [Channel #4 SubChannel #5]Subchannel created
[34m2026-06-30 11:23:37.388 WIB 0019 INFO[0m [grpc] [34;1mAddTraceEvent[0m -> [core] [Channel #4]Channel exiting idle mode
[34m2026-06-30 11:23:37.388 WIB 001a INFO[0m [grpc] [34;1mAddTraceEvent[0m -> [core] [Channel #4 SubChannel #5]Subchannel Connectivity change to CONNECTING
[34m2026-06-30 11:23:37.388 WIB 001b INFO[0m [grpc] [34;1mAddTraceEvent[0m -> [core] [Channel #4 SubChannel #5]Subchannel picks a new address "localhost:12051" to connect
[34m2026-06-30 11:23:37.390 WIB 001c INFO[0m [grpc] [34;1mAddTraceEvent[0m -> [core] [Channel #4 SubChannel #5]Subchannel Connectivity change to READY
[34m2026-06-30 11:23:37.390 WIB 001d INFO[0m [grpc] [34;1mInfof[0m -> [pick-first-leaf-lb] [pick-first-leaf-lb 0x348620f70bd0] SubConn 0x348620dfa190 reported connectivity state READY and the health listener is disabled. Transitioning SubConn to READY.
[34m2026-06-30 11:23:37.390 WIB 001e INFO[0m [grpc] [34;1mAddTraceEvent[0m -> [core] [Channel #4]Channel Connectivity change to READY
[34m2026-06-30 11:23:38.125 WIB 001f INFO[0m [cli.lifecycle.chaincode] [34;1msubmitInstallProposal[0m -> Installed remotely: response:{status:200 payload:"\nSdigital-rupiah_2.0:d6a042c286af42bb5d333350f60634fe4c1b87270c76503c869d7a4383a1336b\x12\x12digital-rupiah_2.0"}
[34m2026-06-30 11:23:38.125 WIB 0020 INFO[0m [cli.lifecycle.chaincode] [34;1msubmitInstallProposal[0m -> Chaincode code package identifier: digital-rupiah_2.0:d6a042c286af42bb5d333350f60634fe4c1b87270c76503c869d7a4383a1336b
[34m2026-06-30 11:23:38.176 WIB 0001 INFO[0m [grpc] [34;1mInfof[0m -> [core] original dial target is: "localhost:13051"
[34m2026-06-30 11:23:38.176 WIB 0002 INFO[0m [grpc] [34;1mAddTraceEvent[0m -> [core] [Channel #1]Channel created
[34m2026-06-30 11:23:38.176 WIB 0003 INFO[0m [grpc] [34;1mAddTraceEvent[0m -> [core] [Channel #1]parsed dial target is: resolver.Target{URL:url.URL{Scheme:"passthrough", Opaque:"", User:(*url.Userinfo)(nil), Host:"", Path:"/localhost:13051", Fragment:"", RawQuery:"", RawPath:"", RawFragment:"", ForceQuery:false, OmitHost:false}}
[34m2026-06-30 11:23:38.176 WIB 0004 INFO[0m [grpc] [34;1mAddTraceEvent[0m -> [core] [Channel #1]Channel authority set to "localhost:13051"
[34m2026-06-30 11:23:38.176 WIB 0005 INFO[0m [grpc] [34;1mAddTraceEvent[0m -> [core] [Channel #1]Resolver state updated: {
  "Addresses": [
    {
      "Addr": "localhost:13051",
      "ServerName": "",
      "Attributes": null,
      "BalancerAttributes": null,
      "Metadata": null
    }
  ],
  "Endpoints": [
    {
      "Addresses": [
        {
          "Addr": "localhost:13051",
          "ServerName": "",
          "Attributes": null,
          "BalancerAttributes": null,
          "Metadata": null
        }
      ],
      "Attributes": null
    }
  ],
  "ServiceConfig": null,
  "Attributes": null
} (resolver returned new addresses)
[34m2026-06-30 11:23:38.176 WIB 0006 INFO[0m [grpc] [34;1mAddTraceEvent[0m -> [core] [Channel #1]Channel switches to new LB policy "pick_first"
[34m2026-06-30 11:23:38.176 WIB 0007 INFO[0m [grpc] [34;1mInfof[0m -> [pick-first-leaf-lb] [pick-first-leaf-lb 0x2d0bfe7507e0] Received new config {
  "shuffleAddressList": false
}, resolver state {
  "Addresses": [
    {
      "Addr": "localhost:13051",
      "ServerName": "",
      "Attributes": null,
      "BalancerAttributes": null,
      "Metadata": null
    }
  ],
  "Endpoints": [
    {
      "Addresses": [
        {
          "Addr": "localhost:13051",
          "ServerName": "",
          "Attributes": null,
          "BalancerAttributes": null,
          "Metadata": null
        }
      ],
      "Attributes": null
    }
  ],
  "ServiceConfig": null,
  "Attributes": null
}
[34m2026-06-30 11:23:38.176 WIB 0008 INFO[0m [grpc] [34;1mAddTraceEvent[0m -> [core] [Channel #1]Channel Connectivity change to CONNECTING
[34m2026-06-30 11:23:38.176 WIB 0009 INFO[0m [grpc] [34;1mAddTraceEvent[0m -> [core] [Channel #1 SubChannel #2]Subchannel created
[34m2026-06-30 11:23:38.176 WIB 000a INFO[0m [grpc] [34;1mAddTraceEvent[0m -> [core] [Channel #1]Channel exiting idle mode
[34m2026-06-30 11:23:38.176 WIB 000b INFO[0m [grpc] [34;1mAddTraceEvent[0m -> [core] [Channel #1 SubChannel #2]Subchannel Connectivity change to CONNECTING
[34m2026-06-30 11:23:38.176 WIB 000c INFO[0m [grpc] [34;1mAddTraceEvent[0m -> [core] [Channel #1 SubChannel #2]Subchannel picks a new address "localhost:13051" to connect
[34m2026-06-30 11:23:38.179 WIB 000d INFO[0m [grpc] [34;1mAddTraceEvent[0m -> [core] [Channel #1 SubChannel #2]Subchannel Connectivity change to READY
[34m2026-06-30 11:23:38.179 WIB 000e INFO[0m [grpc] [34;1mInfof[0m -> [pick-first-leaf-lb] [pick-first-leaf-lb 0x2d0bfe7507e0] SubConn 0x2d0bfe842a00 reported connectivity state READY and the health listener is disabled. Transitioning SubConn to READY.
[34m2026-06-30 11:23:38.179 WIB 000f INFO[0m [grpc] [34;1mAddTraceEvent[0m -> [core] [Channel #1]Channel Connectivity change to READY
[34m2026-06-30 11:23:38.179 WIB 0010 INFO[0m [grpc] [34;1mInfof[0m -> [core] original dial target is: "localhost:13051"
[34m2026-06-30 11:23:38.179 WIB 0011 INFO[0m [grpc] [34;1mAddTraceEvent[0m -> [core] [Channel #4]Channel created
[34m2026-06-30 11:23:38.179 WIB 0012 INFO[0m [grpc] [34;1mAddTraceEvent[0m -> [core] [Channel #4]parsed dial target is: resolver.Target{URL:url.URL{Scheme:"passthrough", Opaque:"", User:(*url.Userinfo)(nil), Host:"", Path:"/localhost:13051", Fragment:"", RawQuery:"", RawPath:"", RawFragment:"", ForceQuery:false, OmitHost:false}}
[34m2026-06-30 11:23:38.179 WIB 0013 INFO[0m [grpc] [34;1mAddTraceEvent[0m -> [core] [Channel #4]Channel authority set to "localhost:13051"
[34m2026-06-30 11:23:38.179 WIB 0014 INFO[0m [grpc] [34;1mAddTraceEvent[0m -> [core] [Channel #4]Resolver state updated: {
  "Addresses": [
    {
      "Addr": "localhost:13051",
      "ServerName": "",
      "Attributes": null,
      "BalancerAttributes": null,
      "Metadata": null
    }
  ],
  "Endpoints": [
    {
      "Addresses": [
        {
          "Addr": "localhost:13051",
          "ServerName": "",
          "Attributes": null,
          "BalancerAttributes": null,
          "Metadata": null
        }
      ],
      "Attributes": null
    }
  ],
  "ServiceConfig": null,
  "Attributes": null
} (resolver returned new addresses)
[34m2026-06-30 11:23:38.179 WIB 0015 INFO[0m [grpc] [34;1mAddTraceEvent[0m -> [core] [Channel #4]Channel switches to new LB policy "pick_first"
[34m2026-06-30 11:23:38.179 WIB 0016 INFO[0m [grpc] [34;1mInfof[0m -> [pick-first-leaf-lb] [pick-first-leaf-lb 0x2d0bfe750bd0] Received new config {
  "shuffleAddressList": false
}, resolver state {
  "Addresses": [
    {
      "Addr": "localhost:13051",
      "ServerName": "",
      "Attributes": null,
      "BalancerAttributes": null,
      "Metadata": null
    }
  ],
  "Endpoints": [
    {
      "Addresses": [
        {
          "Addr": "localhost:13051",
          "ServerName": "",
          "Attributes": null,
          "BalancerAttributes": null,
          "Metadata": null
        }
      ],
      "Attributes": null
    }
  ],
  "ServiceConfig": null,
  "Attributes": null
}
[34m2026-06-30 11:23:38.179 WIB 0017 INFO[0m [grpc] [34;1mAddTraceEvent[0m -> [core] [Channel #4]Channel Connectivity change to CONNECTING
[34m2026-06-30 11:23:38.179 WIB 0018 INFO[0m [grpc] [34;1mAddTraceEvent[0m -> [core] [Channel #4 SubChannel #5]Subchannel created
[34m2026-06-30 11:23:38.179 WIB 0019 INFO[0m [grpc] [34;1mAddTraceEvent[0m -> [core] [Channel #4]Channel exiting idle mode
[34m2026-06-30 11:23:38.179 WIB 001a INFO[0m [grpc] [34;1mAddTraceEvent[0m -> [core] [Channel #4 SubChannel #5]Subchannel Connectivity change to CONNECTING
[34m2026-06-30 11:23:38.179 WIB 001b INFO[0m [grpc] [34;1mAddTraceEvent[0m -> [core] [Channel #4 SubChannel #5]Subchannel picks a new address "localhost:13051" to connect
[34m2026-06-30 11:23:38.181 WIB 001c INFO[0m [grpc] [34;1mAddTraceEvent[0m -> [core] [Channel #4 SubChannel #5]Subchannel Connectivity change to READY
[34m2026-06-30 11:23:38.181 WIB 001d INFO[0m [grpc] [34;1mInfof[0m -> [pick-first-leaf-lb] [pick-first-leaf-lb 0x2d0bfe750bd0] SubConn 0x2d0bfe842d70 reported connectivity state READY and the health listener is disabled. Transitioning SubConn to READY.
[34m2026-06-30 11:23:38.181 WIB 001e INFO[0m [grpc] [34;1mAddTraceEvent[0m -> [core] [Channel #4]Channel Connectivity change to READY
[34m2026-06-30 11:23:38.908 WIB 001f INFO[0m [cli.lifecycle.chaincode] [34;1msubmitInstallProposal[0m -> Installed remotely: response:{status:200 payload:"\nSdigital-rupiah_2.0:d6a042c286af42bb5d333350f60634fe4c1b87270c76503c869d7a4383a1336b\x12\x12digital-rupiah_2.0"}
[34m2026-06-30 11:23:38.908 WIB 0020 INFO[0m [cli.lifecycle.chaincode] [34;1msubmitInstallProposal[0m -> Chaincode code package identifier: digital-rupiah_2.0:d6a042c286af42bb5d333350f60634fe4c1b87270c76503c869d7a4383a1336b
[34m2026-06-30 11:23:38.959 WIB 0001 INFO[0m [grpc] [34;1mInfof[0m -> [core] original dial target is: "localhost:13051"
[34m2026-06-30 11:23:38.959 WIB 0002 INFO[0m [grpc] [34;1mAddTraceEvent[0m -> [core] [Channel #1]Channel created
[34m2026-06-30 11:23:38.960 WIB 0003 INFO[0m [grpc] [34;1mAddTraceEvent[0m -> [core] [Channel #1]parsed dial target is: resolver.Target{URL:url.URL{Scheme:"passthrough", Opaque:"", User:(*url.Userinfo)(nil), Host:"", Path:"/localhost:13051", Fragment:"", RawQuery:"", RawPath:"", RawFragment:"", ForceQuery:false, OmitHost:false}}
[34m2026-06-30 11:23:38.960 WIB 0004 INFO[0m [grpc] [34;1mAddTraceEvent[0m -> [core] [Channel #1]Channel authority set to "localhost:13051"
[34m2026-06-30 11:23:38.960 WIB 0005 INFO[0m [grpc] [34;1mAddTraceEvent[0m -> [core] [Channel #1]Resolver state updated: {
  "Addresses": [
    {
      "Addr": "localhost:13051",
      "ServerName": "",
      "Attributes": null,
      "BalancerAttributes": null,
      "Metadata": null
    }
  ],
  "Endpoints": [
    {
      "Addresses": [
        {
          "Addr": "localhost:13051",
          "ServerName": "",
          "Attributes": null,
          "BalancerAttributes": null,
          "Metadata": null
        }
      ],
      "Attributes": null
    }
  ],
  "ServiceConfig": null,
  "Attributes": null
} (resolver returned new addresses)
[34m2026-06-30 11:23:38.960 WIB 0006 INFO[0m [grpc] [34;1mAddTraceEvent[0m -> [core] [Channel #1]Channel switches to new LB policy "pick_first"
[34m2026-06-30 11:23:38.960 WIB 0007 INFO[0m [grpc] [34;1mInfof[0m -> [pick-first-leaf-lb] [pick-first-leaf-lb 0x21d66e5e6480] Received new config {
  "shuffleAddressList": false
}, resolver state {
  "Addresses": [
    {
      "Addr": "localhost:13051",
      "ServerName": "",
      "Attributes": null,
      "BalancerAttributes": null,
      "Metadata": null
    }
  ],
  "Endpoints": [
    {
      "Addresses": [
        {
          "Addr": "localhost:13051",
          "ServerName": "",
          "Attributes": null,
          "BalancerAttributes": null,
          "Metadata": null
        }
      ],
      "Attributes": null
    }
  ],
  "ServiceConfig": null,
  "Attributes": null
}
[34m2026-06-30 11:23:38.960 WIB 0008 INFO[0m [grpc] [34;1mAddTraceEvent[0m -> [core] [Channel #1]Channel Connectivity change to CONNECTING
[34m2026-06-30 11:23:38.960 WIB 0009 INFO[0m [grpc] [34;1mAddTraceEvent[0m -> [core] [Channel #1 SubChannel #2]Subchannel created
[34m2026-06-30 11:23:38.960 WIB 000a INFO[0m [grpc] [34;1mAddTraceEvent[0m -> [core] [Channel #1]Channel exiting idle mode
[34m2026-06-30 11:23:38.960 WIB 000b INFO[0m [grpc] [34;1mAddTraceEvent[0m -> [core] [Channel #1 SubChannel #2]Subchannel Connectivity change to CONNECTING
[34m2026-06-30 11:23:38.960 WIB 000c INFO[0m [grpc] [34;1mAddTraceEvent[0m -> [core] [Channel #1 SubChannel #2]Subchannel picks a new address "localhost:13051" to connect
[34m2026-06-30 11:23:38.962 WIB 000d INFO[0m [grpc] [34;1mAddTraceEvent[0m -> [core] [Channel #1 SubChannel #2]Subchannel Connectivity change to READY
[34m2026-06-30 11:23:38.963 WIB 000e INFO[0m [grpc] [34;1mInfof[0m -> [pick-first-leaf-lb] [pick-first-leaf-lb 0x21d66e5e6480] SubConn 0x21d66ea11720 reported connectivity state READY and the health listener is disabled. Transitioning SubConn to READY.
[34m2026-06-30 11:23:38.963 WIB 000f INFO[0m [grpc] [34;1mAddTraceEvent[0m -> [core] [Channel #1]Channel Connectivity change to READY
[34m2026-06-30 11:23:38.963 WIB 0010 INFO[0m [grpc] [34;1mInfof[0m -> [core] original dial target is: "localhost:13051"
[34m2026-06-30 11:23:38.963 WIB 0011 INFO[0m [grpc] [34;1mAddTraceEvent[0m -> [core] [Channel #4]Channel created
[34m2026-06-30 11:23:38.963 WIB 0012 INFO[0m [grpc] [34;1mAddTraceEvent[0m -> [core] [Channel #4]parsed dial target is: resolver.Target{URL:url.URL{Scheme:"passthrough", Opaque:"", User:(*url.Userinfo)(nil), Host:"", Path:"/localhost:13051", Fragment:"", RawQuery:"", RawPath:"", RawFragment:"", ForceQuery:false, OmitHost:false}}
[34m2026-06-30 11:23:38.963 WIB 0013 INFO[0m [grpc] [34;1mAddTraceEvent[0m -> [core] [Channel #4]Channel authority set to "localhost:13051"
[34m2026-06-30 11:23:38.963 WIB 0014 INFO[0m [grpc] [34;1mAddTraceEvent[0m -> [core] [Channel #4]Resolver state updated: {
  "Addresses": [
    {
      "Addr": "localhost:13051",
      "ServerName": "",
      "Attributes": null,
      "BalancerAttributes": null,
      "Metadata": null
    }
  ],
  "Endpoints": [
    {
      "Addresses": [
        {
          "Addr": "localhost:13051",
          "ServerName": "",
          "Attributes": null,
          "BalancerAttributes": null,
          "Metadata": null
        }
      ],
      "Attributes": null
    }
  ],
  "ServiceConfig": null,
  "Attributes": null
} (resolver returned new addresses)
[34m2026-06-30 11:23:38.963 WIB 0015 INFO[0m [grpc] [34;1mAddTraceEvent[0m -> [core] [Channel #4]Channel switches to new LB policy "pick_first"
[34m2026-06-30 11:23:38.963 WIB 0016 INFO[0m [grpc] [34;1mInfof[0m -> [pick-first-leaf-lb] [pick-first-leaf-lb 0x21d66e9205a0] Received new config {
  "shuffleAddressList": false
}, resolver state {
  "Addresses": [
    {
      "Addr": "localhost:13051",
      "ServerName": "",
      "Attributes": null,
      "BalancerAttributes": null,
      "Metadata": null
    }
  ],
  "Endpoints": [
    {
      "Addresses": [
        {
          "Addr": "localhost:13051",
          "ServerName": "",
          "Attributes": null,
          "BalancerAttributes": null,
          "Metadata": null
        }
      ],
      "Attributes": null
    }
  ],
  "ServiceConfig": null,
  "Attributes": null
}
[34m2026-06-30 11:23:38.963 WIB 0017 INFO[0m [grpc] [34;1mAddTraceEvent[0m -> [core] [Channel #4]Channel Connectivity change to CONNECTING
[34m2026-06-30 11:23:38.963 WIB 0018 INFO[0m [grpc] [34;1mAddTraceEvent[0m -> [core] [Channel #4 SubChannel #5]Subchannel created
[34m2026-06-30 11:23:38.963 WIB 0019 INFO[0m [grpc] [34;1mAddTraceEvent[0m -> [core] [Channel #4]Channel exiting idle mode
[34m2026-06-30 11:23:38.963 WIB 001a INFO[0m [grpc] [34;1mAddTraceEvent[0m -> [core] [Channel #4 SubChannel #5]Subchannel Connectivity change to CONNECTING
[34m2026-06-30 11:23:38.963 WIB 001b INFO[0m [grpc] [34;1mAddTraceEvent[0m -> [core] [Channel #4 SubChannel #5]Subchannel picks a new address "localhost:13051" to connect
[34m2026-06-30 11:23:38.965 WIB 001c INFO[0m [grpc] [34;1mAddTraceEvent[0m -> [core] [Channel #4 SubChannel #5]Subchannel Connectivity change to READY
[34m2026-06-30 11:23:38.965 WIB 001d INFO[0m [grpc] [34;1mInfof[0m -> [pick-first-leaf-lb] [pick-first-leaf-lb 0x21d66e9205a0] SubConn 0x21d66e79c820 reported connectivity state READY and the health listener is disabled. Transitioning SubConn to READY.
[34m2026-06-30 11:23:38.965 WIB 001e INFO[0m [grpc] [34;1mAddTraceEvent[0m -> [core] [Channel #4]Channel Connectivity change to READY
Package ID: digital-rupiah_2.0:d6a042c286af42bb5d333350f60634fe4c1b87270c76503c869d7a4383a1336b
Approving chaincode for all 5 orgs...
[34m2026-06-30 11:23:39.015 WIB 0001 INFO[0m [grpc] [34;1mInfof[0m -> [core] original dial target is: "localhost:7051"
[34m2026-06-30 11:23:39.015 WIB 0002 INFO[0m [grpc] [34;1mAddTraceEvent[0m -> [core] [Channel #1]Channel created
[34m2026-06-30 11:23:39.015 WIB 0003 INFO[0m [grpc] [34;1mAddTraceEvent[0m -> [core] [Channel #1]parsed dial target is: resolver.Target{URL:url.URL{Scheme:"passthrough", Opaque:"", User:(*url.Userinfo)(nil), Host:"", Path:"/localhost:7051", Fragment:"", RawQuery:"", RawPath:"", RawFragment:"", ForceQuery:false, OmitHost:false}}
[34m2026-06-30 11:23:39.015 WIB 0004 INFO[0m [grpc] [34;1mAddTraceEvent[0m -> [core] [Channel #1]Channel authority set to "localhost:7051"
[34m2026-06-30 11:23:39.015 WIB 0005 INFO[0m [grpc] [34;1mAddTraceEvent[0m -> [core] [Channel #1]Resolver state updated: {
  "Addresses": [
    {
      "Addr": "localhost:7051",
      "ServerName": "",
      "Attributes": null,
      "BalancerAttributes": null,
      "Metadata": null
    }
  ],
  "Endpoints": [
    {
      "Addresses": [
        {
          "Addr": "localhost:7051",
          "ServerName": "",
          "Attributes": null,
          "BalancerAttributes": null,
          "Metadata": null
        }
      ],
      "Attributes": null
    }
  ],
  "ServiceConfig": null,
  "Attributes": null
} (resolver returned new addresses)
[34m2026-06-30 11:23:39.015 WIB 0006 INFO[0m [grpc] [34;1mAddTraceEvent[0m -> [core] [Channel #1]Channel switches to new LB policy "pick_first"
[34m2026-06-30 11:23:39.015 WIB 0007 INFO[0m [grpc] [34;1mInfof[0m -> [pick-first-leaf-lb] [pick-first-leaf-lb 0x214bb2867320] Received new config {
  "shuffleAddressList": false
}, resolver state {
  "Addresses": [
    {
      "Addr": "localhost:7051",
      "ServerName": "",
      "Attributes": null,
      "BalancerAttributes": null,
      "Metadata": null
    }
  ],
  "Endpoints": [
    {
      "Addresses": [
        {
          "Addr": "localhost:7051",
          "ServerName": "",
          "Attributes": null,
          "BalancerAttributes": null,
          "Metadata": null
        }
      ],
      "Attributes": null
    }
  ],
  "ServiceConfig": null,
  "Attributes": null
}
[34m2026-06-30 11:23:39.015 WIB 0008 INFO[0m [grpc] [34;1mAddTraceEvent[0m -> [core] [Channel #1]Channel Connectivity change to CONNECTING
[34m2026-06-30 11:23:39.016 WIB 0009 INFO[0m [grpc] [34;1mAddTraceEvent[0m -> [core] [Channel #1 SubChannel #2]Subchannel created
[34m2026-06-30 11:23:39.016 WIB 000a INFO[0m [grpc] [34;1mAddTraceEvent[0m -> [core] [Channel #1]Channel exiting idle mode
[34m2026-06-30 11:23:39.016 WIB 000b INFO[0m [grpc] [34;1mAddTraceEvent[0m -> [core] [Channel #1 SubChannel #2]Subchannel Connectivity change to CONNECTING
[34m2026-06-30 11:23:39.016 WIB 000c INFO[0m [grpc] [34;1mAddTraceEvent[0m -> [core] [Channel #1 SubChannel #2]Subchannel picks a new address "localhost:7051" to connect
[34m2026-06-30 11:23:39.018 WIB 000d INFO[0m [grpc] [34;1mAddTraceEvent[0m -> [core] [Channel #1 SubChannel #2]Subchannel Connectivity change to READY
[34m2026-06-30 11:23:39.018 WIB 000e INFO[0m [grpc] [34;1mInfof[0m -> [pick-first-leaf-lb] [pick-first-leaf-lb 0x214bb2867320] SubConn 0x214bb298e870 reported connectivity state READY and the health listener is disabled. Transitioning SubConn to READY.
[34m2026-06-30 11:23:39.018 WIB 000f INFO[0m [grpc] [34;1mAddTraceEvent[0m -> [core] [Channel #1]Channel Connectivity change to READY
[34m2026-06-30 11:23:39.018 WIB 0010 INFO[0m [grpc] [34;1mInfof[0m -> [core] original dial target is: "localhost:7051"
[34m2026-06-30 11:23:39.018 WIB 0011 INFO[0m [grpc] [34;1mAddTraceEvent[0m -> [core] [Channel #4]Channel created
[34m2026-06-30 11:23:39.018 WIB 0012 INFO[0m [grpc] [34;1mAddTraceEvent[0m -> [core] [Channel #4]parsed dial target is: resolver.Target{URL:url.URL{Scheme:"passthrough", Opaque:"", User:(*url.Userinfo)(nil), Host:"", Path:"/localhost:7051", Fragment:"", RawQuery:"", RawPath:"", RawFragment:"", ForceQuery:false, OmitHost:false}}
[34m2026-06-30 11:23:39.018 WIB 0013 INFO[0m [grpc] [34;1mAddTraceEvent[0m -> [core] [Channel #4]Channel authority set to "localhost:7051"
[34m2026-06-30 11:23:39.019 WIB 0014 INFO[0m [grpc] [34;1mAddTraceEvent[0m -> [core] [Channel #4]Resolver state updated: {
  "Addresses": [
    {
      "Addr": "localhost:7051",
      "ServerName": "",
      "Attributes": null,
      "BalancerAttributes": null,
      "Metadata": null
    }
  ],
  "Endpoints": [
    {
      "Addresses": [
        {
          "Addr": "localhost:7051",
          "ServerName": "",
          "Attributes": null,
          "BalancerAttributes": null,
          "Metadata": null
        }
      ],
      "Attributes": null
    }
  ],
  "ServiceConfig": null,
  "Attributes": null
} (resolver returned new addresses)
[34m2026-06-30 11:23:39.019 WIB 0015 INFO[0m [grpc] [34;1mAddTraceEvent[0m -> [core] [Channel #4]Channel switches to new LB policy "pick_first"
[34m2026-06-30 11:23:39.019 WIB 0016 INFO[0m [grpc] [34;1mInfof[0m -> [pick-first-leaf-lb] [pick-first-leaf-lb 0x214bb2867710] Received new config {
  "shuffleAddressList": false
}, resolver state {
  "Addresses": [
    {
      "Addr": "localhost:7051",
      "ServerName": "",
      "Attributes": null,
      "BalancerAttributes": null,
      "Metadata": null
    }
  ],
  "Endpoints": [
    {
      "Addresses": [
        {
          "Addr": "localhost:7051",
          "ServerName": "",
          "Attributes": null,
          "BalancerAttributes": null,
          "Metadata": null
        }
      ],
      "Attributes": null
    }
  ],
  "ServiceConfig": null,
  "Attributes": null
}
[34m2026-06-30 11:23:39.019 WIB 0017 INFO[0m [grpc] [34;1mAddTraceEvent[0m -> [core] [Channel #4]Channel Connectivity change to CONNECTING
[34m2026-06-30 11:23:39.019 WIB 0018 INFO[0m [grpc] [34;1mAddTraceEvent[0m -> [core] [Channel #4 SubChannel #5]Subchannel created
[34m2026-06-30 11:23:39.019 WIB 0019 INFO[0m [grpc] [34;1mAddTraceEvent[0m -> [core] [Channel #4]Channel exiting idle mode
[34m2026-06-30 11:23:39.019 WIB 001a INFO[0m [grpc] [34;1mAddTraceEvent[0m -> [core] [Channel #4 SubChannel #5]Subchannel Connectivity change to CONNECTING
[34m2026-06-30 11:23:39.019 WIB 001b INFO[0m [grpc] [34;1mAddTraceEvent[0m -> [core] [Channel #4 SubChannel #5]Subchannel picks a new address "localhost:7051" to connect
[34m2026-06-30 11:23:39.021 WIB 001c INFO[0m [grpc] [34;1mAddTraceEvent[0m -> [core] [Channel #4 SubChannel #5]Subchannel Connectivity change to READY
[34m2026-06-30 11:23:39.021 WIB 001d INFO[0m [grpc] [34;1mInfof[0m -> [pick-first-leaf-lb] [pick-first-leaf-lb 0x214bb2867710] SubConn 0x214bb298ebe0 reported connectivity state READY and the health listener is disabled. Transitioning SubConn to READY.
[34m2026-06-30 11:23:39.021 WIB 001e INFO[0m [grpc] [34;1mAddTraceEvent[0m -> [core] [Channel #4]Channel Connectivity change to READY
[33m2026-06-30 11:23:39.021 WIB 001f WARN[0m [grpc] [33;1mWarningf[0m -> [core] Adjusting keepalive ping interval to minimum period of 10s
[34m2026-06-30 11:23:39.021 WIB 0020 INFO[0m [grpc] [34;1mInfof[0m -> [core] original dial target is: "localhost:7050"
[34m2026-06-30 11:23:39.021 WIB 0021 INFO[0m [grpc] [34;1mAddTraceEvent[0m -> [core] [Channel #7]Channel created
[34m2026-06-30 11:23:39.021 WIB 0022 INFO[0m [grpc] [34;1mAddTraceEvent[0m -> [core] [Channel #7]parsed dial target is: resolver.Target{URL:url.URL{Scheme:"passthrough", Opaque:"", User:(*url.Userinfo)(nil), Host:"", Path:"/localhost:7050", Fragment:"", RawQuery:"", RawPath:"", RawFragment:"", ForceQuery:false, OmitHost:false}}
[34m2026-06-30 11:23:39.021 WIB 0023 INFO[0m [grpc] [34;1mAddTraceEvent[0m -> [core] [Channel #7]Channel authority set to "orderer.paynet"
[34m2026-06-30 11:23:39.021 WIB 0024 INFO[0m [grpc] [34;1mAddTraceEvent[0m -> [core] [Channel #7]Resolver state updated: {
  "Addresses": [
    {
      "Addr": "localhost:7050",
      "ServerName": "",
      "Attributes": null,
      "BalancerAttributes": null,
      "Metadata": null
    }
  ],
  "Endpoints": [
    {
      "Addresses": [
        {
          "Addr": "localhost:7050",
          "ServerName": "",
          "Attributes": null,
          "BalancerAttributes": null,
          "Metadata": null
        }
      ],
      "Attributes": null
    }
  ],
  "ServiceConfig": null,
  "Attributes": null
} (resolver returned new addresses)
[34m2026-06-30 11:23:39.021 WIB 0025 INFO[0m [grpc] [34;1mAddTraceEvent[0m -> [core] [Channel #7]Channel switches to new LB policy "pick_first"
[34m2026-06-30 11:23:39.021 WIB 0026 INFO[0m [grpc] [34;1mInfof[0m -> [pick-first-leaf-lb] [pick-first-leaf-lb 0x214bb2991050] Received new config {
  "shuffleAddressList": false
}, resolver state {
  "Addresses": [
    {
      "Addr": "localhost:7050",
      "ServerName": "",
      "Attributes": null,
      "BalancerAttributes": null,
      "Metadata": null
    }
  ],
  "Endpoints": [
    {
      "Addresses": [
        {
          "Addr": "localhost:7050",
          "ServerName": "",
          "Attributes": null,
          "BalancerAttributes": null,
          "Metadata": null
        }
      ],
      "Attributes": null
    }
  ],
  "ServiceConfig": null,
  "Attributes": null
}
[34m2026-06-30 11:23:39.021 WIB 0027 INFO[0m [grpc] [34;1mAddTraceEvent[0m -> [core] [Channel #7]Channel Connectivity change to CONNECTING
[34m2026-06-30 11:23:39.021 WIB 0028 INFO[0m [grpc] [34;1mAddTraceEvent[0m -> [core] [Channel #7 SubChannel #8]Subchannel created
[34m2026-06-30 11:23:39.021 WIB 0029 INFO[0m [grpc] [34;1mAddTraceEvent[0m -> [core] [Channel #7]Channel exiting idle mode
[34m2026-06-30 11:23:39.021 WIB 002a INFO[0m [grpc] [34;1mAddTraceEvent[0m -> [core] [Channel #7 SubChannel #8]Subchannel Connectivity change to CONNECTING
[34m2026-06-30 11:23:39.021 WIB 002b INFO[0m [grpc] [34;1mAddTraceEvent[0m -> [core] [Channel #7 SubChannel #8]Subchannel picks a new address "localhost:7050" to connect
[34m2026-06-30 11:23:39.024 WIB 002c INFO[0m [grpc] [34;1mAddTraceEvent[0m -> [core] [Channel #7 SubChannel #8]Subchannel Connectivity change to READY
[34m2026-06-30 11:23:39.024 WIB 002d INFO[0m [grpc] [34;1mInfof[0m -> [pick-first-leaf-lb] [pick-first-leaf-lb 0x214bb2991050] SubConn 0x214bb2a5c5a0 reported connectivity state READY and the health listener is disabled. Transitioning SubConn to READY.
[34m2026-06-30 11:23:39.024 WIB 002e INFO[0m [grpc] [34;1mAddTraceEvent[0m -> [core] [Channel #7]Channel Connectivity change to READY
[34m2026-06-30 11:23:41.178 WIB 002f INFO[0m [chaincodeCmd] [34;1mClientWait[0m -> txid [545709f41c9d75d6284f46943703a776f174a589d7cfe82462132663600bbc4f] committed with status (VALID) at localhost:7051
[34m2026-06-30 11:23:41.257 WIB 0001 INFO[0m [grpc] [34;1mInfof[0m -> [core] original dial target is: "localhost:9051"
[34m2026-06-30 11:23:41.257 WIB 0002 INFO[0m [grpc] [34;1mAddTraceEvent[0m -> [core] [Channel #1]Channel created
[34m2026-06-30 11:23:41.257 WIB 0003 INFO[0m [grpc] [34;1mAddTraceEvent[0m -> [core] [Channel #1]parsed dial target is: resolver.Target{URL:url.URL{Scheme:"passthrough", Opaque:"", User:(*url.Userinfo)(nil), Host:"", Path:"/localhost:9051", Fragment:"", RawQuery:"", RawPath:"", RawFragment:"", ForceQuery:false, OmitHost:false}}
[34m2026-06-30 11:23:41.257 WIB 0004 INFO[0m [grpc] [34;1mAddTraceEvent[0m -> [core] [Channel #1]Channel authority set to "localhost:9051"
[34m2026-06-30 11:23:41.258 WIB 0005 INFO[0m [grpc] [34;1mAddTraceEvent[0m -> [core] [Channel #1]Resolver state updated: {
  "Addresses": [
    {
      "Addr": "localhost:9051",
      "ServerName": "",
      "Attributes": null,
      "BalancerAttributes": null,
      "Metadata": null
    }
  ],
  "Endpoints": [
    {
      "Addresses": [
        {
          "Addr": "localhost:9051",
          "ServerName": "",
          "Attributes": null,
          "BalancerAttributes": null,
          "Metadata": null
        }
      ],
      "Attributes": null
    }
  ],
  "ServiceConfig": null,
  "Attributes": null
} (resolver returned new addresses)
[34m2026-06-30 11:23:41.258 WIB 0006 INFO[0m [grpc] [34;1mAddTraceEvent[0m -> [core] [Channel #1]Channel switches to new LB policy "pick_first"
[34m2026-06-30 11:23:41.258 WIB 0007 INFO[0m [grpc] [34;1mInfof[0m -> [pick-first-leaf-lb] [pick-first-leaf-lb 0x4d120b706c0] Received new config {
  "shuffleAddressList": false
}, resolver state {
  "Addresses": [
    {
      "Addr": "localhost:9051",
      "ServerName": "",
      "Attributes": null,
      "BalancerAttributes": null,
      "Metadata": null
    }
  ],
  "Endpoints": [
    {
      "Addresses": [
        {
          "Addr": "localhost:9051",
          "ServerName": "",
          "Attributes": null,
          "BalancerAttributes": null,
          "Metadata": null
        }
      ],
      "Attributes": null
    }
  ],
  "ServiceConfig": null,
  "Attributes": null
}
[34m2026-06-30 11:23:41.258 WIB 0008 INFO[0m [grpc] [34;1mAddTraceEvent[0m -> [core] [Channel #1]Channel Connectivity change to CONNECTING
[34m2026-06-30 11:23:41.258 WIB 0009 INFO[0m [grpc] [34;1mAddTraceEvent[0m -> [core] [Channel #1 SubChannel #2]Subchannel created
[34m2026-06-30 11:23:41.258 WIB 000a INFO[0m [grpc] [34;1mAddTraceEvent[0m -> [core] [Channel #1]Channel exiting idle mode
[34m2026-06-30 11:23:41.258 WIB 000b INFO[0m [grpc] [34;1mAddTraceEvent[0m -> [core] [Channel #1 SubChannel #2]Subchannel Connectivity change to CONNECTING
[34m2026-06-30 11:23:41.258 WIB 000c INFO[0m [grpc] [34;1mAddTraceEvent[0m -> [core] [Channel #1 SubChannel #2]Subchannel picks a new address "localhost:9051" to connect
[34m2026-06-30 11:23:41.263 WIB 000d INFO[0m [grpc] [34;1mAddTraceEvent[0m -> [core] [Channel #1 SubChannel #2]Subchannel Connectivity change to READY
[34m2026-06-30 11:23:41.263 WIB 000e INFO[0m [grpc] [34;1mInfof[0m -> [pick-first-leaf-lb] [pick-first-leaf-lb 0x4d120b706c0] SubConn 0x4d120ae10e0 reported connectivity state READY and the health listener is disabled. Transitioning SubConn to READY.
[34m2026-06-30 11:23:41.263 WIB 000f INFO[0m [grpc] [34;1mAddTraceEvent[0m -> [core] [Channel #1]Channel Connectivity change to READY
[34m2026-06-30 11:23:41.263 WIB 0010 INFO[0m [grpc] [34;1mInfof[0m -> [core] original dial target is: "localhost:9051"
[34m2026-06-30 11:23:41.263 WIB 0011 INFO[0m [grpc] [34;1mAddTraceEvent[0m -> [core] [Channel #4]Channel created
[34m2026-06-30 11:23:41.264 WIB 0012 INFO[0m [grpc] [34;1mAddTraceEvent[0m -> [core] [Channel #4]parsed dial target is: resolver.Target{URL:url.URL{Scheme:"passthrough", Opaque:"", User:(*url.Userinfo)(nil), Host:"", Path:"/localhost:9051", Fragment:"", RawQuery:"", RawPath:"", RawFragment:"", ForceQuery:false, OmitHost:false}}
[34m2026-06-30 11:23:41.264 WIB 0013 INFO[0m [grpc] [34;1mAddTraceEvent[0m -> [core] [Channel #4]Channel authority set to "localhost:9051"
[34m2026-06-30 11:23:41.264 WIB 0014 INFO[0m [grpc] [34;1mAddTraceEvent[0m -> [core] [Channel #4]Resolver state updated: {
  "Addresses": [
    {
      "Addr": "localhost:9051",
      "ServerName": "",
      "Attributes": null,
      "BalancerAttributes": null,
      "Metadata": null
    }
  ],
  "Endpoints": [
    {
      "Addresses": [
        {
          "Addr": "localhost:9051",
          "ServerName": "",
          "Attributes": null,
          "BalancerAttributes": null,
          "Metadata": null
        }
      ],
      "Attributes": null
    }
  ],
  "ServiceConfig": null,
  "Attributes": null
} (resolver returned new addresses)
[34m2026-06-30 11:23:41.264 WIB 0015 INFO[0m [grpc] [34;1mAddTraceEvent[0m -> [core] [Channel #4]Channel switches to new LB policy "pick_first"
[34m2026-06-30 11:23:41.264 WIB 0016 INFO[0m [grpc] [34;1mInfof[0m -> [pick-first-leaf-lb] [pick-first-leaf-lb 0x4d12080c360] Received new config {
  "shuffleAddressList": false
}, resolver state {
  "Addresses": [
    {
      "Addr": "localhost:9051",
      "ServerName": "",
      "Attributes": null,
      "BalancerAttributes": null,
      "Metadata": null
    }
  ],
  "Endpoints": [
    {
      "Addresses": [
        {
          "Addr": "localhost:9051",
          "ServerName": "",
          "Attributes": null,
          "BalancerAttributes": null,
          "Metadata": null
        }
      ],
      "Attributes": null
    }
  ],
  "ServiceConfig": null,
  "Attributes": null
}
[34m2026-06-30 11:23:41.264 WIB 0017 INFO[0m [grpc] [34;1mAddTraceEvent[0m -> [core] [Channel #4]Channel Connectivity change to CONNECTING
[34m2026-06-30 11:23:41.264 WIB 0018 INFO[0m [grpc] [34;1mAddTraceEvent[0m -> [core] [Channel #4 SubChannel #5]Subchannel created
[34m2026-06-30 11:23:41.264 WIB 0019 INFO[0m [grpc] [34;1mAddTraceEvent[0m -> [core] [Channel #4]Channel exiting idle mode
[34m2026-06-30 11:23:41.264 WIB 001a INFO[0m [grpc] [34;1mAddTraceEvent[0m -> [core] [Channel #4 SubChannel #5]Subchannel Connectivity change to CONNECTING
[34m2026-06-30 11:23:41.264 WIB 001b INFO[0m [grpc] [34;1mAddTraceEvent[0m -> [core] [Channel #4 SubChannel #5]Subchannel picks a new address "localhost:9051" to connect
[34m2026-06-30 11:23:41.267 WIB 001c INFO[0m [grpc] [34;1mAddTraceEvent[0m -> [core] [Channel #4 SubChannel #5]Subchannel Connectivity change to READY
[34m2026-06-30 11:23:41.268 WIB 001d INFO[0m [grpc] [34;1mInfof[0m -> [pick-first-leaf-lb] [pick-first-leaf-lb 0x4d12080c360] SubConn 0x4d1208c9cc0 reported connectivity state READY and the health listener is disabled. Transitioning SubConn to READY.
[34m2026-06-30 11:23:41.268 WIB 001e INFO[0m [grpc] [34;1mAddTraceEvent[0m -> [core] [Channel #4]Channel Connectivity change to READY
[33m2026-06-30 11:23:41.268 WIB 001f WARN[0m [grpc] [33;1mWarningf[0m -> [core] Adjusting keepalive ping interval to minimum period of 10s
[34m2026-06-30 11:23:41.276 WIB 0020 INFO[0m [grpc] [34;1mInfof[0m -> [core] original dial target is: "localhost:7050"
[34m2026-06-30 11:23:41.276 WIB 0021 INFO[0m [grpc] [34;1mAddTraceEvent[0m -> [core] [Channel #7]Channel created
[34m2026-06-30 11:23:41.276 WIB 0022 INFO[0m [grpc] [34;1mAddTraceEvent[0m -> [core] [Channel #7]parsed dial target is: resolver.Target{URL:url.URL{Scheme:"passthrough", Opaque:"", User:(*url.Userinfo)(nil), Host:"", Path:"/localhost:7050", Fragment:"", RawQuery:"", RawPath:"", RawFragment:"", ForceQuery:false, OmitHost:false}}
[34m2026-06-30 11:23:41.276 WIB 0023 INFO[0m [grpc] [34;1mAddTraceEvent[0m -> [core] [Channel #7]Channel authority set to "orderer.paynet"
[34m2026-06-30 11:23:41.281 WIB 0024 INFO[0m [grpc] [34;1mAddTraceEvent[0m -> [core] [Channel #7]Resolver state updated: {
  "Addresses": [
    {
      "Addr": "localhost:7050",
      "ServerName": "",
      "Attributes": null,
      "BalancerAttributes": null,
      "Metadata": null
    }
  ],
  "Endpoints": [
    {
      "Addresses": [
        {
          "Addr": "localhost:7050",
          "ServerName": "",
          "Attributes": null,
          "BalancerAttributes": null,
          "Metadata": null
        }
      ],
      "Attributes": null
    }
  ],
  "ServiceConfig": null,
  "Attributes": null
} (resolver returned new addresses)
[34m2026-06-30 11:23:41.281 WIB 0025 INFO[0m [grpc] [34;1mAddTraceEvent[0m -> [core] [Channel #7]Channel switches to new LB policy "pick_first"
[34m2026-06-30 11:23:41.281 WIB 0026 INFO[0m [grpc] [34;1mInfof[0m -> [pick-first-leaf-lb] [pick-first-leaf-lb 0x4d120b70480] Received new config {
  "shuffleAddressList": false
}, resolver state {
  "Addresses": [
    {
      "Addr": "localhost:7050",
      "ServerName": "",
      "Attributes": null,
      "BalancerAttributes": null,
      "Metadata": null
    }
  ],
  "Endpoints": [
    {
      "Addresses": [
        {
          "Addr": "localhost:7050",
          "ServerName": "",
          "Attributes": null,
          "BalancerAttributes": null,
          "Metadata": null
        }
      ],
      "Attributes": null
    }
  ],
  "ServiceConfig": null,
  "Attributes": null
}
[34m2026-06-30 11:23:41.281 WIB 0027 INFO[0m [grpc] [34;1mAddTraceEvent[0m -> [core] [Channel #7]Channel Connectivity change to CONNECTING
[34m2026-06-30 11:23:41.281 WIB 0028 INFO[0m [grpc] [34;1mAddTraceEvent[0m -> [core] [Channel #7 SubChannel #8]Subchannel created
[34m2026-06-30 11:23:41.281 WIB 0029 INFO[0m [grpc] [34;1mAddTraceEvent[0m -> [core] [Channel #7]Channel exiting idle mode
[34m2026-06-30 11:23:41.282 WIB 002a INFO[0m [grpc] [34;1mAddTraceEvent[0m -> [core] [Channel #7 SubChannel #8]Subchannel Connectivity change to CONNECTING
[34m2026-06-30 11:23:41.282 WIB 002b INFO[0m [grpc] [34;1mAddTraceEvent[0m -> [core] [Channel #7 SubChannel #8]Subchannel picks a new address "localhost:7050" to connect
[34m2026-06-30 11:23:41.286 WIB 002c INFO[0m [grpc] [34;1mAddTraceEvent[0m -> [core] [Channel #7 SubChannel #8]Subchannel Connectivity change to READY
[34m2026-06-30 11:23:41.286 WIB 002d INFO[0m [grpc] [34;1mInfof[0m -> [pick-first-leaf-lb] [pick-first-leaf-lb 0x4d120b70480] SubConn 0x4d120ae0410 reported connectivity state READY and the health listener is disabled. Transitioning SubConn to READY.
[34m2026-06-30 11:23:41.286 WIB 002e INFO[0m [grpc] [34;1mAddTraceEvent[0m -> [core] [Channel #7]Channel Connectivity change to READY
[34m2026-06-30 11:23:43.403 WIB 002f INFO[0m [chaincodeCmd] [34;1mClientWait[0m -> txid [adc81366a0560929f2a6a2967d102c18ddb84a531c9ef9e3b44f077fe2959117] committed with status (VALID) at localhost:9051
[34m2026-06-30 11:23:43.468 WIB 0001 INFO[0m [grpc] [34;1mInfof[0m -> [core] original dial target is: "localhost:11051"
[34m2026-06-30 11:23:43.469 WIB 0002 INFO[0m [grpc] [34;1mAddTraceEvent[0m -> [core] [Channel #1]Channel created
[34m2026-06-30 11:23:43.469 WIB 0003 INFO[0m [grpc] [34;1mAddTraceEvent[0m -> [core] [Channel #1]parsed dial target is: resolver.Target{URL:url.URL{Scheme:"passthrough", Opaque:"", User:(*url.Userinfo)(nil), Host:"", Path:"/localhost:11051", Fragment:"", RawQuery:"", RawPath:"", RawFragment:"", ForceQuery:false, OmitHost:false}}
[34m2026-06-30 11:23:43.469 WIB 0004 INFO[0m [grpc] [34;1mAddTraceEvent[0m -> [core] [Channel #1]Channel authority set to "localhost:11051"
[34m2026-06-30 11:23:43.469 WIB 0005 INFO[0m [grpc] [34;1mAddTraceEvent[0m -> [core] [Channel #1]Resolver state updated: {
  "Addresses": [
    {
      "Addr": "localhost:11051",
      "ServerName": "",
      "Attributes": null,
      "BalancerAttributes": null,
      "Metadata": null
    }
  ],
  "Endpoints": [
    {
      "Addresses": [
        {
          "Addr": "localhost:11051",
          "ServerName": "",
          "Attributes": null,
          "BalancerAttributes": null,
          "Metadata": null
        }
      ],
      "Attributes": null
    }
  ],
  "ServiceConfig": null,
  "Attributes": null
} (resolver returned new addresses)
[34m2026-06-30 11:23:43.469 WIB 0006 INFO[0m [grpc] [34;1mAddTraceEvent[0m -> [core] [Channel #1]Channel switches to new LB policy "pick_first"
[34m2026-06-30 11:23:43.469 WIB 0007 INFO[0m [grpc] [34;1mInfof[0m -> [pick-first-leaf-lb] [pick-first-leaf-lb 0x13f5bf7863f0] Received new config {
  "shuffleAddressList": false
}, resolver state {
  "Addresses": [
    {
      "Addr": "localhost:11051",
      "ServerName": "",
      "Attributes": null,
      "BalancerAttributes": null,
      "Metadata": null
    }
  ],
  "Endpoints": [
    {
      "Addresses": [
        {
          "Addr": "localhost:11051",
          "ServerName": "",
          "Attributes": null,
          "BalancerAttributes": null,
          "Metadata": null
        }
      ],
      "Attributes": null
    }
  ],
  "ServiceConfig": null,
  "Attributes": null
}
[34m2026-06-30 11:23:43.469 WIB 0008 INFO[0m [grpc] [34;1mAddTraceEvent[0m -> [core] [Channel #1]Channel Connectivity change to CONNECTING
[34m2026-06-30 11:23:43.469 WIB 0009 INFO[0m [grpc] [34;1mAddTraceEvent[0m -> [core] [Channel #1 SubChannel #2]Subchannel created
[34m2026-06-30 11:23:43.469 WIB 000a INFO[0m [grpc] [34;1mAddTraceEvent[0m -> [core] [Channel #1]Channel exiting idle mode
[34m2026-06-30 11:23:43.469 WIB 000b INFO[0m [grpc] [34;1mAddTraceEvent[0m -> [core] [Channel #1 SubChannel #2]Subchannel Connectivity change to CONNECTING
[34m2026-06-30 11:23:43.469 WIB 000c INFO[0m [grpc] [34;1mAddTraceEvent[0m -> [core] [Channel #1 SubChannel #2]Subchannel picks a new address "localhost:11051" to connect
[34m2026-06-30 11:23:43.472 WIB 000d INFO[0m [grpc] [34;1mAddTraceEvent[0m -> [core] [Channel #1 SubChannel #2]Subchannel Connectivity change to READY
[34m2026-06-30 11:23:43.472 WIB 000e INFO[0m [grpc] [34;1mInfof[0m -> [pick-first-leaf-lb] [pick-first-leaf-lb 0x13f5bf7863f0] SubConn 0x13f5bf83b950 reported connectivity state READY and the health listener is disabled. Transitioning SubConn to READY.
[34m2026-06-30 11:23:43.472 WIB 000f INFO[0m [grpc] [34;1mAddTraceEvent[0m -> [core] [Channel #1]Channel Connectivity change to READY
[34m2026-06-30 11:23:43.472 WIB 0010 INFO[0m [grpc] [34;1mInfof[0m -> [core] original dial target is: "localhost:11051"
[34m2026-06-30 11:23:43.472 WIB 0011 INFO[0m [grpc] [34;1mAddTraceEvent[0m -> [core] [Channel #4]Channel created
[34m2026-06-30 11:23:43.472 WIB 0012 INFO[0m [grpc] [34;1mAddTraceEvent[0m -> [core] [Channel #4]parsed dial target is: resolver.Target{URL:url.URL{Scheme:"passthrough", Opaque:"", User:(*url.Userinfo)(nil), Host:"", Path:"/localhost:11051", Fragment:"", RawQuery:"", RawPath:"", RawFragment:"", ForceQuery:false, OmitHost:false}}
[34m2026-06-30 11:23:43.472 WIB 0013 INFO[0m [grpc] [34;1mAddTraceEvent[0m -> [core] [Channel #4]Channel authority set to "localhost:11051"
[34m2026-06-30 11:23:43.472 WIB 0014 INFO[0m [grpc] [34;1mAddTraceEvent[0m -> [core] [Channel #4]Resolver state updated: {
  "Addresses": [
    {
      "Addr": "localhost:11051",
      "ServerName": "",
      "Attributes": null,
      "BalancerAttributes": null,
      "Metadata": null
    }
  ],
  "Endpoints": [
    {
      "Addresses": [
        {
          "Addr": "localhost:11051",
          "ServerName": "",
          "Attributes": null,
          "BalancerAttributes": null,
          "Metadata": null
        }
      ],
      "Attributes": null
    }
  ],
  "ServiceConfig": null,
  "Attributes": null
} (resolver returned new addresses)
[34m2026-06-30 11:23:43.472 WIB 0015 INFO[0m [grpc] [34;1mAddTraceEvent[0m -> [core] [Channel #4]Channel switches to new LB policy "pick_first"
[34m2026-06-30 11:23:43.472 WIB 0016 INFO[0m [grpc] [34;1mInfof[0m -> [pick-first-leaf-lb] [pick-first-leaf-lb 0x13f5bf87e630] Received new config {
  "shuffleAddressList": false
}, resolver state {
  "Addresses": [
    {
      "Addr": "localhost:11051",
      "ServerName": "",
      "Attributes": null,
      "BalancerAttributes": null,
      "Metadata": null
    }
  ],
  "Endpoints": [
    {
      "Addresses": [
        {
          "Addr": "localhost:11051",
          "ServerName": "",
          "Attributes": null,
          "BalancerAttributes": null,
          "Metadata": null
        }
      ],
      "Attributes": null
    }
  ],
  "ServiceConfig": null,
  "Attributes": null
}
[34m2026-06-30 11:23:43.472 WIB 0017 INFO[0m [grpc] [34;1mAddTraceEvent[0m -> [core] [Channel #4]Channel Connectivity change to CONNECTING
[34m2026-06-30 11:23:43.472 WIB 0018 INFO[0m [grpc] [34;1mAddTraceEvent[0m -> [core] [Channel #4 SubChannel #5]Subchannel created
[34m2026-06-30 11:23:43.472 WIB 0019 INFO[0m [grpc] [34;1mAddTraceEvent[0m -> [core] [Channel #4]Channel exiting idle mode
[34m2026-06-30 11:23:43.472 WIB 001a INFO[0m [grpc] [34;1mAddTraceEvent[0m -> [core] [Channel #4 SubChannel #5]Subchannel Connectivity change to CONNECTING
[34m2026-06-30 11:23:43.472 WIB 001b INFO[0m [grpc] [34;1mAddTraceEvent[0m -> [core] [Channel #4 SubChannel #5]Subchannel picks a new address "localhost:11051" to connect
[34m2026-06-30 11:23:43.475 WIB 001c INFO[0m [grpc] [34;1mAddTraceEvent[0m -> [core] [Channel #4 SubChannel #5]Subchannel Connectivity change to READY
[34m2026-06-30 11:23:43.475 WIB 001d INFO[0m [grpc] [34;1mInfof[0m -> [pick-first-leaf-lb] [pick-first-leaf-lb 0x13f5bf87e630] SubConn 0x13f5bfa522d0 reported connectivity state READY and the health listener is disabled. Transitioning SubConn to READY.
[34m2026-06-30 11:23:43.475 WIB 001e INFO[0m [grpc] [34;1mAddTraceEvent[0m -> [core] [Channel #4]Channel Connectivity change to READY
[33m2026-06-30 11:23:43.475 WIB 001f WARN[0m [grpc] [33;1mWarningf[0m -> [core] Adjusting keepalive ping interval to minimum period of 10s
[34m2026-06-30 11:23:43.475 WIB 0020 INFO[0m [grpc] [34;1mInfof[0m -> [core] original dial target is: "localhost:7050"
[34m2026-06-30 11:23:43.475 WIB 0021 INFO[0m [grpc] [34;1mAddTraceEvent[0m -> [core] [Channel #7]Channel created
[34m2026-06-30 11:23:43.475 WIB 0022 INFO[0m [grpc] [34;1mAddTraceEvent[0m -> [core] [Channel #7]parsed dial target is: resolver.Target{URL:url.URL{Scheme:"passthrough", Opaque:"", User:(*url.Userinfo)(nil), Host:"", Path:"/localhost:7050", Fragment:"", RawQuery:"", RawPath:"", RawFragment:"", ForceQuery:false, OmitHost:false}}
[34m2026-06-30 11:23:43.475 WIB 0023 INFO[0m [grpc] [34;1mAddTraceEvent[0m -> [core] [Channel #7]Channel authority set to "orderer.paynet"
[34m2026-06-30 11:23:43.476 WIB 0024 INFO[0m [grpc] [34;1mAddTraceEvent[0m -> [core] [Channel #7]Resolver state updated: {
  "Addresses": [
    {
      "Addr": "localhost:7050",
      "ServerName": "",
      "Attributes": null,
      "BalancerAttributes": null,
      "Metadata": null
    }
  ],
  "Endpoints": [
    {
      "Addresses": [
        {
          "Addr": "localhost:7050",
          "ServerName": "",
          "Attributes": null,
          "BalancerAttributes": null,
          "Metadata": null
        }
      ],
      "Attributes": null
    }
  ],
  "ServiceConfig": null,
  "Attributes": null
} (resolver returned new addresses)
[34m2026-06-30 11:23:43.476 WIB 0025 INFO[0m [grpc] [34;1mAddTraceEvent[0m -> [core] [Channel #7]Channel switches to new LB policy "pick_first"
[34m2026-06-30 11:23:43.476 WIB 0026 INFO[0m [grpc] [34;1mInfof[0m -> [pick-first-leaf-lb] [pick-first-leaf-lb 0x13f5bf7866c0] Received new config {
  "shuffleAddressList": false
}, resolver state {
  "Addresses": [
    {
      "Addr": "localhost:7050",
      "ServerName": "",
      "Attributes": null,
      "BalancerAttributes": null,
      "Metadata": null
    }
  ],
  "Endpoints": [
    {
      "Addresses": [
        {
          "Addr": "localhost:7050",
          "ServerName": "",
          "Attributes": null,
          "BalancerAttributes": null,
          "Metadata": null
        }
      ],
      "Attributes": null
    }
  ],
  "ServiceConfig": null,
  "Attributes": null
}
[34m2026-06-30 11:23:43.476 WIB 0027 INFO[0m [grpc] [34;1mAddTraceEvent[0m -> [core] [Channel #7]Channel Connectivity change to CONNECTING
[34m2026-06-30 11:23:43.476 WIB 0028 INFO[0m [grpc] [34;1mAddTraceEvent[0m -> [core] [Channel #7 SubChannel #8]Subchannel created
[34m2026-06-30 11:23:43.476 WIB 0029 INFO[0m [grpc] [34;1mAddTraceEvent[0m -> [core] [Channel #7]Channel exiting idle mode
[34m2026-06-30 11:23:43.476 WIB 002a INFO[0m [grpc] [34;1mAddTraceEvent[0m -> [core] [Channel #7 SubChannel #8]Subchannel Connectivity change to CONNECTING
[34m2026-06-30 11:23:43.476 WIB 002b INFO[0m [grpc] [34;1mAddTraceEvent[0m -> [core] [Channel #7 SubChannel #8]Subchannel picks a new address "localhost:7050" to connect
[34m2026-06-30 11:23:43.478 WIB 002c INFO[0m [grpc] [34;1mAddTraceEvent[0m -> [core] [Channel #7 SubChannel #8]Subchannel Connectivity change to READY
[34m2026-06-30 11:23:43.478 WIB 002d INFO[0m [grpc] [34;1mInfof[0m -> [pick-first-leaf-lb] [pick-first-leaf-lb 0x13f5bf7866c0] SubConn 0x13f5bfa52640 reported connectivity state READY and the health listener is disabled. Transitioning SubConn to READY.
[34m2026-06-30 11:23:43.478 WIB 002e INFO[0m [grpc] [34;1mAddTraceEvent[0m -> [core] [Channel #7]Channel Connectivity change to READY
[34m2026-06-30 11:23:45.605 WIB 002f INFO[0m [chaincodeCmd] [34;1mClientWait[0m -> txid [5a4e3d08b3e2173ff60d22332a79e3a012ffdf6e3a8c0a3d135928de95098217] committed with status (VALID) at localhost:11051
[34m2026-06-30 11:23:45.676 WIB 0001 INFO[0m [grpc] [34;1mInfof[0m -> [core] original dial target is: "localhost:12051"
[34m2026-06-30 11:23:45.676 WIB 0002 INFO[0m [grpc] [34;1mAddTraceEvent[0m -> [core] [Channel #1]Channel created
[34m2026-06-30 11:23:45.676 WIB 0003 INFO[0m [grpc] [34;1mAddTraceEvent[0m -> [core] [Channel #1]parsed dial target is: resolver.Target{URL:url.URL{Scheme:"passthrough", Opaque:"", User:(*url.Userinfo)(nil), Host:"", Path:"/localhost:12051", Fragment:"", RawQuery:"", RawPath:"", RawFragment:"", ForceQuery:false, OmitHost:false}}
[34m2026-06-30 11:23:45.676 WIB 0004 INFO[0m [grpc] [34;1mAddTraceEvent[0m -> [core] [Channel #1]Channel authority set to "localhost:12051"
[34m2026-06-30 11:23:45.676 WIB 0005 INFO[0m [grpc] [34;1mAddTraceEvent[0m -> [core] [Channel #1]Resolver state updated: {
  "Addresses": [
    {
      "Addr": "localhost:12051",
      "ServerName": "",
      "Attributes": null,
      "BalancerAttributes": null,
      "Metadata": null
    }
  ],
  "Endpoints": [
    {
      "Addresses": [
        {
          "Addr": "localhost:12051",
          "ServerName": "",
          "Attributes": null,
          "BalancerAttributes": null,
          "Metadata": null
        }
      ],
      "Attributes": null
    }
  ],
  "ServiceConfig": null,
  "Attributes": null
} (resolver returned new addresses)
[34m2026-06-30 11:23:45.676 WIB 0006 INFO[0m [grpc] [34;1mAddTraceEvent[0m -> [core] [Channel #1]Channel switches to new LB policy "pick_first"
[34m2026-06-30 11:23:45.676 WIB 0007 INFO[0m [grpc] [34;1mInfof[0m -> [pick-first-leaf-lb] [pick-first-leaf-lb 0x1a7a366cb710] Received new config {
  "shuffleAddressList": false
}, resolver state {
  "Addresses": [
    {
      "Addr": "localhost:12051",
      "ServerName": "",
      "Attributes": null,
      "BalancerAttributes": null,
      "Metadata": null
    }
  ],
  "Endpoints": [
    {
      "Addresses": [
        {
          "Addr": "localhost:12051",
          "ServerName": "",
          "Attributes": null,
          "BalancerAttributes": null,
          "Metadata": null
        }
      ],
      "Attributes": null
    }
  ],
  "ServiceConfig": null,
  "Attributes": null
}
[34m2026-06-30 11:23:45.676 WIB 0008 INFO[0m [grpc] [34;1mAddTraceEvent[0m -> [core] [Channel #1]Channel Connectivity change to CONNECTING
[34m2026-06-30 11:23:45.676 WIB 0009 INFO[0m [grpc] [34;1mAddTraceEvent[0m -> [core] [Channel #1 SubChannel #2]Subchannel created
[34m2026-06-30 11:23:45.676 WIB 000a INFO[0m [grpc] [34;1mAddTraceEvent[0m -> [core] [Channel #1]Channel exiting idle mode
[34m2026-06-30 11:23:45.677 WIB 000b INFO[0m [grpc] [34;1mAddTraceEvent[0m -> [core] [Channel #1 SubChannel #2]Subchannel Connectivity change to CONNECTING
[34m2026-06-30 11:23:45.677 WIB 000c INFO[0m [grpc] [34;1mAddTraceEvent[0m -> [core] [Channel #1 SubChannel #2]Subchannel picks a new address "localhost:12051" to connect
[34m2026-06-30 11:23:45.680 WIB 000d INFO[0m [grpc] [34;1mAddTraceEvent[0m -> [core] [Channel #1 SubChannel #2]Subchannel Connectivity change to READY
[34m2026-06-30 11:23:45.680 WIB 000e INFO[0m [grpc] [34;1mInfof[0m -> [pick-first-leaf-lb] [pick-first-leaf-lb 0x1a7a366cb710] SubConn 0x1a7a3643b270 reported connectivity state READY and the health listener is disabled. Transitioning SubConn to READY.
[34m2026-06-30 11:23:45.680 WIB 000f INFO[0m [grpc] [34;1mAddTraceEvent[0m -> [core] [Channel #1]Channel Connectivity change to READY
[34m2026-06-30 11:23:45.680 WIB 0010 INFO[0m [grpc] [34;1mInfof[0m -> [core] original dial target is: "localhost:12051"
[34m2026-06-30 11:23:45.680 WIB 0011 INFO[0m [grpc] [34;1mAddTraceEvent[0m -> [core] [Channel #4]Channel created
[34m2026-06-30 11:23:45.680 WIB 0012 INFO[0m [grpc] [34;1mAddTraceEvent[0m -> [core] [Channel #4]parsed dial target is: resolver.Target{URL:url.URL{Scheme:"passthrough", Opaque:"", User:(*url.Userinfo)(nil), Host:"", Path:"/localhost:12051", Fragment:"", RawQuery:"", RawPath:"", RawFragment:"", ForceQuery:false, OmitHost:false}}
[34m2026-06-30 11:23:45.680 WIB 0013 INFO[0m [grpc] [34;1mAddTraceEvent[0m -> [core] [Channel #4]Channel authority set to "localhost:12051"
[34m2026-06-30 11:23:45.680 WIB 0014 INFO[0m [grpc] [34;1mAddTraceEvent[0m -> [core] [Channel #4]Resolver state updated: {
  "Addresses": [
    {
      "Addr": "localhost:12051",
      "ServerName": "",
      "Attributes": null,
      "BalancerAttributes": null,
      "Metadata": null
    }
  ],
  "Endpoints": [
    {
      "Addresses": [
        {
          "Addr": "localhost:12051",
          "ServerName": "",
          "Attributes": null,
          "BalancerAttributes": null,
          "Metadata": null
        }
      ],
      "Attributes": null
    }
  ],
  "ServiceConfig": null,
  "Attributes": null
} (resolver returned new addresses)
[34m2026-06-30 11:23:45.680 WIB 0015 INFO[0m [grpc] [34;1mAddTraceEvent[0m -> [core] [Channel #4]Channel switches to new LB policy "pick_first"
[34m2026-06-30 11:23:45.680 WIB 0016 INFO[0m [grpc] [34;1mInfof[0m -> [pick-first-leaf-lb] [pick-first-leaf-lb 0x1a7a36430120] Received new config {
  "shuffleAddressList": false
}, resolver state {
  "Addresses": [
    {
      "Addr": "localhost:12051",
      "ServerName": "",
      "Attributes": null,
      "BalancerAttributes": null,
      "Metadata": null
    }
  ],
  "Endpoints": [
    {
      "Addresses": [
        {
          "Addr": "localhost:12051",
          "ServerName": "",
          "Attributes": null,
          "BalancerAttributes": null,
          "Metadata": null
        }
      ],
      "Attributes": null
    }
  ],
  "ServiceConfig": null,
  "Attributes": null
}
[34m2026-06-30 11:23:45.680 WIB 0017 INFO[0m [grpc] [34;1mAddTraceEvent[0m -> [core] [Channel #4]Channel Connectivity change to CONNECTING
[34m2026-06-30 11:23:45.680 WIB 0018 INFO[0m [grpc] [34;1mAddTraceEvent[0m -> [core] [Channel #4 SubChannel #5]Subchannel created
[34m2026-06-30 11:23:45.680 WIB 0019 INFO[0m [grpc] [34;1mAddTraceEvent[0m -> [core] [Channel #4]Channel exiting idle mode
[34m2026-06-30 11:23:45.680 WIB 001a INFO[0m [grpc] [34;1mAddTraceEvent[0m -> [core] [Channel #4 SubChannel #5]Subchannel Connectivity change to CONNECTING
[34m2026-06-30 11:23:45.680 WIB 001b INFO[0m [grpc] [34;1mAddTraceEvent[0m -> [core] [Channel #4 SubChannel #5]Subchannel picks a new address "localhost:12051" to connect
[34m2026-06-30 11:23:45.682 WIB 001c INFO[0m [grpc] [34;1mAddTraceEvent[0m -> [core] [Channel #4 SubChannel #5]Subchannel Connectivity change to READY
[34m2026-06-30 11:23:45.683 WIB 001d INFO[0m [grpc] [34;1mInfof[0m -> [pick-first-leaf-lb] [pick-first-leaf-lb 0x1a7a36430120] SubConn 0x1a7a36694280 reported connectivity state READY and the health listener is disabled. Transitioning SubConn to READY.
[34m2026-06-30 11:23:45.683 WIB 001e INFO[0m [grpc] [34;1mAddTraceEvent[0m -> [core] [Channel #4]Channel Connectivity change to READY
[33m2026-06-30 11:23:45.683 WIB 001f WARN[0m [grpc] [33;1mWarningf[0m -> [core] Adjusting keepalive ping interval to minimum period of 10s
[34m2026-06-30 11:23:45.683 WIB 0020 INFO[0m [grpc] [34;1mInfof[0m -> [core] original dial target is: "localhost:7050"
[34m2026-06-30 11:23:45.683 WIB 0021 INFO[0m [grpc] [34;1mAddTraceEvent[0m -> [core] [Channel #7]Channel created
[34m2026-06-30 11:23:45.683 WIB 0022 INFO[0m [grpc] [34;1mAddTraceEvent[0m -> [core] [Channel #7]parsed dial target is: resolver.Target{URL:url.URL{Scheme:"passthrough", Opaque:"", User:(*url.Userinfo)(nil), Host:"", Path:"/localhost:7050", Fragment:"", RawQuery:"", RawPath:"", RawFragment:"", ForceQuery:false, OmitHost:false}}
[34m2026-06-30 11:23:45.683 WIB 0023 INFO[0m [grpc] [34;1mAddTraceEvent[0m -> [core] [Channel #7]Channel authority set to "orderer.paynet"
[34m2026-06-30 11:23:45.683 WIB 0024 INFO[0m [grpc] [34;1mAddTraceEvent[0m -> [core] [Channel #7]Resolver state updated: {
  "Addresses": [
    {
      "Addr": "localhost:7050",
      "ServerName": "",
      "Attributes": null,
      "BalancerAttributes": null,
      "Metadata": null
    }
  ],
  "Endpoints": [
    {
      "Addresses": [
        {
          "Addr": "localhost:7050",
          "ServerName": "",
          "Attributes": null,
          "BalancerAttributes": null,
          "Metadata": null
        }
      ],
      "Attributes": null
    }
  ],
  "ServiceConfig": null,
  "Attributes": null
} (resolver returned new addresses)
[34m2026-06-30 11:23:45.683 WIB 0025 INFO[0m [grpc] [34;1mAddTraceEvent[0m -> [core] [Channel #7]Channel switches to new LB policy "pick_first"
[34m2026-06-30 11:23:45.683 WIB 0026 INFO[0m [grpc] [34;1mInfof[0m -> [pick-first-leaf-lb] [pick-first-leaf-lb 0x1a7a366cba70] Received new config {
  "shuffleAddressList": false
}, resolver state {
  "Addresses": [
    {
      "Addr": "localhost:7050",
      "ServerName": "",
      "Attributes": null,
      "BalancerAttributes": null,
      "Metadata": null
    }
  ],
  "Endpoints": [
    {
      "Addresses": [
        {
          "Addr": "localhost:7050",
          "ServerName": "",
          "Attributes": null,
          "BalancerAttributes": null,
          "Metadata": null
        }
      ],
      "Attributes": null
    }
  ],
  "ServiceConfig": null,
  "Attributes": null
}
[34m2026-06-30 11:23:45.683 WIB 0027 INFO[0m [grpc] [34;1mAddTraceEvent[0m -> [core] [Channel #7]Channel Connectivity change to CONNECTING
[34m2026-06-30 11:23:45.683 WIB 0028 INFO[0m [grpc] [34;1mAddTraceEvent[0m -> [core] [Channel #7 SubChannel #8]Subchannel created
[34m2026-06-30 11:23:45.683 WIB 0029 INFO[0m [grpc] [34;1mAddTraceEvent[0m -> [core] [Channel #7]Channel exiting idle mode
[34m2026-06-30 11:23:45.683 WIB 002a INFO[0m [grpc] [34;1mAddTraceEvent[0m -> [core] [Channel #7 SubChannel #8]Subchannel Connectivity change to CONNECTING
[34m2026-06-30 11:23:45.683 WIB 002b INFO[0m [grpc] [34;1mAddTraceEvent[0m -> [core] [Channel #7 SubChannel #8]Subchannel picks a new address "localhost:7050" to connect
[34m2026-06-30 11:23:45.685 WIB 002c INFO[0m [grpc] [34;1mAddTraceEvent[0m -> [core] [Channel #7 SubChannel #8]Subchannel Connectivity change to READY
[34m2026-06-30 11:23:45.686 WIB 002d INFO[0m [grpc] [34;1mInfof[0m -> [pick-first-leaf-lb] [pick-first-leaf-lb 0x1a7a366cba70] SubConn 0x1a7a36592cd0 reported connectivity state READY and the health listener is disabled. Transitioning SubConn to READY.
[34m2026-06-30 11:23:45.686 WIB 002e INFO[0m [grpc] [34;1mAddTraceEvent[0m -> [core] [Channel #7]Channel Connectivity change to READY
[34m2026-06-30 11:23:47.798 WIB 002f INFO[0m [chaincodeCmd] [34;1mClientWait[0m -> txid [d0e010eb03f2f8875f32e933d13c1ec84e696ae1fe1f64ddfef0fa059cd67789] committed with status (VALID) at localhost:12051
[34m2026-06-30 11:23:47.871 WIB 0001 INFO[0m [grpc] [34;1mInfof[0m -> [core] original dial target is: "localhost:13051"
[34m2026-06-30 11:23:47.871 WIB 0002 INFO[0m [grpc] [34;1mAddTraceEvent[0m -> [core] [Channel #1]Channel created
[34m2026-06-30 11:23:47.871 WIB 0003 INFO[0m [grpc] [34;1mAddTraceEvent[0m -> [core] [Channel #1]parsed dial target is: resolver.Target{URL:url.URL{Scheme:"passthrough", Opaque:"", User:(*url.Userinfo)(nil), Host:"", Path:"/localhost:13051", Fragment:"", RawQuery:"", RawPath:"", RawFragment:"", ForceQuery:false, OmitHost:false}}
[34m2026-06-30 11:23:47.871 WIB 0004 INFO[0m [grpc] [34;1mAddTraceEvent[0m -> [core] [Channel #1]Channel authority set to "localhost:13051"
[34m2026-06-30 11:23:47.871 WIB 0005 INFO[0m [grpc] [34;1mAddTraceEvent[0m -> [core] [Channel #1]Resolver state updated: {
  "Addresses": [
    {
      "Addr": "localhost:13051",
      "ServerName": "",
      "Attributes": null,
      "BalancerAttributes": null,
      "Metadata": null
    }
  ],
  "Endpoints": [
    {
      "Addresses": [
        {
          "Addr": "localhost:13051",
          "ServerName": "",
          "Attributes": null,
          "BalancerAttributes": null,
          "Metadata": null
        }
      ],
      "Attributes": null
    }
  ],
  "ServiceConfig": null,
  "Attributes": null
} (resolver returned new addresses)
[34m2026-06-30 11:23:47.871 WIB 0006 INFO[0m [grpc] [34;1mAddTraceEvent[0m -> [core] [Channel #1]Channel switches to new LB policy "pick_first"
[34m2026-06-30 11:23:47.871 WIB 0007 INFO[0m [grpc] [34;1mInfof[0m -> [pick-first-leaf-lb] [pick-first-leaf-lb 0x24026520c5a0] Received new config {
  "shuffleAddressList": false
}, resolver state {
  "Addresses": [
    {
      "Addr": "localhost:13051",
      "ServerName": "",
      "Attributes": null,
      "BalancerAttributes": null,
      "Metadata": null
    }
  ],
  "Endpoints": [
    {
      "Addresses": [
        {
          "Addr": "localhost:13051",
          "ServerName": "",
          "Attributes": null,
          "BalancerAttributes": null,
          "Metadata": null
        }
      ],
      "Attributes": null
    }
  ],
  "ServiceConfig": null,
  "Attributes": null
}
[34m2026-06-30 11:23:47.871 WIB 0008 INFO[0m [grpc] [34;1mAddTraceEvent[0m -> [core] [Channel #1]Channel Connectivity change to CONNECTING
[34m2026-06-30 11:23:47.871 WIB 0009 INFO[0m [grpc] [34;1mAddTraceEvent[0m -> [core] [Channel #1 SubChannel #2]Subchannel created
[34m2026-06-30 11:23:47.871 WIB 000a INFO[0m [grpc] [34;1mAddTraceEvent[0m -> [core] [Channel #1]Channel exiting idle mode
[34m2026-06-30 11:23:47.872 WIB 000b INFO[0m [grpc] [34;1mAddTraceEvent[0m -> [core] [Channel #1 SubChannel #2]Subchannel Connectivity change to CONNECTING
[34m2026-06-30 11:23:47.872 WIB 000c INFO[0m [grpc] [34;1mAddTraceEvent[0m -> [core] [Channel #1 SubChannel #2]Subchannel picks a new address "localhost:13051" to connect
[34m2026-06-30 11:23:47.874 WIB 000d INFO[0m [grpc] [34;1mAddTraceEvent[0m -> [core] [Channel #1 SubChannel #2]Subchannel Connectivity change to READY
[34m2026-06-30 11:23:47.874 WIB 000e INFO[0m [grpc] [34;1mInfof[0m -> [pick-first-leaf-lb] [pick-first-leaf-lb 0x24026520c5a0] SubConn 0x240265485130 reported connectivity state READY and the health listener is disabled. Transitioning SubConn to READY.
[34m2026-06-30 11:23:47.874 WIB 000f INFO[0m [grpc] [34;1mAddTraceEvent[0m -> [core] [Channel #1]Channel Connectivity change to READY
[34m2026-06-30 11:23:47.874 WIB 0010 INFO[0m [grpc] [34;1mInfof[0m -> [core] original dial target is: "localhost:13051"
[34m2026-06-30 11:23:47.874 WIB 0011 INFO[0m [grpc] [34;1mAddTraceEvent[0m -> [core] [Channel #4]Channel created
[34m2026-06-30 11:23:47.874 WIB 0012 INFO[0m [grpc] [34;1mAddTraceEvent[0m -> [core] [Channel #4]parsed dial target is: resolver.Target{URL:url.URL{Scheme:"passthrough", Opaque:"", User:(*url.Userinfo)(nil), Host:"", Path:"/localhost:13051", Fragment:"", RawQuery:"", RawPath:"", RawFragment:"", ForceQuery:false, OmitHost:false}}
[34m2026-06-30 11:23:47.874 WIB 0013 INFO[0m [grpc] [34;1mAddTraceEvent[0m -> [core] [Channel #4]Channel authority set to "localhost:13051"
[34m2026-06-30 11:23:47.874 WIB 0014 INFO[0m [grpc] [34;1mAddTraceEvent[0m -> [core] [Channel #4]Resolver state updated: {
  "Addresses": [
    {
      "Addr": "localhost:13051",
      "ServerName": "",
      "Attributes": null,
      "BalancerAttributes": null,
      "Metadata": null
    }
  ],
  "Endpoints": [
    {
      "Addresses": [
        {
          "Addr": "localhost:13051",
          "ServerName": "",
          "Attributes": null,
          "BalancerAttributes": null,
          "Metadata": null
        }
      ],
      "Attributes": null
    }
  ],
  "ServiceConfig": null,
  "Attributes": null
} (resolver returned new addresses)
[34m2026-06-30 11:23:47.874 WIB 0015 INFO[0m [grpc] [34;1mAddTraceEvent[0m -> [core] [Channel #4]Channel switches to new LB policy "pick_first"
[34m2026-06-30 11:23:47.875 WIB 0016 INFO[0m [grpc] [34;1mInfof[0m -> [pick-first-leaf-lb] [pick-first-leaf-lb 0x2402652fef30] Received new config {
  "shuffleAddressList": false
}, resolver state {
  "Addresses": [
    {
      "Addr": "localhost:13051",
      "ServerName": "",
      "Attributes": null,
      "BalancerAttributes": null,
      "Metadata": null
    }
  ],
  "Endpoints": [
    {
      "Addresses": [
        {
          "Addr": "localhost:13051",
          "ServerName": "",
          "Attributes": null,
          "BalancerAttributes": null,
          "Metadata": null
        }
      ],
      "Attributes": null
    }
  ],
  "ServiceConfig": null,
  "Attributes": null
}
[34m2026-06-30 11:23:47.875 WIB 0017 INFO[0m [grpc] [34;1mAddTraceEvent[0m -> [core] [Channel #4]Channel Connectivity change to CONNECTING
[34m2026-06-30 11:23:47.875 WIB 0018 INFO[0m [grpc] [34;1mAddTraceEvent[0m -> [core] [Channel #4 SubChannel #5]Subchannel created
[34m2026-06-30 11:23:47.875 WIB 0019 INFO[0m [grpc] [34;1mAddTraceEvent[0m -> [core] [Channel #4]Channel exiting idle mode
[34m2026-06-30 11:23:47.875 WIB 001a INFO[0m [grpc] [34;1mAddTraceEvent[0m -> [core] [Channel #4 SubChannel #5]Subchannel Connectivity change to CONNECTING
[34m2026-06-30 11:23:47.875 WIB 001b INFO[0m [grpc] [34;1mAddTraceEvent[0m -> [core] [Channel #4 SubChannel #5]Subchannel picks a new address "localhost:13051" to connect
[34m2026-06-30 11:23:47.877 WIB 001c INFO[0m [grpc] [34;1mAddTraceEvent[0m -> [core] [Channel #4 SubChannel #5]Subchannel Connectivity change to READY
[34m2026-06-30 11:23:47.877 WIB 001d INFO[0m [grpc] [34;1mInfof[0m -> [pick-first-leaf-lb] [pick-first-leaf-lb 0x2402652fef30] SubConn 0x2402652106e0 reported connectivity state READY and the health listener is disabled. Transitioning SubConn to READY.
[34m2026-06-30 11:23:47.877 WIB 001e INFO[0m [grpc] [34;1mAddTraceEvent[0m -> [core] [Channel #4]Channel Connectivity change to READY
[33m2026-06-30 11:23:47.877 WIB 001f WARN[0m [grpc] [33;1mWarningf[0m -> [core] Adjusting keepalive ping interval to minimum period of 10s
[34m2026-06-30 11:23:47.877 WIB 0020 INFO[0m [grpc] [34;1mInfof[0m -> [core] original dial target is: "localhost:7050"
[34m2026-06-30 11:23:47.877 WIB 0021 INFO[0m [grpc] [34;1mAddTraceEvent[0m -> [core] [Channel #7]Channel created
[34m2026-06-30 11:23:47.877 WIB 0022 INFO[0m [grpc] [34;1mAddTraceEvent[0m -> [core] [Channel #7]parsed dial target is: resolver.Target{URL:url.URL{Scheme:"passthrough", Opaque:"", User:(*url.Userinfo)(nil), Host:"", Path:"/localhost:7050", Fragment:"", RawQuery:"", RawPath:"", RawFragment:"", ForceQuery:false, OmitHost:false}}
[34m2026-06-30 11:23:47.877 WIB 0023 INFO[0m [grpc] [34;1mAddTraceEvent[0m -> [core] [Channel #7]Channel authority set to "orderer.paynet"
[34m2026-06-30 11:23:47.877 WIB 0024 INFO[0m [grpc] [34;1mAddTraceEvent[0m -> [core] [Channel #7]Resolver state updated: {
  "Addresses": [
    {
      "Addr": "localhost:7050",
      "ServerName": "",
      "Attributes": null,
      "BalancerAttributes": null,
      "Metadata": null
    }
  ],
  "Endpoints": [
    {
      "Addresses": [
        {
          "Addr": "localhost:7050",
          "ServerName": "",
          "Attributes": null,
          "BalancerAttributes": null,
          "Metadata": null
        }
      ],
      "Attributes": null
    }
  ],
  "ServiceConfig": null,
  "Attributes": null
} (resolver returned new addresses)
[34m2026-06-30 11:23:47.877 WIB 0025 INFO[0m [grpc] [34;1mAddTraceEvent[0m -> [core] [Channel #7]Channel switches to new LB policy "pick_first"
[34m2026-06-30 11:23:47.877 WIB 0026 INFO[0m [grpc] [34;1mInfof[0m -> [pick-first-leaf-lb] [pick-first-leaf-lb 0x2402654082d0] Received new config {
  "shuffleAddressList": false
}, resolver state {
  "Addresses": [
    {
      "Addr": "localhost:7050",
      "ServerName": "",
      "Attributes": null,
      "BalancerAttributes": null,
      "Metadata": null
    }
  ],
  "Endpoints": [
    {
      "Addresses": [
        {
          "Addr": "localhost:7050",
          "ServerName": "",
          "Attributes": null,
          "BalancerAttributes": null,
          "Metadata": null
        }
      ],
      "Attributes": null
    }
  ],
  "ServiceConfig": null,
  "Attributes": null
}
[34m2026-06-30 11:23:47.877 WIB 0027 INFO[0m [grpc] [34;1mAddTraceEvent[0m -> [core] [Channel #7]Channel Connectivity change to CONNECTING
[34m2026-06-30 11:23:47.877 WIB 0028 INFO[0m [grpc] [34;1mAddTraceEvent[0m -> [core] [Channel #7 SubChannel #8]Subchannel created
[34m2026-06-30 11:23:47.877 WIB 0029 INFO[0m [grpc] [34;1mAddTraceEvent[0m -> [core] [Channel #7]Channel exiting idle mode
[34m2026-06-30 11:23:47.877 WIB 002a INFO[0m [grpc] [34;1mAddTraceEvent[0m -> [core] [Channel #7 SubChannel #8]Subchannel Connectivity change to CONNECTING
[34m2026-06-30 11:23:47.878 WIB 002b INFO[0m [grpc] [34;1mAddTraceEvent[0m -> [core] [Channel #7 SubChannel #8]Subchannel picks a new address "localhost:7050" to connect
[34m2026-06-30 11:23:47.880 WIB 002c INFO[0m [grpc] [34;1mAddTraceEvent[0m -> [core] [Channel #7 SubChannel #8]Subchannel Connectivity change to READY
[34m2026-06-30 11:23:47.880 WIB 002d INFO[0m [grpc] [34;1mInfof[0m -> [pick-first-leaf-lb] [pick-first-leaf-lb 0x2402654082d0] SubConn 0x2402652762d0 reported connectivity state READY and the health listener is disabled. Transitioning SubConn to READY.
[34m2026-06-30 11:23:47.880 WIB 002e INFO[0m [grpc] [34;1mAddTraceEvent[0m -> [core] [Channel #7]Channel Connectivity change to READY
[34m2026-06-30 11:23:50.002 WIB 002f INFO[0m [chaincodeCmd] [34;1mClientWait[0m -> txid [6bcc678aabfe42d9f97aa45e75e65fa896f76a44fe16344f40546b853d74e293] committed with status (VALID) at localhost:13051
Committing chaincode...
[34m2026-06-30 11:23:50.079 WIB 0001 INFO[0m [grpc] [34;1mInfof[0m -> [core] original dial target is: "localhost:7051"
[34m2026-06-30 11:23:50.080 WIB 0002 INFO[0m [grpc] [34;1mAddTraceEvent[0m -> [core] [Channel #1]Channel created
[34m2026-06-30 11:23:50.080 WIB 0003 INFO[0m [grpc] [34;1mAddTraceEvent[0m -> [core] [Channel #1]parsed dial target is: resolver.Target{URL:url.URL{Scheme:"passthrough", Opaque:"", User:(*url.Userinfo)(nil), Host:"", Path:"/localhost:7051", Fragment:"", RawQuery:"", RawPath:"", RawFragment:"", ForceQuery:false, OmitHost:false}}
[34m2026-06-30 11:23:50.080 WIB 0004 INFO[0m [grpc] [34;1mAddTraceEvent[0m -> [core] [Channel #1]Channel authority set to "localhost:7051"
[34m2026-06-30 11:23:50.080 WIB 0005 INFO[0m [grpc] [34;1mAddTraceEvent[0m -> [core] [Channel #1]Resolver state updated: {
  "Addresses": [
    {
      "Addr": "localhost:7051",
      "ServerName": "",
      "Attributes": null,
      "BalancerAttributes": null,
      "Metadata": null
    }
  ],
  "Endpoints": [
    {
      "Addresses": [
        {
          "Addr": "localhost:7051",
          "ServerName": "",
          "Attributes": null,
          "BalancerAttributes": null,
          "Metadata": null
        }
      ],
      "Attributes": null
    }
  ],
  "ServiceConfig": null,
  "Attributes": null
} (resolver returned new addresses)
[34m2026-06-30 11:23:50.080 WIB 0006 INFO[0m [grpc] [34;1mAddTraceEvent[0m -> [core] [Channel #1]Channel switches to new LB policy "pick_first"
[34m2026-06-30 11:23:50.080 WIB 0007 INFO[0m [grpc] [34;1mInfof[0m -> [pick-first-leaf-lb] [pick-first-leaf-lb 0x9daf3fa4000] Received new config {
  "shuffleAddressList": false
}, resolver state {
  "Addresses": [
    {
      "Addr": "localhost:7051",
      "ServerName": "",
      "Attributes": null,
      "BalancerAttributes": null,
      "Metadata": null
    }
  ],
  "Endpoints": [
    {
      "Addresses": [
        {
          "Addr": "localhost:7051",
          "ServerName": "",
          "Attributes": null,
          "BalancerAttributes": null,
          "Metadata": null
        }
      ],
      "Attributes": null
    }
  ],
  "ServiceConfig": null,
  "Attributes": null
}
[34m2026-06-30 11:23:50.080 WIB 0008 INFO[0m [grpc] [34;1mAddTraceEvent[0m -> [core] [Channel #1]Channel Connectivity change to CONNECTING
[34m2026-06-30 11:23:50.080 WIB 0009 INFO[0m [grpc] [34;1mAddTraceEvent[0m -> [core] [Channel #1 SubChannel #2]Subchannel created
[34m2026-06-30 11:23:50.080 WIB 000a INFO[0m [grpc] [34;1mAddTraceEvent[0m -> [core] [Channel #1]Channel exiting idle mode
[34m2026-06-30 11:23:50.081 WIB 000b INFO[0m [grpc] [34;1mAddTraceEvent[0m -> [core] [Channel #1 SubChannel #2]Subchannel Connectivity change to CONNECTING
[34m2026-06-30 11:23:50.081 WIB 000c INFO[0m [grpc] [34;1mAddTraceEvent[0m -> [core] [Channel #1 SubChannel #2]Subchannel picks a new address "localhost:7051" to connect
[34m2026-06-30 11:23:50.083 WIB 000d INFO[0m [grpc] [34;1mAddTraceEvent[0m -> [core] [Channel #1 SubChannel #2]Subchannel Connectivity change to READY
[34m2026-06-30 11:23:50.083 WIB 000e INFO[0m [grpc] [34;1mInfof[0m -> [pick-first-leaf-lb] [pick-first-leaf-lb 0x9daf3fa4000] SubConn 0x9daf3f8c0f0 reported connectivity state READY and the health listener is disabled. Transitioning SubConn to READY.
[34m2026-06-30 11:23:50.083 WIB 000f INFO[0m [grpc] [34;1mAddTraceEvent[0m -> [core] [Channel #1]Channel Connectivity change to READY
[34m2026-06-30 11:23:50.084 WIB 0010 INFO[0m [grpc] [34;1mInfof[0m -> [core] original dial target is: "localhost:7051"
[34m2026-06-30 11:23:50.084 WIB 0011 INFO[0m [grpc] [34;1mAddTraceEvent[0m -> [core] [Channel #4]Channel created
[34m2026-06-30 11:23:50.084 WIB 0012 INFO[0m [grpc] [34;1mAddTraceEvent[0m -> [core] [Channel #4]parsed dial target is: resolver.Target{URL:url.URL{Scheme:"passthrough", Opaque:"", User:(*url.Userinfo)(nil), Host:"", Path:"/localhost:7051", Fragment:"", RawQuery:"", RawPath:"", RawFragment:"", ForceQuery:false, OmitHost:false}}
[34m2026-06-30 11:23:50.084 WIB 0013 INFO[0m [grpc] [34;1mAddTraceEvent[0m -> [core] [Channel #4]Channel authority set to "localhost:7051"
[34m2026-06-30 11:23:50.084 WIB 0014 INFO[0m [grpc] [34;1mAddTraceEvent[0m -> [core] [Channel #4]Resolver state updated: {
  "Addresses": [
    {
      "Addr": "localhost:7051",
      "ServerName": "",
      "Attributes": null,
      "BalancerAttributes": null,
      "Metadata": null
    }
  ],
  "Endpoints": [
    {
      "Addresses": [
        {
          "Addr": "localhost:7051",
          "ServerName": "",
          "Attributes": null,
          "BalancerAttributes": null,
          "Metadata": null
        }
      ],
      "Attributes": null
    }
  ],
  "ServiceConfig": null,
  "Attributes": null
} (resolver returned new addresses)
[34m2026-06-30 11:23:50.084 WIB 0015 INFO[0m [grpc] [34;1mAddTraceEvent[0m -> [core] [Channel #4]Channel switches to new LB policy "pick_first"
[34m2026-06-30 11:23:50.084 WIB 0016 INFO[0m [grpc] [34;1mInfof[0m -> [pick-first-leaf-lb] [pick-first-leaf-lb 0x9daf3fa43f0] Received new config {
  "shuffleAddressList": false
}, resolver state {
  "Addresses": [
    {
      "Addr": "localhost:7051",
      "ServerName": "",
      "Attributes": null,
      "BalancerAttributes": null,
      "Metadata": null
    }
  ],
  "Endpoints": [
    {
      "Addresses": [
        {
          "Addr": "localhost:7051",
          "ServerName": "",
          "Attributes": null,
          "BalancerAttributes": null,
          "Metadata": null
        }
      ],
      "Attributes": null
    }
  ],
  "ServiceConfig": null,
  "Attributes": null
}
[34m2026-06-30 11:23:50.084 WIB 0017 INFO[0m [grpc] [34;1mAddTraceEvent[0m -> [core] [Channel #4]Channel Connectivity change to CONNECTING
[34m2026-06-30 11:23:50.084 WIB 0018 INFO[0m [grpc] [34;1mAddTraceEvent[0m -> [core] [Channel #4 SubChannel #5]Subchannel created
[34m2026-06-30 11:23:50.084 WIB 0019 INFO[0m [grpc] [34;1mAddTraceEvent[0m -> [core] [Channel #4]Channel exiting idle mode
[34m2026-06-30 11:23:50.084 WIB 001a INFO[0m [grpc] [34;1mAddTraceEvent[0m -> [core] [Channel #4 SubChannel #5]Subchannel Connectivity change to CONNECTING
[34m2026-06-30 11:23:50.084 WIB 001b INFO[0m [grpc] [34;1mAddTraceEvent[0m -> [core] [Channel #4 SubChannel #5]Subchannel picks a new address "localhost:7051" to connect
[34m2026-06-30 11:23:50.086 WIB 001c INFO[0m [grpc] [34;1mAddTraceEvent[0m -> [core] [Channel #4 SubChannel #5]Subchannel Connectivity change to READY
[34m2026-06-30 11:23:50.086 WIB 001d INFO[0m [grpc] [34;1mInfof[0m -> [pick-first-leaf-lb] [pick-first-leaf-lb 0x9daf3fa43f0] SubConn 0x9daf3f8c460 reported connectivity state READY and the health listener is disabled. Transitioning SubConn to READY.
[34m2026-06-30 11:23:50.086 WIB 001e INFO[0m [grpc] [34;1mAddTraceEvent[0m -> [core] [Channel #4]Channel Connectivity change to READY
[34m2026-06-30 11:23:50.086 WIB 001f INFO[0m [grpc] [34;1mInfof[0m -> [core] original dial target is: "localhost:9051"
[34m2026-06-30 11:23:50.086 WIB 0020 INFO[0m [grpc] [34;1mAddTraceEvent[0m -> [core] [Channel #7]Channel created
[34m2026-06-30 11:23:50.087 WIB 0021 INFO[0m [grpc] [34;1mAddTraceEvent[0m -> [core] [Channel #7]parsed dial target is: resolver.Target{URL:url.URL{Scheme:"passthrough", Opaque:"", User:(*url.Userinfo)(nil), Host:"", Path:"/localhost:9051", Fragment:"", RawQuery:"", RawPath:"", RawFragment:"", ForceQuery:false, OmitHost:false}}
[34m2026-06-30 11:23:50.087 WIB 0022 INFO[0m [grpc] [34;1mAddTraceEvent[0m -> [core] [Channel #7]Channel authority set to "localhost:9051"
[34m2026-06-30 11:23:50.087 WIB 0023 INFO[0m [grpc] [34;1mAddTraceEvent[0m -> [core] [Channel #7]Resolver state updated: {
  "Addresses": [
    {
      "Addr": "localhost:9051",
      "ServerName": "",
      "Attributes": null,
      "BalancerAttributes": null,
      "Metadata": null
    }
  ],
  "Endpoints": [
    {
      "Addresses": [
        {
          "Addr": "localhost:9051",
          "ServerName": "",
          "Attributes": null,
          "BalancerAttributes": null,
          "Metadata": null
        }
      ],
      "Attributes": null
    }
  ],
  "ServiceConfig": null,
  "Attributes": null
} (resolver returned new addresses)
[34m2026-06-30 11:23:50.087 WIB 0024 INFO[0m [grpc] [34;1mAddTraceEvent[0m -> [core] [Channel #7]Channel switches to new LB policy "pick_first"
[34m2026-06-30 11:23:50.087 WIB 0025 INFO[0m [grpc] [34;1mInfof[0m -> [pick-first-leaf-lb] [pick-first-leaf-lb 0x9daf3fa47e0] Received new config {
  "shuffleAddressList": false
}, resolver state {
  "Addresses": [
    {
      "Addr": "localhost:9051",
      "ServerName": "",
      "Attributes": null,
      "BalancerAttributes": null,
      "Metadata": null
    }
  ],
  "Endpoints": [
    {
      "Addresses": [
        {
          "Addr": "localhost:9051",
          "ServerName": "",
          "Attributes": null,
          "BalancerAttributes": null,
          "Metadata": null
        }
      ],
      "Attributes": null
    }
  ],
  "ServiceConfig": null,
  "Attributes": null
}
[34m2026-06-30 11:23:50.087 WIB 0026 INFO[0m [grpc] [34;1mAddTraceEvent[0m -> [core] [Channel #7]Channel Connectivity change to CONNECTING
[34m2026-06-30 11:23:50.087 WIB 0027 INFO[0m [grpc] [34;1mAddTraceEvent[0m -> [core] [Channel #7 SubChannel #8]Subchannel created
[34m2026-06-30 11:23:50.087 WIB 0028 INFO[0m [grpc] [34;1mAddTraceEvent[0m -> [core] [Channel #7]Channel exiting idle mode
[34m2026-06-30 11:23:50.087 WIB 0029 INFO[0m [grpc] [34;1mAddTraceEvent[0m -> [core] [Channel #7 SubChannel #8]Subchannel Connectivity change to CONNECTING
[34m2026-06-30 11:23:50.087 WIB 002a INFO[0m [grpc] [34;1mAddTraceEvent[0m -> [core] [Channel #7 SubChannel #8]Subchannel picks a new address "localhost:9051" to connect
[34m2026-06-30 11:23:50.089 WIB 002b INFO[0m [grpc] [34;1mAddTraceEvent[0m -> [core] [Channel #7 SubChannel #8]Subchannel Connectivity change to READY
[34m2026-06-30 11:23:50.089 WIB 002c INFO[0m [grpc] [34;1mInfof[0m -> [pick-first-leaf-lb] [pick-first-leaf-lb 0x9daf3fa47e0] SubConn 0x9daf3f8c7d0 reported connectivity state READY and the health listener is disabled. Transitioning SubConn to READY.
[34m2026-06-30 11:23:50.089 WIB 002d INFO[0m [grpc] [34;1mAddTraceEvent[0m -> [core] [Channel #7]Channel Connectivity change to READY
[34m2026-06-30 11:23:50.089 WIB 002e INFO[0m [grpc] [34;1mInfof[0m -> [core] original dial target is: "localhost:9051"
[34m2026-06-30 11:23:50.089 WIB 002f INFO[0m [grpc] [34;1mAddTraceEvent[0m -> [core] [Channel #10]Channel created
[34m2026-06-30 11:23:50.089 WIB 0030 INFO[0m [grpc] [34;1mAddTraceEvent[0m -> [core] [Channel #10]parsed dial target is: resolver.Target{URL:url.URL{Scheme:"passthrough", Opaque:"", User:(*url.Userinfo)(nil), Host:"", Path:"/localhost:9051", Fragment:"", RawQuery:"", RawPath:"", RawFragment:"", ForceQuery:false, OmitHost:false}}
[34m2026-06-30 11:23:50.089 WIB 0031 INFO[0m [grpc] [34;1mAddTraceEvent[0m -> [core] [Channel #10]Channel authority set to "localhost:9051"
[34m2026-06-30 11:23:50.089 WIB 0032 INFO[0m [grpc] [34;1mAddTraceEvent[0m -> [core] [Channel #10]Resolver state updated: {
  "Addresses": [
    {
      "Addr": "localhost:9051",
      "ServerName": "",
      "Attributes": null,
      "BalancerAttributes": null,
      "Metadata": null
    }
  ],
  "Endpoints": [
    {
      "Addresses": [
        {
          "Addr": "localhost:9051",
          "ServerName": "",
          "Attributes": null,
          "BalancerAttributes": null,
          "Metadata": null
        }
      ],
      "Attributes": null
    }
  ],
  "ServiceConfig": null,
  "Attributes": null
} (resolver returned new addresses)
[34m2026-06-30 11:23:50.089 WIB 0033 INFO[0m [grpc] [34;1mAddTraceEvent[0m -> [core] [Channel #10]Channel switches to new LB policy "pick_first"
[34m2026-06-30 11:23:50.089 WIB 0034 INFO[0m [grpc] [34;1mInfof[0m -> [pick-first-leaf-lb] [pick-first-leaf-lb 0x9daf3d10900] Received new config {
  "shuffleAddressList": false
}, resolver state {
  "Addresses": [
    {
      "Addr": "localhost:9051",
      "ServerName": "",
      "Attributes": null,
      "BalancerAttributes": null,
      "Metadata": null
    }
  ],
  "Endpoints": [
    {
      "Addresses": [
        {
          "Addr": "localhost:9051",
          "ServerName": "",
          "Attributes": null,
          "BalancerAttributes": null,
          "Metadata": null
        }
      ],
      "Attributes": null
    }
  ],
  "ServiceConfig": null,
  "Attributes": null
}
[34m2026-06-30 11:23:50.089 WIB 0035 INFO[0m [grpc] [34;1mAddTraceEvent[0m -> [core] [Channel #10]Channel Connectivity change to CONNECTING
[34m2026-06-30 11:23:50.089 WIB 0036 INFO[0m [grpc] [34;1mAddTraceEvent[0m -> [core] [Channel #10 SubChannel #11]Subchannel created
[34m2026-06-30 11:23:50.089 WIB 0037 INFO[0m [grpc] [34;1mAddTraceEvent[0m -> [core] [Channel #10]Channel exiting idle mode
[34m2026-06-30 11:23:50.089 WIB 0038 INFO[0m [grpc] [34;1mAddTraceEvent[0m -> [core] [Channel #10 SubChannel #11]Subchannel Connectivity change to CONNECTING
[34m2026-06-30 11:23:50.089 WIB 0039 INFO[0m [grpc] [34;1mAddTraceEvent[0m -> [core] [Channel #10 SubChannel #11]Subchannel picks a new address "localhost:9051" to connect
[34m2026-06-30 11:23:50.092 WIB 003a INFO[0m [grpc] [34;1mAddTraceEvent[0m -> [core] [Channel #10 SubChannel #11]Subchannel Connectivity change to READY
[34m2026-06-30 11:23:50.092 WIB 003b INFO[0m [grpc] [34;1mInfof[0m -> [pick-first-leaf-lb] [pick-first-leaf-lb 0x9daf3d10900] SubConn 0x9daf40011d0 reported connectivity state READY and the health listener is disabled. Transitioning SubConn to READY.
[34m2026-06-30 11:23:50.092 WIB 003c INFO[0m [grpc] [34;1mAddTraceEvent[0m -> [core] [Channel #10]Channel Connectivity change to READY
[34m2026-06-30 11:23:50.092 WIB 003d INFO[0m [grpc] [34;1mInfof[0m -> [core] original dial target is: "localhost:11051"
[34m2026-06-30 11:23:50.092 WIB 003e INFO[0m [grpc] [34;1mAddTraceEvent[0m -> [core] [Channel #13]Channel created
[34m2026-06-30 11:23:50.092 WIB 003f INFO[0m [grpc] [34;1mAddTraceEvent[0m -> [core] [Channel #13]parsed dial target is: resolver.Target{URL:url.URL{Scheme:"passthrough", Opaque:"", User:(*url.Userinfo)(nil), Host:"", Path:"/localhost:11051", Fragment:"", RawQuery:"", RawPath:"", RawFragment:"", ForceQuery:false, OmitHost:false}}
[34m2026-06-30 11:23:50.092 WIB 0040 INFO[0m [grpc] [34;1mAddTraceEvent[0m -> [core] [Channel #13]Channel authority set to "localhost:11051"
[34m2026-06-30 11:23:50.092 WIB 0041 INFO[0m [grpc] [34;1mAddTraceEvent[0m -> [core] [Channel #13]Resolver state updated: {
  "Addresses": [
    {
      "Addr": "localhost:11051",
      "ServerName": "",
      "Attributes": null,
      "BalancerAttributes": null,
      "Metadata": null
    }
  ],
  "Endpoints": [
    {
      "Addresses": [
        {
          "Addr": "localhost:11051",
          "ServerName": "",
          "Attributes": null,
          "BalancerAttributes": null,
          "Metadata": null
        }
      ],
      "Attributes": null
    }
  ],
  "ServiceConfig": null,
  "Attributes": null
} (resolver returned new addresses)
[34m2026-06-30 11:23:50.092 WIB 0042 INFO[0m [grpc] [34;1mAddTraceEvent[0m -> [core] [Channel #13]Channel switches to new LB policy "pick_first"
[34m2026-06-30 11:23:50.092 WIB 0043 INFO[0m [grpc] [34;1mInfof[0m -> [pick-first-leaf-lb] [pick-first-leaf-lb 0x9daf3d10cf0] Received new config {
  "shuffleAddressList": false
}, resolver state {
  "Addresses": [
    {
      "Addr": "localhost:11051",
      "ServerName": "",
      "Attributes": null,
      "BalancerAttributes": null,
      "Metadata": null
    }
  ],
  "Endpoints": [
    {
      "Addresses": [
        {
          "Addr": "localhost:11051",
          "ServerName": "",
          "Attributes": null,
          "BalancerAttributes": null,
          "Metadata": null
        }
      ],
      "Attributes": null
    }
  ],
  "ServiceConfig": null,
  "Attributes": null
}
[34m2026-06-30 11:23:50.092 WIB 0044 INFO[0m [grpc] [34;1mAddTraceEvent[0m -> [core] [Channel #13]Channel Connectivity change to CONNECTING
[34m2026-06-30 11:23:50.092 WIB 0045 INFO[0m [grpc] [34;1mAddTraceEvent[0m -> [core] [Channel #13 SubChannel #14]Subchannel created
[34m2026-06-30 11:23:50.092 WIB 0046 INFO[0m [grpc] [34;1mAddTraceEvent[0m -> [core] [Channel #13]Channel exiting idle mode
[34m2026-06-30 11:23:50.092 WIB 0047 INFO[0m [grpc] [34;1mAddTraceEvent[0m -> [core] [Channel #13 SubChannel #14]Subchannel Connectivity change to CONNECTING
[34m2026-06-30 11:23:50.092 WIB 0048 INFO[0m [grpc] [34;1mAddTraceEvent[0m -> [core] [Channel #13 SubChannel #14]Subchannel picks a new address "localhost:11051" to connect
[34m2026-06-30 11:23:50.094 WIB 0049 INFO[0m [grpc] [34;1mAddTraceEvent[0m -> [core] [Channel #13 SubChannel #14]Subchannel Connectivity change to READY
[34m2026-06-30 11:23:50.094 WIB 004a INFO[0m [grpc] [34;1mInfof[0m -> [pick-first-leaf-lb] [pick-first-leaf-lb 0x9daf3d10cf0] SubConn 0x9daf4001540 reported connectivity state READY and the health listener is disabled. Transitioning SubConn to READY.
[34m2026-06-30 11:23:50.094 WIB 004b INFO[0m [grpc] [34;1mAddTraceEvent[0m -> [core] [Channel #13]Channel Connectivity change to READY
[34m2026-06-30 11:23:50.094 WIB 004c INFO[0m [grpc] [34;1mInfof[0m -> [core] original dial target is: "localhost:11051"
[34m2026-06-30 11:23:50.094 WIB 004d INFO[0m [grpc] [34;1mAddTraceEvent[0m -> [core] [Channel #16]Channel created
[34m2026-06-30 11:23:50.094 WIB 004e INFO[0m [grpc] [34;1mAddTraceEvent[0m -> [core] [Channel #16]parsed dial target is: resolver.Target{URL:url.URL{Scheme:"passthrough", Opaque:"", User:(*url.Userinfo)(nil), Host:"", Path:"/localhost:11051", Fragment:"", RawQuery:"", RawPath:"", RawFragment:"", ForceQuery:false, OmitHost:false}}
[34m2026-06-30 11:23:50.094 WIB 004f INFO[0m [grpc] [34;1mAddTraceEvent[0m -> [core] [Channel #16]Channel authority set to "localhost:11051"
[34m2026-06-30 11:23:50.094 WIB 0050 INFO[0m [grpc] [34;1mAddTraceEvent[0m -> [core] [Channel #16]Resolver state updated: {
  "Addresses": [
    {
      "Addr": "localhost:11051",
      "ServerName": "",
      "Attributes": null,
      "BalancerAttributes": null,
      "Metadata": null
    }
  ],
  "Endpoints": [
    {
      "Addresses": [
        {
          "Addr": "localhost:11051",
          "ServerName": "",
          "Attributes": null,
          "BalancerAttributes": null,
          "Metadata": null
        }
      ],
      "Attributes": null
    }
  ],
  "ServiceConfig": null,
  "Attributes": null
} (resolver returned new addresses)
[34m2026-06-30 11:23:50.095 WIB 0051 INFO[0m [grpc] [34;1mAddTraceEvent[0m -> [core] [Channel #16]Channel switches to new LB policy "pick_first"
[34m2026-06-30 11:23:50.095 WIB 0052 INFO[0m [grpc] [34;1mInfof[0m -> [pick-first-leaf-lb] [pick-first-leaf-lb 0x9daf3fa4bd0] Received new config {
  "shuffleAddressList": false
}, resolver state {
  "Addresses": [
    {
      "Addr": "localhost:11051",
      "ServerName": "",
      "Attributes": null,
      "BalancerAttributes": null,
      "Metadata": null
    }
  ],
  "Endpoints": [
    {
      "Addresses": [
        {
          "Addr": "localhost:11051",
          "ServerName": "",
          "Attributes": null,
          "BalancerAttributes": null,
          "Metadata": null
        }
      ],
      "Attributes": null
    }
  ],
  "ServiceConfig": null,
  "Attributes": null
}
[34m2026-06-30 11:23:50.095 WIB 0053 INFO[0m [grpc] [34;1mAddTraceEvent[0m -> [core] [Channel #16]Channel Connectivity change to CONNECTING
[34m2026-06-30 11:23:50.095 WIB 0054 INFO[0m [grpc] [34;1mAddTraceEvent[0m -> [core] [Channel #16 SubChannel #17]Subchannel created
[34m2026-06-30 11:23:50.095 WIB 0055 INFO[0m [grpc] [34;1mAddTraceEvent[0m -> [core] [Channel #16]Channel exiting idle mode
[34m2026-06-30 11:23:50.095 WIB 0056 INFO[0m [grpc] [34;1mAddTraceEvent[0m -> [core] [Channel #16 SubChannel #17]Subchannel Connectivity change to CONNECTING
[34m2026-06-30 11:23:50.095 WIB 0057 INFO[0m [grpc] [34;1mAddTraceEvent[0m -> [core] [Channel #16 SubChannel #17]Subchannel picks a new address "localhost:11051" to connect
[34m2026-06-30 11:23:50.097 WIB 0058 INFO[0m [grpc] [34;1mAddTraceEvent[0m -> [core] [Channel #16 SubChannel #17]Subchannel Connectivity change to READY
[34m2026-06-30 11:23:50.097 WIB 0059 INFO[0m [grpc] [34;1mInfof[0m -> [pick-first-leaf-lb] [pick-first-leaf-lb 0x9daf3fa4bd0] SubConn 0x9daf3f8d180 reported connectivity state READY and the health listener is disabled. Transitioning SubConn to READY.
[34m2026-06-30 11:23:50.097 WIB 005a INFO[0m [grpc] [34;1mAddTraceEvent[0m -> [core] [Channel #16]Channel Connectivity change to READY
[34m2026-06-30 11:23:50.097 WIB 005b INFO[0m [grpc] [34;1mInfof[0m -> [core] original dial target is: "localhost:13051"
[34m2026-06-30 11:23:50.097 WIB 005c INFO[0m [grpc] [34;1mAddTraceEvent[0m -> [core] [Channel #19]Channel created
[34m2026-06-30 11:23:50.097 WIB 005d INFO[0m [grpc] [34;1mAddTraceEvent[0m -> [core] [Channel #19]parsed dial target is: resolver.Target{URL:url.URL{Scheme:"passthrough", Opaque:"", User:(*url.Userinfo)(nil), Host:"", Path:"/localhost:13051", Fragment:"", RawQuery:"", RawPath:"", RawFragment:"", ForceQuery:false, OmitHost:false}}
[34m2026-06-30 11:23:50.097 WIB 005e INFO[0m [grpc] [34;1mAddTraceEvent[0m -> [core] [Channel #19]Channel authority set to "localhost:13051"
[34m2026-06-30 11:23:50.098 WIB 005f INFO[0m [grpc] [34;1mAddTraceEvent[0m -> [core] [Channel #19]Resolver state updated: {
  "Addresses": [
    {
      "Addr": "localhost:13051",
      "ServerName": "",
      "Attributes": null,
      "BalancerAttributes": null,
      "Metadata": null
    }
  ],
  "Endpoints": [
    {
      "Addresses": [
        {
          "Addr": "localhost:13051",
          "ServerName": "",
          "Attributes": null,
          "BalancerAttributes": null,
          "Metadata": null
        }
      ],
      "Attributes": null
    }
  ],
  "ServiceConfig": null,
  "Attributes": null
} (resolver returned new addresses)
[34m2026-06-30 11:23:50.098 WIB 0060 INFO[0m [grpc] [34;1mAddTraceEvent[0m -> [core] [Channel #19]Channel switches to new LB policy "pick_first"
[34m2026-06-30 11:23:50.098 WIB 0061 INFO[0m [grpc] [34;1mInfof[0m -> [pick-first-leaf-lb] [pick-first-leaf-lb 0x9daf3fa41b0] Received new config {
  "shuffleAddressList": false
}, resolver state {
  "Addresses": [
    {
      "Addr": "localhost:13051",
      "ServerName": "",
      "Attributes": null,
      "BalancerAttributes": null,
      "Metadata": null
    }
  ],
  "Endpoints": [
    {
      "Addresses": [
        {
          "Addr": "localhost:13051",
          "ServerName": "",
          "Attributes": null,
          "BalancerAttributes": null,
          "Metadata": null
        }
      ],
      "Attributes": null
    }
  ],
  "ServiceConfig": null,
  "Attributes": null
}
[34m2026-06-30 11:23:50.098 WIB 0062 INFO[0m [grpc] [34;1mAddTraceEvent[0m -> [core] [Channel #19]Channel Connectivity change to CONNECTING
[34m2026-06-30 11:23:50.098 WIB 0063 INFO[0m [grpc] [34;1mAddTraceEvent[0m -> [core] [Channel #19 SubChannel #20]Subchannel created
[34m2026-06-30 11:23:50.098 WIB 0064 INFO[0m [grpc] [34;1mAddTraceEvent[0m -> [core] [Channel #19]Channel exiting idle mode
[34m2026-06-30 11:23:50.098 WIB 0065 INFO[0m [grpc] [34;1mAddTraceEvent[0m -> [core] [Channel #19 SubChannel #20]Subchannel Connectivity change to CONNECTING
[34m2026-06-30 11:23:50.098 WIB 0066 INFO[0m [grpc] [34;1mAddTraceEvent[0m -> [core] [Channel #19 SubChannel #20]Subchannel picks a new address "localhost:13051" to connect
[34m2026-06-30 11:23:50.100 WIB 0067 INFO[0m [grpc] [34;1mAddTraceEvent[0m -> [core] [Channel #19 SubChannel #20]Subchannel Connectivity change to READY
[34m2026-06-30 11:23:50.100 WIB 0068 INFO[0m [grpc] [34;1mInfof[0m -> [pick-first-leaf-lb] [pick-first-leaf-lb 0x9daf3fa41b0] SubConn 0x9daf405ab40 reported connectivity state READY and the health listener is disabled. Transitioning SubConn to READY.
[34m2026-06-30 11:23:50.100 WIB 0069 INFO[0m [grpc] [34;1mAddTraceEvent[0m -> [core] [Channel #19]Channel Connectivity change to READY
[34m2026-06-30 11:23:50.100 WIB 006a INFO[0m [grpc] [34;1mInfof[0m -> [core] original dial target is: "localhost:13051"
[34m2026-06-30 11:23:50.100 WIB 006b INFO[0m [grpc] [34;1mAddTraceEvent[0m -> [core] [Channel #22]Channel created
[34m2026-06-30 11:23:50.100 WIB 006c INFO[0m [grpc] [34;1mAddTraceEvent[0m -> [core] [Channel #22]parsed dial target is: resolver.Target{URL:url.URL{Scheme:"passthrough", Opaque:"", User:(*url.Userinfo)(nil), Host:"", Path:"/localhost:13051", Fragment:"", RawQuery:"", RawPath:"", RawFragment:"", ForceQuery:false, OmitHost:false}}
[34m2026-06-30 11:23:50.100 WIB 006d INFO[0m [grpc] [34;1mAddTraceEvent[0m -> [core] [Channel #22]Channel authority set to "localhost:13051"
[34m2026-06-30 11:23:50.100 WIB 006e INFO[0m [grpc] [34;1mAddTraceEvent[0m -> [core] [Channel #22]Resolver state updated: {
  "Addresses": [
    {
      "Addr": "localhost:13051",
      "ServerName": "",
      "Attributes": null,
      "BalancerAttributes": null,
      "Metadata": null
    }
  ],
  "Endpoints": [
    {
      "Addresses": [
        {
          "Addr": "localhost:13051",
          "ServerName": "",
          "Attributes": null,
          "BalancerAttributes": null,
          "Metadata": null
        }
      ],
      "Attributes": null
    }
  ],
  "ServiceConfig": null,
  "Attributes": null
} (resolver returned new addresses)
[34m2026-06-30 11:23:50.100 WIB 006f INFO[0m [grpc] [34;1mAddTraceEvent[0m -> [core] [Channel #22]Channel switches to new LB policy "pick_first"
[34m2026-06-30 11:23:50.100 WIB 0070 INFO[0m [grpc] [34;1mInfof[0m -> [pick-first-leaf-lb] [pick-first-leaf-lb 0x9daf4056480] Received new config {
  "shuffleAddressList": false
}, resolver state {
  "Addresses": [
    {
      "Addr": "localhost:13051",
      "ServerName": "",
      "Attributes": null,
      "BalancerAttributes": null,
      "Metadata": null
    }
  ],
  "Endpoints": [
    {
      "Addresses": [
        {
          "Addr": "localhost:13051",
          "ServerName": "",
          "Attributes": null,
          "BalancerAttributes": null,
          "Metadata": null
        }
      ],
      "Attributes": null
    }
  ],
  "ServiceConfig": null,
  "Attributes": null
}
[34m2026-06-30 11:23:50.100 WIB 0071 INFO[0m [grpc] [34;1mAddTraceEvent[0m -> [core] [Channel #22]Channel Connectivity change to CONNECTING
[34m2026-06-30 11:23:50.100 WIB 0072 INFO[0m [grpc] [34;1mAddTraceEvent[0m -> [core] [Channel #22 SubChannel #23]Subchannel created
[34m2026-06-30 11:23:50.100 WIB 0073 INFO[0m [grpc] [34;1mAddTraceEvent[0m -> [core] [Channel #22]Channel exiting idle mode
[34m2026-06-30 11:23:50.100 WIB 0074 INFO[0m [grpc] [34;1mAddTraceEvent[0m -> [core] [Channel #22 SubChannel #23]Subchannel Connectivity change to CONNECTING
[34m2026-06-30 11:23:50.101 WIB 0075 INFO[0m [grpc] [34;1mAddTraceEvent[0m -> [core] [Channel #22 SubChannel #23]Subchannel picks a new address "localhost:13051" to connect
[34m2026-06-30 11:23:50.102 WIB 0076 INFO[0m [grpc] [34;1mAddTraceEvent[0m -> [core] [Channel #22 SubChannel #23]Subchannel Connectivity change to READY
[34m2026-06-30 11:23:50.103 WIB 0077 INFO[0m [grpc] [34;1mInfof[0m -> [pick-first-leaf-lb] [pick-first-leaf-lb 0x9daf4056480] SubConn 0x9daf3f8d0e0 reported connectivity state READY and the health listener is disabled. Transitioning SubConn to READY.
[34m2026-06-30 11:23:50.103 WIB 0078 INFO[0m [grpc] [34;1mAddTraceEvent[0m -> [core] [Channel #22]Channel Connectivity change to READY
[33m2026-06-30 11:23:50.103 WIB 0079 WARN[0m [grpc] [33;1mWarningf[0m -> [core] Adjusting keepalive ping interval to minimum period of 10s
[34m2026-06-30 11:23:50.103 WIB 007a INFO[0m [grpc] [34;1mInfof[0m -> [core] original dial target is: "localhost:7050"
[34m2026-06-30 11:23:50.103 WIB 007b INFO[0m [grpc] [34;1mAddTraceEvent[0m -> [core] [Channel #25]Channel created
[34m2026-06-30 11:23:50.103 WIB 007c INFO[0m [grpc] [34;1mAddTraceEvent[0m -> [core] [Channel #25]parsed dial target is: resolver.Target{URL:url.URL{Scheme:"passthrough", Opaque:"", User:(*url.Userinfo)(nil), Host:"", Path:"/localhost:7050", Fragment:"", RawQuery:"", RawPath:"", RawFragment:"", ForceQuery:false, OmitHost:false}}
[34m2026-06-30 11:23:50.103 WIB 007d INFO[0m [grpc] [34;1mAddTraceEvent[0m -> [core] [Channel #25]Channel authority set to "orderer.paynet"
[34m2026-06-30 11:23:50.103 WIB 007e INFO[0m [grpc] [34;1mAddTraceEvent[0m -> [core] [Channel #25]Resolver state updated: {
  "Addresses": [
    {
      "Addr": "localhost:7050",
      "ServerName": "",
      "Attributes": null,
      "BalancerAttributes": null,
      "Metadata": null
    }
  ],
  "Endpoints": [
    {
      "Addresses": [
        {
          "Addr": "localhost:7050",
          "ServerName": "",
          "Attributes": null,
          "BalancerAttributes": null,
          "Metadata": null
        }
      ],
      "Attributes": null
    }
  ],
  "ServiceConfig": null,
  "Attributes": null
} (resolver returned new addresses)
[34m2026-06-30 11:23:50.103 WIB 007f INFO[0m [grpc] [34;1mAddTraceEvent[0m -> [core] [Channel #25]Channel switches to new LB policy "pick_first"
[34m2026-06-30 11:23:50.103 WIB 0080 INFO[0m [grpc] [34;1mInfof[0m -> [pick-first-leaf-lb] [pick-first-leaf-lb 0x9daf3c2eab0] Received new config {
  "shuffleAddressList": false
}, resolver state {
  "Addresses": [
    {
      "Addr": "localhost:7050",
      "ServerName": "",
      "Attributes": null,
      "BalancerAttributes": null,
      "Metadata": null
    }
  ],
  "Endpoints": [
    {
      "Addresses": [
        {
          "Addr": "localhost:7050",
          "ServerName": "",
          "Attributes": null,
          "BalancerAttributes": null,
          "Metadata": null
        }
      ],
      "Attributes": null
    }
  ],
  "ServiceConfig": null,
  "Attributes": null
}
[34m2026-06-30 11:23:50.103 WIB 0081 INFO[0m [grpc] [34;1mAddTraceEvent[0m -> [core] [Channel #25]Channel Connectivity change to CONNECTING
[34m2026-06-30 11:23:50.103 WIB 0082 INFO[0m [grpc] [34;1mAddTraceEvent[0m -> [core] [Channel #25 SubChannel #26]Subchannel created
[34m2026-06-30 11:23:50.103 WIB 0083 INFO[0m [grpc] [34;1mAddTraceEvent[0m -> [core] [Channel #25]Channel exiting idle mode
[34m2026-06-30 11:23:50.103 WIB 0084 INFO[0m [grpc] [34;1mAddTraceEvent[0m -> [core] [Channel #25 SubChannel #26]Subchannel Connectivity change to CONNECTING
[34m2026-06-30 11:23:50.103 WIB 0085 INFO[0m [grpc] [34;1mAddTraceEvent[0m -> [core] [Channel #25 SubChannel #26]Subchannel picks a new address "localhost:7050" to connect
[34m2026-06-30 11:23:50.105 WIB 0086 INFO[0m [grpc] [34;1mAddTraceEvent[0m -> [core] [Channel #25 SubChannel #26]Subchannel Connectivity change to READY
[34m2026-06-30 11:23:50.105 WIB 0087 INFO[0m [grpc] [34;1mInfof[0m -> [pick-first-leaf-lb] [pick-first-leaf-lb 0x9daf3c2eab0] SubConn 0x9daf3f8d540 reported connectivity state READY and the health listener is disabled. Transitioning SubConn to READY.
[34m2026-06-30 11:23:50.105 WIB 0088 INFO[0m [grpc] [34;1mAddTraceEvent[0m -> [core] [Channel #25]Channel Connectivity change to READY
[34m2026-06-30 11:23:52.608 WIB 0089 INFO[0m [chaincodeCmd] [34;1mClientWait[0m -> txid [2380be3125c548d1e2fa23765d030051145cb0eb4e54ef99eee213e6018e5910] committed with status (VALID) at localhost:9051
[34m2026-06-30 11:23:52.614 WIB 008a INFO[0m [chaincodeCmd] [34;1mClientWait[0m -> txid [2380be3125c548d1e2fa23765d030051145cb0eb4e54ef99eee213e6018e5910] committed with status (VALID) at localhost:13051
[34m2026-06-30 11:23:52.614 WIB 008b INFO[0m [chaincodeCmd] [34;1mClientWait[0m -> txid [2380be3125c548d1e2fa23765d030051145cb0eb4e54ef99eee213e6018e5910] committed with status (VALID) at localhost:11051
[34m2026-06-30 11:23:52.652 WIB 008c INFO[0m [chaincodeCmd] [34;1mClientWait[0m -> txid [2380be3125c548d1e2fa23765d030051145cb0eb4e54ef99eee213e6018e5910] committed with status (VALID) at localhost:7051
Chaincode deployed successfully on Garuda network (4 validators + 1 observer + 1 PJP).
