2026.09.17-17:47:03.064[32m info [39m [caliper] [cli-launch-manager] 	Set workspace path: /home/mfachrizalg/2026/Skripsi/bi-coin/bi-coin-fabric
2026.09.17-17:47:03.065[32m info [39m [caliper] [cli-launch-manager] 	Set benchmark configuration path: /home/mfachrizalg/2026/Skripsi/bi-coin/bi-coin-fabric/benchmark/results/statistical-20260917-pilot6/runs/scenario-pilot-distribution-low-1w-5tps-r1/benchconfig.yaml
2026.09.17-17:47:03.066[32m info [39m [caliper] [cli-launch-manager] 	Set network configuration path: /home/mfachrizalg/2026/Skripsi/bi-coin/bi-coin-fabric/benchmark/networkconfig.yaml
2026.09.17-17:47:03.066[32m info [39m [caliper] [cli-launch-manager] 	Set SUT type: fabric
2026.09.17-17:47:03.085[32m info [39m [caliper] [caliper-engine] 	Starting benchmark flow
2026.09.17-17:47:03.086[32m info [39m [caliper] [caliper-engine] 	Network configuration attribute "caliper.command.start" is not present, skipping start command
2026.09.17-17:47:03.654[32m info [39m [caliper] [FabricConnectorFactory] 	Initializing peer gateway connector compatible with installed fabric-gateway SDK: 1.5.0
2026.09.17-17:47:03.661[32m info [39m [caliper] [IdentityManager] 	Adding User1 (admin=false) as User1 for organization BankIndonesiaOrgMSP
2026.09.17-17:47:03.662[32m info [39m [caliper] [IdentityManager] 	Adding User1 (admin=false) as _HimbaraBankOrgMSP_User1 for organization HimbaraBankOrgMSP
2026.09.17-17:47:03.663[32m info [39m [caliper] [IdentityManager] 	Adding User1 (admin=false) as _CommercialBankOrgMSP_User1 for organization CommercialBankOrgMSP
2026.09.17-17:47:03.665[32m info [39m [caliper] [connectors/peer-gateway/PeerGateway] 	Fabric-Gateway SDK version: 1.5.0 for Peer-Gateway connector; TLS based on BankIndonesiaOrgMSP: server
2026.09.17-17:47:03.665[32m info [39m [caliper] [caliper-engine] 	Executed "init" step in 0.001 seconds
2026.09.17-17:47:03.665[33m warn [39m [caliper] [connectors/peer-gateway/PeerGateway] 	Install smart contract not available for the Fabric Peer Gateway connector
2026.09.17-17:47:03.665[32m info [39m [caliper] [caliper-engine] 	Executed "install" step in 0 seconds
2026.09.17-17:47:03.667[32m info [39m [caliper] [monitor.js] 	Attempting to create resource monitor of type docker
2026.09.17-17:47:03.667[32m info [39m [caliper] [monitor.js] 	Attempting to create resource monitor of type process
2026.09.17-17:47:03.668[32m info [39m [caliper] [default-observer] 	Observer interval set to 5000 milliseconds
2026.09.17-17:47:03.671[32m info [39m [caliper] [round-orchestrator] 	Preparing worker connections
2026.09.17-17:47:03.672[32m info [39m [caliper] [worker-orchestrator] 	Launching worker 1 of 1
2026.09.17-17:47:03.677[32m info [39m [caliper] [worker-orchestrator] 	Messenger not configured, entering configure phase...
2026.09.17-17:47:03.677[32m info [39m [caliper] [worker-orchestrator] 	No existing workers detected, entering worker launch phase...
2026.09.17-17:47:03.678[32m info [39m [caliper] [worker-orchestrator] 	Waiting for 1 workers to be connected...
2026.09.17-17:47:03.938[32m info [39m [caliper] [cli-launch-worker] 	Set workspace path: /home/mfachrizalg/2026/Skripsi/bi-coin/bi-coin-fabric
2026.09.17-17:47:03.939[32m info [39m [caliper] [cli-launch-worker] 	Set benchmark configuration path: /home/mfachrizalg/2026/Skripsi/bi-coin/bi-coin-fabric/benchmark/results/statistical-20260917-pilot6/runs/scenario-pilot-distribution-low-1w-5tps-r1/benchconfig.yaml
2026.09.17-17:47:03.939[32m info [39m [caliper] [cli-launch-worker] 	Set network configuration path: /home/mfachrizalg/2026/Skripsi/bi-coin/bi-coin-fabric/benchmark/networkconfig.yaml
2026.09.17-17:47:03.940[32m info [39m [caliper] [cli-launch-worker] 	Set SUT type: fabric
2026.09.17-17:47:03.966[32m info [39m [caliper] [worker-orchestrator] 	1 workers connected, progressing to worker assignment phase.
2026.09.17-17:47:03.966[32m info [39m [caliper] [worker-orchestrator] 	Workers currently unassigned, awaiting index assignment...
2026.09.17-17:47:03.966[32m info [39m [caliper] [worker-orchestrator] 	Waiting for 1 workers to be assigned...
2026.09.17-17:47:04.002[32m info [39m [caliper] [worker-orchestrator] 	1 workers assigned, progressing to worker initialization phase.
2026.09.17-17:47:04.002[32m info [39m [caliper] [worker-orchestrator] 	Waiting for 1 workers to be ready...
2026.09.17-17:47:04.003[32m info [39m [caliper] [worker-message-handler] 	Initializing Worker#0...
2026.09.17-17:47:04.550[32m info [39m [caliper] [FabricConnectorFactory] 	Initializing peer gateway connector compatible with installed fabric-gateway SDK: 1.5.0
2026.09.17-17:47:04.555[32m info [39m [caliper] [IdentityManager] 	Adding User1 (admin=false) as User1 for organization BankIndonesiaOrgMSP
2026.09.17-17:47:04.556[32m info [39m [caliper] [IdentityManager] 	Adding User1 (admin=false) as _HimbaraBankOrgMSP_User1 for organization HimbaraBankOrgMSP
2026.09.17-17:47:04.557[32m info [39m [caliper] [IdentityManager] 	Adding User1 (admin=false) as _CommercialBankOrgMSP_User1 for organization CommercialBankOrgMSP
2026.09.17-17:47:04.560[32m info [39m [caliper] [worker-message-handler] 	Worker#0 initialized
2026.09.17-17:47:04.561[32m info [39m [caliper] [worker-orchestrator] 	1 workers ready, progressing to test preparation phase.
2026.09.17-17:47:04.561[32m info [39m [caliper] [round-orchestrator] 	Started round 1 (warmup-distribution-low-5tps)
2026.09.17-17:47:04.562[32m info [39m [caliper] [worker-message-handler] 	Preparing Worker#0 for Round#0
2026.09.17-17:47:04.574[32m info [39m [caliper] [connectors/peer-gateway/PeerGateway] 	Generating contract map for user User1
2026.09.17-17:47:04.578[32m info [39m [caliper] [connectors/peer-gateway/PeerGateway] 	Generating contract map for user _HimbaraBankOrgMSP_User1
2026.09.17-17:47:04.581[32m info [39m [caliper] [connectors/peer-gateway/PeerGateway] 	Generating contract map for user _CommercialBankOrgMSP_User1
2026.09.17-17:47:04.581[32m info [39m [caliper] [caliper-worker] 	Info: worker 0 prepare test phase for round 0 is starting...
2026.09.17-17:47:04.622[31m error[39m [caliper] [connectors/peer-gateway/PeerGateway] 	Failed to perform query transaction [GetParticipant] using arguments [bench_custodian_20260917-pilot6_scenario-pilot-distribution-low-1w-5tps-r1_distribution-low],  with error: GatewayError: 2 UNKNOWN: evaluate call to endorser returned error: chaincode response 500, participant bench_custodian_20260917-pilot6_scenario-pilot-distribution-low-1w-5tps-r1_distribution-low not found
Details:
-  peer0.bi.paynet:7051:chaincode response 500, participant bench_custodian_20260917-pilot6_scenario-pilot-distribution-low-1w-5tps-r1_distribution-low not found
2026.09.17-17:47:12.992[32m info [39m [caliper] [connectors/peer-gateway/PeerGateway] 	disconnecting gateway for user User1
2026.09.17-17:47:12.993[32m info [39m [caliper] [connectors/peer-gateway/PeerGateway] 	disconnecting gateway for user _HimbaraBankOrgMSP_User1
2026.09.17-17:47:12.993[32m info [39m [caliper] [connectors/peer-gateway/PeerGateway] 	disconnecting gateway for user _CommercialBankOrgMSP_User1
2026.09.17-17:47:12.993[32m info [39m [caliper] [connectors/peer-gateway/PeerGateway] 	disconnecting gRpc client at peer peer0.bi.paynet
2026.09.17-17:47:12.993[32m info [39m [caliper] [connectors/peer-gateway/PeerGateway] 	disconnecting gRpc client at peer peer0.himbara.paynet
2026.09.17-17:47:12.994[32m info [39m [caliper] [connectors/peer-gateway/PeerGateway] 	disconnecting gRpc client at peer peer0.commercial.paynet
2026.09.17-17:47:12.994[32m info [39m [caliper] [caliper-worker] 	Info: worker 0 prepare test phase for round 0 is completed
2026.09.17-17:47:12.994[32m info [39m [caliper] [worker-message-handler] 	Worker#0 prepared for Round#0
2026.09.17-17:47:12.995[32m info [39m [caliper] [worker-orchestrator] 	1 workers prepared, progressing to test phase.
2026.09.17-17:47:15.067[32m info [39m [caliper] [monitor-process] 	Registering node caliper(sum) within process monitor
2026.09.17-17:47:15.268[32m info [39m [caliper] [monitor-process] 	Starting process monitor with update interval 1000 ms
2026.09.17-17:47:15.268[32m info [39m [caliper] [round-orchestrator] 	Monitors successfully started
2026.09.17-17:47:15.270[32m info [39m [caliper] [worker-message-handler] 	Worker#0 is starting Round#0
2026.09.17-17:47:15.273[32m info [39m [caliper] [connectors/peer-gateway/PeerGateway] 	Generating contract map for user User1
2026.09.17-17:47:15.274[32m info [39m [caliper] [connectors/peer-gateway/PeerGateway] 	Generating contract map for user _HimbaraBankOrgMSP_User1
2026.09.17-17:47:15.276[32m info [39m [caliper] [connectors/peer-gateway/PeerGateway] 	Generating contract map for user _CommercialBankOrgMSP_User1
2026.09.17-17:47:15.278[32m info [39m [caliper] [caliper-worker] 	Worker #0 starting workload loop
2026.09.17-17:47:15.291[31m error[39m [caliper] [connectors/peer-gateway/PeerGateway] 	Failed to perform submit transaction [DistributeToParticipant] using arguments [bench_custodian_20260917-pilot6_scenario-pilot-distribution-low-1w-5tps-r1_distribution-low,1000,distribution_20260917-pilot6_scenario-pilot-distribution-low-1w-5tps-r1_distribution-low_w0_r0_0],  with error: EndorseError: 10 ABORTED: failed to endorse transaction, see attached details for more info
Details:
-  peer0.bi.paynet:7051:chaincode response 500, insufficient balance: have 0, need 1000
2026.09.17-17:47:15.486[31m error[39m [caliper] [connectors/peer-gateway/PeerGateway] 	Failed to perform submit transaction [DistributeToParticipant] using arguments [bench_custodian_20260917-pilot6_scenario-pilot-distribution-low-1w-5tps-r1_distribution-low,1000,distribution_20260917-pilot6_scenario-pilot-distribution-low-1w-5tps-r1_distribution-low_w0_r0_1],  with error: EndorseError: 10 ABORTED: failed to endorse transaction, see attached details for more info
Details:
-  peer0.bi.paynet:7051:chaincode response 500, insufficient balance: have 0, need 1000
2026.09.17-17:47:15.686[31m error[39m [caliper] [connectors/peer-gateway/PeerGateway] 	Failed to perform submit transaction [DistributeToParticipant] using arguments [bench_custodian_20260917-pilot6_scenario-pilot-distribution-low-1w-5tps-r1_distribution-low,1000,distribution_20260917-pilot6_scenario-pilot-distribution-low-1w-5tps-r1_distribution-low_w0_r0_2],  with error: EndorseError: 10 ABORTED: failed to endorse transaction, see attached details for more info
Details:
-  peer0.bi.paynet:7051:chaincode response 500, insufficient balance: have 0, need 1000
2026.09.17-17:47:15.885[31m error[39m [caliper] [connectors/peer-gateway/PeerGateway] 	Failed to perform submit transaction [DistributeToParticipant] using arguments [bench_custodian_20260917-pilot6_scenario-pilot-distribution-low-1w-5tps-r1_distribution-low,1000,distribution_20260917-pilot6_scenario-pilot-distribution-low-1w-5tps-r1_distribution-low_w0_r0_3],  with error: EndorseError: 10 ABORTED: failed to endorse transaction, see attached details for more info
Details:
-  peer0.bi.paynet:7051:chaincode response 500, insufficient balance: have 0, need 1000
2026.09.17-17:47:16.092[31m error[39m [caliper] [connectors/peer-gateway/PeerGateway] 	Failed to perform submit transaction [DistributeToParticipant] using arguments [bench_custodian_20260917-pilot6_scenario-pilot-distribution-low-1w-5tps-r1_distribution-low,1000,distribution_20260917-pilot6_scenario-pilot-distribution-low-1w-5tps-r1_distribution-low_w0_r0_4],  with error: EndorseError: 10 ABORTED: failed to endorse transaction, see attached details for more info
Details:
-  peer0.bi.paynet:7051:chaincode response 500, insufficient balance: have 0, need 1000
2026.09.17-17:47:16.285[31m error[39m [caliper] [connectors/peer-gateway/PeerGateway] 	Failed to perform submit transaction [DistributeToParticipant] using arguments [bench_custodian_20260917-pilot6_scenario-pilot-distribution-low-1w-5tps-r1_distribution-low,1000,distribution_20260917-pilot6_scenario-pilot-distribution-low-1w-5tps-r1_distribution-low_w0_r0_5],  with error: EndorseError: 10 ABORTED: failed to endorse transaction, see attached details for more info
Details:
-  peer0.bi.paynet:7051:chaincode response 500, insufficient balance: have 0, need 1000
2026.09.17-17:47:16.486[31m error[39m [caliper] [connectors/peer-gateway/PeerGateway] 	Failed to perform submit transaction [DistributeToParticipant] using arguments [bench_custodian_20260917-pilot6_scenario-pilot-distribution-low-1w-5tps-r1_distribution-low,1000,distribution_20260917-pilot6_scenario-pilot-distribution-low-1w-5tps-r1_distribution-low_w0_r0_6],  with error: EndorseError: 10 ABORTED: failed to endorse transaction, see attached details for more info
Details:
-  peer0.bi.paynet:7051:chaincode response 500, insufficient balance: have 0, need 1000
2026.09.17-17:47:16.685[31m error[39m [caliper] [connectors/peer-gateway/PeerGateway] 	Failed to perform submit transaction [DistributeToParticipant] using arguments [bench_custodian_20260917-pilot6_scenario-pilot-distribution-low-1w-5tps-r1_distribution-low,1000,distribution_20260917-pilot6_scenario-pilot-distribution-low-1w-5tps-r1_distribution-low_w0_r0_7],  with error: EndorseError: 10 ABORTED: failed to endorse transaction, see attached details for more info
Details:
-  peer0.bi.paynet:7051:chaincode response 500, insufficient balance: have 0, need 1000
2026.09.17-17:47:16.885[31m error[39m [caliper] [connectors/peer-gateway/PeerGateway] 	Failed to perform submit transaction [DistributeToParticipant] using arguments [bench_custodian_20260917-pilot6_scenario-pilot-distribution-low-1w-5tps-r1_distribution-low,1000,distribution_20260917-pilot6_scenario-pilot-distribution-low-1w-5tps-r1_distribution-low_w0_r0_8],  with error: EndorseError: 10 ABORTED: failed to endorse transaction, see attached details for more info
Details:
-  peer0.bi.paynet:7051:chaincode response 500, insufficient balance: have 0, need 1000
2026.09.17-17:47:17.096[31m error[39m [caliper] [connectors/peer-gateway/PeerGateway] 	Failed to perform submit transaction [DistributeToParticipant] using arguments [bench_custodian_20260917-pilot6_scenario-pilot-distribution-low-1w-5tps-r1_distribution-low,1000,distribution_20260917-pilot6_scenario-pilot-distribution-low-1w-5tps-r1_distribution-low_w0_r0_9],  with error: EndorseError: 10 ABORTED: failed to endorse transaction, see attached details for more info
Details:
-  peer0.bi.paynet:7051:chaincode response 500, insufficient balance: have 0, need 1000
2026.09.17-17:47:17.286[31m error[39m [caliper] [connectors/peer-gateway/PeerGateway] 	Failed to perform submit transaction [DistributeToParticipant] using arguments [bench_custodian_20260917-pilot6_scenario-pilot-distribution-low-1w-5tps-r1_distribution-low,1000,distribution_20260917-pilot6_scenario-pilot-distribution-low-1w-5tps-r1_distribution-low_w0_r0_10],  with error: EndorseError: 10 ABORTED: failed to endorse transaction, see attached details for more info
Details:
-  peer0.bi.paynet:7051:chaincode response 500, insufficient balance: have 0, need 1000
2026.09.17-17:47:17.485[31m error[39m [caliper] [connectors/peer-gateway/PeerGateway] 	Failed to perform submit transaction [DistributeToParticipant] using arguments [bench_custodian_20260917-pilot6_scenario-pilot-distribution-low-1w-5tps-r1_distribution-low,1000,distribution_20260917-pilot6_scenario-pilot-distribution-low-1w-5tps-r1_distribution-low_w0_r0_11],  with error: EndorseError: 10 ABORTED: failed to endorse transaction, see attached details for more info
Details:
-  peer0.bi.paynet:7051:chaincode response 500, insufficient balance: have 0, need 1000
2026.09.17-17:47:17.688[31m error[39m [caliper] [connectors/peer-gateway/PeerGateway] 	Failed to perform submit transaction [DistributeToParticipant] using arguments [bench_custodian_20260917-pilot6_scenario-pilot-distribution-low-1w-5tps-r1_distribution-low,1000,distribution_20260917-pilot6_scenario-pilot-distribution-low-1w-5tps-r1_distribution-low_w0_r0_12],  with error: EndorseError: 10 ABORTED: failed to endorse transaction, see attached details for more info
Details:
-  peer0.bi.paynet:7051:chaincode response 500, insufficient balance: have 0, need 1000
2026.09.17-17:47:17.885[31m error[39m [caliper] [connectors/peer-gateway/PeerGateway] 	Failed to perform submit transaction [DistributeToParticipant] using arguments [bench_custodian_20260917-pilot6_scenario-pilot-distribution-low-1w-5tps-r1_distribution-low,1000,distribution_20260917-pilot6_scenario-pilot-distribution-low-1w-5tps-r1_distribution-low_w0_r0_13],  with error: EndorseError: 10 ABORTED: failed to endorse transaction, see attached details for more info
Details:
-  peer0.bi.paynet:7051:chaincode response 500, insufficient balance: have 0, need 1000
2026.09.17-17:47:17.998[32m info [39m [caliper] [default-observer] 	[warmup-distribution-low-5tps Round 0 Transaction Info] - Submitted: 10 Succ: 0 Fail:10 Unfinished:0
2026.09.17-17:47:18.086[31m error[39m [caliper] [connectors/peer-gateway/PeerGateway] 	Failed to perform submit transaction [DistributeToParticipant] using arguments [bench_custodian_20260917-pilot6_scenario-pilot-distribution-low-1w-5tps-r1_distribution-low,1000,distribution_20260917-pilot6_scenario-pilot-distribution-low-1w-5tps-r1_distribution-low_w0_r0_14],  with error: EndorseError: 10 ABORTED: failed to endorse transaction, see attached details for more info
Details:
-  peer0.bi.paynet:7051:chaincode response 500, insufficient balance: have 0, need 1000
2026.09.17-17:47:18.287[31m error[39m [caliper] [connectors/peer-gateway/PeerGateway] 	Failed to perform submit transaction [DistributeToParticipant] using arguments [bench_custodian_20260917-pilot6_scenario-pilot-distribution-low-1w-5tps-r1_distribution-low,1000,distribution_20260917-pilot6_scenario-pilot-distribution-low-1w-5tps-r1_distribution-low_w0_r0_15],  with error: EndorseError: 10 ABORTED: failed to endorse transaction, see attached details for more info
Details:
-  peer0.bi.paynet:7051:chaincode response 500, insufficient balance: have 0, need 1000
2026.09.17-17:47:18.485[31m error[39m [caliper] [connectors/peer-gateway/PeerGateway] 	Failed to perform submit transaction [DistributeToParticipant] using arguments [bench_custodian_20260917-pilot6_scenario-pilot-distribution-low-1w-5tps-r1_distribution-low,1000,distribution_20260917-pilot6_scenario-pilot-distribution-low-1w-5tps-r1_distribution-low_w0_r0_16],  with error: EndorseError: 10 ABORTED: failed to endorse transaction, see attached details for more info
Details:
-  peer0.bi.paynet:7051:chaincode response 500, insufficient balance: have 0, need 1000
2026.09.17-17:47:18.686[31m error[39m [caliper] [connectors/peer-gateway/PeerGateway] 	Failed to perform submit transaction [DistributeToParticipant] using arguments [bench_custodian_20260917-pilot6_scenario-pilot-distribution-low-1w-5tps-r1_distribution-low,1000,distribution_20260917-pilot6_scenario-pilot-distribution-low-1w-5tps-r1_distribution-low_w0_r0_17],  with error: EndorseError: 10 ABORTED: failed to endorse transaction, see attached details for more info
Details:
-  peer0.bi.paynet:7051:chaincode response 500, insufficient balance: have 0, need 1000
2026.09.17-17:47:18.885[31m error[39m [caliper] [connectors/peer-gateway/PeerGateway] 	Failed to perform submit transaction [DistributeToParticipant] using arguments [bench_custodian_20260917-pilot6_scenario-pilot-distribution-low-1w-5tps-r1_distribution-low,1000,distribution_20260917-pilot6_scenario-pilot-distribution-low-1w-5tps-r1_distribution-low_w0_r0_18],  with error: EndorseError: 10 ABORTED: failed to endorse transaction, see attached details for more info
Details:
-  peer0.bi.paynet:7051:chaincode response 500, insufficient balance: have 0, need 1000
2026.09.17-17:47:19.092[31m error[39m [caliper] [connectors/peer-gateway/PeerGateway] 	Failed to perform submit transaction [DistributeToParticipant] using arguments [bench_custodian_20260917-pilot6_scenario-pilot-distribution-low-1w-5tps-r1_distribution-low,1000,distribution_20260917-pilot6_scenario-pilot-distribution-low-1w-5tps-r1_distribution-low_w0_r0_19],  with error: EndorseError: 10 ABORTED: failed to endorse transaction, see attached details for more info
Details:
-  peer0.bi.paynet:7051:chaincode response 500, insufficient balance: have 0, need 1000
2026.09.17-17:47:19.287[31m error[39m [caliper] [connectors/peer-gateway/PeerGateway] 	Failed to perform submit transaction [DistributeToParticipant] using arguments [bench_custodian_20260917-pilot6_scenario-pilot-distribution-low-1w-5tps-r1_distribution-low,1000,distribution_20260917-pilot6_scenario-pilot-distribution-low-1w-5tps-r1_distribution-low_w0_r0_20],  with error: EndorseError: 10 ABORTED: failed to endorse transaction, see attached details for more info
Details:
-  peer0.bi.paynet:7051:chaincode response 500, insufficient balance: have 0, need 1000
2026.09.17-17:47:19.484[31m error[39m [caliper] [connectors/peer-gateway/PeerGateway] 	Failed to perform submit transaction [DistributeToParticipant] using arguments [bench_custodian_20260917-pilot6_scenario-pilot-distribution-low-1w-5tps-r1_distribution-low,1000,distribution_20260917-pilot6_scenario-pilot-distribution-low-1w-5tps-r1_distribution-low_w0_r0_21],  with error: EndorseError: 10 ABORTED: failed to endorse transaction, see attached details for more info
Details:
-  peer0.bi.paynet:7051:chaincode response 500, insufficient balance: have 0, need 1000
2026.09.17-17:47:19.685[31m error[39m [caliper] [connectors/peer-gateway/PeerGateway] 	Failed to perform submit transaction [DistributeToParticipant] using arguments [bench_custodian_20260917-pilot6_scenario-pilot-distribution-low-1w-5tps-r1_distribution-low,1000,distribution_20260917-pilot6_scenario-pilot-distribution-low-1w-5tps-r1_distribution-low_w0_r0_22],  with error: EndorseError: 10 ABORTED: failed to endorse transaction, see attached details for more info
Details:
-  peer0.bi.paynet:7051:chaincode response 500, insufficient balance: have 0, need 1000
2026.09.17-17:47:19.885[31m error[39m [caliper] [connectors/peer-gateway/PeerGateway] 	Failed to perform submit transaction [DistributeToParticipant] using arguments [bench_custodian_20260917-pilot6_scenario-pilot-distribution-low-1w-5tps-r1_distribution-low,1000,distribution_20260917-pilot6_scenario-pilot-distribution-low-1w-5tps-r1_distribution-low_w0_r0_23],  with error: EndorseError: 10 ABORTED: failed to endorse transaction, see attached details for more info
Details:
-  peer0.bi.paynet:7051:chaincode response 500, insufficient balance: have 0, need 1000
2026.09.17-17:47:20.085[31m error[39m [caliper] [connectors/peer-gateway/PeerGateway] 	Failed to perform submit transaction [DistributeToParticipant] using arguments [bench_custodian_20260917-pilot6_scenario-pilot-distribution-low-1w-5tps-r1_distribution-low,1000,distribution_20260917-pilot6_scenario-pilot-distribution-low-1w-5tps-r1_distribution-low_w0_r0_24],  with error: EndorseError: 10 ABORTED: failed to endorse transaction, see attached details for more info
Details:
-  peer0.bi.paynet:7051:chaincode response 500, insufficient balance: have 0, need 1000
2026.09.17-17:47:20.287[31m error[39m [caliper] [connectors/peer-gateway/PeerGateway] 	Failed to perform submit transaction [DistributeToParticipant] using arguments [bench_custodian_20260917-pilot6_scenario-pilot-distribution-low-1w-5tps-r1_distribution-low,1000,distribution_20260917-pilot6_scenario-pilot-distribution-low-1w-5tps-r1_distribution-low_w0_r0_25],  with error: EndorseError: 10 ABORTED: failed to endorse transaction, see attached details for more info
Details:
-  peer0.bi.paynet:7051:chaincode response 500, insufficient balance: have 0, need 1000
2026.09.17-17:47:20.485[31m error[39m [caliper] [connectors/peer-gateway/PeerGateway] 	Failed to perform submit transaction [DistributeToParticipant] using arguments [bench_custodian_20260917-pilot6_scenario-pilot-distribution-low-1w-5tps-r1_distribution-low,1000,distribution_20260917-pilot6_scenario-pilot-distribution-low-1w-5tps-r1_distribution-low_w0_r0_26],  with error: EndorseError: 10 ABORTED: failed to endorse transaction, see attached details for more info
Details:
-  peer0.bi.paynet:7051:chaincode response 500, insufficient balance: have 0, need 1000
2026.09.17-17:47:20.685[31m error[39m [caliper] [connectors/peer-gateway/PeerGateway] 	Failed to perform submit transaction [DistributeToParticipant] using arguments [bench_custodian_20260917-pilot6_scenario-pilot-distribution-low-1w-5tps-r1_distribution-low,1000,distribution_20260917-pilot6_scenario-pilot-distribution-low-1w-5tps-r1_distribution-low_w0_r0_27],  with error: EndorseError: 10 ABORTED: failed to endorse transaction, see attached details for more info
Details:
-  peer0.bi.paynet:7051:chaincode response 500, insufficient balance: have 0, need 1000
2026.09.17-17:47:20.884[31m error[39m [caliper] [connectors/peer-gateway/PeerGateway] 	Failed to perform submit transaction [DistributeToParticipant] using arguments [bench_custodian_20260917-pilot6_scenario-pilot-distribution-low-1w-5tps-r1_distribution-low,1000,distribution_20260917-pilot6_scenario-pilot-distribution-low-1w-5tps-r1_distribution-low_w0_r0_28],  with error: EndorseError: 10 ABORTED: failed to endorse transaction, see attached details for more info
Details:
-  peer0.bi.paynet:7051:chaincode response 500, insufficient balance: have 0, need 1000
2026.09.17-17:47:21.085[31m error[39m [caliper] [connectors/peer-gateway/PeerGateway] 	Failed to perform submit transaction [DistributeToParticipant] using arguments [bench_custodian_20260917-pilot6_scenario-pilot-distribution-low-1w-5tps-r1_distribution-low,1000,distribution_20260917-pilot6_scenario-pilot-distribution-low-1w-5tps-r1_distribution-low_w0_r0_29],  with error: EndorseError: 10 ABORTED: failed to endorse transaction, see attached details for more info
Details:
-  peer0.bi.paynet:7051:chaincode response 500, insufficient balance: have 0, need 1000
2026.09.17-17:47:21.285[31m error[39m [caliper] [connectors/peer-gateway/PeerGateway] 	Failed to perform submit transaction [DistributeToParticipant] using arguments [bench_custodian_20260917-pilot6_scenario-pilot-distribution-low-1w-5tps-r1_distribution-low,1000,distribution_20260917-pilot6_scenario-pilot-distribution-low-1w-5tps-r1_distribution-low_w0_r0_30],  with error: EndorseError: 10 ABORTED: failed to endorse transaction, see attached details for more info
Details:
-  peer0.bi.paynet:7051:chaincode response 500, insufficient balance: have 0, need 1000
2026.09.17-17:47:21.485[31m error[39m [caliper] [connectors/peer-gateway/PeerGateway] 	Failed to perform submit transaction [DistributeToParticipant] using arguments [bench_custodian_20260917-pilot6_scenario-pilot-distribution-low-1w-5tps-r1_distribution-low,1000,distribution_20260917-pilot6_scenario-pilot-distribution-low-1w-5tps-r1_distribution-low_w0_r0_31],  with error: EndorseError: 10 ABORTED: failed to endorse transaction, see attached details for more info
Details:
-  peer0.bi.paynet:7051:chaincode response 500, insufficient balance: have 0, need 1000
2026.09.17-17:47:21.684[31m error[39m [caliper] [connectors/peer-gateway/PeerGateway] 	Failed to perform submit transaction [DistributeToParticipant] using arguments [bench_custodian_20260917-pilot6_scenario-pilot-distribution-low-1w-5tps-r1_distribution-low,1000,distribution_20260917-pilot6_scenario-pilot-distribution-low-1w-5tps-r1_distribution-low_w0_r0_32],  with error: EndorseError: 10 ABORTED: failed to endorse transaction, see attached details for more info
Details:
-  peer0.bi.paynet:7051:chaincode response 500, insufficient balance: have 0, need 1000
2026.09.17-17:47:21.885[31m error[39m [caliper] [connectors/peer-gateway/PeerGateway] 	Failed to perform submit transaction [DistributeToParticipant] using arguments [bench_custodian_20260917-pilot6_scenario-pilot-distribution-low-1w-5tps-r1_distribution-low,1000,distribution_20260917-pilot6_scenario-pilot-distribution-low-1w-5tps-r1_distribution-low_w0_r0_33],  with error: EndorseError: 10 ABORTED: failed to endorse transaction, see attached details for more info
Details:
-  peer0.bi.paynet:7051:chaincode response 500, insufficient balance: have 0, need 1000
2026.09.17-17:47:22.086[31m error[39m [caliper] [connectors/peer-gateway/PeerGateway] 	Failed to perform submit transaction [DistributeToParticipant] using arguments [bench_custodian_20260917-pilot6_scenario-pilot-distribution-low-1w-5tps-r1_distribution-low,1000,distribution_20260917-pilot6_scenario-pilot-distribution-low-1w-5tps-r1_distribution-low_w0_r0_34],  with error: EndorseError: 10 ABORTED: failed to endorse transaction, see attached details for more info
Details:
-  peer0.bi.paynet:7051:chaincode response 500, insufficient balance: have 0, need 1000
2026.09.17-17:47:22.285[31m error[39m [caliper] [connectors/peer-gateway/PeerGateway] 	Failed to perform submit transaction [DistributeToParticipant] using arguments [bench_custodian_20260917-pilot6_scenario-pilot-distribution-low-1w-5tps-r1_distribution-low,1000,distribution_20260917-pilot6_scenario-pilot-distribution-low-1w-5tps-r1_distribution-low_w0_r0_35],  with error: EndorseError: 10 ABORTED: failed to endorse transaction, see attached details for more info
Details:
-  peer0.bi.paynet:7051:chaincode response 500, insufficient balance: have 0, need 1000
2026.09.17-17:47:22.484[31m error[39m [caliper] [connectors/peer-gateway/PeerGateway] 	Failed to perform submit transaction [DistributeToParticipant] using arguments [bench_custodian_20260917-pilot6_scenario-pilot-distribution-low-1w-5tps-r1_distribution-low,1000,distribution_20260917-pilot6_scenario-pilot-distribution-low-1w-5tps-r1_distribution-low_w0_r0_36],  with error: EndorseError: 10 ABORTED: failed to endorse transaction, see attached details for more info
Details:
-  peer0.bi.paynet:7051:chaincode response 500, insufficient balance: have 0, need 1000
2026.09.17-17:47:22.684[31m error[39m [caliper] [connectors/peer-gateway/PeerGateway] 	Failed to perform submit transaction [DistributeToParticipant] using arguments [bench_custodian_20260917-pilot6_scenario-pilot-distribution-low-1w-5tps-r1_distribution-low,1000,distribution_20260917-pilot6_scenario-pilot-distribution-low-1w-5tps-r1_distribution-low_w0_r0_37],  with error: EndorseError: 10 ABORTED: failed to endorse transaction, see attached details for more info
Details:
-  peer0.bi.paynet:7051:chaincode response 500, insufficient balance: have 0, need 1000
2026.09.17-17:47:22.885[31m error[39m [caliper] [connectors/peer-gateway/PeerGateway] 	Failed to perform submit transaction [DistributeToParticipant] using arguments [bench_custodian_20260917-pilot6_scenario-pilot-distribution-low-1w-5tps-r1_distribution-low,1000,distribution_20260917-pilot6_scenario-pilot-distribution-low-1w-5tps-r1_distribution-low_w0_r0_38],  with error: EndorseError: 10 ABORTED: failed to endorse transaction, see attached details for more info
Details:
-  peer0.bi.paynet:7051:chaincode response 500, insufficient balance: have 0, need 1000
2026.09.17-17:47:22.997[32m info [39m [caliper] [default-observer] 	[warmup-distribution-low-5tps Round 0 Transaction Info] - Submitted: 36 Succ: 0 Fail:35 Unfinished:1
2026.09.17-17:47:23.092[31m error[39m [caliper] [connectors/peer-gateway/PeerGateway] 	Failed to perform submit transaction [DistributeToParticipant] using arguments [bench_custodian_20260917-pilot6_scenario-pilot-distribution-low-1w-5tps-r1_distribution-low,1000,distribution_20260917-pilot6_scenario-pilot-distribution-low-1w-5tps-r1_distribution-low_w0_r0_39],  with error: EndorseError: 10 ABORTED: failed to endorse transaction, see attached details for more info
Details:
-  peer0.bi.paynet:7051:chaincode response 500, insufficient balance: have 0, need 1000
2026.09.17-17:47:23.284[31m error[39m [caliper] [connectors/peer-gateway/PeerGateway] 	Failed to perform submit transaction [DistributeToParticipant] using arguments [bench_custodian_20260917-pilot6_scenario-pilot-distribution-low-1w-5tps-r1_distribution-low,1000,distribution_20260917-pilot6_scenario-pilot-distribution-low-1w-5tps-r1_distribution-low_w0_r0_40],  with error: EndorseError: 10 ABORTED: failed to endorse transaction, see attached details for more info
Details:
-  peer0.bi.paynet:7051:chaincode response 500, insufficient balance: have 0, need 1000
2026.09.17-17:47:23.484[31m error[39m [caliper] [connectors/peer-gateway/PeerGateway] 	Failed to perform submit transaction [DistributeToParticipant] using arguments [bench_custodian_20260917-pilot6_scenario-pilot-distribution-low-1w-5tps-r1_distribution-low,1000,distribution_20260917-pilot6_scenario-pilot-distribution-low-1w-5tps-r1_distribution-low_w0_r0_41],  with error: EndorseError: 10 ABORTED: failed to endorse transaction, see attached details for more info
Details:
-  peer0.bi.paynet:7051:chaincode response 500, insufficient balance: have 0, need 1000
2026.09.17-17:47:23.685[31m error[39m [caliper] [connectors/peer-gateway/PeerGateway] 	Failed to perform submit transaction [DistributeToParticipant] using arguments [bench_custodian_20260917-pilot6_scenario-pilot-distribution-low-1w-5tps-r1_distribution-low,1000,distribution_20260917-pilot6_scenario-pilot-distribution-low-1w-5tps-r1_distribution-low_w0_r0_42],  with error: EndorseError: 10 ABORTED: failed to endorse transaction, see attached details for more info
Details:
-  peer0.bi.paynet:7051:chaincode response 500, insufficient balance: have 0, need 1000
2026.09.17-17:47:23.884[31m error[39m [caliper] [connectors/peer-gateway/PeerGateway] 	Failed to perform submit transaction [DistributeToParticipant] using arguments [bench_custodian_20260917-pilot6_scenario-pilot-distribution-low-1w-5tps-r1_distribution-low,1000,distribution_20260917-pilot6_scenario-pilot-distribution-low-1w-5tps-r1_distribution-low_w0_r0_43],  with error: EndorseError: 10 ABORTED: failed to endorse transaction, see attached details for more info
Details:
-  peer0.bi.paynet:7051:chaincode response 500, insufficient balance: have 0, need 1000
2026.09.17-17:47:24.086[31m error[39m [caliper] [connectors/peer-gateway/PeerGateway] 	Failed to perform submit transaction [DistributeToParticipant] using arguments [bench_custodian_20260917-pilot6_scenario-pilot-distribution-low-1w-5tps-r1_distribution-low,1000,distribution_20260917-pilot6_scenario-pilot-distribution-low-1w-5tps-r1_distribution-low_w0_r0_44],  with error: EndorseError: 10 ABORTED: failed to endorse transaction, see attached details for more info
Details:
-  peer0.bi.paynet:7051:chaincode response 500, insufficient balance: have 0, need 1000
2026.09.17-17:47:24.292[31m error[39m [caliper] [connectors/peer-gateway/PeerGateway] 	Failed to perform submit transaction [DistributeToParticipant] using arguments [bench_custodian_20260917-pilot6_scenario-pilot-distribution-low-1w-5tps-r1_distribution-low,1000,distribution_20260917-pilot6_scenario-pilot-distribution-low-1w-5tps-r1_distribution-low_w0_r0_45],  with error: EndorseError: 10 ABORTED: failed to endorse transaction, see attached details for more info
Details:
-  peer0.bi.paynet:7051:chaincode response 500, insufficient balance: have 0, need 1000
2026.09.17-17:47:24.484[31m error[39m [caliper] [connectors/peer-gateway/PeerGateway] 	Failed to perform submit transaction [DistributeToParticipant] using arguments [bench_custodian_20260917-pilot6_scenario-pilot-distribution-low-1w-5tps-r1_distribution-low,1000,distribution_20260917-pilot6_scenario-pilot-distribution-low-1w-5tps-r1_distribution-low_w0_r0_46],  with error: EndorseError: 10 ABORTED: failed to endorse transaction, see attached details for more info
Details:
-  peer0.bi.paynet:7051:chaincode response 500, insufficient balance: have 0, need 1000
2026.09.17-17:47:24.684[31m error[39m [caliper] [connectors/peer-gateway/PeerGateway] 	Failed to perform submit transaction [DistributeToParticipant] using arguments [bench_custodian_20260917-pilot6_scenario-pilot-distribution-low-1w-5tps-r1_distribution-low,1000,distribution_20260917-pilot6_scenario-pilot-distribution-low-1w-5tps-r1_distribution-low_w0_r0_47],  with error: EndorseError: 10 ABORTED: failed to endorse transaction, see attached details for more info
Details:
-  peer0.bi.paynet:7051:chaincode response 500, insufficient balance: have 0, need 1000
2026.09.17-17:47:24.884[31m error[39m [caliper] [connectors/peer-gateway/PeerGateway] 	Failed to perform submit transaction [DistributeToParticipant] using arguments [bench_custodian_20260917-pilot6_scenario-pilot-distribution-low-1w-5tps-r1_distribution-low,1000,distribution_20260917-pilot6_scenario-pilot-distribution-low-1w-5tps-r1_distribution-low_w0_r0_48],  with error: EndorseError: 10 ABORTED: failed to endorse transaction, see attached details for more info
Details:
-  peer0.bi.paynet:7051:chaincode response 500, insufficient balance: have 0, need 1000
2026.09.17-17:47:25.085[31m error[39m [caliper] [connectors/peer-gateway/PeerGateway] 	Failed to perform submit transaction [DistributeToParticipant] using arguments [bench_custodian_20260917-pilot6_scenario-pilot-distribution-low-1w-5tps-r1_distribution-low,1000,distribution_20260917-pilot6_scenario-pilot-distribution-low-1w-5tps-r1_distribution-low_w0_r0_49],  with error: EndorseError: 10 ABORTED: failed to endorse transaction, see attached details for more info
Details:
-  peer0.bi.paynet:7051:chaincode response 500, insufficient balance: have 0, need 1000
2026.09.17-17:47:25.284[31m error[39m [caliper] [connectors/peer-gateway/PeerGateway] 	Failed to perform submit transaction [DistributeToParticipant] using arguments [bench_custodian_20260917-pilot6_scenario-pilot-distribution-low-1w-5tps-r1_distribution-low,1000,distribution_20260917-pilot6_scenario-pilot-distribution-low-1w-5tps-r1_distribution-low_w0_r0_50],  with error: EndorseError: 10 ABORTED: failed to endorse transaction, see attached details for more info
Details:
-  peer0.bi.paynet:7051:chaincode response 500, insufficient balance: have 0, need 1000
2026.09.17-17:47:25.485[31m error[39m [caliper] [connectors/peer-gateway/PeerGateway] 	Failed to perform submit transaction [DistributeToParticipant] using arguments [bench_custodian_20260917-pilot6_scenario-pilot-distribution-low-1w-5tps-r1_distribution-low,1000,distribution_20260917-pilot6_scenario-pilot-distribution-low-1w-5tps-r1_distribution-low_w0_r0_51],  with error: EndorseError: 10 ABORTED: failed to endorse transaction, see attached details for more info
Details:
-  peer0.bi.paynet:7051:chaincode response 500, insufficient balance: have 0, need 1000
2026.09.17-17:47:25.685[31m error[39m [caliper] [connectors/peer-gateway/PeerGateway] 	Failed to perform submit transaction [DistributeToParticipant] using arguments [bench_custodian_20260917-pilot6_scenario-pilot-distribution-low-1w-5tps-r1_distribution-low,1000,distribution_20260917-pilot6_scenario-pilot-distribution-low-1w-5tps-r1_distribution-low_w0_r0_52],  with error: EndorseError: 10 ABORTED: failed to endorse transaction, see attached details for more info
Details:
-  peer0.bi.paynet:7051:chaincode response 500, insufficient balance: have 0, need 1000
2026.09.17-17:47:25.885[31m error[39m [caliper] [connectors/peer-gateway/PeerGateway] 	Failed to perform submit transaction [DistributeToParticipant] using arguments [bench_custodian_20260917-pilot6_scenario-pilot-distribution-low-1w-5tps-r1_distribution-low,1000,distribution_20260917-pilot6_scenario-pilot-distribution-low-1w-5tps-r1_distribution-low_w0_r0_53],  with error: EndorseError: 10 ABORTED: failed to endorse transaction, see attached details for more info
Details:
-  peer0.bi.paynet:7051:chaincode response 500, insufficient balance: have 0, need 1000
2026.09.17-17:47:26.085[31m error[39m [caliper] [connectors/peer-gateway/PeerGateway] 	Failed to perform submit transaction [DistributeToParticipant] using arguments [bench_custodian_20260917-pilot6_scenario-pilot-distribution-low-1w-5tps-r1_distribution-low,1000,distribution_20260917-pilot6_scenario-pilot-distribution-low-1w-5tps-r1_distribution-low_w0_r0_54],  with error: EndorseError: 10 ABORTED: failed to endorse transaction, see attached details for more info
Details:
-  peer0.bi.paynet:7051:chaincode response 500, insufficient balance: have 0, need 1000
2026.09.17-17:47:26.285[31m error[39m [caliper] [connectors/peer-gateway/PeerGateway] 	Failed to perform submit transaction [DistributeToParticipant] using arguments [bench_custodian_20260917-pilot6_scenario-pilot-distribution-low-1w-5tps-r1_distribution-low,1000,distribution_20260917-pilot6_scenario-pilot-distribution-low-1w-5tps-r1_distribution-low_w0_r0_55],  with error: EndorseError: 10 ABORTED: failed to endorse transaction, see attached details for more info
Details:
-  peer0.bi.paynet:7051:chaincode response 500, insufficient balance: have 0, need 1000
2026.09.17-17:47:26.486[31m error[39m [caliper] [connectors/peer-gateway/PeerGateway] 	Failed to perform submit transaction [DistributeToParticipant] using arguments [bench_custodian_20260917-pilot6_scenario-pilot-distribution-low-1w-5tps-r1_distribution-low,1000,distribution_20260917-pilot6_scenario-pilot-distribution-low-1w-5tps-r1_distribution-low_w0_r0_56],  with error: EndorseError: 10 ABORTED: failed to endorse transaction, see attached details for more info
Details:
-  peer0.bi.paynet:7051:chaincode response 500, insufficient balance: have 0, need 1000
2026.09.17-17:47:26.685[31m error[39m [caliper] [connectors/peer-gateway/PeerGateway] 	Failed to perform submit transaction [DistributeToParticipant] using arguments [bench_custodian_20260917-pilot6_scenario-pilot-distribution-low-1w-5tps-r1_distribution-low,1000,distribution_20260917-pilot6_scenario-pilot-distribution-low-1w-5tps-r1_distribution-low_w0_r0_57],  with error: EndorseError: 10 ABORTED: failed to endorse transaction, see attached details for more info
Details:
-  peer0.bi.paynet:7051:chaincode response 500, insufficient balance: have 0, need 1000
2026.09.17-17:47:26.885[31m error[39m [caliper] [connectors/peer-gateway/PeerGateway] 	Failed to perform submit transaction [DistributeToParticipant] using arguments [bench_custodian_20260917-pilot6_scenario-pilot-distribution-low-1w-5tps-r1_distribution-low,1000,distribution_20260917-pilot6_scenario-pilot-distribution-low-1w-5tps-r1_distribution-low_w0_r0_58],  with error: EndorseError: 10 ABORTED: failed to endorse transaction, see attached details for more info
Details:
-  peer0.bi.paynet:7051:chaincode response 500, insufficient balance: have 0, need 1000
2026.09.17-17:47:27.087[31m error[39m [caliper] [connectors/peer-gateway/PeerGateway] 	Failed to perform submit transaction [DistributeToParticipant] using arguments [bench_custodian_20260917-pilot6_scenario-pilot-distribution-low-1w-5tps-r1_distribution-low,1000,distribution_20260917-pilot6_scenario-pilot-distribution-low-1w-5tps-r1_distribution-low_w0_r0_59],  with error: EndorseError: 10 ABORTED: failed to endorse transaction, see attached details for more info
Details:
-  peer0.bi.paynet:7051:chaincode response 500, insufficient balance: have 0, need 1000
2026.09.17-17:47:27.286[31m error[39m [caliper] [connectors/peer-gateway/PeerGateway] 	Failed to perform submit transaction [DistributeToParticipant] using arguments [bench_custodian_20260917-pilot6_scenario-pilot-distribution-low-1w-5tps-r1_distribution-low,1000,distribution_20260917-pilot6_scenario-pilot-distribution-low-1w-5tps-r1_distribution-low_w0_r0_60],  with error: EndorseError: 10 ABORTED: failed to endorse transaction, see attached details for more info
Details:
-  peer0.bi.paynet:7051:chaincode response 500, insufficient balance: have 0, need 1000
2026.09.17-17:47:27.487[31m error[39m [caliper] [connectors/peer-gateway/PeerGateway] 	Failed to perform submit transaction [DistributeToParticipant] using arguments [bench_custodian_20260917-pilot6_scenario-pilot-distribution-low-1w-5tps-r1_distribution-low,1000,distribution_20260917-pilot6_scenario-pilot-distribution-low-1w-5tps-r1_distribution-low_w0_r0_61],  with error: EndorseError: 10 ABORTED: failed to endorse transaction, see attached details for more info
Details:
-  peer0.bi.paynet:7051:chaincode response 500, insufficient balance: have 0, need 1000
2026.09.17-17:47:27.686[31m error[39m [caliper] [connectors/peer-gateway/PeerGateway] 	Failed to perform submit transaction [DistributeToParticipant] using arguments [bench_custodian_20260917-pilot6_scenario-pilot-distribution-low-1w-5tps-r1_distribution-low,1000,distribution_20260917-pilot6_scenario-pilot-distribution-low-1w-5tps-r1_distribution-low_w0_r0_62],  with error: EndorseError: 10 ABORTED: failed to endorse transaction, see attached details for more info
Details:
-  peer0.bi.paynet:7051:chaincode response 500, insufficient balance: have 0, need 1000
2026.09.17-17:47:27.886[31m error[39m [caliper] [connectors/peer-gateway/PeerGateway] 	Failed to perform submit transaction [DistributeToParticipant] using arguments [bench_custodian_20260917-pilot6_scenario-pilot-distribution-low-1w-5tps-r1_distribution-low,1000,distribution_20260917-pilot6_scenario-pilot-distribution-low-1w-5tps-r1_distribution-low_w0_r0_63],  with error: EndorseError: 10 ABORTED: failed to endorse transaction, see attached details for more info
Details:
-  peer0.bi.paynet:7051:chaincode response 500, insufficient balance: have 0, need 1000
2026.09.17-17:47:27.996[32m info [39m [caliper] [default-observer] 	[warmup-distribution-low-5tps Round 0 Transaction Info] - Submitted: 61 Succ: 0 Fail:61 Unfinished:0
2026.09.17-17:47:28.087[31m error[39m [caliper] [connectors/peer-gateway/PeerGateway] 	Failed to perform submit transaction [DistributeToParticipant] using arguments [bench_custodian_20260917-pilot6_scenario-pilot-distribution-low-1w-5tps-r1_distribution-low,1000,distribution_20260917-pilot6_scenario-pilot-distribution-low-1w-5tps-r1_distribution-low_w0_r0_64],  with error: EndorseError: 10 ABORTED: failed to endorse transaction, see attached details for more info
Details:
-  peer0.bi.paynet:7051:chaincode response 500, insufficient balance: have 0, need 1000
2026.09.17-17:47:28.290[31m error[39m [caliper] [connectors/peer-gateway/PeerGateway] 	Failed to perform submit transaction [DistributeToParticipant] using arguments [bench_custodian_20260917-pilot6_scenario-pilot-distribution-low-1w-5tps-r1_distribution-low,1000,distribution_20260917-pilot6_scenario-pilot-distribution-low-1w-5tps-r1_distribution-low_w0_r0_65],  with error: EndorseError: 10 ABORTED: failed to endorse transaction, see attached details for more info
Details:
-  peer0.bi.paynet:7051:chaincode response 500, insufficient balance: have 0, need 1000
2026.09.17-17:47:28.486[31m error[39m [caliper] [connectors/peer-gateway/PeerGateway] 	Failed to perform submit transaction [DistributeToParticipant] using arguments [bench_custodian_20260917-pilot6_scenario-pilot-distribution-low-1w-5tps-r1_distribution-low,1000,distribution_20260917-pilot6_scenario-pilot-distribution-low-1w-5tps-r1_distribution-low_w0_r0_66],  with error: EndorseError: 10 ABORTED: failed to endorse transaction, see attached details for more info
Details:
-  peer0.bi.paynet:7051:chaincode response 500, insufficient balance: have 0, need 1000
2026.09.17-17:47:28.685[31m error[39m [caliper] [connectors/peer-gateway/PeerGateway] 	Failed to perform submit transaction [DistributeToParticipant] using arguments [bench_custodian_20260917-pilot6_scenario-pilot-distribution-low-1w-5tps-r1_distribution-low,1000,distribution_20260917-pilot6_scenario-pilot-distribution-low-1w-5tps-r1_distribution-low_w0_r0_67],  with error: EndorseError: 10 ABORTED: failed to endorse transaction, see attached details for more info
Details:
-  peer0.bi.paynet:7051:chaincode response 500, insufficient balance: have 0, need 1000
2026.09.17-17:47:28.885[31m error[39m [caliper] [connectors/peer-gateway/PeerGateway] 	Failed to perform submit transaction [DistributeToParticipant] using arguments [bench_custodian_20260917-pilot6_scenario-pilot-distribution-low-1w-5tps-r1_distribution-low,1000,distribution_20260917-pilot6_scenario-pilot-distribution-low-1w-5tps-r1_distribution-low_w0_r0_68],  with error: EndorseError: 10 ABORTED: failed to endorse transaction, see attached details for more info
Details:
-  peer0.bi.paynet:7051:chaincode response 500, insufficient balance: have 0, need 1000
2026.09.17-17:47:29.086[31m error[39m [caliper] [connectors/peer-gateway/PeerGateway] 	Failed to perform submit transaction [DistributeToParticipant] using arguments [bench_custodian_20260917-pilot6_scenario-pilot-distribution-low-1w-5tps-r1_distribution-low,1000,distribution_20260917-pilot6_scenario-pilot-distribution-low-1w-5tps-r1_distribution-low_w0_r0_69],  with error: EndorseError: 10 ABORTED: failed to endorse transaction, see attached details for more info
Details:
-  peer0.bi.paynet:7051:chaincode response 500, insufficient balance: have 0, need 1000
2026.09.17-17:47:29.286[31m error[39m [caliper] [connectors/peer-gateway/PeerGateway] 	Failed to perform submit transaction [DistributeToParticipant] using arguments [bench_custodian_20260917-pilot6_scenario-pilot-distribution-low-1w-5tps-r1_distribution-low,1000,distribution_20260917-pilot6_scenario-pilot-distribution-low-1w-5tps-r1_distribution-low_w0_r0_70],  with error: EndorseError: 10 ABORTED: failed to endorse transaction, see attached details for more info
Details:
-  peer0.bi.paynet:7051:chaincode response 500, insufficient balance: have 0, need 1000
2026.09.17-17:47:29.484[31m error[39m [caliper] [connectors/peer-gateway/PeerGateway] 	Failed to perform submit transaction [DistributeToParticipant] using arguments [bench_custodian_20260917-pilot6_scenario-pilot-distribution-low-1w-5tps-r1_distribution-low,1000,distribution_20260917-pilot6_scenario-pilot-distribution-low-1w-5tps-r1_distribution-low_w0_r0_71],  with error: EndorseError: 10 ABORTED: failed to endorse transaction, see attached details for more info
Details:
-  peer0.bi.paynet:7051:chaincode response 500, insufficient balance: have 0, need 1000
2026.09.17-17:47:29.685[31m error[39m [caliper] [connectors/peer-gateway/PeerGateway] 	Failed to perform submit transaction [DistributeToParticipant] using arguments [bench_custodian_20260917-pilot6_scenario-pilot-distribution-low-1w-5tps-r1_distribution-low,1000,distribution_20260917-pilot6_scenario-pilot-distribution-low-1w-5tps-r1_distribution-low_w0_r0_72],  with error: EndorseError: 10 ABORTED: failed to endorse transaction, see attached details for more info
Details:
-  peer0.bi.paynet:7051:chaincode response 500, insufficient balance: have 0, need 1000
2026.09.17-17:47:29.884[31m error[39m [caliper] [connectors/peer-gateway/PeerGateway] 	Failed to perform submit transaction [DistributeToParticipant] using arguments [bench_custodian_20260917-pilot6_scenario-pilot-distribution-low-1w-5tps-r1_distribution-low,1000,distribution_20260917-pilot6_scenario-pilot-distribution-low-1w-5tps-r1_distribution-low_w0_r0_73],  with error: EndorseError: 10 ABORTED: failed to endorse transaction, see attached details for more info
Details:
-  peer0.bi.paynet:7051:chaincode response 500, insufficient balance: have 0, need 1000
2026.09.17-17:47:30.086[31m error[39m [caliper] [connectors/peer-gateway/PeerGateway] 	Failed to perform submit transaction [DistributeToParticipant] using arguments [bench_custodian_20260917-pilot6_scenario-pilot-distribution-low-1w-5tps-r1_distribution-low,1000,distribution_20260917-pilot6_scenario-pilot-distribution-low-1w-5tps-r1_distribution-low_w0_r0_74],  with error: EndorseError: 10 ABORTED: failed to endorse transaction, see attached details for more info
Details:
-  peer0.bi.paynet:7051:chaincode response 500, insufficient balance: have 0, need 1000
2026.09.17-17:47:30.286[31m error[39m [caliper] [connectors/peer-gateway/PeerGateway] 	Failed to perform submit transaction [DistributeToParticipant] using arguments [bench_custodian_20260917-pilot6_scenario-pilot-distribution-low-1w-5tps-r1_distribution-low,1000,distribution_20260917-pilot6_scenario-pilot-distribution-low-1w-5tps-r1_distribution-low_w0_r0_75],  with error: EndorseError: 10 ABORTED: failed to endorse transaction, see attached details for more info
Details:
-  peer0.bi.paynet:7051:chaincode response 500, insufficient balance: have 0, need 1000
2026.09.17-17:47:30.486[31m error[39m [caliper] [connectors/peer-gateway/PeerGateway] 	Failed to perform submit transaction [DistributeToParticipant] using arguments [bench_custodian_20260917-pilot6_scenario-pilot-distribution-low-1w-5tps-r1_distribution-low,1000,distribution_20260917-pilot6_scenario-pilot-distribution-low-1w-5tps-r1_distribution-low_w0_r0_76],  with error: EndorseError: 10 ABORTED: failed to endorse transaction, see attached details for more info
Details:
-  peer0.bi.paynet:7051:chaincode response 500, insufficient balance: have 0, need 1000
2026.09.17-17:47:30.684[31m error[39m [caliper] [connectors/peer-gateway/PeerGateway] 	Failed to perform submit transaction [DistributeToParticipant] using arguments [bench_custodian_20260917-pilot6_scenario-pilot-distribution-low-1w-5tps-r1_distribution-low,1000,distribution_20260917-pilot6_scenario-pilot-distribution-low-1w-5tps-r1_distribution-low_w0_r0_77],  with error: EndorseError: 10 ABORTED: failed to endorse transaction, see attached details for more info
Details:
-  peer0.bi.paynet:7051:chaincode response 500, insufficient balance: have 0, need 1000
2026.09.17-17:47:30.884[31m error[39m [caliper] [connectors/peer-gateway/PeerGateway] 	Failed to perform submit transaction [DistributeToParticipant] using arguments [bench_custodian_20260917-pilot6_scenario-pilot-distribution-low-1w-5tps-r1_distribution-low,1000,distribution_20260917-pilot6_scenario-pilot-distribution-low-1w-5tps-r1_distribution-low_w0_r0_78],  with error: EndorseError: 10 ABORTED: failed to endorse transaction, see attached details for more info
Details:
-  peer0.bi.paynet:7051:chaincode response 500, insufficient balance: have 0, need 1000
2026.09.17-17:47:31.086[31m error[39m [caliper] [connectors/peer-gateway/PeerGateway] 	Failed to perform submit transaction [DistributeToParticipant] using arguments [bench_custodian_20260917-pilot6_scenario-pilot-distribution-low-1w-5tps-r1_distribution-low,1000,distribution_20260917-pilot6_scenario-pilot-distribution-low-1w-5tps-r1_distribution-low_w0_r0_79],  with error: EndorseError: 10 ABORTED: failed to endorse transaction, see attached details for more info
Details:
-  peer0.bi.paynet:7051:chaincode response 500, insufficient balance: have 0, need 1000
2026.09.17-17:47:31.285[31m error[39m [caliper] [connectors/peer-gateway/PeerGateway] 	Failed to perform submit transaction [DistributeToParticipant] using arguments [bench_custodian_20260917-pilot6_scenario-pilot-distribution-low-1w-5tps-r1_distribution-low,1000,distribution_20260917-pilot6_scenario-pilot-distribution-low-1w-5tps-r1_distribution-low_w0_r0_80],  with error: EndorseError: 10 ABORTED: failed to endorse transaction, see attached details for more info
Details:
-  peer0.bi.paynet:7051:chaincode response 500, insufficient balance: have 0, need 1000
2026.09.17-17:47:31.485[31m error[39m [caliper] [connectors/peer-gateway/PeerGateway] 	Failed to perform submit transaction [DistributeToParticipant] using arguments [bench_custodian_20260917-pilot6_scenario-pilot-distribution-low-1w-5tps-r1_distribution-low,1000,distribution_20260917-pilot6_scenario-pilot-distribution-low-1w-5tps-r1_distribution-low_w0_r0_81],  with error: EndorseError: 10 ABORTED: failed to endorse transaction, see attached details for more info
Details:
-  peer0.bi.paynet:7051:chaincode response 500, insufficient balance: have 0, need 1000
2026.09.17-17:47:31.686[31m error[39m [caliper] [connectors/peer-gateway/PeerGateway] 	Failed to perform submit transaction [DistributeToParticipant] using arguments [bench_custodian_20260917-pilot6_scenario-pilot-distribution-low-1w-5tps-r1_distribution-low,1000,distribution_20260917-pilot6_scenario-pilot-distribution-low-1w-5tps-r1_distribution-low_w0_r0_82],  with error: EndorseError: 10 ABORTED: failed to endorse transaction, see attached details for more info
Details:
-  peer0.bi.paynet:7051:chaincode response 500, insufficient balance: have 0, need 1000
2026.09.17-17:47:31.885[31m error[39m [caliper] [connectors/peer-gateway/PeerGateway] 	Failed to perform submit transaction [DistributeToParticipant] using arguments [bench_custodian_20260917-pilot6_scenario-pilot-distribution-low-1w-5tps-r1_distribution-low,1000,distribution_20260917-pilot6_scenario-pilot-distribution-low-1w-5tps-r1_distribution-low_w0_r0_83],  with error: EndorseError: 10 ABORTED: failed to endorse transaction, see attached details for more info
Details:
-  peer0.bi.paynet:7051:chaincode response 500, insufficient balance: have 0, need 1000
2026.09.17-17:47:32.086[31m error[39m [caliper] [connectors/peer-gateway/PeerGateway] 	Failed to perform submit transaction [DistributeToParticipant] using arguments [bench_custodian_20260917-pilot6_scenario-pilot-distribution-low-1w-5tps-r1_distribution-low,1000,distribution_20260917-pilot6_scenario-pilot-distribution-low-1w-5tps-r1_distribution-low_w0_r0_84],  with error: EndorseError: 10 ABORTED: failed to endorse transaction, see attached details for more info
Details:
-  peer0.bi.paynet:7051:chaincode response 500, insufficient balance: have 0, need 1000
2026.09.17-17:47:32.286[31m error[39m [caliper] [connectors/peer-gateway/PeerGateway] 	Failed to perform submit transaction [DistributeToParticipant] using arguments [bench_custodian_20260917-pilot6_scenario-pilot-distribution-low-1w-5tps-r1_distribution-low,1000,distribution_20260917-pilot6_scenario-pilot-distribution-low-1w-5tps-r1_distribution-low_w0_r0_85],  with error: EndorseError: 10 ABORTED: failed to endorse transaction, see attached details for more info
Details:
-  peer0.bi.paynet:7051:chaincode response 500, insufficient balance: have 0, need 1000
2026.09.17-17:47:32.485[31m error[39m [caliper] [connectors/peer-gateway/PeerGateway] 	Failed to perform submit transaction [DistributeToParticipant] using arguments [bench_custodian_20260917-pilot6_scenario-pilot-distribution-low-1w-5tps-r1_distribution-low,1000,distribution_20260917-pilot6_scenario-pilot-distribution-low-1w-5tps-r1_distribution-low_w0_r0_86],  with error: EndorseError: 10 ABORTED: failed to endorse transaction, see attached details for more info
Details:
-  peer0.bi.paynet:7051:chaincode response 500, insufficient balance: have 0, need 1000
2026.09.17-17:47:32.684[31m error[39m [caliper] [connectors/peer-gateway/PeerGateway] 	Failed to perform submit transaction [DistributeToParticipant] using arguments [bench_custodian_20260917-pilot6_scenario-pilot-distribution-low-1w-5tps-r1_distribution-low,1000,distribution_20260917-pilot6_scenario-pilot-distribution-low-1w-5tps-r1_distribution-low_w0_r0_87],  with error: EndorseError: 10 ABORTED: failed to endorse transaction, see attached details for more info
Details:
-  peer0.bi.paynet:7051:chaincode response 500, insufficient balance: have 0, need 1000
2026.09.17-17:47:32.885[31m error[39m [caliper] [connectors/peer-gateway/PeerGateway] 	Failed to perform submit transaction [DistributeToParticipant] using arguments [bench_custodian_20260917-pilot6_scenario-pilot-distribution-low-1w-5tps-r1_distribution-low,1000,distribution_20260917-pilot6_scenario-pilot-distribution-low-1w-5tps-r1_distribution-low_w0_r0_88],  with error: EndorseError: 10 ABORTED: failed to endorse transaction, see attached details for more info
Details:
-  peer0.bi.paynet:7051:chaincode response 500, insufficient balance: have 0, need 1000
2026.09.17-17:47:32.997[32m info [39m [caliper] [default-observer] 	[warmup-distribution-low-5tps Round 0 Transaction Info] - Submitted: 86 Succ: 0 Fail:86 Unfinished:0
2026.09.17-17:47:33.086[31m error[39m [caliper] [connectors/peer-gateway/PeerGateway] 	Failed to perform submit transaction [DistributeToParticipant] using arguments [bench_custodian_20260917-pilot6_scenario-pilot-distribution-low-1w-5tps-r1_distribution-low,1000,distribution_20260917-pilot6_scenario-pilot-distribution-low-1w-5tps-r1_distribution-low_w0_r0_89],  with error: EndorseError: 10 ABORTED: failed to endorse transaction, see attached details for more info
Details:
-  peer0.bi.paynet:7051:chaincode response 500, insufficient balance: have 0, need 1000
2026.09.17-17:47:33.285[31m error[39m [caliper] [connectors/peer-gateway/PeerGateway] 	Failed to perform submit transaction [DistributeToParticipant] using arguments [bench_custodian_20260917-pilot6_scenario-pilot-distribution-low-1w-5tps-r1_distribution-low,1000,distribution_20260917-pilot6_scenario-pilot-distribution-low-1w-5tps-r1_distribution-low_w0_r0_90],  with error: EndorseError: 10 ABORTED: failed to endorse transaction, see attached details for more info
Details:
-  peer0.bi.paynet:7051:chaincode response 500, insufficient balance: have 0, need 1000
2026.09.17-17:47:33.484[31m error[39m [caliper] [connectors/peer-gateway/PeerGateway] 	Failed to perform submit transaction [DistributeToParticipant] using arguments [bench_custodian_20260917-pilot6_scenario-pilot-distribution-low-1w-5tps-r1_distribution-low,1000,distribution_20260917-pilot6_scenario-pilot-distribution-low-1w-5tps-r1_distribution-low_w0_r0_91],  with error: EndorseError: 10 ABORTED: failed to endorse transaction, see attached details for more info
Details:
-  peer0.bi.paynet:7051:chaincode response 500, insufficient balance: have 0, need 1000
2026.09.17-17:47:33.685[31m error[39m [caliper] [connectors/peer-gateway/PeerGateway] 	Failed to perform submit transaction [DistributeToParticipant] using arguments [bench_custodian_20260917-pilot6_scenario-pilot-distribution-low-1w-5tps-r1_distribution-low,1000,distribution_20260917-pilot6_scenario-pilot-distribution-low-1w-5tps-r1_distribution-low_w0_r0_92],  with error: EndorseError: 10 ABORTED: failed to endorse transaction, see attached details for more info
Details:
-  peer0.bi.paynet:7051:chaincode response 500, insufficient balance: have 0, need 1000
2026.09.17-17:47:33.885[31m error[39m [caliper] [connectors/peer-gateway/PeerGateway] 	Failed to perform submit transaction [DistributeToParticipant] using arguments [bench_custodian_20260917-pilot6_scenario-pilot-distribution-low-1w-5tps-r1_distribution-low,1000,distribution_20260917-pilot6_scenario-pilot-distribution-low-1w-5tps-r1_distribution-low_w0_r0_93],  with error: EndorseError: 10 ABORTED: failed to endorse transaction, see attached details for more info
Details:
-  peer0.bi.paynet:7051:chaincode response 500, insufficient balance: have 0, need 1000
2026.09.17-17:47:34.086[31m error[39m [caliper] [connectors/peer-gateway/PeerGateway] 	Failed to perform submit transaction [DistributeToParticipant] using arguments [bench_custodian_20260917-pilot6_scenario-pilot-distribution-low-1w-5tps-r1_distribution-low,1000,distribution_20260917-pilot6_scenario-pilot-distribution-low-1w-5tps-r1_distribution-low_w0_r0_94],  with error: EndorseError: 10 ABORTED: failed to endorse transaction, see attached details for more info
Details:
-  peer0.bi.paynet:7051:chaincode response 500, insufficient balance: have 0, need 1000
2026.09.17-17:47:34.288[31m error[39m [caliper] [connectors/peer-gateway/PeerGateway] 	Failed to perform submit transaction [DistributeToParticipant] using arguments [bench_custodian_20260917-pilot6_scenario-pilot-distribution-low-1w-5tps-r1_distribution-low,1000,distribution_20260917-pilot6_scenario-pilot-distribution-low-1w-5tps-r1_distribution-low_w0_r0_95],  with error: EndorseError: 10 ABORTED: failed to endorse transaction, see attached details for more info
Details:
-  peer0.bi.paynet:7051:chaincode response 500, insufficient balance: have 0, need 1000
2026.09.17-17:47:34.484[31m error[39m [caliper] [connectors/peer-gateway/PeerGateway] 	Failed to perform submit transaction [DistributeToParticipant] using arguments [bench_custodian_20260917-pilot6_scenario-pilot-distribution-low-1w-5tps-r1_distribution-low,1000,distribution_20260917-pilot6_scenario-pilot-distribution-low-1w-5tps-r1_distribution-low_w0_r0_96],  with error: EndorseError: 10 ABORTED: failed to endorse transaction, see attached details for more info
Details:
-  peer0.bi.paynet:7051:chaincode response 500, insufficient balance: have 0, need 1000
2026.09.17-17:47:34.683[31m error[39m [caliper] [connectors/peer-gateway/PeerGateway] 	Failed to perform submit transaction [DistributeToParticipant] using arguments [bench_custodian_20260917-pilot6_scenario-pilot-distribution-low-1w-5tps-r1_distribution-low,1000,distribution_20260917-pilot6_scenario-pilot-distribution-low-1w-5tps-r1_distribution-low_w0_r0_97],  with error: EndorseError: 10 ABORTED: failed to endorse transaction, see attached details for more info
Details:
-  peer0.bi.paynet:7051:chaincode response 500, insufficient balance: have 0, need 1000
2026.09.17-17:47:34.886[31m error[39m [caliper] [connectors/peer-gateway/PeerGateway] 	Failed to perform submit transaction [DistributeToParticipant] using arguments [bench_custodian_20260917-pilot6_scenario-pilot-distribution-low-1w-5tps-r1_distribution-low,1000,distribution_20260917-pilot6_scenario-pilot-distribution-low-1w-5tps-r1_distribution-low_w0_r0_98],  with error: EndorseError: 10 ABORTED: failed to endorse transaction, see attached details for more info
Details:
-  peer0.bi.paynet:7051:chaincode response 500, insufficient balance: have 0, need 1000
2026.09.17-17:47:35.092[31m error[39m [caliper] [connectors/peer-gateway/PeerGateway] 	Failed to perform submit transaction [DistributeToParticipant] using arguments [bench_custodian_20260917-pilot6_scenario-pilot-distribution-low-1w-5tps-r1_distribution-low,1000,distribution_20260917-pilot6_scenario-pilot-distribution-low-1w-5tps-r1_distribution-low_w0_r0_99],  with error: EndorseError: 10 ABORTED: failed to endorse transaction, see attached details for more info
Details:
-  peer0.bi.paynet:7051:chaincode response 500, insufficient balance: have 0, need 1000
2026.09.17-17:47:35.286[31m error[39m [caliper] [connectors/peer-gateway/PeerGateway] 	Failed to perform submit transaction [DistributeToParticipant] using arguments [bench_custodian_20260917-pilot6_scenario-pilot-distribution-low-1w-5tps-r1_distribution-low,1000,distribution_20260917-pilot6_scenario-pilot-distribution-low-1w-5tps-r1_distribution-low_w0_r0_100],  with error: EndorseError: 10 ABORTED: failed to endorse transaction, see attached details for more info
Details:
-  peer0.bi.paynet:7051:chaincode response 500, insufficient balance: have 0, need 1000
2026.09.17-17:47:35.485[31m error[39m [caliper] [connectors/peer-gateway/PeerGateway] 	Failed to perform submit transaction [DistributeToParticipant] using arguments [bench_custodian_20260917-pilot6_scenario-pilot-distribution-low-1w-5tps-r1_distribution-low,1000,distribution_20260917-pilot6_scenario-pilot-distribution-low-1w-5tps-r1_distribution-low_w0_r0_101],  with error: EndorseError: 10 ABORTED: failed to endorse transaction, see attached details for more info
Details:
-  peer0.bi.paynet:7051:chaincode response 500, insufficient balance: have 0, need 1000
2026.09.17-17:47:35.685[31m error[39m [caliper] [connectors/peer-gateway/PeerGateway] 	Failed to perform submit transaction [DistributeToParticipant] using arguments [bench_custodian_20260917-pilot6_scenario-pilot-distribution-low-1w-5tps-r1_distribution-low,1000,distribution_20260917-pilot6_scenario-pilot-distribution-low-1w-5tps-r1_distribution-low_w0_r0_102],  with error: EndorseError: 10 ABORTED: failed to endorse transaction, see attached details for more info
Details:
-  peer0.bi.paynet:7051:chaincode response 500, insufficient balance: have 0, need 1000
2026.09.17-17:47:35.884[31m error[39m [caliper] [connectors/peer-gateway/PeerGateway] 	Failed to perform submit transaction [DistributeToParticipant] using arguments [bench_custodian_20260917-pilot6_scenario-pilot-distribution-low-1w-5tps-r1_distribution-low,1000,distribution_20260917-pilot6_scenario-pilot-distribution-low-1w-5tps-r1_distribution-low_w0_r0_103],  with error: EndorseError: 10 ABORTED: failed to endorse transaction, see attached details for more info
Details:
-  peer0.bi.paynet:7051:chaincode response 500, insufficient balance: have 0, need 1000
2026.09.17-17:47:36.088[31m error[39m [caliper] [connectors/peer-gateway/PeerGateway] 	Failed to perform submit transaction [DistributeToParticipant] using arguments [bench_custodian_20260917-pilot6_scenario-pilot-distribution-low-1w-5tps-r1_distribution-low,1000,distribution_20260917-pilot6_scenario-pilot-distribution-low-1w-5tps-r1_distribution-low_w0_r0_104],  with error: EndorseError: 10 ABORTED: failed to endorse transaction, see attached details for more info
Details:
-  peer0.bi.paynet:7051:chaincode response 500, insufficient balance: have 0, need 1000
2026.09.17-17:47:36.287[31m error[39m [caliper] [connectors/peer-gateway/PeerGateway] 	Failed to perform submit transaction [DistributeToParticipant] using arguments [bench_custodian_20260917-pilot6_scenario-pilot-distribution-low-1w-5tps-r1_distribution-low,1000,distribution_20260917-pilot6_scenario-pilot-distribution-low-1w-5tps-r1_distribution-low_w0_r0_105],  with error: EndorseError: 10 ABORTED: failed to endorse transaction, see attached details for more info
Details:
-  peer0.bi.paynet:7051:chaincode response 500, insufficient balance: have 0, need 1000
2026.09.17-17:47:36.484[31m error[39m [caliper] [connectors/peer-gateway/PeerGateway] 	Failed to perform submit transaction [DistributeToParticipant] using arguments [bench_custodian_20260917-pilot6_scenario-pilot-distribution-low-1w-5tps-r1_distribution-low,1000,distribution_20260917-pilot6_scenario-pilot-distribution-low-1w-5tps-r1_distribution-low_w0_r0_106],  with error: EndorseError: 10 ABORTED: failed to endorse transaction, see attached details for more info
Details:
-  peer0.bi.paynet:7051:chaincode response 500, insufficient balance: have 0, need 1000
2026.09.17-17:47:36.685[31m error[39m [caliper] [connectors/peer-gateway/PeerGateway] 	Failed to perform submit transaction [DistributeToParticipant] using arguments [bench_custodian_20260917-pilot6_scenario-pilot-distribution-low-1w-5tps-r1_distribution-low,1000,distribution_20260917-pilot6_scenario-pilot-distribution-low-1w-5tps-r1_distribution-low_w0_r0_107],  with error: EndorseError: 10 ABORTED: failed to endorse transaction, see attached details for more info
Details:
-  peer0.bi.paynet:7051:chaincode response 500, insufficient balance: have 0, need 1000
2026.09.17-17:47:36.884[31m error[39m [caliper] [connectors/peer-gateway/PeerGateway] 	Failed to perform submit transaction [DistributeToParticipant] using arguments [bench_custodian_20260917-pilot6_scenario-pilot-distribution-low-1w-5tps-r1_distribution-low,1000,distribution_20260917-pilot6_scenario-pilot-distribution-low-1w-5tps-r1_distribution-low_w0_r0_108],  with error: EndorseError: 10 ABORTED: failed to endorse transaction, see attached details for more info
Details:
-  peer0.bi.paynet:7051:chaincode response 500, insufficient balance: have 0, need 1000
2026.09.17-17:47:37.085[31m error[39m [caliper] [connectors/peer-gateway/PeerGateway] 	Failed to perform submit transaction [DistributeToParticipant] using arguments [bench_custodian_20260917-pilot6_scenario-pilot-distribution-low-1w-5tps-r1_distribution-low,1000,distribution_20260917-pilot6_scenario-pilot-distribution-low-1w-5tps-r1_distribution-low_w0_r0_109],  with error: EndorseError: 10 ABORTED: failed to endorse transaction, see attached details for more info
Details:
-  peer0.bi.paynet:7051:chaincode response 500, insufficient balance: have 0, need 1000
2026.09.17-17:47:37.286[31m error[39m [caliper] [connectors/peer-gateway/PeerGateway] 	Failed to perform submit transaction [DistributeToParticipant] using arguments [bench_custodian_20260917-pilot6_scenario-pilot-distribution-low-1w-5tps-r1_distribution-low,1000,distribution_20260917-pilot6_scenario-pilot-distribution-low-1w-5tps-r1_distribution-low_w0_r0_110],  with error: EndorseError: 10 ABORTED: failed to endorse transaction, see attached details for more info
Details:
-  peer0.bi.paynet:7051:chaincode response 500, insufficient balance: have 0, need 1000
2026.09.17-17:47:37.484[31m error[39m [caliper] [connectors/peer-gateway/PeerGateway] 	Failed to perform submit transaction [DistributeToParticipant] using arguments [bench_custodian_20260917-pilot6_scenario-pilot-distribution-low-1w-5tps-r1_distribution-low,1000,distribution_20260917-pilot6_scenario-pilot-distribution-low-1w-5tps-r1_distribution-low_w0_r0_111],  with error: EndorseError: 10 ABORTED: failed to endorse transaction, see attached details for more info
Details:
-  peer0.bi.paynet:7051:chaincode response 500, insufficient balance: have 0, need 1000
2026.09.17-17:47:37.684[31m error[39m [caliper] [connectors/peer-gateway/PeerGateway] 	Failed to perform submit transaction [DistributeToParticipant] using arguments [bench_custodian_20260917-pilot6_scenario-pilot-distribution-low-1w-5tps-r1_distribution-low,1000,distribution_20260917-pilot6_scenario-pilot-distribution-low-1w-5tps-r1_distribution-low_w0_r0_112],  with error: EndorseError: 10 ABORTED: failed to endorse transaction, see attached details for more info
Details:
-  peer0.bi.paynet:7051:chaincode response 500, insufficient balance: have 0, need 1000
2026.09.17-17:47:37.885[31m error[39m [caliper] [connectors/peer-gateway/PeerGateway] 	Failed to perform submit transaction [DistributeToParticipant] using arguments [bench_custodian_20260917-pilot6_scenario-pilot-distribution-low-1w-5tps-r1_distribution-low,1000,distribution_20260917-pilot6_scenario-pilot-distribution-low-1w-5tps-r1_distribution-low_w0_r0_113],  with error: EndorseError: 10 ABORTED: failed to endorse transaction, see attached details for more info
Details:
-  peer0.bi.paynet:7051:chaincode response 500, insufficient balance: have 0, need 1000
2026.09.17-17:47:37.997[32m info [39m [caliper] [default-observer] 	[warmup-distribution-low-5tps Round 0 Transaction Info] - Submitted: 111 Succ: 0 Fail:111 Unfinished:0
2026.09.17-17:47:38.091[31m error[39m [caliper] [connectors/peer-gateway/PeerGateway] 	Failed to perform submit transaction [DistributeToParticipant] using arguments [bench_custodian_20260917-pilot6_scenario-pilot-distribution-low-1w-5tps-r1_distribution-low,1000,distribution_20260917-pilot6_scenario-pilot-distribution-low-1w-5tps-r1_distribution-low_w0_r0_114],  with error: EndorseError: 10 ABORTED: failed to endorse transaction, see attached details for more info
Details:
-  peer0.bi.paynet:7051:chaincode response 500, insufficient balance: have 0, need 1000
2026.09.17-17:47:38.285[31m error[39m [caliper] [connectors/peer-gateway/PeerGateway] 	Failed to perform submit transaction [DistributeToParticipant] using arguments [bench_custodian_20260917-pilot6_scenario-pilot-distribution-low-1w-5tps-r1_distribution-low,1000,distribution_20260917-pilot6_scenario-pilot-distribution-low-1w-5tps-r1_distribution-low_w0_r0_115],  with error: EndorseError: 10 ABORTED: failed to endorse transaction, see attached details for more info
Details:
-  peer0.bi.paynet:7051:chaincode response 500, insufficient balance: have 0, need 1000
2026.09.17-17:47:38.485[31m error[39m [caliper] [connectors/peer-gateway/PeerGateway] 	Failed to perform submit transaction [DistributeToParticipant] using arguments [bench_custodian_20260917-pilot6_scenario-pilot-distribution-low-1w-5tps-r1_distribution-low,1000,distribution_20260917-pilot6_scenario-pilot-distribution-low-1w-5tps-r1_distribution-low_w0_r0_116],  with error: EndorseError: 10 ABORTED: failed to endorse transaction, see attached details for more info
Details:
-  peer0.bi.paynet:7051:chaincode response 500, insufficient balance: have 0, need 1000
2026.09.17-17:47:38.685[31m error[39m [caliper] [connectors/peer-gateway/PeerGateway] 	Failed to perform submit transaction [DistributeToParticipant] using arguments [bench_custodian_20260917-pilot6_scenario-pilot-distribution-low-1w-5tps-r1_distribution-low,1000,distribution_20260917-pilot6_scenario-pilot-distribution-low-1w-5tps-r1_distribution-low_w0_r0_117],  with error: EndorseError: 10 ABORTED: failed to endorse transaction, see attached details for more info
Details:
-  peer0.bi.paynet:7051:chaincode response 500, insufficient balance: have 0, need 1000
2026.09.17-17:47:38.884[31m error[39m [caliper] [connectors/peer-gateway/PeerGateway] 	Failed to perform submit transaction [DistributeToParticipant] using arguments [bench_custodian_20260917-pilot6_scenario-pilot-distribution-low-1w-5tps-r1_distribution-low,1000,distribution_20260917-pilot6_scenario-pilot-distribution-low-1w-5tps-r1_distribution-low_w0_r0_118],  with error: EndorseError: 10 ABORTED: failed to endorse transaction, see attached details for more info
Details:
-  peer0.bi.paynet:7051:chaincode response 500, insufficient balance: have 0, need 1000
2026.09.17-17:47:39.085[31m error[39m [caliper] [connectors/peer-gateway/PeerGateway] 	Failed to perform submit transaction [DistributeToParticipant] using arguments [bench_custodian_20260917-pilot6_scenario-pilot-distribution-low-1w-5tps-r1_distribution-low,1000,distribution_20260917-pilot6_scenario-pilot-distribution-low-1w-5tps-r1_distribution-low_w0_r0_119],  with error: EndorseError: 10 ABORTED: failed to endorse transaction, see attached details for more info
Details:
-  peer0.bi.paynet:7051:chaincode response 500, insufficient balance: have 0, need 1000
2026.09.17-17:47:39.285[31m error[39m [caliper] [connectors/peer-gateway/PeerGateway] 	Failed to perform submit transaction [DistributeToParticipant] using arguments [bench_custodian_20260917-pilot6_scenario-pilot-distribution-low-1w-5tps-r1_distribution-low,1000,distribution_20260917-pilot6_scenario-pilot-distribution-low-1w-5tps-r1_distribution-low_w0_r0_120],  with error: EndorseError: 10 ABORTED: failed to endorse transaction, see attached details for more info
Details:
-  peer0.bi.paynet:7051:chaincode response 500, insufficient balance: have 0, need 1000
2026.09.17-17:47:39.485[31m error[39m [caliper] [connectors/peer-gateway/PeerGateway] 	Failed to perform submit transaction [DistributeToParticipant] using arguments [bench_custodian_20260917-pilot6_scenario-pilot-distribution-low-1w-5tps-r1_distribution-low,1000,distribution_20260917-pilot6_scenario-pilot-distribution-low-1w-5tps-r1_distribution-low_w0_r0_121],  with error: EndorseError: 10 ABORTED: failed to endorse transaction, see attached details for more info
Details:
-  peer0.bi.paynet:7051:chaincode response 500, insufficient balance: have 0, need 1000
2026.09.17-17:47:39.684[31m error[39m [caliper] [connectors/peer-gateway/PeerGateway] 	Failed to perform submit transaction [DistributeToParticipant] using arguments [bench_custodian_20260917-pilot6_scenario-pilot-distribution-low-1w-5tps-r1_distribution-low,1000,distribution_20260917-pilot6_scenario-pilot-distribution-low-1w-5tps-r1_distribution-low_w0_r0_122],  with error: EndorseError: 10 ABORTED: failed to endorse transaction, see attached details for more info
Details:
-  peer0.bi.paynet:7051:chaincode response 500, insufficient balance: have 0, need 1000
2026.09.17-17:47:39.884[31m error[39m [caliper] [connectors/peer-gateway/PeerGateway] 	Failed to perform submit transaction [DistributeToParticipant] using arguments [bench_custodian_20260917-pilot6_scenario-pilot-distribution-low-1w-5tps-r1_distribution-low,1000,distribution_20260917-pilot6_scenario-pilot-distribution-low-1w-5tps-r1_distribution-low_w0_r0_123],  with error: EndorseError: 10 ABORTED: failed to endorse transaction, see attached details for more info
Details:
-  peer0.bi.paynet:7051:chaincode response 500, insufficient balance: have 0, need 1000
2026.09.17-17:47:40.084[31m error[39m [caliper] [connectors/peer-gateway/PeerGateway] 	Failed to perform submit transaction [DistributeToParticipant] using arguments [bench_custodian_20260917-pilot6_scenario-pilot-distribution-low-1w-5tps-r1_distribution-low,1000,distribution_20260917-pilot6_scenario-pilot-distribution-low-1w-5tps-r1_distribution-low_w0_r0_124],  with error: EndorseError: 10 ABORTED: failed to endorse transaction, see attached details for more info
Details:
-  peer0.bi.paynet:7051:chaincode response 500, insufficient balance: have 0, need 1000
2026.09.17-17:47:40.285[31m error[39m [caliper] [connectors/peer-gateway/PeerGateway] 	Failed to perform submit transaction [DistributeToParticipant] using arguments [bench_custodian_20260917-pilot6_scenario-pilot-distribution-low-1w-5tps-r1_distribution-low,1000,distribution_20260917-pilot6_scenario-pilot-distribution-low-1w-5tps-r1_distribution-low_w0_r0_125],  with error: EndorseError: 10 ABORTED: failed to endorse transaction, see attached details for more info
Details:
-  peer0.bi.paynet:7051:chaincode response 500, insufficient balance: have 0, need 1000
2026.09.17-17:47:40.485[31m error[39m [caliper] [connectors/peer-gateway/PeerGateway] 	Failed to perform submit transaction [DistributeToParticipant] using arguments [bench_custodian_20260917-pilot6_scenario-pilot-distribution-low-1w-5tps-r1_distribution-low,1000,distribution_20260917-pilot6_scenario-pilot-distribution-low-1w-5tps-r1_distribution-low_w0_r0_126],  with error: EndorseError: 10 ABORTED: failed to endorse transaction, see attached details for more info
Details:
-  peer0.bi.paynet:7051:chaincode response 500, insufficient balance: have 0, need 1000
2026.09.17-17:47:40.684[31m error[39m [caliper] [connectors/peer-gateway/PeerGateway] 	Failed to perform submit transaction [DistributeToParticipant] using arguments [bench_custodian_20260917-pilot6_scenario-pilot-distribution-low-1w-5tps-r1_distribution-low,1000,distribution_20260917-pilot6_scenario-pilot-distribution-low-1w-5tps-r1_distribution-low_w0_r0_127],  with error: EndorseError: 10 ABORTED: failed to endorse transaction, see attached details for more info
Details:
-  peer0.bi.paynet:7051:chaincode response 500, insufficient balance: have 0, need 1000
2026.09.17-17:47:40.884[31m error[39m [caliper] [connectors/peer-gateway/PeerGateway] 	Failed to perform submit transaction [DistributeToParticipant] using arguments [bench_custodian_20260917-pilot6_scenario-pilot-distribution-low-1w-5tps-r1_distribution-low,1000,distribution_20260917-pilot6_scenario-pilot-distribution-low-1w-5tps-r1_distribution-low_w0_r0_128],  with error: EndorseError: 10 ABORTED: failed to endorse transaction, see attached details for more info
Details:
-  peer0.bi.paynet:7051:chaincode response 500, insufficient balance: have 0, need 1000
2026.09.17-17:47:41.087[31m error[39m [caliper] [connectors/peer-gateway/PeerGateway] 	Failed to perform submit transaction [DistributeToParticipant] using arguments [bench_custodian_20260917-pilot6_scenario-pilot-distribution-low-1w-5tps-r1_distribution-low,1000,distribution_20260917-pilot6_scenario-pilot-distribution-low-1w-5tps-r1_distribution-low_w0_r0_129],  with error: EndorseError: 10 ABORTED: failed to endorse transaction, see attached details for more info
Details:
-  peer0.bi.paynet:7051:chaincode response 500, insufficient balance: have 0, need 1000
2026.09.17-17:47:41.286[31m error[39m [caliper] [connectors/peer-gateway/PeerGateway] 	Failed to perform submit transaction [DistributeToParticipant] using arguments [bench_custodian_20260917-pilot6_scenario-pilot-distribution-low-1w-5tps-r1_distribution-low,1000,distribution_20260917-pilot6_scenario-pilot-distribution-low-1w-5tps-r1_distribution-low_w0_r0_130],  with error: EndorseError: 10 ABORTED: failed to endorse transaction, see attached details for more info
Details:
-  peer0.bi.paynet:7051:chaincode response 500, insufficient balance: have 0, need 1000
2026.09.17-17:47:41.484[31m error[39m [caliper] [connectors/peer-gateway/PeerGateway] 	Failed to perform submit transaction [DistributeToParticipant] using arguments [bench_custodian_20260917-pilot6_scenario-pilot-distribution-low-1w-5tps-r1_distribution-low,1000,distribution_20260917-pilot6_scenario-pilot-distribution-low-1w-5tps-r1_distribution-low_w0_r0_131],  with error: EndorseError: 10 ABORTED: failed to endorse transaction, see attached details for more info
Details:
-  peer0.bi.paynet:7051:chaincode response 500, insufficient balance: have 0, need 1000
2026.09.17-17:47:41.686[31m error[39m [caliper] [connectors/peer-gateway/PeerGateway] 	Failed to perform submit transaction [DistributeToParticipant] using arguments [bench_custodian_20260917-pilot6_scenario-pilot-distribution-low-1w-5tps-r1_distribution-low,1000,distribution_20260917-pilot6_scenario-pilot-distribution-low-1w-5tps-r1_distribution-low_w0_r0_132],  with error: EndorseError: 10 ABORTED: failed to endorse transaction, see attached details for more info
Details:
-  peer0.bi.paynet:7051:chaincode response 500, insufficient balance: have 0, need 1000
2026.09.17-17:47:41.885[31m error[39m [caliper] [connectors/peer-gateway/PeerGateway] 	Failed to perform submit transaction [DistributeToParticipant] using arguments [bench_custodian_20260917-pilot6_scenario-pilot-distribution-low-1w-5tps-r1_distribution-low,1000,distribution_20260917-pilot6_scenario-pilot-distribution-low-1w-5tps-r1_distribution-low_w0_r0_133],  with error: EndorseError: 10 ABORTED: failed to endorse transaction, see attached details for more info
Details:
-  peer0.bi.paynet:7051:chaincode response 500, insufficient balance: have 0, need 1000
2026.09.17-17:47:42.084[31m error[39m [caliper] [connectors/peer-gateway/PeerGateway] 	Failed to perform submit transaction [DistributeToParticipant] using arguments [bench_custodian_20260917-pilot6_scenario-pilot-distribution-low-1w-5tps-r1_distribution-low,1000,distribution_20260917-pilot6_scenario-pilot-distribution-low-1w-5tps-r1_distribution-low_w0_r0_134],  with error: EndorseError: 10 ABORTED: failed to endorse transaction, see attached details for more info
Details:
-  peer0.bi.paynet:7051:chaincode response 500, insufficient balance: have 0, need 1000
2026.09.17-17:47:42.286[31m error[39m [caliper] [connectors/peer-gateway/PeerGateway] 	Failed to perform submit transaction [DistributeToParticipant] using arguments [bench_custodian_20260917-pilot6_scenario-pilot-distribution-low-1w-5tps-r1_distribution-low,1000,distribution_20260917-pilot6_scenario-pilot-distribution-low-1w-5tps-r1_distribution-low_w0_r0_135],  with error: EndorseError: 10 ABORTED: failed to endorse transaction, see attached details for more info
Details:
-  peer0.bi.paynet:7051:chaincode response 500, insufficient balance: have 0, need 1000
2026.09.17-17:47:42.485[31m error[39m [caliper] [connectors/peer-gateway/PeerGateway] 	Failed to perform submit transaction [DistributeToParticipant] using arguments [bench_custodian_20260917-pilot6_scenario-pilot-distribution-low-1w-5tps-r1_distribution-low,1000,distribution_20260917-pilot6_scenario-pilot-distribution-low-1w-5tps-r1_distribution-low_w0_r0_136],  with error: EndorseError: 10 ABORTED: failed to endorse transaction, see attached details for more info
Details:
-  peer0.bi.paynet:7051:chaincode response 500, insufficient balance: have 0, need 1000
2026.09.17-17:47:42.685[31m error[39m [caliper] [connectors/peer-gateway/PeerGateway] 	Failed to perform submit transaction [DistributeToParticipant] using arguments [bench_custodian_20260917-pilot6_scenario-pilot-distribution-low-1w-5tps-r1_distribution-low,1000,distribution_20260917-pilot6_scenario-pilot-distribution-low-1w-5tps-r1_distribution-low_w0_r0_137],  with error: EndorseError: 10 ABORTED: failed to endorse transaction, see attached details for more info
Details:
-  peer0.bi.paynet:7051:chaincode response 500, insufficient balance: have 0, need 1000
2026.09.17-17:47:42.885[31m error[39m [caliper] [connectors/peer-gateway/PeerGateway] 	Failed to perform submit transaction [DistributeToParticipant] using arguments [bench_custodian_20260917-pilot6_scenario-pilot-distribution-low-1w-5tps-r1_distribution-low,1000,distribution_20260917-pilot6_scenario-pilot-distribution-low-1w-5tps-r1_distribution-low_w0_r0_138],  with error: EndorseError: 10 ABORTED: failed to endorse transaction, see attached details for more info
Details:
-  peer0.bi.paynet:7051:chaincode response 500, insufficient balance: have 0, need 1000
2026.09.17-17:47:42.997[32m info [39m [caliper] [default-observer] 	[warmup-distribution-low-5tps Round 0 Transaction Info] - Submitted: 136 Succ: 0 Fail:136 Unfinished:0
2026.09.17-17:47:43.085[31m error[39m [caliper] [connectors/peer-gateway/PeerGateway] 	Failed to perform submit transaction [DistributeToParticipant] using arguments [bench_custodian_20260917-pilot6_scenario-pilot-distribution-low-1w-5tps-r1_distribution-low,1000,distribution_20260917-pilot6_scenario-pilot-distribution-low-1w-5tps-r1_distribution-low_w0_r0_139],  with error: EndorseError: 10 ABORTED: failed to endorse transaction, see attached details for more info
Details:
-  peer0.bi.paynet:7051:chaincode response 500, insufficient balance: have 0, need 1000
2026.09.17-17:47:43.285[31m error[39m [caliper] [connectors/peer-gateway/PeerGateway] 	Failed to perform submit transaction [DistributeToParticipant] using arguments [bench_custodian_20260917-pilot6_scenario-pilot-distribution-low-1w-5tps-r1_distribution-low,1000,distribution_20260917-pilot6_scenario-pilot-distribution-low-1w-5tps-r1_distribution-low_w0_r0_140],  with error: EndorseError: 10 ABORTED: failed to endorse transaction, see attached details for more info
Details:
-  peer0.bi.paynet:7051:chaincode response 500, insufficient balance: have 0, need 1000
2026.09.17-17:47:43.484[31m error[39m [caliper] [connectors/peer-gateway/PeerGateway] 	Failed to perform submit transaction [DistributeToParticipant] using arguments [bench_custodian_20260917-pilot6_scenario-pilot-distribution-low-1w-5tps-r1_distribution-low,1000,distribution_20260917-pilot6_scenario-pilot-distribution-low-1w-5tps-r1_distribution-low_w0_r0_141],  with error: EndorseError: 10 ABORTED: failed to endorse transaction, see attached details for more info
Details:
-  peer0.bi.paynet:7051:chaincode response 500, insufficient balance: have 0, need 1000
2026.09.17-17:47:43.683[31m error[39m [caliper] [connectors/peer-gateway/PeerGateway] 	Failed to perform submit transaction [DistributeToParticipant] using arguments [bench_custodian_20260917-pilot6_scenario-pilot-distribution-low-1w-5tps-r1_distribution-low,1000,distribution_20260917-pilot6_scenario-pilot-distribution-low-1w-5tps-r1_distribution-low_w0_r0_142],  with error: EndorseError: 10 ABORTED: failed to endorse transaction, see attached details for more info
Details:
-  peer0.bi.paynet:7051:chaincode response 500, insufficient balance: have 0, need 1000
2026.09.17-17:47:43.885[31m error[39m [caliper] [connectors/peer-gateway/PeerGateway] 	Failed to perform submit transaction [DistributeToParticipant] using arguments [bench_custodian_20260917-pilot6_scenario-pilot-distribution-low-1w-5tps-r1_distribution-low,1000,distribution_20260917-pilot6_scenario-pilot-distribution-low-1w-5tps-r1_distribution-low_w0_r0_143],  with error: EndorseError: 10 ABORTED: failed to endorse transaction, see attached details for more info
Details:
-  peer0.bi.paynet:7051:chaincode response 500, insufficient balance: have 0, need 1000
2026.09.17-17:47:44.085[31m error[39m [caliper] [connectors/peer-gateway/PeerGateway] 	Failed to perform submit transaction [DistributeToParticipant] using arguments [bench_custodian_20260917-pilot6_scenario-pilot-distribution-low-1w-5tps-r1_distribution-low,1000,distribution_20260917-pilot6_scenario-pilot-distribution-low-1w-5tps-r1_distribution-low_w0_r0_144],  with error: EndorseError: 10 ABORTED: failed to endorse transaction, see attached details for more info
Details:
-  peer0.bi.paynet:7051:chaincode response 500, insufficient balance: have 0, need 1000
2026.09.17-17:47:44.285[31m error[39m [caliper] [connectors/peer-gateway/PeerGateway] 	Failed to perform submit transaction [DistributeToParticipant] using arguments [bench_custodian_20260917-pilot6_scenario-pilot-distribution-low-1w-5tps-r1_distribution-low,1000,distribution_20260917-pilot6_scenario-pilot-distribution-low-1w-5tps-r1_distribution-low_w0_r0_145],  with error: EndorseError: 10 ABORTED: failed to endorse transaction, see attached details for more info
Details:
-  peer0.bi.paynet:7051:chaincode response 500, insufficient balance: have 0, need 1000
2026.09.17-17:47:44.485[31m error[39m [caliper] [connectors/peer-gateway/PeerGateway] 	Failed to perform submit transaction [DistributeToParticipant] using arguments [bench_custodian_20260917-pilot6_scenario-pilot-distribution-low-1w-5tps-r1_distribution-low,1000,distribution_20260917-pilot6_scenario-pilot-distribution-low-1w-5tps-r1_distribution-low_w0_r0_146],  with error: EndorseError: 10 ABORTED: failed to endorse transaction, see attached details for more info
Details:
-  peer0.bi.paynet:7051:chaincode response 500, insufficient balance: have 0, need 1000
2026.09.17-17:47:44.685[31m error[39m [caliper] [connectors/peer-gateway/PeerGateway] 	Failed to perform submit transaction [DistributeToParticipant] using arguments [bench_custodian_20260917-pilot6_scenario-pilot-distribution-low-1w-5tps-r1_distribution-low,1000,distribution_20260917-pilot6_scenario-pilot-distribution-low-1w-5tps-r1_distribution-low_w0_r0_147],  with error: EndorseError: 10 ABORTED: failed to endorse transaction, see attached details for more info
Details:
-  peer0.bi.paynet:7051:chaincode response 500, insufficient balance: have 0, need 1000
2026.09.17-17:47:44.884[31m error[39m [caliper] [connectors/peer-gateway/PeerGateway] 	Failed to perform submit transaction [DistributeToParticipant] using arguments [bench_custodian_20260917-pilot6_scenario-pilot-distribution-low-1w-5tps-r1_distribution-low,1000,distribution_20260917-pilot6_scenario-pilot-distribution-low-1w-5tps-r1_distribution-low_w0_r0_148],  with error: EndorseError: 10 ABORTED: failed to endorse transaction, see attached details for more info
Details:
-  peer0.bi.paynet:7051:chaincode response 500, insufficient balance: have 0, need 1000
2026.09.17-17:47:45.084[31m error[39m [caliper] [connectors/peer-gateway/PeerGateway] 	Failed to perform submit transaction [DistributeToParticipant] using arguments [bench_custodian_20260917-pilot6_scenario-pilot-distribution-low-1w-5tps-r1_distribution-low,1000,distribution_20260917-pilot6_scenario-pilot-distribution-low-1w-5tps-r1_distribution-low_w0_r0_149],  with error: EndorseError: 10 ABORTED: failed to endorse transaction, see attached details for more info
Details:
-  peer0.bi.paynet:7051:chaincode response 500, insufficient balance: have 0, need 1000
2026.09.17-17:47:45.285[31m error[39m [caliper] [connectors/peer-gateway/PeerGateway] 	Failed to perform submit transaction [DistributeToParticipant] using arguments [bench_custodian_20260917-pilot6_scenario-pilot-distribution-low-1w-5tps-r1_distribution-low,1000,distribution_20260917-pilot6_scenario-pilot-distribution-low-1w-5tps-r1_distribution-low_w0_r0_150],  with error: EndorseError: 10 ABORTED: failed to endorse transaction, see attached details for more info
Details:
-  peer0.bi.paynet:7051:chaincode response 500, insufficient balance: have 0, need 1000
2026.09.17-17:47:46.380[32m info [39m [caliper] [connectors/peer-gateway/PeerGateway] 	disconnecting gateway for user User1
2026.09.17-17:47:46.380[32m info [39m [caliper] [connectors/peer-gateway/PeerGateway] 	disconnecting gateway for user _HimbaraBankOrgMSP_User1
2026.09.17-17:47:46.380[32m info [39m [caliper] [connectors/peer-gateway/PeerGateway] 	disconnecting gateway for user _CommercialBankOrgMSP_User1
2026.09.17-17:47:46.380[32m info [39m [caliper] [connectors/peer-gateway/PeerGateway] 	disconnecting gRpc client at peer peer0.bi.paynet
2026.09.17-17:47:46.381[32m info [39m [caliper] [connectors/peer-gateway/PeerGateway] 	disconnecting gRpc client at peer peer0.himbara.paynet
2026.09.17-17:47:46.381[32m info [39m [caliper] [connectors/peer-gateway/PeerGateway] 	disconnecting gRpc client at peer peer0.commercial.paynet
2026.09.17-17:47:46.381[32m info [39m [caliper] [worker-message-handler] 	Worker#0 finished Round#0
2026.09.17-17:47:51.394[32m info [39m [caliper] [default-observer] 	Resetting txCount indicator count
2026.09.17-17:47:51.396[32m info [39m [caliper] [report-builder] 	### Test result ###
2026.09.17-17:47:51.400[32m info [39m [caliper] [report-builder] 	
+------------------------------+------+------+-----------------+-----------------+-----------------+-----------------+------------------+
| Name                         | Succ | Fail | Send Rate (TPS) | Max Latency (s) | Min Latency (s) | Avg Latency (s) | Throughput (TPS) |
|------------------------------|------|------|-----------------|-----------------|-----------------|-----------------|------------------|
| warmup-distribution-low-5tps | 0    | 151  | 5.0             | -               | -               | -               | 5.0              |
+------------------------------+------+------+-----------------+-----------------+-----------------+-----------------+------------------+

2026.09.17-17:47:51.405[32m info [39m [caliper] [report-builder] 	### docker resource stats ###'
2026.09.17-17:47:51.408[32m info [39m [caliper] [report-builder] 	
+-----------------------------+-----------+-----------+------------------+------------------+-----------------+------------------+----------------+---------------+
| Name                        | CPU%(max) | CPU%(avg) | Memory(max) [MB] | Memory(avg) [MB] | Traffic In [KB] | Traffic Out [MB] | Disc Write [B] | Disc Read [B] |
|-----------------------------|-----------|-----------|------------------|------------------|-----------------|------------------|----------------|---------------|
| /peer0.pjp.paynet           | 0.02625   | 0.01875   | 234              | 233              | 149             | 0.124            | 0.00           | 0.00          |
|-----------------------------|-----------|-----------|------------------|------------------|-----------------|------------------|----------------|---------------|
| /peer0.bi.paynet            | 0.055     | 0.03375   | 225              | 202              | 921             | 1.10             | 0.00           | 0.00          |
|-----------------------------|-----------|-----------|------------------|------------------|-----------------|------------------|----------------|---------------|
| /peer0.commercial.paynet    | 0.025     | 0.01625   | 222              | 222              | 141             | 0.120            | 0.00           | 0.00          |
|-----------------------------|-----------|-----------|------------------|------------------|-----------------|------------------|----------------|---------------|
| /peer0.ojk.paynet           | 0.02625   | 0.01875   | 212              | 211              | 141             | 0.124            | 0.00           | 0.00          |
|-----------------------------|-----------|-----------|------------------|------------------|-----------------|------------------|----------------|---------------|
| /peer0.himbara.paynet       | 0.0275    | 0.015     | 227              | 226              | 139             | 0.124            | 0.00           | 0.00          |
|-----------------------------|-----------|-----------|------------------|------------------|-----------------|------------------|----------------|---------------|
| /couchdb0.himbara.paynet    | 0.05375   | 0.0225    | 53.5             | 52.3             | 17.0            | 0.000189         | 0.00           | 0.00          |
|-----------------------------|-----------|-----------|------------------|------------------|-----------------|------------------|----------------|---------------|
| /couchdb0.pjp.paynet        | 0.05625   | 0.0225    | 52.7             | 52.1             | 15.3            | 0.000189         | 0.00           | 0.00          |
|-----------------------------|-----------|-----------|------------------|------------------|-----------------|------------------|----------------|---------------|
| /couchdb0.ojk.paynet        | 0.055     | 0.02      | 52.9             | 52.0             | 15.6            | 0.000481         | 0.00           | 0.00          |
|-----------------------------|-----------|-----------|------------------|------------------|-----------------|------------------|----------------|---------------|
| /orderer.paynet             | 0.00125   | 0         | 16.0             | 16.0             | 17.1            | 0.00146          | 0.00           | 0.00          |
|-----------------------------|-----------|-----------|------------------|------------------|-----------------|------------------|----------------|---------------|
| /couchdb0.commercial.paynet | 0.09375   | 0.025     | 54.5             | 53.7             | 16.2            | 0.000189         | 0.00           | 0.00          |
|-----------------------------|-----------|-----------|------------------|------------------|-----------------|------------------|----------------|---------------|
| /couchdb0.bi.paynet         | 0.1475    | 0.05875   | 54.1             | 53.1             | 86.9            | 0.0514           | 0.00           | 0.00          |
+-----------------------------+-----------+-----------+------------------+------------------+-----------------+------------------+----------------+---------------+

2026.09.17-17:47:51.409[32m info [39m [caliper] [report-builder] 	### process resource stats ###'
2026.09.17-17:47:51.409[32m info [39m [caliper] [report-builder] 	
+-------------------+-----------+-----------+-----------------+-----------------+
| Name              | CPU%(max) | CPU%(avg) | Memory(max) [B] | Memory(avg) [B] |
|-------------------|-----------|-----------|-----------------|-----------------|
| node caliper(sum) | 29.70     | 14.82     | -               | -               |
+-------------------+-----------+-----------+-----------------+-----------------+

2026.09.17-17:47:51.410[32m info [39m [caliper] [round-orchestrator] 	Finished round 1 (warmup-distribution-low-5tps) in 30.103 seconds
2026.09.17-17:47:51.410[32m info [39m [caliper] [monitor.js] 	Stopping all monitors
2026.09.17-17:47:51.611[32m info [39m [caliper] [round-orchestrator] 	Waiting 5 seconds for the next round...
2026.09.17-17:47:56.613[32m info [39m [caliper] [round-orchestrator] 	Started round 2 (distribution-low-5tps)
2026.09.17-17:47:56.613[32m info [39m [caliper] [worker-message-handler] 	Preparing Worker#0 for Round#1
2026.09.17-17:47:56.616[32m info [39m [caliper] [connectors/peer-gateway/PeerGateway] 	Generating contract map for user User1
2026.09.17-17:47:56.617[32m info [39m [caliper] [connectors/peer-gateway/PeerGateway] 	Generating contract map for user _HimbaraBankOrgMSP_User1
2026.09.17-17:47:56.619[32m info [39m [caliper] [connectors/peer-gateway/PeerGateway] 	Generating contract map for user _CommercialBankOrgMSP_User1
2026.09.17-17:47:56.620[32m info [39m [caliper] [caliper-worker] 	Info: worker 0 prepare test phase for round 1 is starting...
2026.09.17-17:47:56.644[32m info [39m [caliper] [connectors/peer-gateway/PeerGateway] 	disconnecting gateway for user User1
2026.09.17-17:47:56.645[32m info [39m [caliper] [connectors/peer-gateway/PeerGateway] 	disconnecting gateway for user _HimbaraBankOrgMSP_User1
2026.09.17-17:47:56.645[32m info [39m [caliper] [connectors/peer-gateway/PeerGateway] 	disconnecting gateway for user _CommercialBankOrgMSP_User1
2026.09.17-17:47:56.645[32m info [39m [caliper] [connectors/peer-gateway/PeerGateway] 	disconnecting gRpc client at peer peer0.bi.paynet
2026.09.17-17:47:56.645[32m info [39m [caliper] [connectors/peer-gateway/PeerGateway] 	disconnecting gRpc client at peer peer0.himbara.paynet
2026.09.17-17:47:56.645[32m info [39m [caliper] [connectors/peer-gateway/PeerGateway] 	disconnecting gRpc client at peer peer0.commercial.paynet
2026.09.17-17:47:56.645[32m info [39m [caliper] [caliper-worker] 	Info: worker 0 prepare test phase for round 1 is completed
2026.09.17-17:47:56.645[32m info [39m [caliper] [worker-message-handler] 	Worker#0 prepared for Round#1
2026.09.17-17:47:56.646[32m info [39m [caliper] [worker-orchestrator] 	1 workers prepared, progressing to test phase.
2026.09.17-17:47:58.678[32m info [39m [caliper] [monitor-process] 	Registering node caliper(sum) within process monitor
2026.09.17-17:47:58.777[32m info [39m [caliper] [monitor-process] 	Starting process monitor with update interval 1000 ms
2026.09.17-17:47:58.777[32m info [39m [caliper] [round-orchestrator] 	Monitors successfully started
2026.09.17-17:47:58.777[32m info [39m [caliper] [worker-message-handler] 	Worker#0 is starting Round#1
2026.09.17-17:47:58.779[32m info [39m [caliper] [connectors/peer-gateway/PeerGateway] 	Generating contract map for user User1
2026.09.17-17:47:58.781[32m info [39m [caliper] [connectors/peer-gateway/PeerGateway] 	Generating contract map for user _HimbaraBankOrgMSP_User1
2026.09.17-17:47:58.782[32m info [39m [caliper] [connectors/peer-gateway/PeerGateway] 	Generating contract map for user _CommercialBankOrgMSP_User1
2026.09.17-17:47:58.782[32m info [39m [caliper] [caliper-worker] 	Worker #0 starting workload loop
2026.09.17-17:47:58.797[31m error[39m [caliper] [connectors/peer-gateway/PeerGateway] 	Failed to perform submit transaction [DistributeToParticipant] using arguments [bench_custodian_20260917-pilot6_scenario-pilot-distribution-low-1w-5tps-r1_distribution-low,1000,distribution_20260917-pilot6_scenario-pilot-distribution-low-1w-5tps-r1_distribution-low_w0_r1_0],  with error: EndorseError: 10 ABORTED: failed to endorse transaction, see attached details for more info
Details:
-  peer0.bi.paynet:7051:chaincode response 500, insufficient balance: have 0, need 1000
2026.09.17-17:47:58.990[31m error[39m [caliper] [connectors/peer-gateway/PeerGateway] 	Failed to perform submit transaction [DistributeToParticipant] using arguments [bench_custodian_20260917-pilot6_scenario-pilot-distribution-low-1w-5tps-r1_distribution-low,1000,distribution_20260917-pilot6_scenario-pilot-distribution-low-1w-5tps-r1_distribution-low_w0_r1_1],  with error: EndorseError: 10 ABORTED: failed to endorse transaction, see attached details for more info
Details:
-  peer0.bi.paynet:7051:chaincode response 500, insufficient balance: have 0, need 1000
2026.09.17-17:47:59.189[31m error[39m [caliper] [connectors/peer-gateway/PeerGateway] 	Failed to perform submit transaction [DistributeToParticipant] using arguments [bench_custodian_20260917-pilot6_scenario-pilot-distribution-low-1w-5tps-r1_distribution-low,1000,distribution_20260917-pilot6_scenario-pilot-distribution-low-1w-5tps-r1_distribution-low_w0_r1_2],  with error: EndorseError: 10 ABORTED: failed to endorse transaction, see attached details for more info
Details:
-  peer0.bi.paynet:7051:chaincode response 500, insufficient balance: have 0, need 1000
2026.09.17-17:47:59.390[31m error[39m [caliper] [connectors/peer-gateway/PeerGateway] 	Failed to perform submit transaction [DistributeToParticipant] using arguments [bench_custodian_20260917-pilot6_scenario-pilot-distribution-low-1w-5tps-r1_distribution-low,1000,distribution_20260917-pilot6_scenario-pilot-distribution-low-1w-5tps-r1_distribution-low_w0_r1_3],  with error: EndorseError: 10 ABORTED: failed to endorse transaction, see attached details for more info
Details:
-  peer0.bi.paynet:7051:chaincode response 500, insufficient balance: have 0, need 1000
2026.09.17-17:47:59.590[31m error[39m [caliper] [connectors/peer-gateway/PeerGateway] 	Failed to perform submit transaction [DistributeToParticipant] using arguments [bench_custodian_20260917-pilot6_scenario-pilot-distribution-low-1w-5tps-r1_distribution-low,1000,distribution_20260917-pilot6_scenario-pilot-distribution-low-1w-5tps-r1_distribution-low_w0_r1_4],  with error: EndorseError: 10 ABORTED: failed to endorse transaction, see attached details for more info
Details:
-  peer0.bi.paynet:7051:chaincode response 500, insufficient balance: have 0, need 1000
2026.09.17-17:47:59.792[31m error[39m [caliper] [connectors/peer-gateway/PeerGateway] 	Failed to perform submit transaction [DistributeToParticipant] using arguments [bench_custodian_20260917-pilot6_scenario-pilot-distribution-low-1w-5tps-r1_distribution-low,1000,distribution_20260917-pilot6_scenario-pilot-distribution-low-1w-5tps-r1_distribution-low_w0_r1_5],  with error: EndorseError: 10 ABORTED: failed to endorse transaction, see attached details for more info
Details:
-  peer0.bi.paynet:7051:chaincode response 500, insufficient balance: have 0, need 1000
2026.09.17-17:47:59.991[31m error[39m [caliper] [connectors/peer-gateway/PeerGateway] 	Failed to perform submit transaction [DistributeToParticipant] using arguments [bench_custodian_20260917-pilot6_scenario-pilot-distribution-low-1w-5tps-r1_distribution-low,1000,distribution_20260917-pilot6_scenario-pilot-distribution-low-1w-5tps-r1_distribution-low_w0_r1_6],  with error: EndorseError: 10 ABORTED: failed to endorse transaction, see attached details for more info
Details:
-  peer0.bi.paynet:7051:chaincode response 500, insufficient balance: have 0, need 1000
2026.09.17-17:48:00.190[31m error[39m [caliper] [connectors/peer-gateway/PeerGateway] 	Failed to perform submit transaction [DistributeToParticipant] using arguments [bench_custodian_20260917-pilot6_scenario-pilot-distribution-low-1w-5tps-r1_distribution-low,1000,distribution_20260917-pilot6_scenario-pilot-distribution-low-1w-5tps-r1_distribution-low_w0_r1_7],  with error: EndorseError: 10 ABORTED: failed to endorse transaction, see attached details for more info
Details:
-  peer0.bi.paynet:7051:chaincode response 500, insufficient balance: have 0, need 1000
2026.09.17-17:48:00.391[31m error[39m [caliper] [connectors/peer-gateway/PeerGateway] 	Failed to perform submit transaction [DistributeToParticipant] using arguments [bench_custodian_20260917-pilot6_scenario-pilot-distribution-low-1w-5tps-r1_distribution-low,1000,distribution_20260917-pilot6_scenario-pilot-distribution-low-1w-5tps-r1_distribution-low_w0_r1_8],  with error: EndorseError: 10 ABORTED: failed to endorse transaction, see attached details for more info
Details:
-  peer0.bi.paynet:7051:chaincode response 500, insufficient balance: have 0, need 1000
2026.09.17-17:48:00.590[31m error[39m [caliper] [connectors/peer-gateway/PeerGateway] 	Failed to perform submit transaction [DistributeToParticipant] using arguments [bench_custodian_20260917-pilot6_scenario-pilot-distribution-low-1w-5tps-r1_distribution-low,1000,distribution_20260917-pilot6_scenario-pilot-distribution-low-1w-5tps-r1_distribution-low_w0_r1_9],  with error: EndorseError: 10 ABORTED: failed to endorse transaction, see attached details for more info
Details:
-  peer0.bi.paynet:7051:chaincode response 500, insufficient balance: have 0, need 1000
2026.09.17-17:48:00.790[31m error[39m [caliper] [connectors/peer-gateway/PeerGateway] 	Failed to perform submit transaction [DistributeToParticipant] using arguments [bench_custodian_20260917-pilot6_scenario-pilot-distribution-low-1w-5tps-r1_distribution-low,1000,distribution_20260917-pilot6_scenario-pilot-distribution-low-1w-5tps-r1_distribution-low_w0_r1_10],  with error: EndorseError: 10 ABORTED: failed to endorse transaction, see attached details for more info
Details:
-  peer0.bi.paynet:7051:chaincode response 500, insufficient balance: have 0, need 1000
2026.09.17-17:48:00.989[31m error[39m [caliper] [connectors/peer-gateway/PeerGateway] 	Failed to perform submit transaction [DistributeToParticipant] using arguments [bench_custodian_20260917-pilot6_scenario-pilot-distribution-low-1w-5tps-r1_distribution-low,1000,distribution_20260917-pilot6_scenario-pilot-distribution-low-1w-5tps-r1_distribution-low_w0_r1_11],  with error: EndorseError: 10 ABORTED: failed to endorse transaction, see attached details for more info
Details:
-  peer0.bi.paynet:7051:chaincode response 500, insufficient balance: have 0, need 1000
2026.09.17-17:48:01.189[31m error[39m [caliper] [connectors/peer-gateway/PeerGateway] 	Failed to perform submit transaction [DistributeToParticipant] using arguments [bench_custodian_20260917-pilot6_scenario-pilot-distribution-low-1w-5tps-r1_distribution-low,1000,distribution_20260917-pilot6_scenario-pilot-distribution-low-1w-5tps-r1_distribution-low_w0_r1_12],  with error: EndorseError: 10 ABORTED: failed to endorse transaction, see attached details for more info
Details:
-  peer0.bi.paynet:7051:chaincode response 500, insufficient balance: have 0, need 1000
2026.09.17-17:48:01.391[31m error[39m [caliper] [connectors/peer-gateway/PeerGateway] 	Failed to perform submit transaction [DistributeToParticipant] using arguments [bench_custodian_20260917-pilot6_scenario-pilot-distribution-low-1w-5tps-r1_distribution-low,1000,distribution_20260917-pilot6_scenario-pilot-distribution-low-1w-5tps-r1_distribution-low_w0_r1_13],  with error: EndorseError: 10 ABORTED: failed to endorse transaction, see attached details for more info
Details:
-  peer0.bi.paynet:7051:chaincode response 500, insufficient balance: have 0, need 1000
2026.09.17-17:48:01.590[31m error[39m [caliper] [connectors/peer-gateway/PeerGateway] 	Failed to perform submit transaction [DistributeToParticipant] using arguments [bench_custodian_20260917-pilot6_scenario-pilot-distribution-low-1w-5tps-r1_distribution-low,1000,distribution_20260917-pilot6_scenario-pilot-distribution-low-1w-5tps-r1_distribution-low_w0_r1_14],  with error: EndorseError: 10 ABORTED: failed to endorse transaction, see attached details for more info
Details:
-  peer0.bi.paynet:7051:chaincode response 500, insufficient balance: have 0, need 1000
2026.09.17-17:48:01.647[32m info [39m [caliper] [default-observer] 	[distribution-low-5tps Round 1 Transaction Info] - Submitted: 10 Succ: 0 Fail:10 Unfinished:0
2026.09.17-17:48:01.790[31m error[39m [caliper] [connectors/peer-gateway/PeerGateway] 	Failed to perform submit transaction [DistributeToParticipant] using arguments [bench_custodian_20260917-pilot6_scenario-pilot-distribution-low-1w-5tps-r1_distribution-low,1000,distribution_20260917-pilot6_scenario-pilot-distribution-low-1w-5tps-r1_distribution-low_w0_r1_15],  with error: EndorseError: 10 ABORTED: failed to endorse transaction, see attached details for more info
Details:
-  peer0.bi.paynet:7051:chaincode response 500, insufficient balance: have 0, need 1000
2026.09.17-17:48:01.990[31m error[39m [caliper] [connectors/peer-gateway/PeerGateway] 	Failed to perform submit transaction [DistributeToParticipant] using arguments [bench_custodian_20260917-pilot6_scenario-pilot-distribution-low-1w-5tps-r1_distribution-low,1000,distribution_20260917-pilot6_scenario-pilot-distribution-low-1w-5tps-r1_distribution-low_w0_r1_16],  with error: EndorseError: 10 ABORTED: failed to endorse transaction, see attached details for more info
Details:
-  peer0.bi.paynet:7051:chaincode response 500, insufficient balance: have 0, need 1000
2026.09.17-17:48:02.190[31m error[39m [caliper] [connectors/peer-gateway/PeerGateway] 	Failed to perform submit transaction [DistributeToParticipant] using arguments [bench_custodian_20260917-pilot6_scenario-pilot-distribution-low-1w-5tps-r1_distribution-low,1000,distribution_20260917-pilot6_scenario-pilot-distribution-low-1w-5tps-r1_distribution-low_w0_r1_17],  with error: EndorseError: 10 ABORTED: failed to endorse transaction, see attached details for more info
Details:
-  peer0.bi.paynet:7051:chaincode response 500, insufficient balance: have 0, need 1000
2026.09.17-17:48:02.390[31m error[39m [caliper] [connectors/peer-gateway/PeerGateway] 	Failed to perform submit transaction [DistributeToParticipant] using arguments [bench_custodian_20260917-pilot6_scenario-pilot-distribution-low-1w-5tps-r1_distribution-low,1000,distribution_20260917-pilot6_scenario-pilot-distribution-low-1w-5tps-r1_distribution-low_w0_r1_18],  with error: EndorseError: 10 ABORTED: failed to endorse transaction, see attached details for more info
Details:
-  peer0.bi.paynet:7051:chaincode response 500, insufficient balance: have 0, need 1000
2026.09.17-17:48:02.590[31m error[39m [caliper] [connectors/peer-gateway/PeerGateway] 	Failed to perform submit transaction [DistributeToParticipant] using arguments [bench_custodian_20260917-pilot6_scenario-pilot-distribution-low-1w-5tps-r1_distribution-low,1000,distribution_20260917-pilot6_scenario-pilot-distribution-low-1w-5tps-r1_distribution-low_w0_r1_19],  with error: EndorseError: 10 ABORTED: failed to endorse transaction, see attached details for more info
Details:
-  peer0.bi.paynet:7051:chaincode response 500, insufficient balance: have 0, need 1000
2026.09.17-17:48:02.790[31m error[39m [caliper] [connectors/peer-gateway/PeerGateway] 	Failed to perform submit transaction [DistributeToParticipant] using arguments [bench_custodian_20260917-pilot6_scenario-pilot-distribution-low-1w-5tps-r1_distribution-low,1000,distribution_20260917-pilot6_scenario-pilot-distribution-low-1w-5tps-r1_distribution-low_w0_r1_20],  with error: EndorseError: 10 ABORTED: failed to endorse transaction, see attached details for more info
Details:
-  peer0.bi.paynet:7051:chaincode response 500, insufficient balance: have 0, need 1000
2026.09.17-17:48:02.991[31m error[39m [caliper] [connectors/peer-gateway/PeerGateway] 	Failed to perform submit transaction [DistributeToParticipant] using arguments [bench_custodian_20260917-pilot6_scenario-pilot-distribution-low-1w-5tps-r1_distribution-low,1000,distribution_20260917-pilot6_scenario-pilot-distribution-low-1w-5tps-r1_distribution-low_w0_r1_21],  with error: EndorseError: 10 ABORTED: failed to endorse transaction, see attached details for more info
Details:
-  peer0.bi.paynet:7051:chaincode response 500, insufficient balance: have 0, need 1000
2026.09.17-17:48:03.189[31m error[39m [caliper] [connectors/peer-gateway/PeerGateway] 	Failed to perform submit transaction [DistributeToParticipant] using arguments [bench_custodian_20260917-pilot6_scenario-pilot-distribution-low-1w-5tps-r1_distribution-low,1000,distribution_20260917-pilot6_scenario-pilot-distribution-low-1w-5tps-r1_distribution-low_w0_r1_22],  with error: EndorseError: 10 ABORTED: failed to endorse transaction, see attached details for more info
Details:
-  peer0.bi.paynet:7051:chaincode response 500, insufficient balance: have 0, need 1000
2026.09.17-17:48:03.389[31m error[39m [caliper] [connectors/peer-gateway/PeerGateway] 	Failed to perform submit transaction [DistributeToParticipant] using arguments [bench_custodian_20260917-pilot6_scenario-pilot-distribution-low-1w-5tps-r1_distribution-low,1000,distribution_20260917-pilot6_scenario-pilot-distribution-low-1w-5tps-r1_distribution-low_w0_r1_23],  with error: EndorseError: 10 ABORTED: failed to endorse transaction, see attached details for more info
Details:
-  peer0.bi.paynet:7051:chaincode response 500, insufficient balance: have 0, need 1000
2026.09.17-17:48:03.589[31m error[39m [caliper] [connectors/peer-gateway/PeerGateway] 	Failed to perform submit transaction [DistributeToParticipant] using arguments [bench_custodian_20260917-pilot6_scenario-pilot-distribution-low-1w-5tps-r1_distribution-low,1000,distribution_20260917-pilot6_scenario-pilot-distribution-low-1w-5tps-r1_distribution-low_w0_r1_24],  with error: EndorseError: 10 ABORTED: failed to endorse transaction, see attached details for more info
Details:
-  peer0.bi.paynet:7051:chaincode response 500, insufficient balance: have 0, need 1000
2026.09.17-17:48:03.789[31m error[39m [caliper] [connectors/peer-gateway/PeerGateway] 	Failed to perform submit transaction [DistributeToParticipant] using arguments [bench_custodian_20260917-pilot6_scenario-pilot-distribution-low-1w-5tps-r1_distribution-low,1000,distribution_20260917-pilot6_scenario-pilot-distribution-low-1w-5tps-r1_distribution-low_w0_r1_25],  with error: EndorseError: 10 ABORTED: failed to endorse transaction, see attached details for more info
Details:
-  peer0.bi.paynet:7051:chaincode response 500, insufficient balance: have 0, need 1000
2026.09.17-17:48:03.990[31m error[39m [caliper] [connectors/peer-gateway/PeerGateway] 	Failed to perform submit transaction [DistributeToParticipant] using arguments [bench_custodian_20260917-pilot6_scenario-pilot-distribution-low-1w-5tps-r1_distribution-low,1000,distribution_20260917-pilot6_scenario-pilot-distribution-low-1w-5tps-r1_distribution-low_w0_r1_26],  with error: EndorseError: 10 ABORTED: failed to endorse transaction, see attached details for more info
Details:
-  peer0.bi.paynet:7051:chaincode response 500, insufficient balance: have 0, need 1000
2026.09.17-17:48:04.200[31m error[39m [caliper] [connectors/peer-gateway/PeerGateway] 	Failed to perform submit transaction [DistributeToParticipant] using arguments [bench_custodian_20260917-pilot6_scenario-pilot-distribution-low-1w-5tps-r1_distribution-low,1000,distribution_20260917-pilot6_scenario-pilot-distribution-low-1w-5tps-r1_distribution-low_w0_r1_27],  with error: EndorseError: 10 ABORTED: failed to endorse transaction, see attached details for more info
Details:
-  peer0.bi.paynet:7051:chaincode response 500, insufficient balance: have 0, need 1000
2026.09.17-17:48:04.391[31m error[39m [caliper] [connectors/peer-gateway/PeerGateway] 	Failed to perform submit transaction [DistributeToParticipant] using arguments [bench_custodian_20260917-pilot6_scenario-pilot-distribution-low-1w-5tps-r1_distribution-low,1000,distribution_20260917-pilot6_scenario-pilot-distribution-low-1w-5tps-r1_distribution-low_w0_r1_28],  with error: EndorseError: 10 ABORTED: failed to endorse transaction, see attached details for more info
Details:
-  peer0.bi.paynet:7051:chaincode response 500, insufficient balance: have 0, need 1000
2026.09.17-17:48:04.590[31m error[39m [caliper] [connectors/peer-gateway/PeerGateway] 	Failed to perform submit transaction [DistributeToParticipant] using arguments [bench_custodian_20260917-pilot6_scenario-pilot-distribution-low-1w-5tps-r1_distribution-low,1000,distribution_20260917-pilot6_scenario-pilot-distribution-low-1w-5tps-r1_distribution-low_w0_r1_29],  with error: EndorseError: 10 ABORTED: failed to endorse transaction, see attached details for more info
Details:
-  peer0.bi.paynet:7051:chaincode response 500, insufficient balance: have 0, need 1000
2026.09.17-17:48:04.790[31m error[39m [caliper] [connectors/peer-gateway/PeerGateway] 	Failed to perform submit transaction [DistributeToParticipant] using arguments [bench_custodian_20260917-pilot6_scenario-pilot-distribution-low-1w-5tps-r1_distribution-low,1000,distribution_20260917-pilot6_scenario-pilot-distribution-low-1w-5tps-r1_distribution-low_w0_r1_30],  with error: EndorseError: 10 ABORTED: failed to endorse transaction, see attached details for more info
Details:
-  peer0.bi.paynet:7051:chaincode response 500, insufficient balance: have 0, need 1000
2026.09.17-17:48:04.992[31m error[39m [caliper] [connectors/peer-gateway/PeerGateway] 	Failed to perform submit transaction [DistributeToParticipant] using arguments [bench_custodian_20260917-pilot6_scenario-pilot-distribution-low-1w-5tps-r1_distribution-low,1000,distribution_20260917-pilot6_scenario-pilot-distribution-low-1w-5tps-r1_distribution-low_w0_r1_31],  with error: EndorseError: 10 ABORTED: failed to endorse transaction, see attached details for more info
Details:
-  peer0.bi.paynet:7051:chaincode response 500, insufficient balance: have 0, need 1000
2026.09.17-17:48:05.189[31m error[39m [caliper] [connectors/peer-gateway/PeerGateway] 	Failed to perform submit transaction [DistributeToParticipant] using arguments [bench_custodian_20260917-pilot6_scenario-pilot-distribution-low-1w-5tps-r1_distribution-low,1000,distribution_20260917-pilot6_scenario-pilot-distribution-low-1w-5tps-r1_distribution-low_w0_r1_32],  with error: EndorseError: 10 ABORTED: failed to endorse transaction, see attached details for more info
Details:
-  peer0.bi.paynet:7051:chaincode response 500, insufficient balance: have 0, need 1000
2026.09.17-17:48:05.390[31m error[39m [caliper] [connectors/peer-gateway/PeerGateway] 	Failed to perform submit transaction [DistributeToParticipant] using arguments [bench_custodian_20260917-pilot6_scenario-pilot-distribution-low-1w-5tps-r1_distribution-low,1000,distribution_20260917-pilot6_scenario-pilot-distribution-low-1w-5tps-r1_distribution-low_w0_r1_33],  with error: EndorseError: 10 ABORTED: failed to endorse transaction, see attached details for more info
Details:
-  peer0.bi.paynet:7051:chaincode response 500, insufficient balance: have 0, need 1000
2026.09.17-17:48:05.591[31m error[39m [caliper] [connectors/peer-gateway/PeerGateway] 	Failed to perform submit transaction [DistributeToParticipant] using arguments [bench_custodian_20260917-pilot6_scenario-pilot-distribution-low-1w-5tps-r1_distribution-low,1000,distribution_20260917-pilot6_scenario-pilot-distribution-low-1w-5tps-r1_distribution-low_w0_r1_34],  with error: EndorseError: 10 ABORTED: failed to endorse transaction, see attached details for more info
Details:
-  peer0.bi.paynet:7051:chaincode response 500, insufficient balance: have 0, need 1000
2026.09.17-17:48:05.791[31m error[39m [caliper] [connectors/peer-gateway/PeerGateway] 	Failed to perform submit transaction [DistributeToParticipant] using arguments [bench_custodian_20260917-pilot6_scenario-pilot-distribution-low-1w-5tps-r1_distribution-low,1000,distribution_20260917-pilot6_scenario-pilot-distribution-low-1w-5tps-r1_distribution-low_w0_r1_35],  with error: EndorseError: 10 ABORTED: failed to endorse transaction, see attached details for more info
Details:
-  peer0.bi.paynet:7051:chaincode response 500, insufficient balance: have 0, need 1000
2026.09.17-17:48:05.991[31m error[39m [caliper] [connectors/peer-gateway/PeerGateway] 	Failed to perform submit transaction [DistributeToParticipant] using arguments [bench_custodian_20260917-pilot6_scenario-pilot-distribution-low-1w-5tps-r1_distribution-low,1000,distribution_20260917-pilot6_scenario-pilot-distribution-low-1w-5tps-r1_distribution-low_w0_r1_36],  with error: EndorseError: 10 ABORTED: failed to endorse transaction, see attached details for more info
Details:
-  peer0.bi.paynet:7051:chaincode response 500, insufficient balance: have 0, need 1000
2026.09.17-17:48:06.192[31m error[39m [caliper] [connectors/peer-gateway/PeerGateway] 	Failed to perform submit transaction [DistributeToParticipant] using arguments [bench_custodian_20260917-pilot6_scenario-pilot-distribution-low-1w-5tps-r1_distribution-low,1000,distribution_20260917-pilot6_scenario-pilot-distribution-low-1w-5tps-r1_distribution-low_w0_r1_37],  with error: EndorseError: 10 ABORTED: failed to endorse transaction, see attached details for more info
Details:
-  peer0.bi.paynet:7051:chaincode response 500, insufficient balance: have 0, need 1000
2026.09.17-17:48:06.390[31m error[39m [caliper] [connectors/peer-gateway/PeerGateway] 	Failed to perform submit transaction [DistributeToParticipant] using arguments [bench_custodian_20260917-pilot6_scenario-pilot-distribution-low-1w-5tps-r1_distribution-low,1000,distribution_20260917-pilot6_scenario-pilot-distribution-low-1w-5tps-r1_distribution-low_w0_r1_38],  with error: EndorseError: 10 ABORTED: failed to endorse transaction, see attached details for more info
Details:
-  peer0.bi.paynet:7051:chaincode response 500, insufficient balance: have 0, need 1000
2026.09.17-17:48:06.590[31m error[39m [caliper] [connectors/peer-gateway/PeerGateway] 	Failed to perform submit transaction [DistributeToParticipant] using arguments [bench_custodian_20260917-pilot6_scenario-pilot-distribution-low-1w-5tps-r1_distribution-low,1000,distribution_20260917-pilot6_scenario-pilot-distribution-low-1w-5tps-r1_distribution-low_w0_r1_39],  with error: EndorseError: 10 ABORTED: failed to endorse transaction, see attached details for more info
Details:
-  peer0.bi.paynet:7051:chaincode response 500, insufficient balance: have 0, need 1000
2026.09.17-17:48:06.648[32m info [39m [caliper] [default-observer] 	[distribution-low-5tps Round 1 Transaction Info] - Submitted: 36 Succ: 0 Fail:35 Unfinished:1
2026.09.17-17:48:06.790[31m error[39m [caliper] [connectors/peer-gateway/PeerGateway] 	Failed to perform submit transaction [DistributeToParticipant] using arguments [bench_custodian_20260917-pilot6_scenario-pilot-distribution-low-1w-5tps-r1_distribution-low,1000,distribution_20260917-pilot6_scenario-pilot-distribution-low-1w-5tps-r1_distribution-low_w0_r1_40],  with error: EndorseError: 10 ABORTED: failed to endorse transaction, see attached details for more info
Details:
-  peer0.bi.paynet:7051:chaincode response 500, insufficient balance: have 0, need 1000
2026.09.17-17:48:06.990[31m error[39m [caliper] [connectors/peer-gateway/PeerGateway] 	Failed to perform submit transaction [DistributeToParticipant] using arguments [bench_custodian_20260917-pilot6_scenario-pilot-distribution-low-1w-5tps-r1_distribution-low,1000,distribution_20260917-pilot6_scenario-pilot-distribution-low-1w-5tps-r1_distribution-low_w0_r1_41],  with error: EndorseError: 10 ABORTED: failed to endorse transaction, see attached details for more info
Details:
-  peer0.bi.paynet:7051:chaincode response 500, insufficient balance: have 0, need 1000
2026.09.17-17:48:07.189[31m error[39m [caliper] [connectors/peer-gateway/PeerGateway] 	Failed to perform submit transaction [DistributeToParticipant] using arguments [bench_custodian_20260917-pilot6_scenario-pilot-distribution-low-1w-5tps-r1_distribution-low,1000,distribution_20260917-pilot6_scenario-pilot-distribution-low-1w-5tps-r1_distribution-low_w0_r1_42],  with error: EndorseError: 10 ABORTED: failed to endorse transaction, see attached details for more info
Details:
-  peer0.bi.paynet:7051:chaincode response 500, insufficient balance: have 0, need 1000
2026.09.17-17:48:07.389[31m error[39m [caliper] [connectors/peer-gateway/PeerGateway] 	Failed to perform submit transaction [DistributeToParticipant] using arguments [bench_custodian_20260917-pilot6_scenario-pilot-distribution-low-1w-5tps-r1_distribution-low,1000,distribution_20260917-pilot6_scenario-pilot-distribution-low-1w-5tps-r1_distribution-low_w0_r1_43],  with error: EndorseError: 10 ABORTED: failed to endorse transaction, see attached details for more info
Details:
-  peer0.bi.paynet:7051:chaincode response 500, insufficient balance: have 0, need 1000
2026.09.17-17:48:07.589[31m error[39m [caliper] [connectors/peer-gateway/PeerGateway] 	Failed to perform submit transaction [DistributeToParticipant] using arguments [bench_custodian_20260917-pilot6_scenario-pilot-distribution-low-1w-5tps-r1_distribution-low,1000,distribution_20260917-pilot6_scenario-pilot-distribution-low-1w-5tps-r1_distribution-low_w0_r1_44],  with error: EndorseError: 10 ABORTED: failed to endorse transaction, see attached details for more info
Details:
-  peer0.bi.paynet:7051:chaincode response 500, insufficient balance: have 0, need 1000
2026.09.17-17:48:07.790[31m error[39m [caliper] [connectors/peer-gateway/PeerGateway] 	Failed to perform submit transaction [DistributeToParticipant] using arguments [bench_custodian_20260917-pilot6_scenario-pilot-distribution-low-1w-5tps-r1_distribution-low,1000,distribution_20260917-pilot6_scenario-pilot-distribution-low-1w-5tps-r1_distribution-low_w0_r1_45],  with error: EndorseError: 10 ABORTED: failed to endorse transaction, see attached details for more info
Details:
-  peer0.bi.paynet:7051:chaincode response 500, insufficient balance: have 0, need 1000
2026.09.17-17:48:07.990[31m error[39m [caliper] [connectors/peer-gateway/PeerGateway] 	Failed to perform submit transaction [DistributeToParticipant] using arguments [bench_custodian_20260917-pilot6_scenario-pilot-distribution-low-1w-5tps-r1_distribution-low,1000,distribution_20260917-pilot6_scenario-pilot-distribution-low-1w-5tps-r1_distribution-low_w0_r1_46],  with error: EndorseError: 10 ABORTED: failed to endorse transaction, see attached details for more info
Details:
-  peer0.bi.paynet:7051:chaincode response 500, insufficient balance: have 0, need 1000
2026.09.17-17:48:08.193[31m error[39m [caliper] [connectors/peer-gateway/PeerGateway] 	Failed to perform submit transaction [DistributeToParticipant] using arguments [bench_custodian_20260917-pilot6_scenario-pilot-distribution-low-1w-5tps-r1_distribution-low,1000,distribution_20260917-pilot6_scenario-pilot-distribution-low-1w-5tps-r1_distribution-low_w0_r1_47],  with error: EndorseError: 10 ABORTED: failed to endorse transaction, see attached details for more info
Details:
-  peer0.bi.paynet:7051:chaincode response 500, insufficient balance: have 0, need 1000
2026.09.17-17:48:08.390[31m error[39m [caliper] [connectors/peer-gateway/PeerGateway] 	Failed to perform submit transaction [DistributeToParticipant] using arguments [bench_custodian_20260917-pilot6_scenario-pilot-distribution-low-1w-5tps-r1_distribution-low,1000,distribution_20260917-pilot6_scenario-pilot-distribution-low-1w-5tps-r1_distribution-low_w0_r1_48],  with error: EndorseError: 10 ABORTED: failed to endorse transaction, see attached details for more info
Details:
-  peer0.bi.paynet:7051:chaincode response 500, insufficient balance: have 0, need 1000
2026.09.17-17:48:08.590[31m error[39m [caliper] [connectors/peer-gateway/PeerGateway] 	Failed to perform submit transaction [DistributeToParticipant] using arguments [bench_custodian_20260917-pilot6_scenario-pilot-distribution-low-1w-5tps-r1_distribution-low,1000,distribution_20260917-pilot6_scenario-pilot-distribution-low-1w-5tps-r1_distribution-low_w0_r1_49],  with error: EndorseError: 10 ABORTED: failed to endorse transaction, see attached details for more info
Details:
-  peer0.bi.paynet:7051:chaincode response 500, insufficient balance: have 0, need 1000
2026.09.17-17:48:08.794[31m error[39m [caliper] [connectors/peer-gateway/PeerGateway] 	Failed to perform submit transaction [DistributeToParticipant] using arguments [bench_custodian_20260917-pilot6_scenario-pilot-distribution-low-1w-5tps-r1_distribution-low,1000,distribution_20260917-pilot6_scenario-pilot-distribution-low-1w-5tps-r1_distribution-low_w0_r1_50],  with error: EndorseError: 10 ABORTED: failed to endorse transaction, see attached details for more info
Details:
-  peer0.bi.paynet:7051:chaincode response 500, insufficient balance: have 0, need 1000
2026.09.17-17:48:08.989[31m error[39m [caliper] [connectors/peer-gateway/PeerGateway] 	Failed to perform submit transaction [DistributeToParticipant] using arguments [bench_custodian_20260917-pilot6_scenario-pilot-distribution-low-1w-5tps-r1_distribution-low,1000,distribution_20260917-pilot6_scenario-pilot-distribution-low-1w-5tps-r1_distribution-low_w0_r1_51],  with error: EndorseError: 10 ABORTED: failed to endorse transaction, see attached details for more info
Details:
-  peer0.bi.paynet:7051:chaincode response 500, insufficient balance: have 0, need 1000
2026.09.17-17:48:09.190[31m error[39m [caliper] [connectors/peer-gateway/PeerGateway] 	Failed to perform submit transaction [DistributeToParticipant] using arguments [bench_custodian_20260917-pilot6_scenario-pilot-distribution-low-1w-5tps-r1_distribution-low,1000,distribution_20260917-pilot6_scenario-pilot-distribution-low-1w-5tps-r1_distribution-low_w0_r1_52],  with error: EndorseError: 10 ABORTED: failed to endorse transaction, see attached details for more info
Details:
-  peer0.bi.paynet:7051:chaincode response 500, insufficient balance: have 0, need 1000
2026.09.17-17:48:09.390[31m error[39m [caliper] [connectors/peer-gateway/PeerGateway] 	Failed to perform submit transaction [DistributeToParticipant] using arguments [bench_custodian_20260917-pilot6_scenario-pilot-distribution-low-1w-5tps-r1_distribution-low,1000,distribution_20260917-pilot6_scenario-pilot-distribution-low-1w-5tps-r1_distribution-low_w0_r1_53],  with error: EndorseError: 10 ABORTED: failed to endorse transaction, see attached details for more info
Details:
-  peer0.bi.paynet:7051:chaincode response 500, insufficient balance: have 0, need 1000
2026.09.17-17:48:09.589[31m error[39m [caliper] [connectors/peer-gateway/PeerGateway] 	Failed to perform submit transaction [DistributeToParticipant] using arguments [bench_custodian_20260917-pilot6_scenario-pilot-distribution-low-1w-5tps-r1_distribution-low,1000,distribution_20260917-pilot6_scenario-pilot-distribution-low-1w-5tps-r1_distribution-low_w0_r1_54],  with error: EndorseError: 10 ABORTED: failed to endorse transaction, see attached details for more info
Details:
-  peer0.bi.paynet:7051:chaincode response 500, insufficient balance: have 0, need 1000
2026.09.17-17:48:09.789[31m error[39m [caliper] [connectors/peer-gateway/PeerGateway] 	Failed to perform submit transaction [DistributeToParticipant] using arguments [bench_custodian_20260917-pilot6_scenario-pilot-distribution-low-1w-5tps-r1_distribution-low,1000,distribution_20260917-pilot6_scenario-pilot-distribution-low-1w-5tps-r1_distribution-low_w0_r1_55],  with error: EndorseError: 10 ABORTED: failed to endorse transaction, see attached details for more info
Details:
-  peer0.bi.paynet:7051:chaincode response 500, insufficient balance: have 0, need 1000
2026.09.17-17:48:09.991[31m error[39m [caliper] [connectors/peer-gateway/PeerGateway] 	Failed to perform submit transaction [DistributeToParticipant] using arguments [bench_custodian_20260917-pilot6_scenario-pilot-distribution-low-1w-5tps-r1_distribution-low,1000,distribution_20260917-pilot6_scenario-pilot-distribution-low-1w-5tps-r1_distribution-low_w0_r1_56],  with error: EndorseError: 10 ABORTED: failed to endorse transaction, see attached details for more info
Details:
-  peer0.bi.paynet:7051:chaincode response 500, insufficient balance: have 0, need 1000
2026.09.17-17:48:10.190[31m error[39m [caliper] [connectors/peer-gateway/PeerGateway] 	Failed to perform submit transaction [DistributeToParticipant] using arguments [bench_custodian_20260917-pilot6_scenario-pilot-distribution-low-1w-5tps-r1_distribution-low,1000,distribution_20260917-pilot6_scenario-pilot-distribution-low-1w-5tps-r1_distribution-low_w0_r1_57],  with error: EndorseError: 10 ABORTED: failed to endorse transaction, see attached details for more info
Details:
-  peer0.bi.paynet:7051:chaincode response 500, insufficient balance: have 0, need 1000
2026.09.17-17:48:10.390[31m error[39m [caliper] [connectors/peer-gateway/PeerGateway] 	Failed to perform submit transaction [DistributeToParticipant] using arguments [bench_custodian_20260917-pilot6_scenario-pilot-distribution-low-1w-5tps-r1_distribution-low,1000,distribution_20260917-pilot6_scenario-pilot-distribution-low-1w-5tps-r1_distribution-low_w0_r1_58],  with error: EndorseError: 10 ABORTED: failed to endorse transaction, see attached details for more info
Details:
-  peer0.bi.paynet:7051:chaincode response 500, insufficient balance: have 0, need 1000
2026.09.17-17:48:10.589[31m error[39m [caliper] [connectors/peer-gateway/PeerGateway] 	Failed to perform submit transaction [DistributeToParticipant] using arguments [bench_custodian_20260917-pilot6_scenario-pilot-distribution-low-1w-5tps-r1_distribution-low,1000,distribution_20260917-pilot6_scenario-pilot-distribution-low-1w-5tps-r1_distribution-low_w0_r1_59],  with error: EndorseError: 10 ABORTED: failed to endorse transaction, see attached details for more info
Details:
-  peer0.bi.paynet:7051:chaincode response 500, insufficient balance: have 0, need 1000
2026.09.17-17:48:10.790[31m error[39m [caliper] [connectors/peer-gateway/PeerGateway] 	Failed to perform submit transaction [DistributeToParticipant] using arguments [bench_custodian_20260917-pilot6_scenario-pilot-distribution-low-1w-5tps-r1_distribution-low,1000,distribution_20260917-pilot6_scenario-pilot-distribution-low-1w-5tps-r1_distribution-low_w0_r1_60],  with error: EndorseError: 10 ABORTED: failed to endorse transaction, see attached details for more info
Details:
-  peer0.bi.paynet:7051:chaincode response 500, insufficient balance: have 0, need 1000
2026.09.17-17:48:10.990[31m error[39m [caliper] [connectors/peer-gateway/PeerGateway] 	Failed to perform submit transaction [DistributeToParticipant] using arguments [bench_custodian_20260917-pilot6_scenario-pilot-distribution-low-1w-5tps-r1_distribution-low,1000,distribution_20260917-pilot6_scenario-pilot-distribution-low-1w-5tps-r1_distribution-low_w0_r1_61],  with error: EndorseError: 10 ABORTED: failed to endorse transaction, see attached details for more info
Details:
-  peer0.bi.paynet:7051:chaincode response 500, insufficient balance: have 0, need 1000
2026.09.17-17:48:11.191[31m error[39m [caliper] [connectors/peer-gateway/PeerGateway] 	Failed to perform submit transaction [DistributeToParticipant] using arguments [bench_custodian_20260917-pilot6_scenario-pilot-distribution-low-1w-5tps-r1_distribution-low,1000,distribution_20260917-pilot6_scenario-pilot-distribution-low-1w-5tps-r1_distribution-low_w0_r1_62],  with error: EndorseError: 10 ABORTED: failed to endorse transaction, see attached details for more info
Details:
-  peer0.bi.paynet:7051:chaincode response 500, insufficient balance: have 0, need 1000
2026.09.17-17:48:11.390[31m error[39m [caliper] [connectors/peer-gateway/PeerGateway] 	Failed to perform submit transaction [DistributeToParticipant] using arguments [bench_custodian_20260917-pilot6_scenario-pilot-distribution-low-1w-5tps-r1_distribution-low,1000,distribution_20260917-pilot6_scenario-pilot-distribution-low-1w-5tps-r1_distribution-low_w0_r1_63],  with error: EndorseError: 10 ABORTED: failed to endorse transaction, see attached details for more info
Details:
-  peer0.bi.paynet:7051:chaincode response 500, insufficient balance: have 0, need 1000
2026.09.17-17:48:11.590[31m error[39m [caliper] [connectors/peer-gateway/PeerGateway] 	Failed to perform submit transaction [DistributeToParticipant] using arguments [bench_custodian_20260917-pilot6_scenario-pilot-distribution-low-1w-5tps-r1_distribution-low,1000,distribution_20260917-pilot6_scenario-pilot-distribution-low-1w-5tps-r1_distribution-low_w0_r1_64],  with error: EndorseError: 10 ABORTED: failed to endorse transaction, see attached details for more info
Details:
-  peer0.bi.paynet:7051:chaincode response 500, insufficient balance: have 0, need 1000
2026.09.17-17:48:11.649[32m info [39m [caliper] [default-observer] 	[distribution-low-5tps Round 1 Transaction Info] - Submitted: 61 Succ: 0 Fail:60 Unfinished:1
2026.09.17-17:48:11.791[31m error[39m [caliper] [connectors/peer-gateway/PeerGateway] 	Failed to perform submit transaction [DistributeToParticipant] using arguments [bench_custodian_20260917-pilot6_scenario-pilot-distribution-low-1w-5tps-r1_distribution-low,1000,distribution_20260917-pilot6_scenario-pilot-distribution-low-1w-5tps-r1_distribution-low_w0_r1_65],  with error: EndorseError: 10 ABORTED: failed to endorse transaction, see attached details for more info
Details:
-  peer0.bi.paynet:7051:chaincode response 500, insufficient balance: have 0, need 1000
2026.09.17-17:48:11.990[31m error[39m [caliper] [connectors/peer-gateway/PeerGateway] 	Failed to perform submit transaction [DistributeToParticipant] using arguments [bench_custodian_20260917-pilot6_scenario-pilot-distribution-low-1w-5tps-r1_distribution-low,1000,distribution_20260917-pilot6_scenario-pilot-distribution-low-1w-5tps-r1_distribution-low_w0_r1_66],  with error: EndorseError: 10 ABORTED: failed to endorse transaction, see attached details for more info
Details:
-  peer0.bi.paynet:7051:chaincode response 500, insufficient balance: have 0, need 1000
2026.09.17-17:48:12.190[31m error[39m [caliper] [connectors/peer-gateway/PeerGateway] 	Failed to perform submit transaction [DistributeToParticipant] using arguments [bench_custodian_20260917-pilot6_scenario-pilot-distribution-low-1w-5tps-r1_distribution-low,1000,distribution_20260917-pilot6_scenario-pilot-distribution-low-1w-5tps-r1_distribution-low_w0_r1_67],  with error: EndorseError: 10 ABORTED: failed to endorse transaction, see attached details for more info
Details:
-  peer0.bi.paynet:7051:chaincode response 500, insufficient balance: have 0, need 1000
2026.09.17-17:48:12.389[31m error[39m [caliper] [connectors/peer-gateway/PeerGateway] 	Failed to perform submit transaction [DistributeToParticipant] using arguments [bench_custodian_20260917-pilot6_scenario-pilot-distribution-low-1w-5tps-r1_distribution-low,1000,distribution_20260917-pilot6_scenario-pilot-distribution-low-1w-5tps-r1_distribution-low_w0_r1_68],  with error: EndorseError: 10 ABORTED: failed to endorse transaction, see attached details for more info
Details:
-  peer0.bi.paynet:7051:chaincode response 500, insufficient balance: have 0, need 1000
2026.09.17-17:48:12.589[31m error[39m [caliper] [connectors/peer-gateway/PeerGateway] 	Failed to perform submit transaction [DistributeToParticipant] using arguments [bench_custodian_20260917-pilot6_scenario-pilot-distribution-low-1w-5tps-r1_distribution-low,1000,distribution_20260917-pilot6_scenario-pilot-distribution-low-1w-5tps-r1_distribution-low_w0_r1_69],  with error: EndorseError: 10 ABORTED: failed to endorse transaction, see attached details for more info
Details:
-  peer0.bi.paynet:7051:chaincode response 500, insufficient balance: have 0, need 1000
2026.09.17-17:48:12.789[31m error[39m [caliper] [connectors/peer-gateway/PeerGateway] 	Failed to perform submit transaction [DistributeToParticipant] using arguments [bench_custodian_20260917-pilot6_scenario-pilot-distribution-low-1w-5tps-r1_distribution-low,1000,distribution_20260917-pilot6_scenario-pilot-distribution-low-1w-5tps-r1_distribution-low_w0_r1_70],  with error: EndorseError: 10 ABORTED: failed to endorse transaction, see attached details for more info
Details:
-  peer0.bi.paynet:7051:chaincode response 500, insufficient balance: have 0, need 1000
2026.09.17-17:48:12.993[31m error[39m [caliper] [connectors/peer-gateway/PeerGateway] 	Failed to perform submit transaction [DistributeToParticipant] using arguments [bench_custodian_20260917-pilot6_scenario-pilot-distribution-low-1w-5tps-r1_distribution-low,1000,distribution_20260917-pilot6_scenario-pilot-distribution-low-1w-5tps-r1_distribution-low_w0_r1_71],  with error: EndorseError: 10 ABORTED: failed to endorse transaction, see attached details for more info
Details:
-  peer0.bi.paynet:7051:chaincode response 500, insufficient balance: have 0, need 1000
2026.09.17-17:48:13.190[31m error[39m [caliper] [connectors/peer-gateway/PeerGateway] 	Failed to perform submit transaction [DistributeToParticipant] using arguments [bench_custodian_20260917-pilot6_scenario-pilot-distribution-low-1w-5tps-r1_distribution-low,1000,distribution_20260917-pilot6_scenario-pilot-distribution-low-1w-5tps-r1_distribution-low_w0_r1_72],  with error: EndorseError: 10 ABORTED: failed to endorse transaction, see attached details for more info
Details:
-  peer0.bi.paynet:7051:chaincode response 500, insufficient balance: have 0, need 1000
2026.09.17-17:48:13.391[31m error[39m [caliper] [connectors/peer-gateway/PeerGateway] 	Failed to perform submit transaction [DistributeToParticipant] using arguments [bench_custodian_20260917-pilot6_scenario-pilot-distribution-low-1w-5tps-r1_distribution-low,1000,distribution_20260917-pilot6_scenario-pilot-distribution-low-1w-5tps-r1_distribution-low_w0_r1_73],  with error: EndorseError: 10 ABORTED: failed to endorse transaction, see attached details for more info
Details:
-  peer0.bi.paynet:7051:chaincode response 500, insufficient balance: have 0, need 1000
2026.09.17-17:48:13.590[31m error[39m [caliper] [connectors/peer-gateway/PeerGateway] 	Failed to perform submit transaction [DistributeToParticipant] using arguments [bench_custodian_20260917-pilot6_scenario-pilot-distribution-low-1w-5tps-r1_distribution-low,1000,distribution_20260917-pilot6_scenario-pilot-distribution-low-1w-5tps-r1_distribution-low_w0_r1_74],  with error: EndorseError: 10 ABORTED: failed to endorse transaction, see attached details for more info
Details:
-  peer0.bi.paynet:7051:chaincode response 500, insufficient balance: have 0, need 1000
2026.09.17-17:48:13.791[31m error[39m [caliper] [connectors/peer-gateway/PeerGateway] 	Failed to perform submit transaction [DistributeToParticipant] using arguments [bench_custodian_20260917-pilot6_scenario-pilot-distribution-low-1w-5tps-r1_distribution-low,1000,distribution_20260917-pilot6_scenario-pilot-distribution-low-1w-5tps-r1_distribution-low_w0_r1_75],  with error: EndorseError: 10 ABORTED: failed to endorse transaction, see attached details for more info
Details:
-  peer0.bi.paynet:7051:chaincode response 500, insufficient balance: have 0, need 1000
2026.09.17-17:48:13.991[31m error[39m [caliper] [connectors/peer-gateway/PeerGateway] 	Failed to perform submit transaction [DistributeToParticipant] using arguments [bench_custodian_20260917-pilot6_scenario-pilot-distribution-low-1w-5tps-r1_distribution-low,1000,distribution_20260917-pilot6_scenario-pilot-distribution-low-1w-5tps-r1_distribution-low_w0_r1_76],  with error: EndorseError: 10 ABORTED: failed to endorse transaction, see attached details for more info
Details:
-  peer0.bi.paynet:7051:chaincode response 500, insufficient balance: have 0, need 1000
2026.09.17-17:48:14.191[31m error[39m [caliper] [connectors/peer-gateway/PeerGateway] 	Failed to perform submit transaction [DistributeToParticipant] using arguments [bench_custodian_20260917-pilot6_scenario-pilot-distribution-low-1w-5tps-r1_distribution-low,1000,distribution_20260917-pilot6_scenario-pilot-distribution-low-1w-5tps-r1_distribution-low_w0_r1_77],  with error: EndorseError: 10 ABORTED: failed to endorse transaction, see attached details for more info
Details:
-  peer0.bi.paynet:7051:chaincode response 500, insufficient balance: have 0, need 1000
2026.09.17-17:48:14.391[31m error[39m [caliper] [connectors/peer-gateway/PeerGateway] 	Failed to perform submit transaction [DistributeToParticipant] using arguments [bench_custodian_20260917-pilot6_scenario-pilot-distribution-low-1w-5tps-r1_distribution-low,1000,distribution_20260917-pilot6_scenario-pilot-distribution-low-1w-5tps-r1_distribution-low_w0_r1_78],  with error: EndorseError: 10 ABORTED: failed to endorse transaction, see attached details for more info
Details:
-  peer0.bi.paynet:7051:chaincode response 500, insufficient balance: have 0, need 1000
2026.09.17-17:48:14.590[31m error[39m [caliper] [connectors/peer-gateway/PeerGateway] 	Failed to perform submit transaction [DistributeToParticipant] using arguments [bench_custodian_20260917-pilot6_scenario-pilot-distribution-low-1w-5tps-r1_distribution-low,1000,distribution_20260917-pilot6_scenario-pilot-distribution-low-1w-5tps-r1_distribution-low_w0_r1_79],  with error: EndorseError: 10 ABORTED: failed to endorse transaction, see attached details for more info
Details:
-  peer0.bi.paynet:7051:chaincode response 500, insufficient balance: have 0, need 1000
2026.09.17-17:48:14.790[31m error[39m [caliper] [connectors/peer-gateway/PeerGateway] 	Failed to perform submit transaction [DistributeToParticipant] using arguments [bench_custodian_20260917-pilot6_scenario-pilot-distribution-low-1w-5tps-r1_distribution-low,1000,distribution_20260917-pilot6_scenario-pilot-distribution-low-1w-5tps-r1_distribution-low_w0_r1_80],  with error: EndorseError: 10 ABORTED: failed to endorse transaction, see attached details for more info
Details:
-  peer0.bi.paynet:7051:chaincode response 500, insufficient balance: have 0, need 1000
2026.09.17-17:48:14.990[31m error[39m [caliper] [connectors/peer-gateway/PeerGateway] 	Failed to perform submit transaction [DistributeToParticipant] using arguments [bench_custodian_20260917-pilot6_scenario-pilot-distribution-low-1w-5tps-r1_distribution-low,1000,distribution_20260917-pilot6_scenario-pilot-distribution-low-1w-5tps-r1_distribution-low_w0_r1_81],  with error: EndorseError: 10 ABORTED: failed to endorse transaction, see attached details for more info
Details:
-  peer0.bi.paynet:7051:chaincode response 500, insufficient balance: have 0, need 1000
2026.09.17-17:48:15.190[31m error[39m [caliper] [connectors/peer-gateway/PeerGateway] 	Failed to perform submit transaction [DistributeToParticipant] using arguments [bench_custodian_20260917-pilot6_scenario-pilot-distribution-low-1w-5tps-r1_distribution-low,1000,distribution_20260917-pilot6_scenario-pilot-distribution-low-1w-5tps-r1_distribution-low_w0_r1_82],  with error: EndorseError: 10 ABORTED: failed to endorse transaction, see attached details for more info
Details:
-  peer0.bi.paynet:7051:chaincode response 500, insufficient balance: have 0, need 1000
2026.09.17-17:48:15.391[31m error[39m [caliper] [connectors/peer-gateway/PeerGateway] 	Failed to perform submit transaction [DistributeToParticipant] using arguments [bench_custodian_20260917-pilot6_scenario-pilot-distribution-low-1w-5tps-r1_distribution-low,1000,distribution_20260917-pilot6_scenario-pilot-distribution-low-1w-5tps-r1_distribution-low_w0_r1_83],  with error: EndorseError: 10 ABORTED: failed to endorse transaction, see attached details for more info
Details:
-  peer0.bi.paynet:7051:chaincode response 500, insufficient balance: have 0, need 1000
2026.09.17-17:48:15.590[31m error[39m [caliper] [connectors/peer-gateway/PeerGateway] 	Failed to perform submit transaction [DistributeToParticipant] using arguments [bench_custodian_20260917-pilot6_scenario-pilot-distribution-low-1w-5tps-r1_distribution-low,1000,distribution_20260917-pilot6_scenario-pilot-distribution-low-1w-5tps-r1_distribution-low_w0_r1_84],  with error: EndorseError: 10 ABORTED: failed to endorse transaction, see attached details for more info
Details:
-  peer0.bi.paynet:7051:chaincode response 500, insufficient balance: have 0, need 1000
2026.09.17-17:48:15.789[31m error[39m [caliper] [connectors/peer-gateway/PeerGateway] 	Failed to perform submit transaction [DistributeToParticipant] using arguments [bench_custodian_20260917-pilot6_scenario-pilot-distribution-low-1w-5tps-r1_distribution-low,1000,distribution_20260917-pilot6_scenario-pilot-distribution-low-1w-5tps-r1_distribution-low_w0_r1_85],  with error: EndorseError: 10 ABORTED: failed to endorse transaction, see attached details for more info
Details:
-  peer0.bi.paynet:7051:chaincode response 500, insufficient balance: have 0, need 1000
2026.09.17-17:48:15.991[31m error[39m [caliper] [connectors/peer-gateway/PeerGateway] 	Failed to perform submit transaction [DistributeToParticipant] using arguments [bench_custodian_20260917-pilot6_scenario-pilot-distribution-low-1w-5tps-r1_distribution-low,1000,distribution_20260917-pilot6_scenario-pilot-distribution-low-1w-5tps-r1_distribution-low_w0_r1_86],  with error: EndorseError: 10 ABORTED: failed to endorse transaction, see attached details for more info
Details:
-  peer0.bi.paynet:7051:chaincode response 500, insufficient balance: have 0, need 1000
2026.09.17-17:48:16.191[31m error[39m [caliper] [connectors/peer-gateway/PeerGateway] 	Failed to perform submit transaction [DistributeToParticipant] using arguments [bench_custodian_20260917-pilot6_scenario-pilot-distribution-low-1w-5tps-r1_distribution-low,1000,distribution_20260917-pilot6_scenario-pilot-distribution-low-1w-5tps-r1_distribution-low_w0_r1_87],  with error: EndorseError: 10 ABORTED: failed to endorse transaction, see attached details for more info
Details:
-  peer0.bi.paynet:7051:chaincode response 500, insufficient balance: have 0, need 1000
2026.09.17-17:48:16.389[31m error[39m [caliper] [connectors/peer-gateway/PeerGateway] 	Failed to perform submit transaction [DistributeToParticipant] using arguments [bench_custodian_20260917-pilot6_scenario-pilot-distribution-low-1w-5tps-r1_distribution-low,1000,distribution_20260917-pilot6_scenario-pilot-distribution-low-1w-5tps-r1_distribution-low_w0_r1_88],  with error: EndorseError: 10 ABORTED: failed to endorse transaction, see attached details for more info
Details:
-  peer0.bi.paynet:7051:chaincode response 500, insufficient balance: have 0, need 1000
2026.09.17-17:48:16.589[31m error[39m [caliper] [connectors/peer-gateway/PeerGateway] 	Failed to perform submit transaction [DistributeToParticipant] using arguments [bench_custodian_20260917-pilot6_scenario-pilot-distribution-low-1w-5tps-r1_distribution-low,1000,distribution_20260917-pilot6_scenario-pilot-distribution-low-1w-5tps-r1_distribution-low_w0_r1_89],  with error: EndorseError: 10 ABORTED: failed to endorse transaction, see attached details for more info
Details:
-  peer0.bi.paynet:7051:chaincode response 500, insufficient balance: have 0, need 1000
2026.09.17-17:48:16.650[32m info [39m [caliper] [default-observer] 	[distribution-low-5tps Round 1 Transaction Info] - Submitted: 86 Succ: 0 Fail:85 Unfinished:1
2026.09.17-17:48:16.791[31m error[39m [caliper] [connectors/peer-gateway/PeerGateway] 	Failed to perform submit transaction [DistributeToParticipant] using arguments [bench_custodian_20260917-pilot6_scenario-pilot-distribution-low-1w-5tps-r1_distribution-low,1000,distribution_20260917-pilot6_scenario-pilot-distribution-low-1w-5tps-r1_distribution-low_w0_r1_90],  with error: EndorseError: 10 ABORTED: failed to endorse transaction, see attached details for more info
Details:
-  peer0.bi.paynet:7051:chaincode response 500, insufficient balance: have 0, need 1000
2026.09.17-17:48:16.991[31m error[39m [caliper] [connectors/peer-gateway/PeerGateway] 	Failed to perform submit transaction [DistributeToParticipant] using arguments [bench_custodian_20260917-pilot6_scenario-pilot-distribution-low-1w-5tps-r1_distribution-low,1000,distribution_20260917-pilot6_scenario-pilot-distribution-low-1w-5tps-r1_distribution-low_w0_r1_91],  with error: EndorseError: 10 ABORTED: failed to endorse transaction, see attached details for more info
Details:
-  peer0.bi.paynet:7051:chaincode response 500, insufficient balance: have 0, need 1000
2026.09.17-17:48:17.190[31m error[39m [caliper] [connectors/peer-gateway/PeerGateway] 	Failed to perform submit transaction [DistributeToParticipant] using arguments [bench_custodian_20260917-pilot6_scenario-pilot-distribution-low-1w-5tps-r1_distribution-low,1000,distribution_20260917-pilot6_scenario-pilot-distribution-low-1w-5tps-r1_distribution-low_w0_r1_92],  with error: EndorseError: 10 ABORTED: failed to endorse transaction, see attached details for more info
Details:
-  peer0.bi.paynet:7051:chaincode response 500, insufficient balance: have 0, need 1000
2026.09.17-17:48:17.390[31m error[39m [caliper] [connectors/peer-gateway/PeerGateway] 	Failed to perform submit transaction [DistributeToParticipant] using arguments [bench_custodian_20260917-pilot6_scenario-pilot-distribution-low-1w-5tps-r1_distribution-low,1000,distribution_20260917-pilot6_scenario-pilot-distribution-low-1w-5tps-r1_distribution-low_w0_r1_93],  with error: EndorseError: 10 ABORTED: failed to endorse transaction, see attached details for more info
Details:
-  peer0.bi.paynet:7051:chaincode response 500, insufficient balance: have 0, need 1000
2026.09.17-17:48:17.590[31m error[39m [caliper] [connectors/peer-gateway/PeerGateway] 	Failed to perform submit transaction [DistributeToParticipant] using arguments [bench_custodian_20260917-pilot6_scenario-pilot-distribution-low-1w-5tps-r1_distribution-low,1000,distribution_20260917-pilot6_scenario-pilot-distribution-low-1w-5tps-r1_distribution-low_w0_r1_94],  with error: EndorseError: 10 ABORTED: failed to endorse transaction, see attached details for more info
Details:
-  peer0.bi.paynet:7051:chaincode response 500, insufficient balance: have 0, need 1000
2026.09.17-17:48:17.789[31m error[39m [caliper] [connectors/peer-gateway/PeerGateway] 	Failed to perform submit transaction [DistributeToParticipant] using arguments [bench_custodian_20260917-pilot6_scenario-pilot-distribution-low-1w-5tps-r1_distribution-low,1000,distribution_20260917-pilot6_scenario-pilot-distribution-low-1w-5tps-r1_distribution-low_w0_r1_95],  with error: EndorseError: 10 ABORTED: failed to endorse transaction, see attached details for more info
Details:
-  peer0.bi.paynet:7051:chaincode response 500, insufficient balance: have 0, need 1000
2026.09.17-17:48:17.991[31m error[39m [caliper] [connectors/peer-gateway/PeerGateway] 	Failed to perform submit transaction [DistributeToParticipant] using arguments [bench_custodian_20260917-pilot6_scenario-pilot-distribution-low-1w-5tps-r1_distribution-low,1000,distribution_20260917-pilot6_scenario-pilot-distribution-low-1w-5tps-r1_distribution-low_w0_r1_96],  with error: EndorseError: 10 ABORTED: failed to endorse transaction, see attached details for more info
Details:
-  peer0.bi.paynet:7051:chaincode response 500, insufficient balance: have 0, need 1000
2026.09.17-17:48:18.189[31m error[39m [caliper] [connectors/peer-gateway/PeerGateway] 	Failed to perform submit transaction [DistributeToParticipant] using arguments [bench_custodian_20260917-pilot6_scenario-pilot-distribution-low-1w-5tps-r1_distribution-low,1000,distribution_20260917-pilot6_scenario-pilot-distribution-low-1w-5tps-r1_distribution-low_w0_r1_97],  with error: EndorseError: 10 ABORTED: failed to endorse transaction, see attached details for more info
Details:
-  peer0.bi.paynet:7051:chaincode response 500, insufficient balance: have 0, need 1000
2026.09.17-17:48:18.389[31m error[39m [caliper] [connectors/peer-gateway/PeerGateway] 	Failed to perform submit transaction [DistributeToParticipant] using arguments [bench_custodian_20260917-pilot6_scenario-pilot-distribution-low-1w-5tps-r1_distribution-low,1000,distribution_20260917-pilot6_scenario-pilot-distribution-low-1w-5tps-r1_distribution-low_w0_r1_98],  with error: EndorseError: 10 ABORTED: failed to endorse transaction, see attached details for more info
Details:
-  peer0.bi.paynet:7051:chaincode response 500, insufficient balance: have 0, need 1000
2026.09.17-17:48:18.590[31m error[39m [caliper] [connectors/peer-gateway/PeerGateway] 	Failed to perform submit transaction [DistributeToParticipant] using arguments [bench_custodian_20260917-pilot6_scenario-pilot-distribution-low-1w-5tps-r1_distribution-low,1000,distribution_20260917-pilot6_scenario-pilot-distribution-low-1w-5tps-r1_distribution-low_w0_r1_99],  with error: EndorseError: 10 ABORTED: failed to endorse transaction, see attached details for more info
Details:
-  peer0.bi.paynet:7051:chaincode response 500, insufficient balance: have 0, need 1000
2026.09.17-17:48:18.790[31m error[39m [caliper] [connectors/peer-gateway/PeerGateway] 	Failed to perform submit transaction [DistributeToParticipant] using arguments [bench_custodian_20260917-pilot6_scenario-pilot-distribution-low-1w-5tps-r1_distribution-low,1000,distribution_20260917-pilot6_scenario-pilot-distribution-low-1w-5tps-r1_distribution-low_w0_r1_100],  with error: EndorseError: 10 ABORTED: failed to endorse transaction, see attached details for more info
Details:
-  peer0.bi.paynet:7051:chaincode response 500, insufficient balance: have 0, need 1000
2026.09.17-17:48:18.990[31m error[39m [caliper] [connectors/peer-gateway/PeerGateway] 	Failed to perform submit transaction [DistributeToParticipant] using arguments [bench_custodian_20260917-pilot6_scenario-pilot-distribution-low-1w-5tps-r1_distribution-low,1000,distribution_20260917-pilot6_scenario-pilot-distribution-low-1w-5tps-r1_distribution-low_w0_r1_101],  with error: EndorseError: 10 ABORTED: failed to endorse transaction, see attached details for more info
Details:
-  peer0.bi.paynet:7051:chaincode response 500, insufficient balance: have 0, need 1000
2026.09.17-17:48:19.191[31m error[39m [caliper] [connectors/peer-gateway/PeerGateway] 	Failed to perform submit transaction [DistributeToParticipant] using arguments [bench_custodian_20260917-pilot6_scenario-pilot-distribution-low-1w-5tps-r1_distribution-low,1000,distribution_20260917-pilot6_scenario-pilot-distribution-low-1w-5tps-r1_distribution-low_w0_r1_102],  with error: EndorseError: 10 ABORTED: failed to endorse transaction, see attached details for more info
Details:
-  peer0.bi.paynet:7051:chaincode response 500, insufficient balance: have 0, need 1000
2026.09.17-17:48:19.389[31m error[39m [caliper] [connectors/peer-gateway/PeerGateway] 	Failed to perform submit transaction [DistributeToParticipant] using arguments [bench_custodian_20260917-pilot6_scenario-pilot-distribution-low-1w-5tps-r1_distribution-low,1000,distribution_20260917-pilot6_scenario-pilot-distribution-low-1w-5tps-r1_distribution-low_w0_r1_103],  with error: EndorseError: 10 ABORTED: failed to endorse transaction, see attached details for more info
Details:
-  peer0.bi.paynet:7051:chaincode response 500, insufficient balance: have 0, need 1000
2026.09.17-17:48:19.589[31m error[39m [caliper] [connectors/peer-gateway/PeerGateway] 	Failed to perform submit transaction [DistributeToParticipant] using arguments [bench_custodian_20260917-pilot6_scenario-pilot-distribution-low-1w-5tps-r1_distribution-low,1000,distribution_20260917-pilot6_scenario-pilot-distribution-low-1w-5tps-r1_distribution-low_w0_r1_104],  with error: EndorseError: 10 ABORTED: failed to endorse transaction, see attached details for more info
Details:
-  peer0.bi.paynet:7051:chaincode response 500, insufficient balance: have 0, need 1000
2026.09.17-17:48:19.791[31m error[39m [caliper] [connectors/peer-gateway/PeerGateway] 	Failed to perform submit transaction [DistributeToParticipant] using arguments [bench_custodian_20260917-pilot6_scenario-pilot-distribution-low-1w-5tps-r1_distribution-low,1000,distribution_20260917-pilot6_scenario-pilot-distribution-low-1w-5tps-r1_distribution-low_w0_r1_105],  with error: EndorseError: 10 ABORTED: failed to endorse transaction, see attached details for more info
Details:
-  peer0.bi.paynet:7051:chaincode response 500, insufficient balance: have 0, need 1000
2026.09.17-17:48:19.990[31m error[39m [caliper] [connectors/peer-gateway/PeerGateway] 	Failed to perform submit transaction [DistributeToParticipant] using arguments [bench_custodian_20260917-pilot6_scenario-pilot-distribution-low-1w-5tps-r1_distribution-low,1000,distribution_20260917-pilot6_scenario-pilot-distribution-low-1w-5tps-r1_distribution-low_w0_r1_106],  with error: EndorseError: 10 ABORTED: failed to endorse transaction, see attached details for more info
Details:
-  peer0.bi.paynet:7051:chaincode response 500, insufficient balance: have 0, need 1000
2026.09.17-17:48:20.194[31m error[39m [caliper] [connectors/peer-gateway/PeerGateway] 	Failed to perform submit transaction [DistributeToParticipant] using arguments [bench_custodian_20260917-pilot6_scenario-pilot-distribution-low-1w-5tps-r1_distribution-low,1000,distribution_20260917-pilot6_scenario-pilot-distribution-low-1w-5tps-r1_distribution-low_w0_r1_107],  with error: EndorseError: 10 ABORTED: failed to endorse transaction, see attached details for more info
Details:
-  peer0.bi.paynet:7051:chaincode response 500, insufficient balance: have 0, need 1000
2026.09.17-17:48:20.390[31m error[39m [caliper] [connectors/peer-gateway/PeerGateway] 	Failed to perform submit transaction [DistributeToParticipant] using arguments [bench_custodian_20260917-pilot6_scenario-pilot-distribution-low-1w-5tps-r1_distribution-low,1000,distribution_20260917-pilot6_scenario-pilot-distribution-low-1w-5tps-r1_distribution-low_w0_r1_108],  with error: EndorseError: 10 ABORTED: failed to endorse transaction, see attached details for more info
Details:
-  peer0.bi.paynet:7051:chaincode response 500, insufficient balance: have 0, need 1000
2026.09.17-17:48:20.590[31m error[39m [caliper] [connectors/peer-gateway/PeerGateway] 	Failed to perform submit transaction [DistributeToParticipant] using arguments [bench_custodian_20260917-pilot6_scenario-pilot-distribution-low-1w-5tps-r1_distribution-low,1000,distribution_20260917-pilot6_scenario-pilot-distribution-low-1w-5tps-r1_distribution-low_w0_r1_109],  with error: EndorseError: 10 ABORTED: failed to endorse transaction, see attached details for more info
Details:
-  peer0.bi.paynet:7051:chaincode response 500, insufficient balance: have 0, need 1000
2026.09.17-17:48:20.789[31m error[39m [caliper] [connectors/peer-gateway/PeerGateway] 	Failed to perform submit transaction [DistributeToParticipant] using arguments [bench_custodian_20260917-pilot6_scenario-pilot-distribution-low-1w-5tps-r1_distribution-low,1000,distribution_20260917-pilot6_scenario-pilot-distribution-low-1w-5tps-r1_distribution-low_w0_r1_110],  with error: EndorseError: 10 ABORTED: failed to endorse transaction, see attached details for more info
Details:
-  peer0.bi.paynet:7051:chaincode response 500, insufficient balance: have 0, need 1000
2026.09.17-17:48:20.989[31m error[39m [caliper] [connectors/peer-gateway/PeerGateway] 	Failed to perform submit transaction [DistributeToParticipant] using arguments [bench_custodian_20260917-pilot6_scenario-pilot-distribution-low-1w-5tps-r1_distribution-low,1000,distribution_20260917-pilot6_scenario-pilot-distribution-low-1w-5tps-r1_distribution-low_w0_r1_111],  with error: EndorseError: 10 ABORTED: failed to endorse transaction, see attached details for more info
Details:
-  peer0.bi.paynet:7051:chaincode response 500, insufficient balance: have 0, need 1000
2026.09.17-17:48:21.189[31m error[39m [caliper] [connectors/peer-gateway/PeerGateway] 	Failed to perform submit transaction [DistributeToParticipant] using arguments [bench_custodian_20260917-pilot6_scenario-pilot-distribution-low-1w-5tps-r1_distribution-low,1000,distribution_20260917-pilot6_scenario-pilot-distribution-low-1w-5tps-r1_distribution-low_w0_r1_112],  with error: EndorseError: 10 ABORTED: failed to endorse transaction, see attached details for more info
Details:
-  peer0.bi.paynet:7051:chaincode response 500, insufficient balance: have 0, need 1000
2026.09.17-17:48:21.389[31m error[39m [caliper] [connectors/peer-gateway/PeerGateway] 	Failed to perform submit transaction [DistributeToParticipant] using arguments [bench_custodian_20260917-pilot6_scenario-pilot-distribution-low-1w-5tps-r1_distribution-low,1000,distribution_20260917-pilot6_scenario-pilot-distribution-low-1w-5tps-r1_distribution-low_w0_r1_113],  with error: EndorseError: 10 ABORTED: failed to endorse transaction, see attached details for more info
Details:
-  peer0.bi.paynet:7051:chaincode response 500, insufficient balance: have 0, need 1000
2026.09.17-17:48:21.590[31m error[39m [caliper] [connectors/peer-gateway/PeerGateway] 	Failed to perform submit transaction [DistributeToParticipant] using arguments [bench_custodian_20260917-pilot6_scenario-pilot-distribution-low-1w-5tps-r1_distribution-low,1000,distribution_20260917-pilot6_scenario-pilot-distribution-low-1w-5tps-r1_distribution-low_w0_r1_114],  with error: EndorseError: 10 ABORTED: failed to endorse transaction, see attached details for more info
Details:
-  peer0.bi.paynet:7051:chaincode response 500, insufficient balance: have 0, need 1000
2026.09.17-17:48:21.651[32m info [39m [caliper] [default-observer] 	[distribution-low-5tps Round 1 Transaction Info] - Submitted: 111 Succ: 0 Fail:110 Unfinished:1
2026.09.17-17:48:21.790[31m error[39m [caliper] [connectors/peer-gateway/PeerGateway] 	Failed to perform submit transaction [DistributeToParticipant] using arguments [bench_custodian_20260917-pilot6_scenario-pilot-distribution-low-1w-5tps-r1_distribution-low,1000,distribution_20260917-pilot6_scenario-pilot-distribution-low-1w-5tps-r1_distribution-low_w0_r1_115],  with error: EndorseError: 10 ABORTED: failed to endorse transaction, see attached details for more info
Details:
-  peer0.bi.paynet:7051:chaincode response 500, insufficient balance: have 0, need 1000
2026.09.17-17:48:21.989[31m error[39m [caliper] [connectors/peer-gateway/PeerGateway] 	Failed to perform submit transaction [DistributeToParticipant] using arguments [bench_custodian_20260917-pilot6_scenario-pilot-distribution-low-1w-5tps-r1_distribution-low,1000,distribution_20260917-pilot6_scenario-pilot-distribution-low-1w-5tps-r1_distribution-low_w0_r1_116],  with error: EndorseError: 10 ABORTED: failed to endorse transaction, see attached details for more info
Details:
-  peer0.bi.paynet:7051:chaincode response 500, insufficient balance: have 0, need 1000
2026.09.17-17:48:22.196[31m error[39m [caliper] [connectors/peer-gateway/PeerGateway] 	Failed to perform submit transaction [DistributeToParticipant] using arguments [bench_custodian_20260917-pilot6_scenario-pilot-distribution-low-1w-5tps-r1_distribution-low,1000,distribution_20260917-pilot6_scenario-pilot-distribution-low-1w-5tps-r1_distribution-low_w0_r1_117],  with error: EndorseError: 10 ABORTED: failed to endorse transaction, see attached details for more info
Details:
-  peer0.bi.paynet:7051:chaincode response 500, insufficient balance: have 0, need 1000
2026.09.17-17:48:22.389[31m error[39m [caliper] [connectors/peer-gateway/PeerGateway] 	Failed to perform submit transaction [DistributeToParticipant] using arguments [bench_custodian_20260917-pilot6_scenario-pilot-distribution-low-1w-5tps-r1_distribution-low,1000,distribution_20260917-pilot6_scenario-pilot-distribution-low-1w-5tps-r1_distribution-low_w0_r1_118],  with error: EndorseError: 10 ABORTED: failed to endorse transaction, see attached details for more info
Details:
-  peer0.bi.paynet:7051:chaincode response 500, insufficient balance: have 0, need 1000
2026.09.17-17:48:22.589[31m error[39m [caliper] [connectors/peer-gateway/PeerGateway] 	Failed to perform submit transaction [DistributeToParticipant] using arguments [bench_custodian_20260917-pilot6_scenario-pilot-distribution-low-1w-5tps-r1_distribution-low,1000,distribution_20260917-pilot6_scenario-pilot-distribution-low-1w-5tps-r1_distribution-low_w0_r1_119],  with error: EndorseError: 10 ABORTED: failed to endorse transaction, see attached details for more info
Details:
-  peer0.bi.paynet:7051:chaincode response 500, insufficient balance: have 0, need 1000
2026.09.17-17:48:22.791[31m error[39m [caliper] [connectors/peer-gateway/PeerGateway] 	Failed to perform submit transaction [DistributeToParticipant] using arguments [bench_custodian_20260917-pilot6_scenario-pilot-distribution-low-1w-5tps-r1_distribution-low,1000,distribution_20260917-pilot6_scenario-pilot-distribution-low-1w-5tps-r1_distribution-low_w0_r1_120],  with error: EndorseError: 10 ABORTED: failed to endorse transaction, see attached details for more info
Details:
-  peer0.bi.paynet:7051:chaincode response 500, insufficient balance: have 0, need 1000
2026.09.17-17:48:22.991[31m error[39m [caliper] [connectors/peer-gateway/PeerGateway] 	Failed to perform submit transaction [DistributeToParticipant] using arguments [bench_custodian_20260917-pilot6_scenario-pilot-distribution-low-1w-5tps-r1_distribution-low,1000,distribution_20260917-pilot6_scenario-pilot-distribution-low-1w-5tps-r1_distribution-low_w0_r1_121],  with error: EndorseError: 10 ABORTED: failed to endorse transaction, see attached details for more info
Details:
-  peer0.bi.paynet:7051:chaincode response 500, insufficient balance: have 0, need 1000
2026.09.17-17:48:23.190[31m error[39m [caliper] [connectors/peer-gateway/PeerGateway] 	Failed to perform submit transaction [DistributeToParticipant] using arguments [bench_custodian_20260917-pilot6_scenario-pilot-distribution-low-1w-5tps-r1_distribution-low,1000,distribution_20260917-pilot6_scenario-pilot-distribution-low-1w-5tps-r1_distribution-low_w0_r1_122],  with error: EndorseError: 10 ABORTED: failed to endorse transaction, see attached details for more info
Details:
-  peer0.bi.paynet:7051:chaincode response 500, insufficient balance: have 0, need 1000
2026.09.17-17:48:23.389[31m error[39m [caliper] [connectors/peer-gateway/PeerGateway] 	Failed to perform submit transaction [DistributeToParticipant] using arguments [bench_custodian_20260917-pilot6_scenario-pilot-distribution-low-1w-5tps-r1_distribution-low,1000,distribution_20260917-pilot6_scenario-pilot-distribution-low-1w-5tps-r1_distribution-low_w0_r1_123],  with error: EndorseError: 10 ABORTED: failed to endorse transaction, see attached details for more info
Details:
-  peer0.bi.paynet:7051:chaincode response 500, insufficient balance: have 0, need 1000
2026.09.17-17:48:23.589[31m error[39m [caliper] [connectors/peer-gateway/PeerGateway] 	Failed to perform submit transaction [DistributeToParticipant] using arguments [bench_custodian_20260917-pilot6_scenario-pilot-distribution-low-1w-5tps-r1_distribution-low,1000,distribution_20260917-pilot6_scenario-pilot-distribution-low-1w-5tps-r1_distribution-low_w0_r1_124],  with error: EndorseError: 10 ABORTED: failed to endorse transaction, see attached details for more info
Details:
-  peer0.bi.paynet:7051:chaincode response 500, insufficient balance: have 0, need 1000
2026.09.17-17:48:23.789[31m error[39m [caliper] [connectors/peer-gateway/PeerGateway] 	Failed to perform submit transaction [DistributeToParticipant] using arguments [bench_custodian_20260917-pilot6_scenario-pilot-distribution-low-1w-5tps-r1_distribution-low,1000,distribution_20260917-pilot6_scenario-pilot-distribution-low-1w-5tps-r1_distribution-low_w0_r1_125],  with error: EndorseError: 10 ABORTED: failed to endorse transaction, see attached details for more info
Details:
-  peer0.bi.paynet:7051:chaincode response 500, insufficient balance: have 0, need 1000
2026.09.17-17:48:23.991[31m error[39m [caliper] [connectors/peer-gateway/PeerGateway] 	Failed to perform submit transaction [DistributeToParticipant] using arguments [bench_custodian_20260917-pilot6_scenario-pilot-distribution-low-1w-5tps-r1_distribution-low,1000,distribution_20260917-pilot6_scenario-pilot-distribution-low-1w-5tps-r1_distribution-low_w0_r1_126],  with error: EndorseError: 10 ABORTED: failed to endorse transaction, see attached details for more info
Details:
-  peer0.bi.paynet:7051:chaincode response 500, insufficient balance: have 0, need 1000
2026.09.17-17:48:24.190[31m error[39m [caliper] [connectors/peer-gateway/PeerGateway] 	Failed to perform submit transaction [DistributeToParticipant] using arguments [bench_custodian_20260917-pilot6_scenario-pilot-distribution-low-1w-5tps-r1_distribution-low,1000,distribution_20260917-pilot6_scenario-pilot-distribution-low-1w-5tps-r1_distribution-low_w0_r1_127],  with error: EndorseError: 10 ABORTED: failed to endorse transaction, see attached details for more info
Details:
-  peer0.bi.paynet:7051:chaincode response 500, insufficient balance: have 0, need 1000
2026.09.17-17:48:24.390[31m error[39m [caliper] [connectors/peer-gateway/PeerGateway] 	Failed to perform submit transaction [DistributeToParticipant] using arguments [bench_custodian_20260917-pilot6_scenario-pilot-distribution-low-1w-5tps-r1_distribution-low,1000,distribution_20260917-pilot6_scenario-pilot-distribution-low-1w-5tps-r1_distribution-low_w0_r1_128],  with error: EndorseError: 10 ABORTED: failed to endorse transaction, see attached details for more info
Details:
-  peer0.bi.paynet:7051:chaincode response 500, insufficient balance: have 0, need 1000
2026.09.17-17:48:24.589[31m error[39m [caliper] [connectors/peer-gateway/PeerGateway] 	Failed to perform submit transaction [DistributeToParticipant] using arguments [bench_custodian_20260917-pilot6_scenario-pilot-distribution-low-1w-5tps-r1_distribution-low,1000,distribution_20260917-pilot6_scenario-pilot-distribution-low-1w-5tps-r1_distribution-low_w0_r1_129],  with error: EndorseError: 10 ABORTED: failed to endorse transaction, see attached details for more info
Details:
-  peer0.bi.paynet:7051:chaincode response 500, insufficient balance: have 0, need 1000
2026.09.17-17:48:24.790[31m error[39m [caliper] [connectors/peer-gateway/PeerGateway] 	Failed to perform submit transaction [DistributeToParticipant] using arguments [bench_custodian_20260917-pilot6_scenario-pilot-distribution-low-1w-5tps-r1_distribution-low,1000,distribution_20260917-pilot6_scenario-pilot-distribution-low-1w-5tps-r1_distribution-low_w0_r1_130],  with error: EndorseError: 10 ABORTED: failed to endorse transaction, see attached details for more info
Details:
-  peer0.bi.paynet:7051:chaincode response 500, insufficient balance: have 0, need 1000
2026.09.17-17:48:24.989[31m error[39m [caliper] [connectors/peer-gateway/PeerGateway] 	Failed to perform submit transaction [DistributeToParticipant] using arguments [bench_custodian_20260917-pilot6_scenario-pilot-distribution-low-1w-5tps-r1_distribution-low,1000,distribution_20260917-pilot6_scenario-pilot-distribution-low-1w-5tps-r1_distribution-low_w0_r1_131],  with error: EndorseError: 10 ABORTED: failed to endorse transaction, see attached details for more info
Details:
-  peer0.bi.paynet:7051:chaincode response 500, insufficient balance: have 0, need 1000
2026.09.17-17:48:25.191[31m error[39m [caliper] [connectors/peer-gateway/PeerGateway] 	Failed to perform submit transaction [DistributeToParticipant] using arguments [bench_custodian_20260917-pilot6_scenario-pilot-distribution-low-1w-5tps-r1_distribution-low,1000,distribution_20260917-pilot6_scenario-pilot-distribution-low-1w-5tps-r1_distribution-low_w0_r1_132],  with error: EndorseError: 10 ABORTED: failed to endorse transaction, see attached details for more info
Details:
-  peer0.bi.paynet:7051:chaincode response 500, insufficient balance: have 0, need 1000
2026.09.17-17:48:25.389[31m error[39m [caliper] [connectors/peer-gateway/PeerGateway] 	Failed to perform submit transaction [DistributeToParticipant] using arguments [bench_custodian_20260917-pilot6_scenario-pilot-distribution-low-1w-5tps-r1_distribution-low,1000,distribution_20260917-pilot6_scenario-pilot-distribution-low-1w-5tps-r1_distribution-low_w0_r1_133],  with error: EndorseError: 10 ABORTED: failed to endorse transaction, see attached details for more info
Details:
-  peer0.bi.paynet:7051:chaincode response 500, insufficient balance: have 0, need 1000
2026.09.17-17:48:25.588[31m error[39m [caliper] [connectors/peer-gateway/PeerGateway] 	Failed to perform submit transaction [DistributeToParticipant] using arguments [bench_custodian_20260917-pilot6_scenario-pilot-distribution-low-1w-5tps-r1_distribution-low,1000,distribution_20260917-pilot6_scenario-pilot-distribution-low-1w-5tps-r1_distribution-low_w0_r1_134],  with error: EndorseError: 10 ABORTED: failed to endorse transaction, see attached details for more info
Details:
-  peer0.bi.paynet:7051:chaincode response 500, insufficient balance: have 0, need 1000
2026.09.17-17:48:25.790[31m error[39m [caliper] [connectors/peer-gateway/PeerGateway] 	Failed to perform submit transaction [DistributeToParticipant] using arguments [bench_custodian_20260917-pilot6_scenario-pilot-distribution-low-1w-5tps-r1_distribution-low,1000,distribution_20260917-pilot6_scenario-pilot-distribution-low-1w-5tps-r1_distribution-low_w0_r1_135],  with error: EndorseError: 10 ABORTED: failed to endorse transaction, see attached details for more info
Details:
-  peer0.bi.paynet:7051:chaincode response 500, insufficient balance: have 0, need 1000
2026.09.17-17:48:25.992[31m error[39m [caliper] [connectors/peer-gateway/PeerGateway] 	Failed to perform submit transaction [DistributeToParticipant] using arguments [bench_custodian_20260917-pilot6_scenario-pilot-distribution-low-1w-5tps-r1_distribution-low,1000,distribution_20260917-pilot6_scenario-pilot-distribution-low-1w-5tps-r1_distribution-low_w0_r1_136],  with error: EndorseError: 10 ABORTED: failed to endorse transaction, see attached details for more info
Details:
-  peer0.bi.paynet:7051:chaincode response 500, insufficient balance: have 0, need 1000
2026.09.17-17:48:26.189[31m error[39m [caliper] [connectors/peer-gateway/PeerGateway] 	Failed to perform submit transaction [DistributeToParticipant] using arguments [bench_custodian_20260917-pilot6_scenario-pilot-distribution-low-1w-5tps-r1_distribution-low,1000,distribution_20260917-pilot6_scenario-pilot-distribution-low-1w-5tps-r1_distribution-low_w0_r1_137],  with error: EndorseError: 10 ABORTED: failed to endorse transaction, see attached details for more info
Details:
-  peer0.bi.paynet:7051:chaincode response 500, insufficient balance: have 0, need 1000
2026.09.17-17:48:26.389[31m error[39m [caliper] [connectors/peer-gateway/PeerGateway] 	Failed to perform submit transaction [DistributeToParticipant] using arguments [bench_custodian_20260917-pilot6_scenario-pilot-distribution-low-1w-5tps-r1_distribution-low,1000,distribution_20260917-pilot6_scenario-pilot-distribution-low-1w-5tps-r1_distribution-low_w0_r1_138],  with error: EndorseError: 10 ABORTED: failed to endorse transaction, see attached details for more info
Details:
-  peer0.bi.paynet:7051:chaincode response 500, insufficient balance: have 0, need 1000
2026.09.17-17:48:26.589[31m error[39m [caliper] [connectors/peer-gateway/PeerGateway] 	Failed to perform submit transaction [DistributeToParticipant] using arguments [bench_custodian_20260917-pilot6_scenario-pilot-distribution-low-1w-5tps-r1_distribution-low,1000,distribution_20260917-pilot6_scenario-pilot-distribution-low-1w-5tps-r1_distribution-low_w0_r1_139],  with error: EndorseError: 10 ABORTED: failed to endorse transaction, see attached details for more info
Details:
-  peer0.bi.paynet:7051:chaincode response 500, insufficient balance: have 0, need 1000
2026.09.17-17:48:26.651[32m info [39m [caliper] [default-observer] 	[distribution-low-5tps Round 1 Transaction Info] - Submitted: 136 Succ: 0 Fail:135 Unfinished:1
2026.09.17-17:48:26.789[31m error[39m [caliper] [connectors/peer-gateway/PeerGateway] 	Failed to perform submit transaction [DistributeToParticipant] using arguments [bench_custodian_20260917-pilot6_scenario-pilot-distribution-low-1w-5tps-r1_distribution-low,1000,distribution_20260917-pilot6_scenario-pilot-distribution-low-1w-5tps-r1_distribution-low_w0_r1_140],  with error: EndorseError: 10 ABORTED: failed to endorse transaction, see attached details for more info
Details:
-  peer0.bi.paynet:7051:chaincode response 500, insufficient balance: have 0, need 1000
2026.09.17-17:48:26.989[31m error[39m [caliper] [connectors/peer-gateway/PeerGateway] 	Failed to perform submit transaction [DistributeToParticipant] using arguments [bench_custodian_20260917-pilot6_scenario-pilot-distribution-low-1w-5tps-r1_distribution-low,1000,distribution_20260917-pilot6_scenario-pilot-distribution-low-1w-5tps-r1_distribution-low_w0_r1_141],  with error: EndorseError: 10 ABORTED: failed to endorse transaction, see attached details for more info
Details:
-  peer0.bi.paynet:7051:chaincode response 500, insufficient balance: have 0, need 1000
2026.09.17-17:48:27.190[31m error[39m [caliper] [connectors/peer-gateway/PeerGateway] 	Failed to perform submit transaction [DistributeToParticipant] using arguments [bench_custodian_20260917-pilot6_scenario-pilot-distribution-low-1w-5tps-r1_distribution-low,1000,distribution_20260917-pilot6_scenario-pilot-distribution-low-1w-5tps-r1_distribution-low_w0_r1_142],  with error: EndorseError: 10 ABORTED: failed to endorse transaction, see attached details for more info
Details:
-  peer0.bi.paynet:7051:chaincode response 500, insufficient balance: have 0, need 1000
2026.09.17-17:48:27.389[31m error[39m [caliper] [connectors/peer-gateway/PeerGateway] 	Failed to perform submit transaction [DistributeToParticipant] using arguments [bench_custodian_20260917-pilot6_scenario-pilot-distribution-low-1w-5tps-r1_distribution-low,1000,distribution_20260917-pilot6_scenario-pilot-distribution-low-1w-5tps-r1_distribution-low_w0_r1_143],  with error: EndorseError: 10 ABORTED: failed to endorse transaction, see attached details for more info
Details:
-  peer0.bi.paynet:7051:chaincode response 500, insufficient balance: have 0, need 1000
2026.09.17-17:48:27.590[31m error[39m [caliper] [connectors/peer-gateway/PeerGateway] 	Failed to perform submit transaction [DistributeToParticipant] using arguments [bench_custodian_20260917-pilot6_scenario-pilot-distribution-low-1w-5tps-r1_distribution-low,1000,distribution_20260917-pilot6_scenario-pilot-distribution-low-1w-5tps-r1_distribution-low_w0_r1_144],  with error: EndorseError: 10 ABORTED: failed to endorse transaction, see attached details for more info
Details:
-  peer0.bi.paynet:7051:chaincode response 500, insufficient balance: have 0, need 1000
2026.09.17-17:48:27.790[31m error[39m [caliper] [connectors/peer-gateway/PeerGateway] 	Failed to perform submit transaction [DistributeToParticipant] using arguments [bench_custodian_20260917-pilot6_scenario-pilot-distribution-low-1w-5tps-r1_distribution-low,1000,distribution_20260917-pilot6_scenario-pilot-distribution-low-1w-5tps-r1_distribution-low_w0_r1_145],  with error: EndorseError: 10 ABORTED: failed to endorse transaction, see attached details for more info
Details:
-  peer0.bi.paynet:7051:chaincode response 500, insufficient balance: have 0, need 1000
2026.09.17-17:48:27.991[31m error[39m [caliper] [connectors/peer-gateway/PeerGateway] 	Failed to perform submit transaction [DistributeToParticipant] using arguments [bench_custodian_20260917-pilot6_scenario-pilot-distribution-low-1w-5tps-r1_distribution-low,1000,distribution_20260917-pilot6_scenario-pilot-distribution-low-1w-5tps-r1_distribution-low_w0_r1_146],  with error: EndorseError: 10 ABORTED: failed to endorse transaction, see attached details for more info
Details:
-  peer0.bi.paynet:7051:chaincode response 500, insufficient balance: have 0, need 1000
2026.09.17-17:48:28.191[31m error[39m [caliper] [connectors/peer-gateway/PeerGateway] 	Failed to perform submit transaction [DistributeToParticipant] using arguments [bench_custodian_20260917-pilot6_scenario-pilot-distribution-low-1w-5tps-r1_distribution-low,1000,distribution_20260917-pilot6_scenario-pilot-distribution-low-1w-5tps-r1_distribution-low_w0_r1_147],  with error: EndorseError: 10 ABORTED: failed to endorse transaction, see attached details for more info
Details:
-  peer0.bi.paynet:7051:chaincode response 500, insufficient balance: have 0, need 1000
2026.09.17-17:48:28.389[31m error[39m [caliper] [connectors/peer-gateway/PeerGateway] 	Failed to perform submit transaction [DistributeToParticipant] using arguments [bench_custodian_20260917-pilot6_scenario-pilot-distribution-low-1w-5tps-r1_distribution-low,1000,distribution_20260917-pilot6_scenario-pilot-distribution-low-1w-5tps-r1_distribution-low_w0_r1_148],  with error: EndorseError: 10 ABORTED: failed to endorse transaction, see attached details for more info
Details:
-  peer0.bi.paynet:7051:chaincode response 500, insufficient balance: have 0, need 1000
2026.09.17-17:48:28.590[31m error[39m [caliper] [connectors/peer-gateway/PeerGateway] 	Failed to perform submit transaction [DistributeToParticipant] using arguments [bench_custodian_20260917-pilot6_scenario-pilot-distribution-low-1w-5tps-r1_distribution-low,1000,distribution_20260917-pilot6_scenario-pilot-distribution-low-1w-5tps-r1_distribution-low_w0_r1_149],  with error: EndorseError: 10 ABORTED: failed to endorse transaction, see attached details for more info
Details:
-  peer0.bi.paynet:7051:chaincode response 500, insufficient balance: have 0, need 1000
2026.09.17-17:48:28.790[31m error[39m [caliper] [connectors/peer-gateway/PeerGateway] 	Failed to perform submit transaction [DistributeToParticipant] using arguments [bench_custodian_20260917-pilot6_scenario-pilot-distribution-low-1w-5tps-r1_distribution-low,1000,distribution_20260917-pilot6_scenario-pilot-distribution-low-1w-5tps-r1_distribution-low_w0_r1_150],  with error: EndorseError: 10 ABORTED: failed to endorse transaction, see attached details for more info
Details:
-  peer0.bi.paynet:7051:chaincode response 500, insufficient balance: have 0, need 1000
2026.09.17-17:48:29.885[32m info [39m [caliper] [connectors/peer-gateway/PeerGateway] 	disconnecting gateway for user User1
2026.09.17-17:48:29.885[32m info [39m [caliper] [connectors/peer-gateway/PeerGateway] 	disconnecting gateway for user _HimbaraBankOrgMSP_User1
2026.09.17-17:48:29.885[32m info [39m [caliper] [connectors/peer-gateway/PeerGateway] 	disconnecting gateway for user _CommercialBankOrgMSP_User1
2026.09.17-17:48:29.885[32m info [39m [caliper] [connectors/peer-gateway/PeerGateway] 	disconnecting gRpc client at peer peer0.bi.paynet
2026.09.17-17:48:29.885[32m info [39m [caliper] [connectors/peer-gateway/PeerGateway] 	disconnecting gRpc client at peer peer0.himbara.paynet
2026.09.17-17:48:29.886[32m info [39m [caliper] [connectors/peer-gateway/PeerGateway] 	disconnecting gRpc client at peer peer0.commercial.paynet
2026.09.17-17:48:29.886[32m info [39m [caliper] [worker-message-handler] 	Worker#0 finished Round#1
2026.09.17-17:48:34.903[32m info [39m [caliper] [default-observer] 	Resetting txCount indicator count
2026.09.17-17:48:34.904[32m info [39m [caliper] [report-builder] 	### Test result ###
2026.09.17-17:48:34.906[32m info [39m [caliper] [report-builder] 	
+-----------------------+------+------+-----------------+-----------------+-----------------+-----------------+------------------+
| Name                  | Succ | Fail | Send Rate (TPS) | Max Latency (s) | Min Latency (s) | Avg Latency (s) | Throughput (TPS) |
|-----------------------|------|------|-----------------|-----------------|-----------------|-----------------|------------------|
| distribution-low-5tps | 0    | 151  | 5.0             | -               | -               | -               | 5.0              |
+-----------------------+------+------+-----------------+-----------------+-----------------+-----------------+------------------+

2026.09.17-17:48:34.911[32m info [39m [caliper] [report-builder] 	### docker resource stats ###'
2026.09.17-17:48:34.913[32m info [39m [caliper] [report-builder] 	
+-----------------------------+-----------+-----------+------------------+------------------+-----------------+------------------+----------------+---------------+
| Name                        | CPU%(max) | CPU%(avg) | Memory(max) [MB] | Memory(avg) [MB] | Traffic In [KB] | Traffic Out [MB] | Disc Write [B] | Disc Read [B] |
|-----------------------------|-----------|-----------|------------------|------------------|-----------------|------------------|----------------|---------------|
| /peer0.pjp.paynet           | 0.0275    | 0.01625   | 234              | 234              | 127             | 0.119            | 0.00           | 0.00          |
|-----------------------------|-----------|-----------|------------------|------------------|-----------------|------------------|----------------|---------------|
| /peer0.bi.paynet            | 0.05125   | 0.03375   | 129              | 128              | 905             | 1.09             | 0.00           | 0.00          |
|-----------------------------|-----------|-----------|------------------|------------------|-----------------|------------------|----------------|---------------|
| /peer0.commercial.paynet    | 0.03      | 0.01875   | 224              | 223              | 121             | 0.115            | 0.00           | 0.00          |
|-----------------------------|-----------|-----------|------------------|------------------|-----------------|------------------|----------------|---------------|
| /peer0.ojk.paynet           | 0.02625   | 0.0175    | 212              | 211              | 117             | 0.109            | 0.00           | 0.00          |
|-----------------------------|-----------|-----------|------------------|------------------|-----------------|------------------|----------------|---------------|
| /peer0.himbara.paynet       | 0.0325    | 0.01875   | 228              | 227              | 123             | 0.124            | 0.00           | 0.00          |
|-----------------------------|-----------|-----------|------------------|------------------|-----------------|------------------|----------------|---------------|
| /couchdb0.himbara.paynet    | 0.09125   | 0.02625   | 52.8             | 52.1             | 2.90            | 0.000332         | 0.00           | 0.00          |
|-----------------------------|-----------|-----------|------------------|------------------|-----------------|------------------|----------------|---------------|
| /couchdb0.pjp.paynet        | 0.0775    | 0.02625   | 54.3             | 52.8             | 2.96            | 0.000332         | 0.00           | 0.00          |
|-----------------------------|-----------|-----------|------------------|------------------|-----------------|------------------|----------------|---------------|
| /couchdb0.ojk.paynet        | 0.1125    | 0.03375   | 51.7             | 51.1             | 3.45            | 0.000624         | 0.00           | 0.00          |
|-----------------------------|-----------|-----------|------------------|------------------|-----------------|------------------|----------------|---------------|
| /orderer.paynet             | 0.00125   | 0         | 16.3             | 16.1             | 4.28            | 0.00149          | 0.00           | 0.00          |
|-----------------------------|-----------|-----------|------------------|------------------|-----------------|------------------|----------------|---------------|
| /couchdb0.commercial.paynet | 0.08875   | 0.0225    | 53.9             | 53.2             | 2.90            | 0.000332         | 0.00           | 0.00          |
|-----------------------------|-----------|-----------|------------------|------------------|-----------------|------------------|----------------|---------------|
| /couchdb0.bi.paynet         | 0.14      | 0.05125   | 54.0             | 53.0             | 73.6            | 0.0515           | 0.00           | 0.00          |
+-----------------------------+-----------+-----------+------------------+------------------+-----------------+------------------+----------------+---------------+

2026.09.17-17:48:34.914[32m info [39m [caliper] [report-builder] 	### process resource stats ###'
2026.09.17-17:48:34.914[32m info [39m [caliper] [report-builder] 	
+-------------------+-----------+-----------+-----------------+-----------------+
| Name              | CPU%(max) | CPU%(avg) | Memory(max) [B] | Memory(avg) [B] |
|-------------------|-----------|-----------|-----------------|-----------------|
| node caliper(sum) | 17.82     | 12.68     | -               | -               |
+-------------------+-----------+-----------+-----------------+-----------------+

2026.09.17-17:48:34.915[32m info [39m [caliper] [round-orchestrator] 	Finished round 2 (distribution-low-5tps) in 30.103 seconds
2026.09.17-17:48:34.915[32m info [39m [caliper] [monitor.js] 	Stopping all monitors
2026.09.17-17:48:35.116[32m info [39m [caliper] [report-builder] 	### All test results ###
2026.09.17-17:48:35.116[32m info [39m [caliper] [report-builder] 	
+------------------------------+------+------+-----------------+-----------------+-----------------+-----------------+------------------+
| Name                         | Succ | Fail | Send Rate (TPS) | Max Latency (s) | Min Latency (s) | Avg Latency (s) | Throughput (TPS) |
|------------------------------|------|------|-----------------|-----------------|-----------------|-----------------|------------------|
| warmup-distribution-low-5tps | 0    | 151  | 5.0             | -               | -               | -               | 5.0              |
|------------------------------|------|------|-----------------|-----------------|-----------------|-----------------|------------------|
| distribution-low-5tps        | 0    | 151  | 5.0             | -               | -               | -               | 5.0              |
+------------------------------+------+------+-----------------+-----------------+-----------------+-----------------+------------------+

2026.09.17-17:48:35.125[32m info [39m [caliper] [report-builder] 	Generated report with path /home/mfachrizalg/2026/Skripsi/bi-coin/bi-coin-fabric/report.html
2026.09.17-17:48:35.125[32m info [39m [caliper] [monitor.js] 	Stopping all monitors
2026.09.17-17:48:35.125[32m info [39m [caliper] [worker-orchestrator] 	Sending exit message to connected workers
2026.09.17-17:48:35.126[32m info [39m [caliper] [round-orchestrator] 	Benchmark finished in 90.565 seconds. Total rounds: 2. Successful rounds: 2. Failed rounds: 0.
2026.09.17-17:48:35.126[32m info [39m [caliper] [caliper-engine] 	Network configuration attribute "caliper.command.end" is not present, skipping end command
2026.09.17-17:48:35.126[32m info [39m [caliper] [cli-launch-manager] 	Benchmark successfully finished!
2026.09.17-17:48:35.127[32m info [39m [caliper] [worker-message-handler] 	Worker#0 is exiting
