2026.09.17-14:46:52.211[32m info [39m [caliper] [cli-launch-manager] 	Set workspace path: /home/mfachrizalg/2026/Skripsi/bi-coin/bi-coin-fabric
2026.09.17-14:46:52.212[32m info [39m [caliper] [cli-launch-manager] 	Set benchmark configuration path: /home/mfachrizalg/2026/Skripsi/bi-coin/bi-coin-fabric/benchmark/results/statistical-20260917-pilot6/runs/calibration-retail-transfer-low-4w-40tps-r5/benchconfig.yaml
2026.09.17-14:46:52.213[32m info [39m [caliper] [cli-launch-manager] 	Set network configuration path: /home/mfachrizalg/2026/Skripsi/bi-coin/bi-coin-fabric/benchmark/networkconfig.yaml
2026.09.17-14:46:52.213[32m info [39m [caliper] [cli-launch-manager] 	Set SUT type: fabric
2026.09.17-14:46:52.240[32m info [39m [caliper] [caliper-engine] 	Starting benchmark flow
2026.09.17-14:46:52.240[32m info [39m [caliper] [caliper-engine] 	Network configuration attribute "caliper.command.start" is not present, skipping start command
2026.09.17-14:46:52.946[32m info [39m [caliper] [FabricConnectorFactory] 	Initializing peer gateway connector compatible with installed fabric-gateway SDK: 1.5.0
2026.09.17-14:46:52.962[32m info [39m [caliper] [IdentityManager] 	Adding User1 (admin=false) as User1 for organization BankIndonesiaOrgMSP
2026.09.17-14:46:52.963[32m info [39m [caliper] [IdentityManager] 	Adding User1 (admin=false) as _HimbaraBankOrgMSP_User1 for organization HimbaraBankOrgMSP
2026.09.17-14:46:52.965[32m info [39m [caliper] [IdentityManager] 	Adding User1 (admin=false) as _CommercialBankOrgMSP_User1 for organization CommercialBankOrgMSP
2026.09.17-14:46:52.968[32m info [39m [caliper] [connectors/peer-gateway/PeerGateway] 	Fabric-Gateway SDK version: 1.5.0 for Peer-Gateway connector; TLS based on BankIndonesiaOrgMSP: server
2026.09.17-14:46:52.968[32m info [39m [caliper] [caliper-engine] 	Executed "init" step in 0.002 seconds
2026.09.17-14:46:52.968[33m warn [39m [caliper] [connectors/peer-gateway/PeerGateway] 	Install smart contract not available for the Fabric Peer Gateway connector
2026.09.17-14:46:52.968[32m info [39m [caliper] [caliper-engine] 	Executed "install" step in 0 seconds
2026.09.17-14:46:52.971[32m info [39m [caliper] [monitor.js] 	Attempting to create resource monitor of type docker
2026.09.17-14:46:52.972[32m info [39m [caliper] [monitor.js] 	Attempting to create resource monitor of type process
2026.09.17-14:46:52.974[32m info [39m [caliper] [default-observer] 	Observer interval set to 5000 milliseconds
2026.09.17-14:46:52.979[32m info [39m [caliper] [round-orchestrator] 	Preparing worker connections
2026.09.17-14:46:52.980[32m info [39m [caliper] [worker-orchestrator] 	Launching worker 1 of 4
2026.09.17-14:46:52.987[32m info [39m [caliper] [worker-orchestrator] 	Launching worker 2 of 4
2026.09.17-14:46:52.989[32m info [39m [caliper] [worker-orchestrator] 	Launching worker 3 of 4
2026.09.17-14:46:52.992[32m info [39m [caliper] [worker-orchestrator] 	Launching worker 4 of 4
2026.09.17-14:46:52.996[32m info [39m [caliper] [worker-orchestrator] 	Messenger not configured, entering configure phase...
2026.09.17-14:46:52.997[32m info [39m [caliper] [worker-orchestrator] 	No existing workers detected, entering worker launch phase...
2026.09.17-14:46:52.997[32m info [39m [caliper] [worker-orchestrator] 	Waiting for 4 workers to be connected...
2026.09.17-14:46:53.534[32m info [39m [caliper] [cli-launch-worker] 	Set workspace path: /home/mfachrizalg/2026/Skripsi/bi-coin/bi-coin-fabric
2026.09.17-14:46:53.537[32m info [39m [caliper] [cli-launch-worker] 	Set benchmark configuration path: /home/mfachrizalg/2026/Skripsi/bi-coin/bi-coin-fabric/benchmark/results/statistical-20260917-pilot6/runs/calibration-retail-transfer-low-4w-40tps-r5/benchconfig.yaml
2026.09.17-14:46:53.538[32m info [39m [caliper] [cli-launch-worker] 	Set network configuration path: /home/mfachrizalg/2026/Skripsi/bi-coin/bi-coin-fabric/benchmark/networkconfig.yaml
2026.09.17-14:46:53.538[32m info [39m [caliper] [cli-launch-worker] 	Set SUT type: fabric
2026.09.17-14:46:53.547[32m info [39m [caliper] [cli-launch-worker] 	Set workspace path: /home/mfachrizalg/2026/Skripsi/bi-coin/bi-coin-fabric
2026.09.17-14:46:53.549[32m info [39m [caliper] [cli-launch-worker] 	Set benchmark configuration path: /home/mfachrizalg/2026/Skripsi/bi-coin/bi-coin-fabric/benchmark/results/statistical-20260917-pilot6/runs/calibration-retail-transfer-low-4w-40tps-r5/benchconfig.yaml
2026.09.17-14:46:53.549[32m info [39m [caliper] [cli-launch-worker] 	Set network configuration path: /home/mfachrizalg/2026/Skripsi/bi-coin/bi-coin-fabric/benchmark/networkconfig.yaml
2026.09.17-14:46:53.550[32m info [39m [caliper] [cli-launch-worker] 	Set SUT type: fabric
2026.09.17-14:46:53.552[32m info [39m [caliper] [cli-launch-worker] 	Set workspace path: /home/mfachrizalg/2026/Skripsi/bi-coin/bi-coin-fabric
2026.09.17-14:46:53.558[32m info [39m [caliper] [cli-launch-worker] 	Set workspace path: /home/mfachrizalg/2026/Skripsi/bi-coin/bi-coin-fabric
2026.09.17-14:46:53.559[32m info [39m [caliper] [cli-launch-worker] 	Set benchmark configuration path: /home/mfachrizalg/2026/Skripsi/bi-coin/bi-coin-fabric/benchmark/results/statistical-20260917-pilot6/runs/calibration-retail-transfer-low-4w-40tps-r5/benchconfig.yaml
2026.09.17-14:46:53.559[32m info [39m [caliper] [cli-launch-worker] 	Set network configuration path: /home/mfachrizalg/2026/Skripsi/bi-coin/bi-coin-fabric/benchmark/networkconfig.yaml
2026.09.17-14:46:53.559[32m info [39m [caliper] [cli-launch-worker] 	Set SUT type: fabric
2026.09.17-14:46:53.553[32m info [39m [caliper] [cli-launch-worker] 	Set benchmark configuration path: /home/mfachrizalg/2026/Skripsi/bi-coin/bi-coin-fabric/benchmark/results/statistical-20260917-pilot6/runs/calibration-retail-transfer-low-4w-40tps-r5/benchconfig.yaml
2026.09.17-14:46:53.570[32m info [39m [caliper] [cli-launch-worker] 	Set network configuration path: /home/mfachrizalg/2026/Skripsi/bi-coin/bi-coin-fabric/benchmark/networkconfig.yaml
2026.09.17-14:46:53.571[32m info [39m [caliper] [cli-launch-worker] 	Set SUT type: fabric
2026.09.17-14:46:53.617[32m info [39m [caliper] [worker-orchestrator] 	4 workers connected, progressing to worker assignment phase.
2026.09.17-14:46:53.618[32m info [39m [caliper] [worker-orchestrator] 	Workers currently unassigned, awaiting index assignment...
2026.09.17-14:46:53.620[32m info [39m [caliper] [worker-orchestrator] 	Waiting for 4 workers to be assigned...
2026.09.17-14:46:53.716[32m info [39m [caliper] [worker-orchestrator] 	4 workers assigned, progressing to worker initialization phase.
2026.09.17-14:46:53.716[32m info [39m [caliper] [worker-orchestrator] 	Waiting for 4 workers to be ready...
2026.09.17-14:46:53.717[32m info [39m [caliper] [worker-message-handler] 	Initializing Worker#0...
2026.09.17-14:46:53.717[32m info [39m [caliper] [worker-message-handler] 	Initializing Worker#1...
2026.09.17-14:46:53.717[32m info [39m [caliper] [worker-message-handler] 	Initializing Worker#2...
2026.09.17-14:46:53.717[32m info [39m [caliper] [worker-message-handler] 	Initializing Worker#3...
2026.09.17-14:46:54.670[32m info [39m [caliper] [FabricConnectorFactory] 	Initializing peer gateway connector compatible with installed fabric-gateway SDK: 1.5.0
2026.09.17-14:46:54.694[32m info [39m [caliper] [IdentityManager] 	Adding User1 (admin=false) as User1 for organization BankIndonesiaOrgMSP
2026.09.17-14:46:54.695[32m info [39m [caliper] [IdentityManager] 	Adding User1 (admin=false) as _HimbaraBankOrgMSP_User1 for organization HimbaraBankOrgMSP
2026.09.17-14:46:54.697[32m info [39m [caliper] [IdentityManager] 	Adding User1 (admin=false) as _CommercialBankOrgMSP_User1 for organization CommercialBankOrgMSP
2026.09.17-14:46:54.702[32m info [39m [caliper] [worker-message-handler] 	Worker#0 initialized
2026.09.17-14:46:54.756[32m info [39m [caliper] [FabricConnectorFactory] 	Initializing peer gateway connector compatible with installed fabric-gateway SDK: 1.5.0
2026.09.17-14:46:54.764[32m info [39m [caliper] [IdentityManager] 	Adding User1 (admin=false) as User1 for organization BankIndonesiaOrgMSP
2026.09.17-14:46:54.766[32m info [39m [caliper] [IdentityManager] 	Adding User1 (admin=false) as _HimbaraBankOrgMSP_User1 for organization HimbaraBankOrgMSP
2026.09.17-14:46:54.766[32m info [39m [caliper] [IdentityManager] 	Adding User1 (admin=false) as _CommercialBankOrgMSP_User1 for organization CommercialBankOrgMSP
2026.09.17-14:46:54.771[32m info [39m [caliper] [worker-message-handler] 	Worker#2 initialized
2026.09.17-14:46:54.782[32m info [39m [caliper] [FabricConnectorFactory] 	Initializing peer gateway connector compatible with installed fabric-gateway SDK: 1.5.0
2026.09.17-14:46:54.789[32m info [39m [caliper] [IdentityManager] 	Adding User1 (admin=false) as User1 for organization BankIndonesiaOrgMSP
2026.09.17-14:46:54.791[32m info [39m [caliper] [IdentityManager] 	Adding User1 (admin=false) as _HimbaraBankOrgMSP_User1 for organization HimbaraBankOrgMSP
2026.09.17-14:46:54.791[32m info [39m [caliper] [IdentityManager] 	Adding User1 (admin=false) as _CommercialBankOrgMSP_User1 for organization CommercialBankOrgMSP
2026.09.17-14:46:54.795[32m info [39m [caliper] [worker-message-handler] 	Worker#3 initialized
2026.09.17-14:46:54.821[32m info [39m [caliper] [FabricConnectorFactory] 	Initializing peer gateway connector compatible with installed fabric-gateway SDK: 1.5.0
2026.09.17-14:46:54.827[32m info [39m [caliper] [IdentityManager] 	Adding User1 (admin=false) as User1 for organization BankIndonesiaOrgMSP
2026.09.17-14:46:54.828[32m info [39m [caliper] [IdentityManager] 	Adding User1 (admin=false) as _HimbaraBankOrgMSP_User1 for organization HimbaraBankOrgMSP
2026.09.17-14:46:54.830[32m info [39m [caliper] [IdentityManager] 	Adding User1 (admin=false) as _CommercialBankOrgMSP_User1 for organization CommercialBankOrgMSP
2026.09.17-14:46:54.834[32m info [39m [caliper] [worker-message-handler] 	Worker#1 initialized
2026.09.17-14:46:54.834[32m info [39m [caliper] [worker-orchestrator] 	4 workers ready, progressing to test preparation phase.
2026.09.17-14:46:54.834[32m info [39m [caliper] [round-orchestrator] 	Started round 1 (warmup-retail-transfer-low-40tps)
2026.09.17-14:46:54.836[32m info [39m [caliper] [worker-message-handler] 	Preparing Worker#0 for Round#0
2026.09.17-14:46:54.836[32m info [39m [caliper] [worker-message-handler] 	Preparing Worker#1 for Round#0
2026.09.17-14:46:54.836[32m info [39m [caliper] [worker-message-handler] 	Preparing Worker#2 for Round#0
2026.09.17-14:46:54.836[32m info [39m [caliper] [worker-message-handler] 	Preparing Worker#3 for Round#0
2026.09.17-14:46:54.853[32m info [39m [caliper] [connectors/peer-gateway/PeerGateway] 	Generating contract map for user User1
2026.09.17-14:46:54.855[32m info [39m [caliper] [connectors/peer-gateway/PeerGateway] 	Generating contract map for user User1
2026.09.17-14:46:54.855[32m info [39m [caliper] [connectors/peer-gateway/PeerGateway] 	Generating contract map for user User1
2026.09.17-14:46:54.858[32m info [39m [caliper] [connectors/peer-gateway/PeerGateway] 	Generating contract map for user User1
2026.09.17-14:46:54.858[32m info [39m [caliper] [connectors/peer-gateway/PeerGateway] 	Generating contract map for user _HimbaraBankOrgMSP_User1
2026.09.17-14:46:54.858[32m info [39m [caliper] [connectors/peer-gateway/PeerGateway] 	Generating contract map for user _HimbaraBankOrgMSP_User1
2026.09.17-14:46:54.860[32m info [39m [caliper] [connectors/peer-gateway/PeerGateway] 	Generating contract map for user _HimbaraBankOrgMSP_User1
2026.09.17-14:46:54.861[32m info [39m [caliper] [connectors/peer-gateway/PeerGateway] 	Generating contract map for user _CommercialBankOrgMSP_User1
2026.09.17-14:46:54.861[32m info [39m [caliper] [connectors/peer-gateway/PeerGateway] 	Generating contract map for user _CommercialBankOrgMSP_User1
2026.09.17-14:46:54.861[32m info [39m [caliper] [caliper-worker] 	Info: worker 2 prepare test phase for round 0 is starting...
2026.09.17-14:46:54.861[32m info [39m [caliper] [caliper-worker] 	Info: worker 1 prepare test phase for round 0 is starting...
2026.09.17-14:46:54.863[32m info [39m [caliper] [connectors/peer-gateway/PeerGateway] 	Generating contract map for user _HimbaraBankOrgMSP_User1
2026.09.17-14:46:54.865[32m info [39m [caliper] [connectors/peer-gateway/PeerGateway] 	Generating contract map for user _CommercialBankOrgMSP_User1
2026.09.17-14:46:54.865[32m info [39m [caliper] [caliper-worker] 	Info: worker 0 prepare test phase for round 0 is starting...
2026.09.17-14:46:54.867[32m info [39m [caliper] [connectors/peer-gateway/PeerGateway] 	Generating contract map for user _CommercialBankOrgMSP_User1
2026.09.17-14:46:54.867[32m info [39m [caliper] [caliper-worker] 	Info: worker 3 prepare test phase for round 0 is starting...
2026.09.17-14:46:54.914[31m error[39m [caliper] [connectors/peer-gateway/PeerGateway] 	Failed to perform query transaction [GetParticipant] using arguments [bench_custodian_20260917-pilot6_calibration-retail-transfer-low-4w-40tps-r5_retail-transfer-low],  with error: GatewayError: 2 UNKNOWN: evaluate call to endorser returned error: chaincode response 500, participant bench_custodian_20260917-pilot6_calibration-retail-transfer-low-4w-40tps-r5_retail-transfer-low not found
Details:
-  peer0.bi.paynet:7051:chaincode response 500, participant bench_custodian_20260917-pilot6_calibration-retail-transfer-low-4w-40tps-r5_retail-transfer-low not found
2026.09.17-14:48:06.062[32m info [39m [caliper] [connectors/peer-gateway/PeerGateway] 	disconnecting gateway for user User1
2026.09.17-14:48:06.063[32m info [39m [caliper] [connectors/peer-gateway/PeerGateway] 	disconnecting gateway for user _HimbaraBankOrgMSP_User1
2026.09.17-14:48:06.063[32m info [39m [caliper] [connectors/peer-gateway/PeerGateway] 	disconnecting gateway for user _CommercialBankOrgMSP_User1
2026.09.17-14:48:06.063[32m info [39m [caliper] [connectors/peer-gateway/PeerGateway] 	disconnecting gRpc client at peer peer0.bi.paynet
2026.09.17-14:48:06.063[32m info [39m [caliper] [connectors/peer-gateway/PeerGateway] 	disconnecting gRpc client at peer peer0.himbara.paynet
2026.09.17-14:48:06.064[32m info [39m [caliper] [connectors/peer-gateway/PeerGateway] 	disconnecting gRpc client at peer peer0.commercial.paynet
2026.09.17-14:48:06.064[32m info [39m [caliper] [caliper-worker] 	Info: worker 2 prepare test phase for round 0 is completed
2026.09.17-14:48:06.064[32m info [39m [caliper] [worker-message-handler] 	Worker#2 prepared for Round#0
2026.09.17-14:48:48.666[32m info [39m [caliper] [connectors/peer-gateway/PeerGateway] 	disconnecting gateway for user User1
2026.09.17-14:48:48.667[32m info [39m [caliper] [connectors/peer-gateway/PeerGateway] 	disconnecting gateway for user _HimbaraBankOrgMSP_User1
2026.09.17-14:48:48.667[32m info [39m [caliper] [connectors/peer-gateway/PeerGateway] 	disconnecting gateway for user _CommercialBankOrgMSP_User1
2026.09.17-14:48:48.667[32m info [39m [caliper] [connectors/peer-gateway/PeerGateway] 	disconnecting gRpc client at peer peer0.bi.paynet
2026.09.17-14:48:48.667[32m info [39m [caliper] [connectors/peer-gateway/PeerGateway] 	disconnecting gRpc client at peer peer0.himbara.paynet
2026.09.17-14:48:48.669[32m info [39m [caliper] [connectors/peer-gateway/PeerGateway] 	disconnecting gRpc client at peer peer0.commercial.paynet
2026.09.17-14:48:48.669[32m info [39m [caliper] [caliper-worker] 	Info: worker 0 prepare test phase for round 0 is completed
2026.09.17-14:48:48.669[32m info [39m [caliper] [worker-message-handler] 	Worker#0 prepared for Round#0
2026.09.17-14:49:31.015[32m info [39m [caliper] [connectors/peer-gateway/PeerGateway] 	disconnecting gateway for user User1
2026.09.17-14:49:31.015[32m info [39m [caliper] [connectors/peer-gateway/PeerGateway] 	disconnecting gateway for user _HimbaraBankOrgMSP_User1
2026.09.17-14:49:31.015[32m info [39m [caliper] [connectors/peer-gateway/PeerGateway] 	disconnecting gateway for user _CommercialBankOrgMSP_User1
2026.09.17-14:49:31.015[32m info [39m [caliper] [connectors/peer-gateway/PeerGateway] 	disconnecting gRpc client at peer peer0.bi.paynet
2026.09.17-14:49:31.017[32m info [39m [caliper] [connectors/peer-gateway/PeerGateway] 	disconnecting gRpc client at peer peer0.himbara.paynet
2026.09.17-14:49:31.019[32m info [39m [caliper] [connectors/peer-gateway/PeerGateway] 	disconnecting gRpc client at peer peer0.commercial.paynet
2026.09.17-14:49:31.019[32m info [39m [caliper] [caliper-worker] 	Info: worker 1 prepare test phase for round 0 is completed
2026.09.17-14:49:31.019[32m info [39m [caliper] [worker-message-handler] 	Worker#1 prepared for Round#0
2026.09.17-14:50:13.296[32m info [39m [caliper] [connectors/peer-gateway/PeerGateway] 	disconnecting gateway for user User1
2026.09.17-14:50:13.296[32m info [39m [caliper] [connectors/peer-gateway/PeerGateway] 	disconnecting gateway for user _HimbaraBankOrgMSP_User1
2026.09.17-14:50:13.296[32m info [39m [caliper] [connectors/peer-gateway/PeerGateway] 	disconnecting gateway for user _CommercialBankOrgMSP_User1
2026.09.17-14:50:13.296[32m info [39m [caliper] [connectors/peer-gateway/PeerGateway] 	disconnecting gRpc client at peer peer0.bi.paynet
2026.09.17-14:50:13.297[32m info [39m [caliper] [connectors/peer-gateway/PeerGateway] 	disconnecting gRpc client at peer peer0.himbara.paynet
2026.09.17-14:50:13.301[32m info [39m [caliper] [connectors/peer-gateway/PeerGateway] 	disconnecting gRpc client at peer peer0.commercial.paynet
2026.09.17-14:50:13.302[32m info [39m [caliper] [caliper-worker] 	Info: worker 3 prepare test phase for round 0 is completed
2026.09.17-14:50:13.302[32m info [39m [caliper] [worker-message-handler] 	Worker#3 prepared for Round#0
2026.09.17-14:50:13.308[32m info [39m [caliper] [worker-orchestrator] 	4 workers prepared, progressing to test phase.
2026.09.17-14:50:15.462[32m info [39m [caliper] [monitor-process] 	Registering node caliper(sum) within process monitor
2026.09.17-14:50:15.968[32m info [39m [caliper] [monitor-process] 	Starting process monitor with update interval 1000 ms
2026.09.17-14:50:15.969[32m info [39m [caliper] [round-orchestrator] 	Monitors successfully started
2026.09.17-14:50:15.972[32m info [39m [caliper] [worker-message-handler] 	Worker#1 is starting Round#0
2026.09.17-14:50:15.972[32m info [39m [caliper] [worker-message-handler] 	Worker#0 is starting Round#0
2026.09.17-14:50:15.973[32m info [39m [caliper] [worker-message-handler] 	Worker#2 is starting Round#0
2026.09.17-14:50:15.975[32m info [39m [caliper] [worker-message-handler] 	Worker#3 is starting Round#0
2026.09.17-14:50:15.980[32m info [39m [caliper] [connectors/peer-gateway/PeerGateway] 	Generating contract map for user User1
2026.09.17-14:50:15.982[32m info [39m [caliper] [connectors/peer-gateway/PeerGateway] 	Generating contract map for user User1
2026.09.17-14:50:15.982[32m info [39m [caliper] [connectors/peer-gateway/PeerGateway] 	Generating contract map for user User1
2026.09.17-14:50:15.983[32m info [39m [caliper] [connectors/peer-gateway/PeerGateway] 	Generating contract map for user User1
2026.09.17-14:50:15.983[32m info [39m [caliper] [connectors/peer-gateway/PeerGateway] 	Generating contract map for user _HimbaraBankOrgMSP_User1
2026.09.17-14:50:15.986[32m info [39m [caliper] [connectors/peer-gateway/PeerGateway] 	Generating contract map for user _CommercialBankOrgMSP_User1
2026.09.17-14:50:15.988[32m info [39m [caliper] [connectors/peer-gateway/PeerGateway] 	Generating contract map for user _HimbaraBankOrgMSP_User1
2026.09.17-14:50:15.989[32m info [39m [caliper] [caliper-worker] 	Worker #0 starting workload loop
2026.09.17-14:50:15.990[32m info [39m [caliper] [connectors/peer-gateway/PeerGateway] 	Generating contract map for user _HimbaraBankOrgMSP_User1
2026.09.17-14:50:15.990[32m info [39m [caliper] [connectors/peer-gateway/PeerGateway] 	Generating contract map for user _HimbaraBankOrgMSP_User1
2026.09.17-14:50:15.997[32m info [39m [caliper] [connectors/peer-gateway/PeerGateway] 	Generating contract map for user _CommercialBankOrgMSP_User1
2026.09.17-14:50:15.999[32m info [39m [caliper] [connectors/peer-gateway/PeerGateway] 	Generating contract map for user _CommercialBankOrgMSP_User1
2026.09.17-14:50:16.002[32m info [39m [caliper] [caliper-worker] 	Worker #1 starting workload loop
2026.09.17-14:50:16.007[32m info [39m [caliper] [connectors/peer-gateway/PeerGateway] 	Generating contract map for user _CommercialBankOrgMSP_User1
2026.09.17-14:50:16.020[32m info [39m [caliper] [caliper-worker] 	Worker #3 starting workload loop
2026.09.17-14:50:16.033[32m info [39m [caliper] [caliper-worker] 	Worker #2 starting workload loop
2026.09.17-14:50:18.338[32m info [39m [caliper] [default-observer] 	[warmup-retail-transfer-low-40tps Round 0 Transaction Info] - Submitted: 10 Succ: 6 Fail:0 Unfinished:4
2026.09.17-14:50:23.380[32m info [39m [caliper] [default-observer] 	[warmup-retail-transfer-low-40tps Round 0 Transaction Info] - Submitted: 34 Succ: 30 Fail:0 Unfinished:4
2026.09.17-14:50:28.379[32m info [39m [caliper] [default-observer] 	[warmup-retail-transfer-low-40tps Round 0 Transaction Info] - Submitted: 64 Succ: 60 Fail:0 Unfinished:4
2026.09.17-14:50:33.380[32m info [39m [caliper] [default-observer] 	[warmup-retail-transfer-low-40tps Round 0 Transaction Info] - Submitted: 88 Succ: 80 Fail:0 Unfinished:8
2026.09.17-14:50:38.381[32m info [39m [caliper] [default-observer] 	[warmup-retail-transfer-low-40tps Round 0 Transaction Info] - Submitted: 112 Succ: 110 Fail:0 Unfinished:2
2026.09.17-14:50:43.380[32m info [39m [caliper] [default-observer] 	[warmup-retail-transfer-low-40tps Round 0 Transaction Info] - Submitted: 136 Succ: 130 Fail:0 Unfinished:6
2026.09.17-14:50:48.383[32m info [39m [caliper] [default-observer] 	[warmup-retail-transfer-low-40tps Round 0 Transaction Info] - Submitted: 156 Succ: 156 Fail:0 Unfinished:0
2026.09.17-14:50:48.802[32m info [39m [caliper] [connectors/peer-gateway/PeerGateway] 	disconnecting gateway for user User1
2026.09.17-14:50:48.802[32m info [39m [caliper] [connectors/peer-gateway/PeerGateway] 	disconnecting gateway for user _HimbaraBankOrgMSP_User1
2026.09.17-14:50:48.802[32m info [39m [caliper] [connectors/peer-gateway/PeerGateway] 	disconnecting gateway for user _CommercialBankOrgMSP_User1
2026.09.17-14:50:48.802[32m info [39m [caliper] [connectors/peer-gateway/PeerGateway] 	disconnecting gRpc client at peer peer0.bi.paynet
2026.09.17-14:50:48.802[32m info [39m [caliper] [connectors/peer-gateway/PeerGateway] 	disconnecting gRpc client at peer peer0.himbara.paynet
2026.09.17-14:50:48.802[32m info [39m [caliper] [connectors/peer-gateway/PeerGateway] 	disconnecting gRpc client at peer peer0.commercial.paynet
2026.09.17-14:50:48.802[32m info [39m [caliper] [worker-message-handler] 	Worker#0 finished Round#0
2026.09.17-14:50:48.811[32m info [39m [caliper] [connectors/peer-gateway/PeerGateway] 	disconnecting gateway for user User1
2026.09.17-14:50:48.811[32m info [39m [caliper] [connectors/peer-gateway/PeerGateway] 	disconnecting gateway for user _HimbaraBankOrgMSP_User1
2026.09.17-14:50:48.811[32m info [39m [caliper] [connectors/peer-gateway/PeerGateway] 	disconnecting gateway for user _CommercialBankOrgMSP_User1
2026.09.17-14:50:48.811[32m info [39m [caliper] [connectors/peer-gateway/PeerGateway] 	disconnecting gRpc client at peer peer0.bi.paynet
2026.09.17-14:50:48.811[32m info [39m [caliper] [connectors/peer-gateway/PeerGateway] 	disconnecting gRpc client at peer peer0.himbara.paynet
2026.09.17-14:50:48.812[32m info [39m [caliper] [connectors/peer-gateway/PeerGateway] 	disconnecting gRpc client at peer peer0.commercial.paynet
2026.09.17-14:50:48.812[32m info [39m [caliper] [worker-message-handler] 	Worker#1 finished Round#0
2026.09.17-14:50:48.821[32m info [39m [caliper] [connectors/peer-gateway/PeerGateway] 	disconnecting gateway for user User1
2026.09.17-14:50:48.821[32m info [39m [caliper] [connectors/peer-gateway/PeerGateway] 	disconnecting gateway for user _HimbaraBankOrgMSP_User1
2026.09.17-14:50:48.821[32m info [39m [caliper] [connectors/peer-gateway/PeerGateway] 	disconnecting gateway for user _CommercialBankOrgMSP_User1
2026.09.17-14:50:48.821[32m info [39m [caliper] [connectors/peer-gateway/PeerGateway] 	disconnecting gRpc client at peer peer0.bi.paynet
2026.09.17-14:50:48.822[32m info [39m [caliper] [connectors/peer-gateway/PeerGateway] 	disconnecting gRpc client at peer peer0.himbara.paynet
2026.09.17-14:50:48.822[32m info [39m [caliper] [connectors/peer-gateway/PeerGateway] 	disconnecting gRpc client at peer peer0.commercial.paynet
2026.09.17-14:50:48.822[32m info [39m [caliper] [worker-message-handler] 	Worker#3 finished Round#0
2026.09.17-14:50:48.831[32m info [39m [caliper] [connectors/peer-gateway/PeerGateway] 	disconnecting gateway for user User1
2026.09.17-14:50:48.831[32m info [39m [caliper] [connectors/peer-gateway/PeerGateway] 	disconnecting gateway for user _HimbaraBankOrgMSP_User1
2026.09.17-14:50:48.831[32m info [39m [caliper] [connectors/peer-gateway/PeerGateway] 	disconnecting gateway for user _CommercialBankOrgMSP_User1
2026.09.17-14:50:48.832[32m info [39m [caliper] [connectors/peer-gateway/PeerGateway] 	disconnecting gRpc client at peer peer0.bi.paynet
2026.09.17-14:50:48.832[32m info [39m [caliper] [connectors/peer-gateway/PeerGateway] 	disconnecting gRpc client at peer peer0.himbara.paynet
2026.09.17-14:50:48.832[32m info [39m [caliper] [connectors/peer-gateway/PeerGateway] 	disconnecting gRpc client at peer peer0.commercial.paynet
2026.09.17-14:50:48.832[32m info [39m [caliper] [worker-message-handler] 	Worker#2 finished Round#0
2026.09.17-14:50:53.834[32m info [39m [caliper] [default-observer] 	Resetting txCount indicator count
2026.09.17-14:50:53.835[32m info [39m [caliper] [report-builder] 	### Test result ###
2026.09.17-14:50:53.840[32m info [39m [caliper] [report-builder] 	
+----------------------------------+------+------+-----------------+-----------------+-----------------+-----------------+------------------+
| Name                             | Succ | Fail | Send Rate (TPS) | Max Latency (s) | Min Latency (s) | Avg Latency (s) | Throughput (TPS) |
|----------------------------------|------|------|-----------------|-----------------|-----------------|-----------------|------------------|
| warmup-retail-transfer-low-40tps | 156  | 0    | 5.1             | 2.17            | 0.14            | 1.06            | 4.9              |
+----------------------------------+------+------+-----------------+-----------------+-----------------+-----------------+------------------+

2026.09.17-14:50:53.846[32m info [39m [caliper] [report-builder] 	### docker resource stats ###'
2026.09.17-14:50:53.850[32m info [39m [caliper] [report-builder] 	
+-----------------------------+-----------+-----------+------------------+------------------+-----------------+------------------+-----------------+----------------+
| Name                        | CPU%(max) | CPU%(avg) | Memory(max) [MB] | Memory(avg) [MB] | Traffic In [MB] | Traffic Out [MB] | Disc Write [MB] | Disc Read [MB] |
|-----------------------------|-----------|-----------|------------------|------------------|-----------------|------------------|-----------------|----------------|
| /peer0.ojk.paynet           | 0.0625    | 0.02875   | 101              | 97.2             | 2.61            | 1.19             | 4.27            | 2.58           |
|-----------------------------|-----------|-----------|------------------|------------------|-----------------|------------------|-----------------|----------------|
| /peer0.himbara.paynet       | 0.1525    | 0.08      | 114              | 111              | 5.70            | 5.57             | 4.04            | 0.809          |
|-----------------------------|-----------|-----------|------------------|------------------|-----------------|------------------|-----------------|----------------|
| /peer0.bi.paynet            | 0.055     | 0.03125   | 104              | 103              | 2.62            | 1.19             | 4.11            | 5.53           |
|-----------------------------|-----------|-----------|------------------|------------------|-----------------|------------------|-----------------|----------------|
| /peer0.pjp.paynet           | 0.07125   | 0.03      | 103              | 102              | 2.61            | 1.18             | 4.06            | 0.0156         |
|-----------------------------|-----------|-----------|------------------|------------------|-----------------|------------------|-----------------|----------------|
| /peer0.commercial.paynet    | 0.06      | 0.02875   | 106              | 103              | 2.61            | 1.19             | 4.00            | 0.0156         |
|-----------------------------|-----------|-----------|------------------|------------------|-----------------|------------------|-----------------|----------------|
| /orderer.paynet             | 0.02375   | 0.00875   | 55.7             | 53.9             | 1.45            | 6.79             | 4.32            | 3.06           |
|-----------------------------|-----------|-----------|------------------|------------------|-----------------|------------------|-----------------|----------------|
| /couchdb0.bi.paynet         | 0.5225    | 0.10625   | 61.0             | 56.2             | 0.978           | 1.07             | 39.0            | 0.125          |
|-----------------------------|-----------|-----------|------------------|------------------|-----------------|------------------|-----------------|----------------|
| /couchdb0.pjp.paynet        | 0.58875   | 0.12      | 54.2             | 51.7             | 0.978           | 1.07             | 8.10            | 0.121          |
|-----------------------------|-----------|-----------|------------------|------------------|-----------------|------------------|-----------------|----------------|
| /couchdb0.himbara.paynet    | 0.345     | 0.11      | 60.7             | 55.5             | 0.968           | 0.542            | 17.9            | 1.11           |
|-----------------------------|-----------|-----------|------------------|------------------|-----------------|------------------|-----------------|----------------|
| /couchdb0.commercial.paynet | 0.53125   | 0.11625   | 58.8             | 55.2             | 0.981           | 1.07             | 24.9            | 0.828          |
|-----------------------------|-----------|-----------|------------------|------------------|-----------------|------------------|-----------------|----------------|
| /couchdb0.ojk.paynet        | 0.575     | 0.13      | 61.0             | 57.1             | 0.979           | 1.07             | 16.9            | 0.707          |
+-----------------------------+-----------+-----------+------------------+------------------+-----------------+------------------+-----------------+----------------+

2026.09.17-14:50:53.851[32m info [39m [caliper] [report-builder] 	### process resource stats ###'
2026.09.17-14:50:53.852[32m info [39m [caliper] [report-builder] 	
+-------------------+-----------+-----------+-----------------+-----------------+
| Name              | CPU%(max) | CPU%(avg) | Memory(max) [B] | Memory(avg) [B] |
|-------------------|-----------|-----------|-----------------|-----------------|
| node caliper(sum) | 58.24     | 38.70     | -               | -               |
+-------------------+-----------+-----------+-----------------+-----------------+

2026.09.17-14:50:53.852[32m info [39m [caliper] [round-orchestrator] 	Finished round 1 (warmup-retail-transfer-low-40tps) in 31.841 seconds
2026.09.17-14:50:53.852[32m info [39m [caliper] [monitor.js] 	Stopping all monitors
2026.09.17-14:50:54.052[32m info [39m [caliper] [round-orchestrator] 	Waiting 5 seconds for the next round...
2026.09.17-14:50:59.052[32m info [39m [caliper] [round-orchestrator] 	Started round 2 (retail-transfer-low-40tps)
2026.09.17-14:50:59.053[32m info [39m [caliper] [worker-message-handler] 	Preparing Worker#0 for Round#1
2026.09.17-14:50:59.053[32m info [39m [caliper] [worker-message-handler] 	Preparing Worker#1 for Round#1
2026.09.17-14:50:59.055[32m info [39m [caliper] [worker-message-handler] 	Preparing Worker#2 for Round#1
2026.09.17-14:50:59.055[32m info [39m [caliper] [worker-message-handler] 	Preparing Worker#3 for Round#1
2026.09.17-14:50:59.056[32m info [39m [caliper] [connectors/peer-gateway/PeerGateway] 	Generating contract map for user User1
2026.09.17-14:50:59.057[32m info [39m [caliper] [connectors/peer-gateway/PeerGateway] 	Generating contract map for user User1
2026.09.17-14:50:59.057[32m info [39m [caliper] [connectors/peer-gateway/PeerGateway] 	Generating contract map for user User1
2026.09.17-14:50:59.057[32m info [39m [caliper] [connectors/peer-gateway/PeerGateway] 	Generating contract map for user User1
2026.09.17-14:50:59.060[32m info [39m [caliper] [connectors/peer-gateway/PeerGateway] 	Generating contract map for user _HimbaraBankOrgMSP_User1
2026.09.17-14:50:59.060[32m info [39m [caliper] [connectors/peer-gateway/PeerGateway] 	Generating contract map for user _HimbaraBankOrgMSP_User1
2026.09.17-14:50:59.060[32m info [39m [caliper] [connectors/peer-gateway/PeerGateway] 	Generating contract map for user _HimbaraBankOrgMSP_User1
2026.09.17-14:50:59.060[32m info [39m [caliper] [connectors/peer-gateway/PeerGateway] 	Generating contract map for user _HimbaraBankOrgMSP_User1
2026.09.17-14:50:59.063[32m info [39m [caliper] [connectors/peer-gateway/PeerGateway] 	Generating contract map for user _CommercialBankOrgMSP_User1
2026.09.17-14:50:59.063[32m info [39m [caliper] [connectors/peer-gateway/PeerGateway] 	Generating contract map for user _CommercialBankOrgMSP_User1
2026.09.17-14:50:59.063[32m info [39m [caliper] [connectors/peer-gateway/PeerGateway] 	Generating contract map for user _CommercialBankOrgMSP_User1
2026.09.17-14:50:59.063[32m info [39m [caliper] [caliper-worker] 	Info: worker 3 prepare test phase for round 1 is starting...
2026.09.17-14:50:59.063[32m info [39m [caliper] [caliper-worker] 	Info: worker 0 prepare test phase for round 1 is starting...
2026.09.17-14:50:59.063[32m info [39m [caliper] [caliper-worker] 	Info: worker 1 prepare test phase for round 1 is starting...
2026.09.17-14:50:59.063[32m info [39m [caliper] [connectors/peer-gateway/PeerGateway] 	Generating contract map for user _CommercialBankOrgMSP_User1
2026.09.17-14:50:59.065[32m info [39m [caliper] [caliper-worker] 	Info: worker 2 prepare test phase for round 1 is starting...
2026.09.17-14:50:59.079[32m info [39m [caliper] [connectors/peer-gateway/PeerGateway] 	disconnecting gateway for user User1
2026.09.17-14:50:59.080[32m info [39m [caliper] [connectors/peer-gateway/PeerGateway] 	disconnecting gateway for user _HimbaraBankOrgMSP_User1
2026.09.17-14:50:59.080[32m info [39m [caliper] [connectors/peer-gateway/PeerGateway] 	disconnecting gateway for user _CommercialBankOrgMSP_User1
2026.09.17-14:50:59.080[32m info [39m [caliper] [connectors/peer-gateway/PeerGateway] 	disconnecting gRpc client at peer peer0.bi.paynet
2026.09.17-14:50:59.081[32m info [39m [caliper] [connectors/peer-gateway/PeerGateway] 	disconnecting gateway for user User1
2026.09.17-14:50:59.081[32m info [39m [caliper] [connectors/peer-gateway/PeerGateway] 	disconnecting gRpc client at peer peer0.himbara.paynet
2026.09.17-14:50:59.081[32m info [39m [caliper] [connectors/peer-gateway/PeerGateway] 	disconnecting gateway for user _HimbaraBankOrgMSP_User1
2026.09.17-14:50:59.081[32m info [39m [caliper] [connectors/peer-gateway/PeerGateway] 	disconnecting gateway for user _CommercialBankOrgMSP_User1
2026.09.17-14:50:59.082[32m info [39m [caliper] [connectors/peer-gateway/PeerGateway] 	disconnecting gRpc client at peer peer0.bi.paynet
2026.09.17-14:50:59.081[32m info [39m [caliper] [connectors/peer-gateway/PeerGateway] 	disconnecting gRpc client at peer peer0.commercial.paynet
2026.09.17-14:50:59.082[32m info [39m [caliper] [connectors/peer-gateway/PeerGateway] 	disconnecting gRpc client at peer peer0.himbara.paynet
2026.09.17-14:50:59.082[32m info [39m [caliper] [caliper-worker] 	Info: worker 3 prepare test phase for round 1 is completed
2026.09.17-14:50:59.082[32m info [39m [caliper] [worker-message-handler] 	Worker#3 prepared for Round#1
2026.09.17-14:50:59.083[32m info [39m [caliper] [connectors/peer-gateway/PeerGateway] 	disconnecting gateway for user User1
2026.09.17-14:50:59.083[32m info [39m [caliper] [connectors/peer-gateway/PeerGateway] 	disconnecting gRpc client at peer peer0.commercial.paynet
2026.09.17-14:50:59.084[32m info [39m [caliper] [connectors/peer-gateway/PeerGateway] 	disconnecting gateway for user _HimbaraBankOrgMSP_User1
2026.09.17-14:50:59.084[32m info [39m [caliper] [connectors/peer-gateway/PeerGateway] 	disconnecting gateway for user _CommercialBankOrgMSP_User1
2026.09.17-14:50:59.084[32m info [39m [caliper] [connectors/peer-gateway/PeerGateway] 	disconnecting gRpc client at peer peer0.bi.paynet
2026.09.17-14:50:59.084[32m info [39m [caliper] [connectors/peer-gateway/PeerGateway] 	disconnecting gRpc client at peer peer0.himbara.paynet
2026.09.17-14:50:59.084[32m info [39m [caliper] [caliper-worker] 	Info: worker 1 prepare test phase for round 1 is completed
2026.09.17-14:50:59.084[32m info [39m [caliper] [connectors/peer-gateway/PeerGateway] 	disconnecting gRpc client at peer peer0.commercial.paynet
2026.09.17-14:50:59.084[32m info [39m [caliper] [worker-message-handler] 	Worker#1 prepared for Round#1
2026.09.17-14:50:59.085[32m info [39m [caliper] [caliper-worker] 	Info: worker 2 prepare test phase for round 1 is completed
2026.09.17-14:50:59.085[32m info [39m [caliper] [worker-message-handler] 	Worker#2 prepared for Round#1
2026.09.17-14:51:03.415[32m info [39m [caliper] [connectors/peer-gateway/PeerGateway] 	disconnecting gateway for user User1
2026.09.17-14:51:03.415[32m info [39m [caliper] [connectors/peer-gateway/PeerGateway] 	disconnecting gateway for user _HimbaraBankOrgMSP_User1
2026.09.17-14:51:03.415[32m info [39m [caliper] [connectors/peer-gateway/PeerGateway] 	disconnecting gateway for user _CommercialBankOrgMSP_User1
2026.09.17-14:51:03.415[32m info [39m [caliper] [connectors/peer-gateway/PeerGateway] 	disconnecting gRpc client at peer peer0.bi.paynet
2026.09.17-14:51:03.418[32m info [39m [caliper] [connectors/peer-gateway/PeerGateway] 	disconnecting gRpc client at peer peer0.himbara.paynet
2026.09.17-14:51:03.418[32m info [39m [caliper] [connectors/peer-gateway/PeerGateway] 	disconnecting gRpc client at peer peer0.commercial.paynet
2026.09.17-14:51:03.418[32m info [39m [caliper] [caliper-worker] 	Info: worker 0 prepare test phase for round 1 is completed
2026.09.17-14:51:03.419[32m info [39m [caliper] [worker-message-handler] 	Worker#0 prepared for Round#1
2026.09.17-14:51:03.420[32m info [39m [caliper] [worker-orchestrator] 	4 workers prepared, progressing to test phase.
2026.09.17-14:51:05.466[32m info [39m [caliper] [monitor-process] 	Registering node caliper(sum) within process monitor
2026.09.17-14:51:05.678[32m info [39m [caliper] [monitor-process] 	Starting process monitor with update interval 1000 ms
2026.09.17-14:51:05.678[32m info [39m [caliper] [round-orchestrator] 	Monitors successfully started
2026.09.17-14:51:05.679[32m info [39m [caliper] [worker-message-handler] 	Worker#0 is starting Round#1
2026.09.17-14:51:05.679[32m info [39m [caliper] [worker-message-handler] 	Worker#1 is starting Round#1
2026.09.17-14:51:05.681[32m info [39m [caliper] [worker-message-handler] 	Worker#2 is starting Round#1
2026.09.17-14:51:05.681[32m info [39m [caliper] [worker-message-handler] 	Worker#3 is starting Round#1
2026.09.17-14:51:05.683[32m info [39m [caliper] [connectors/peer-gateway/PeerGateway] 	Generating contract map for user User1
2026.09.17-14:51:05.685[32m info [39m [caliper] [connectors/peer-gateway/PeerGateway] 	Generating contract map for user User1
2026.09.17-14:51:05.685[32m info [39m [caliper] [connectors/peer-gateway/PeerGateway] 	Generating contract map for user User1
2026.09.17-14:51:05.686[32m info [39m [caliper] [connectors/peer-gateway/PeerGateway] 	Generating contract map for user User1
2026.09.17-14:51:05.687[32m info [39m [caliper] [connectors/peer-gateway/PeerGateway] 	Generating contract map for user _HimbaraBankOrgMSP_User1
2026.09.17-14:51:05.687[32m info [39m [caliper] [connectors/peer-gateway/PeerGateway] 	Generating contract map for user _HimbaraBankOrgMSP_User1
2026.09.17-14:51:05.687[32m info [39m [caliper] [connectors/peer-gateway/PeerGateway] 	Generating contract map for user _HimbaraBankOrgMSP_User1
2026.09.17-14:51:05.688[32m info [39m [caliper] [connectors/peer-gateway/PeerGateway] 	Generating contract map for user _HimbaraBankOrgMSP_User1
2026.09.17-14:51:05.689[32m info [39m [caliper] [connectors/peer-gateway/PeerGateway] 	Generating contract map for user _CommercialBankOrgMSP_User1
2026.09.17-14:51:05.689[32m info [39m [caliper] [caliper-worker] 	Worker #0 starting workload loop
2026.09.17-14:51:05.689[32m info [39m [caliper] [connectors/peer-gateway/PeerGateway] 	Generating contract map for user _CommercialBankOrgMSP_User1
2026.09.17-14:51:05.690[32m info [39m [caliper] [connectors/peer-gateway/PeerGateway] 	Generating contract map for user _CommercialBankOrgMSP_User1
2026.09.17-14:51:05.690[32m info [39m [caliper] [connectors/peer-gateway/PeerGateway] 	Generating contract map for user _CommercialBankOrgMSP_User1
2026.09.17-14:51:05.690[32m info [39m [caliper] [caliper-worker] 	Worker #3 starting workload loop
2026.09.17-14:51:05.690[32m info [39m [caliper] [caliper-worker] 	Worker #2 starting workload loop
2026.09.17-14:51:05.690[32m info [39m [caliper] [caliper-worker] 	Worker #1 starting workload loop
2026.09.17-14:51:08.750[32m info [39m [caliper] [default-observer] 	[retail-transfer-low-40tps Round 1 Transaction Info] - Submitted: 80 Succ: 40 Fail:0 Unfinished:40
2026.09.17-14:51:13.751[32m info [39m [caliper] [default-observer] 	[retail-transfer-low-40tps Round 1 Transaction Info] - Submitted: 287 Succ: 190 Fail:0 Unfinished:97
2026.09.17-14:51:14.338[31m error[39m [caliper] [connectors/peer-gateway/PeerGateway] 	Failed to perform submit transaction [Transfer] using arguments [wlt_c_20260917-pilot6_calibration-retail-transfer-low-4w-40tps-r5_retail-transfer-low_w1_2,wlt_c_20260917-pilot6_calibration-retail-transfer-low-4w-40tps-r5_retail-transfer-low_w1_27,1000,transfer_20260917-pilot6_calibration-retail-transfer-low-4w-40tps-r5_retail-transfer-low_w1_r1_61],  with error: Error: Failed to submit trasaction with status code: 11
2026.09.17-14:51:14.634[31m error[39m [caliper] [connectors/peer-gateway/PeerGateway] 	Failed to perform submit transaction [Transfer] using arguments [wlt_c_20260917-pilot6_calibration-retail-transfer-low-4w-40tps-r5_retail-transfer-low_w2_2,wlt_c_20260917-pilot6_calibration-retail-transfer-low-4w-40tps-r5_retail-transfer-low_w2_27,1000,transfer_20260917-pilot6_calibration-retail-transfer-low-4w-40tps-r5_retail-transfer-low_w2_r1_61],  with error: Error: Failed to submit trasaction with status code: 11
2026.09.17-14:51:14.644[31m error[39m [caliper] [connectors/peer-gateway/PeerGateway] 	Failed to perform submit transaction [Transfer] using arguments [wlt_c_20260917-pilot6_calibration-retail-transfer-low-4w-40tps-r5_retail-transfer-low_w1_3,wlt_c_20260917-pilot6_calibration-retail-transfer-low-4w-40tps-r5_retail-transfer-low_w1_28,1000,transfer_20260917-pilot6_calibration-retail-transfer-low-4w-40tps-r5_retail-transfer-low_w1_r1_62],  with error: Error: Failed to submit trasaction with status code: 11
2026.09.17-14:51:14.924[31m error[39m [caliper] [connectors/peer-gateway/PeerGateway] 	Failed to perform submit transaction [Transfer] using arguments [wlt_c_20260917-pilot6_calibration-retail-transfer-low-4w-40tps-r5_retail-transfer-low_w2_8,wlt_c_20260917-pilot6_calibration-retail-transfer-low-4w-40tps-r5_retail-transfer-low_w2_33,1000,transfer_20260917-pilot6_calibration-retail-transfer-low-4w-40tps-r5_retail-transfer-low_w2_r1_66],  with error: Error: Failed to submit trasaction with status code: 11
2026.09.17-14:51:14.929[31m error[39m [caliper] [connectors/peer-gateway/PeerGateway] 	Failed to perform submit transaction [Transfer] using arguments [wlt_c_20260917-pilot6_calibration-retail-transfer-low-4w-40tps-r5_retail-transfer-low_w3_6,wlt_c_20260917-pilot6_calibration-retail-transfer-low-4w-40tps-r5_retail-transfer-low_w3_31,1000,transfer_20260917-pilot6_calibration-retail-transfer-low-4w-40tps-r5_retail-transfer-low_w3_r1_64],  with error: Error: Failed to submit trasaction with status code: 11
2026.09.17-14:51:14.931[31m error[39m [caliper] [connectors/peer-gateway/PeerGateway] 	Failed to perform submit transaction [Transfer] using arguments [wlt_c_20260917-pilot6_calibration-retail-transfer-low-4w-40tps-r5_retail-transfer-low_w3_7,wlt_c_20260917-pilot6_calibration-retail-transfer-low-4w-40tps-r5_retail-transfer-low_w3_32,1000,transfer_20260917-pilot6_calibration-retail-transfer-low-4w-40tps-r5_retail-transfer-low_w3_r1_65],  with error: Error: Failed to submit trasaction with status code: 11
2026.09.17-14:51:14.936[31m error[39m [caliper] [connectors/peer-gateway/PeerGateway] 	Failed to perform submit transaction [Transfer] using arguments [wlt_c_20260917-pilot6_calibration-retail-transfer-low-4w-40tps-r5_retail-transfer-low_w1_6,wlt_c_20260917-pilot6_calibration-retail-transfer-low-4w-40tps-r5_retail-transfer-low_w1_31,1000,transfer_20260917-pilot6_calibration-retail-transfer-low-4w-40tps-r5_retail-transfer-low_w1_r1_64],  with error: Error: Failed to submit trasaction with status code: 11
2026.09.17-14:51:14.937[31m error[39m [caliper] [connectors/peer-gateway/PeerGateway] 	Failed to perform submit transaction [Transfer] using arguments [wlt_c_20260917-pilot6_calibration-retail-transfer-low-4w-40tps-r5_retail-transfer-low_w1_7,wlt_c_20260917-pilot6_calibration-retail-transfer-low-4w-40tps-r5_retail-transfer-low_w1_32,1000,transfer_20260917-pilot6_calibration-retail-transfer-low-4w-40tps-r5_retail-transfer-low_w1_r1_65],  with error: Error: Failed to submit trasaction with status code: 11
2026.09.17-14:51:14.937[31m error[39m [caliper] [connectors/peer-gateway/PeerGateway] 	Failed to perform submit transaction [Transfer] using arguments [wlt_c_20260917-pilot6_calibration-retail-transfer-low-4w-40tps-r5_retail-transfer-low_w1_8,wlt_c_20260917-pilot6_calibration-retail-transfer-low-4w-40tps-r5_retail-transfer-low_w1_33,1000,transfer_20260917-pilot6_calibration-retail-transfer-low-4w-40tps-r5_retail-transfer-low_w1_r1_66],  with error: Error: Failed to submit trasaction with status code: 11
2026.09.17-14:51:15.272[31m error[39m [caliper] [connectors/peer-gateway/PeerGateway] 	Failed to perform submit transaction [Transfer] using arguments [wlt_c_20260917-pilot6_calibration-retail-transfer-low-4w-40tps-r5_retail-transfer-low_w1_4,wlt_c_20260917-pilot6_calibration-retail-transfer-low-4w-40tps-r5_retail-transfer-low_w1_29,1000,transfer_20260917-pilot6_calibration-retail-transfer-low-4w-40tps-r5_retail-transfer-low_w1_r1_63],  with error: Error: Failed to submit trasaction with status code: 11
2026.09.17-14:51:15.285[31m error[39m [caliper] [connectors/peer-gateway/PeerGateway] 	Failed to perform submit transaction [Transfer] using arguments [wlt_c_20260917-pilot6_calibration-retail-transfer-low-4w-40tps-r5_retail-transfer-low_w1_9,wlt_c_20260917-pilot6_calibration-retail-transfer-low-4w-40tps-r5_retail-transfer-low_w1_34,1000,transfer_20260917-pilot6_calibration-retail-transfer-low-4w-40tps-r5_retail-transfer-low_w1_r1_67],  with error: Error: Failed to submit trasaction with status code: 11
2026.09.17-14:51:15.288[31m error[39m [caliper] [connectors/peer-gateway/PeerGateway] 	Failed to perform submit transaction [Transfer] using arguments [wlt_c_20260917-pilot6_calibration-retail-transfer-low-4w-40tps-r5_retail-transfer-low_w3_8,wlt_c_20260917-pilot6_calibration-retail-transfer-low-4w-40tps-r5_retail-transfer-low_w3_33,1000,transfer_20260917-pilot6_calibration-retail-transfer-low-4w-40tps-r5_retail-transfer-low_w3_r1_66],  with error: Error: Failed to submit trasaction with status code: 11
2026.09.17-14:51:15.292[31m error[39m [caliper] [connectors/peer-gateway/PeerGateway] 	Failed to perform submit transaction [Transfer] using arguments [wlt_c_20260917-pilot6_calibration-retail-transfer-low-4w-40tps-r5_retail-transfer-low_w2_9,wlt_c_20260917-pilot6_calibration-retail-transfer-low-4w-40tps-r5_retail-transfer-low_w2_34,1000,transfer_20260917-pilot6_calibration-retail-transfer-low-4w-40tps-r5_retail-transfer-low_w2_r1_67],  with error: Error: Failed to submit trasaction with status code: 11
2026.09.17-14:51:15.296[31m error[39m [caliper] [connectors/peer-gateway/PeerGateway] 	Failed to perform submit transaction [Transfer] using arguments [wlt_c_20260917-pilot6_calibration-retail-transfer-low-4w-40tps-r5_retail-transfer-low_w3_9,wlt_c_20260917-pilot6_calibration-retail-transfer-low-4w-40tps-r5_retail-transfer-low_w3_34,1000,transfer_20260917-pilot6_calibration-retail-transfer-low-4w-40tps-r5_retail-transfer-low_w3_r1_67],  with error: Error: Failed to submit trasaction with status code: 11
2026.09.17-14:51:15.583[31m error[39m [caliper] [connectors/peer-gateway/PeerGateway] 	Failed to perform submit transaction [Transfer] using arguments [wlt_c_20260917-pilot6_calibration-retail-transfer-low-4w-40tps-r5_retail-transfer-low_w2_13,wlt_c_20260917-pilot6_calibration-retail-transfer-low-4w-40tps-r5_retail-transfer-low_w2_38,1000,transfer_20260917-pilot6_calibration-retail-transfer-low-4w-40tps-r5_retail-transfer-low_w2_r1_70],  with error: Error: Failed to submit trasaction with status code: 11
2026.09.17-14:51:15.584[31m error[39m [caliper] [connectors/peer-gateway/PeerGateway] 	Failed to perform submit transaction [Transfer] using arguments [wlt_c_20260917-pilot6_calibration-retail-transfer-low-4w-40tps-r5_retail-transfer-low_w2_12,wlt_c_20260917-pilot6_calibration-retail-transfer-low-4w-40tps-r5_retail-transfer-low_w2_37,1000,transfer_20260917-pilot6_calibration-retail-transfer-low-4w-40tps-r5_retail-transfer-low_w2_r1_69],  with error: Error: Failed to submit trasaction with status code: 11
2026.09.17-14:51:15.629[31m error[39m [caliper] [connectors/peer-gateway/PeerGateway] 	Failed to perform submit transaction [Transfer] using arguments [wlt_c_20260917-pilot6_calibration-retail-transfer-low-4w-40tps-r5_retail-transfer-low_w1_12,wlt_c_20260917-pilot6_calibration-retail-transfer-low-4w-40tps-r5_retail-transfer-low_w1_37,1000,transfer_20260917-pilot6_calibration-retail-transfer-low-4w-40tps-r5_retail-transfer-low_w1_r1_69],  with error: Error: Failed to submit trasaction with status code: 11
2026.09.17-14:51:15.629[31m error[39m [caliper] [connectors/peer-gateway/PeerGateway] 	Failed to perform submit transaction [Transfer] using arguments [wlt_c_20260917-pilot6_calibration-retail-transfer-low-4w-40tps-r5_retail-transfer-low_w3_12,wlt_c_20260917-pilot6_calibration-retail-transfer-low-4w-40tps-r5_retail-transfer-low_w3_37,1000,transfer_20260917-pilot6_calibration-retail-transfer-low-4w-40tps-r5_retail-transfer-low_w3_r1_69],  with error: Error: Failed to submit trasaction with status code: 11
2026.09.17-14:51:15.630[31m error[39m [caliper] [connectors/peer-gateway/PeerGateway] 	Failed to perform submit transaction [Transfer] using arguments [wlt_c_20260917-pilot6_calibration-retail-transfer-low-4w-40tps-r5_retail-transfer-low_w3_11,wlt_c_20260917-pilot6_calibration-retail-transfer-low-4w-40tps-r5_retail-transfer-low_w3_36,1000,transfer_20260917-pilot6_calibration-retail-transfer-low-4w-40tps-r5_retail-transfer-low_w3_r1_68],  with error: Error: Failed to submit trasaction with status code: 11
2026.09.17-14:51:15.632[31m error[39m [caliper] [connectors/peer-gateway/PeerGateway] 	Failed to perform submit transaction [Transfer] using arguments [wlt_c_20260917-pilot6_calibration-retail-transfer-low-4w-40tps-r5_retail-transfer-low_w3_13,wlt_c_20260917-pilot6_calibration-retail-transfer-low-4w-40tps-r5_retail-transfer-low_w3_38,1000,transfer_20260917-pilot6_calibration-retail-transfer-low-4w-40tps-r5_retail-transfer-low_w3_r1_70],  with error: Error: Failed to submit trasaction with status code: 11
2026.09.17-14:51:15.639[31m error[39m [caliper] [connectors/peer-gateway/PeerGateway] 	Failed to perform submit transaction [Transfer] using arguments [wlt_c_20260917-pilot6_calibration-retail-transfer-low-4w-40tps-r5_retail-transfer-low_w1_11,wlt_c_20260917-pilot6_calibration-retail-transfer-low-4w-40tps-r5_retail-transfer-low_w1_36,1000,transfer_20260917-pilot6_calibration-retail-transfer-low-4w-40tps-r5_retail-transfer-low_w1_r1_68],  with error: Error: Failed to submit trasaction with status code: 11
2026.09.17-14:51:15.642[31m error[39m [caliper] [connectors/peer-gateway/PeerGateway] 	Failed to perform submit transaction [Transfer] using arguments [wlt_c_20260917-pilot6_calibration-retail-transfer-low-4w-40tps-r5_retail-transfer-low_w1_13,wlt_c_20260917-pilot6_calibration-retail-transfer-low-4w-40tps-r5_retail-transfer-low_w1_38,1000,transfer_20260917-pilot6_calibration-retail-transfer-low-4w-40tps-r5_retail-transfer-low_w1_r1_70],  with error: Error: Failed to submit trasaction with status code: 11
2026.09.17-14:51:15.847[31m error[39m [caliper] [connectors/peer-gateway/PeerGateway] 	Failed to perform submit transaction [Transfer] using arguments [wlt_c_20260917-pilot6_calibration-retail-transfer-low-4w-40tps-r5_retail-transfer-low_w3_17,wlt_c_20260917-pilot6_calibration-retail-transfer-low-4w-40tps-r5_retail-transfer-low_w3_42,1000,transfer_20260917-pilot6_calibration-retail-transfer-low-4w-40tps-r5_retail-transfer-low_w3_r1_73],  with error: Error: Failed to submit trasaction with status code: 11
2026.09.17-14:51:15.849[31m error[39m [caliper] [connectors/peer-gateway/PeerGateway] 	Failed to perform submit transaction [Transfer] using arguments [wlt_c_20260917-pilot6_calibration-retail-transfer-low-4w-40tps-r5_retail-transfer-low_w3_16,wlt_c_20260917-pilot6_calibration-retail-transfer-low-4w-40tps-r5_retail-transfer-low_w3_41,1000,transfer_20260917-pilot6_calibration-retail-transfer-low-4w-40tps-r5_retail-transfer-low_w3_r1_72],  with error: Error: Failed to submit trasaction with status code: 11
2026.09.17-14:51:15.858[31m error[39m [caliper] [connectors/peer-gateway/PeerGateway] 	Failed to perform submit transaction [Transfer] using arguments [wlt_c_20260917-pilot6_calibration-retail-transfer-low-4w-40tps-r5_retail-transfer-low_w1_16,wlt_c_20260917-pilot6_calibration-retail-transfer-low-4w-40tps-r5_retail-transfer-low_w1_41,1000,transfer_20260917-pilot6_calibration-retail-transfer-low-4w-40tps-r5_retail-transfer-low_w1_r1_72],  with error: Error: Failed to submit trasaction with status code: 11
2026.09.17-14:51:15.878[31m error[39m [caliper] [connectors/peer-gateway/PeerGateway] 	Failed to perform submit transaction [Transfer] using arguments [wlt_c_20260917-pilot6_calibration-retail-transfer-low-4w-40tps-r5_retail-transfer-low_w0_12,wlt_c_20260917-pilot6_calibration-retail-transfer-low-4w-40tps-r5_retail-transfer-low_w0_37,1000,transfer_20260917-pilot6_calibration-retail-transfer-low-4w-40tps-r5_retail-transfer-low_w0_r1_69],  with error: Error: Failed to submit trasaction with status code: 11
2026.09.17-14:51:15.886[31m error[39m [caliper] [connectors/peer-gateway/PeerGateway] 	Failed to perform submit transaction [Transfer] using arguments [wlt_c_20260917-pilot6_calibration-retail-transfer-low-4w-40tps-r5_retail-transfer-low_w0_9,wlt_c_20260917-pilot6_calibration-retail-transfer-low-4w-40tps-r5_retail-transfer-low_w0_34,1000,transfer_20260917-pilot6_calibration-retail-transfer-low-4w-40tps-r5_retail-transfer-low_w0_r1_67],  with error: Error: Failed to submit trasaction with status code: 11
2026.09.17-14:51:15.894[31m error[39m [caliper] [connectors/peer-gateway/PeerGateway] 	Failed to perform submit transaction [Transfer] using arguments [wlt_c_20260917-pilot6_calibration-retail-transfer-low-4w-40tps-r5_retail-transfer-low_w1_14,wlt_c_20260917-pilot6_calibration-retail-transfer-low-4w-40tps-r5_retail-transfer-low_w1_39,1000,transfer_20260917-pilot6_calibration-retail-transfer-low-4w-40tps-r5_retail-transfer-low_w1_r1_71],  with error: Error: Failed to submit trasaction with status code: 11
2026.09.17-14:51:15.900[31m error[39m [caliper] [connectors/peer-gateway/PeerGateway] 	Failed to perform submit transaction [Transfer] using arguments [wlt_c_20260917-pilot6_calibration-retail-transfer-low-4w-40tps-r5_retail-transfer-low_w1_17,wlt_c_20260917-pilot6_calibration-retail-transfer-low-4w-40tps-r5_retail-transfer-low_w1_42,1000,transfer_20260917-pilot6_calibration-retail-transfer-low-4w-40tps-r5_retail-transfer-low_w1_r1_73],  with error: Error: Failed to submit trasaction with status code: 11
2026.09.17-14:51:15.971[31m error[39m [caliper] [connectors/peer-gateway/PeerGateway] 	Failed to perform submit transaction [Transfer] using arguments [wlt_c_20260917-pilot6_calibration-retail-transfer-low-4w-40tps-r5_retail-transfer-low_w2_14,wlt_c_20260917-pilot6_calibration-retail-transfer-low-4w-40tps-r5_retail-transfer-low_w2_39,1000,transfer_20260917-pilot6_calibration-retail-transfer-low-4w-40tps-r5_retail-transfer-low_w2_r1_71],  with error: Error: Failed to submit trasaction with status code: 11
2026.09.17-14:51:15.972[31m error[39m [caliper] [connectors/peer-gateway/PeerGateway] 	Failed to perform submit transaction [Transfer] using arguments [wlt_c_20260917-pilot6_calibration-retail-transfer-low-4w-40tps-r5_retail-transfer-low_w2_17,wlt_c_20260917-pilot6_calibration-retail-transfer-low-4w-40tps-r5_retail-transfer-low_w2_42,1000,transfer_20260917-pilot6_calibration-retail-transfer-low-4w-40tps-r5_retail-transfer-low_w2_r1_73],  with error: Error: Failed to submit trasaction with status code: 11
2026.09.17-14:51:15.984[31m error[39m [caliper] [connectors/peer-gateway/PeerGateway] 	Failed to perform submit transaction [Transfer] using arguments [wlt_c_20260917-pilot6_calibration-retail-transfer-low-4w-40tps-r5_retail-transfer-low_w3_18,wlt_c_20260917-pilot6_calibration-retail-transfer-low-4w-40tps-r5_retail-transfer-low_w3_43,1000,transfer_20260917-pilot6_calibration-retail-transfer-low-4w-40tps-r5_retail-transfer-low_w3_r1_74],  with error: Error: Failed to submit trasaction with status code: 11
2026.09.17-14:51:15.985[31m error[39m [caliper] [connectors/peer-gateway/PeerGateway] 	Failed to perform submit transaction [Transfer] using arguments [wlt_c_20260917-pilot6_calibration-retail-transfer-low-4w-40tps-r5_retail-transfer-low_w3_14,wlt_c_20260917-pilot6_calibration-retail-transfer-low-4w-40tps-r5_retail-transfer-low_w3_39,1000,transfer_20260917-pilot6_calibration-retail-transfer-low-4w-40tps-r5_retail-transfer-low_w3_r1_71],  with error: Error: Failed to submit trasaction with status code: 11
2026.09.17-14:51:15.989[31m error[39m [caliper] [connectors/peer-gateway/PeerGateway] 	Failed to perform submit transaction [Transfer] using arguments [wlt_c_20260917-pilot6_calibration-retail-transfer-low-4w-40tps-r5_retail-transfer-low_w2_18,wlt_c_20260917-pilot6_calibration-retail-transfer-low-4w-40tps-r5_retail-transfer-low_w2_43,1000,transfer_20260917-pilot6_calibration-retail-transfer-low-4w-40tps-r5_retail-transfer-low_w2_r1_74],  with error: Error: Failed to submit trasaction with status code: 11
2026.09.17-14:51:15.990[31m error[39m [caliper] [connectors/peer-gateway/PeerGateway] 	Failed to perform submit transaction [Transfer] using arguments [wlt_c_20260917-pilot6_calibration-retail-transfer-low-4w-40tps-r5_retail-transfer-low_w2_16,wlt_c_20260917-pilot6_calibration-retail-transfer-low-4w-40tps-r5_retail-transfer-low_w2_41,1000,transfer_20260917-pilot6_calibration-retail-transfer-low-4w-40tps-r5_retail-transfer-low_w2_r1_72],  with error: Error: Failed to submit trasaction with status code: 11
2026.09.17-14:51:15.998[31m error[39m [caliper] [connectors/peer-gateway/PeerGateway] 	Failed to perform submit transaction [Transfer] using arguments [wlt_c_20260917-pilot6_calibration-retail-transfer-low-4w-40tps-r5_retail-transfer-low_w0_13,wlt_c_20260917-pilot6_calibration-retail-transfer-low-4w-40tps-r5_retail-transfer-low_w0_38,1000,transfer_20260917-pilot6_calibration-retail-transfer-low-4w-40tps-r5_retail-transfer-low_w0_r1_70],  with error: Error: Failed to submit trasaction with status code: 11
2026.09.17-14:51:16.006[31m error[39m [caliper] [connectors/peer-gateway/PeerGateway] 	Failed to perform submit transaction [Transfer] using arguments [wlt_c_20260917-pilot6_calibration-retail-transfer-low-4w-40tps-r5_retail-transfer-low_w0_17,wlt_c_20260917-pilot6_calibration-retail-transfer-low-4w-40tps-r5_retail-transfer-low_w0_42,1000,transfer_20260917-pilot6_calibration-retail-transfer-low-4w-40tps-r5_retail-transfer-low_w0_r1_73],  with error: Error: Failed to submit trasaction with status code: 11
2026.09.17-14:51:16.007[31m error[39m [caliper] [connectors/peer-gateway/PeerGateway] 	Failed to perform submit transaction [Transfer] using arguments [wlt_c_20260917-pilot6_calibration-retail-transfer-low-4w-40tps-r5_retail-transfer-low_w0_14,wlt_c_20260917-pilot6_calibration-retail-transfer-low-4w-40tps-r5_retail-transfer-low_w0_39,1000,transfer_20260917-pilot6_calibration-retail-transfer-low-4w-40tps-r5_retail-transfer-low_w0_r1_71],  with error: Error: Failed to submit trasaction with status code: 11
2026.09.17-14:51:16.010[31m error[39m [caliper] [connectors/peer-gateway/PeerGateway] 	Failed to perform submit transaction [Transfer] using arguments [wlt_c_20260917-pilot6_calibration-retail-transfer-low-4w-40tps-r5_retail-transfer-low_w0_16,wlt_c_20260917-pilot6_calibration-retail-transfer-low-4w-40tps-r5_retail-transfer-low_w0_41,1000,transfer_20260917-pilot6_calibration-retail-transfer-low-4w-40tps-r5_retail-transfer-low_w0_r1_72],  with error: Error: Failed to submit trasaction with status code: 11
2026.09.17-14:51:16.011[31m error[39m [caliper] [connectors/peer-gateway/PeerGateway] 	Failed to perform submit transaction [Transfer] using arguments [wlt_c_20260917-pilot6_calibration-retail-transfer-low-4w-40tps-r5_retail-transfer-low_w0_18,wlt_c_20260917-pilot6_calibration-retail-transfer-low-4w-40tps-r5_retail-transfer-low_w0_43,1000,transfer_20260917-pilot6_calibration-retail-transfer-low-4w-40tps-r5_retail-transfer-low_w0_r1_74],  with error: Error: Failed to submit trasaction with status code: 11
2026.09.17-14:51:16.063[31m error[39m [caliper] [connectors/peer-gateway/PeerGateway] 	Failed to perform submit transaction [Transfer] using arguments [wlt_c_20260917-pilot6_calibration-retail-transfer-low-4w-40tps-r5_retail-transfer-low_w1_18,wlt_c_20260917-pilot6_calibration-retail-transfer-low-4w-40tps-r5_retail-transfer-low_w1_43,1000,transfer_20260917-pilot6_calibration-retail-transfer-low-4w-40tps-r5_retail-transfer-low_w1_r1_74],  with error: Error: Failed to submit trasaction with status code: 11
2026.09.17-14:51:16.234[31m error[39m [caliper] [connectors/peer-gateway/PeerGateway] 	Failed to perform submit transaction [Transfer] using arguments [wlt_c_20260917-pilot6_calibration-retail-transfer-low-4w-40tps-r5_retail-transfer-low_w3_22,wlt_c_20260917-pilot6_calibration-retail-transfer-low-4w-40tps-r5_retail-transfer-low_w3_47,1000,transfer_20260917-pilot6_calibration-retail-transfer-low-4w-40tps-r5_retail-transfer-low_w3_r1_77],  with error: Error: Failed to submit trasaction with status code: 11
2026.09.17-14:51:16.232[31m error[39m [caliper] [connectors/peer-gateway/PeerGateway] 	Failed to perform submit transaction [Transfer] using arguments [wlt_c_20260917-pilot6_calibration-retail-transfer-low-4w-40tps-r5_retail-transfer-low_w1_19,wlt_c_20260917-pilot6_calibration-retail-transfer-low-4w-40tps-r5_retail-transfer-low_w1_44,1000,transfer_20260917-pilot6_calibration-retail-transfer-low-4w-40tps-r5_retail-transfer-low_w1_r1_75],  with error: Error: Failed to submit trasaction with status code: 11
2026.09.17-14:51:16.236[31m error[39m [caliper] [connectors/peer-gateway/PeerGateway] 	Failed to perform submit transaction [Transfer] using arguments [wlt_c_20260917-pilot6_calibration-retail-transfer-low-4w-40tps-r5_retail-transfer-low_w3_19,wlt_c_20260917-pilot6_calibration-retail-transfer-low-4w-40tps-r5_retail-transfer-low_w3_44,1000,transfer_20260917-pilot6_calibration-retail-transfer-low-4w-40tps-r5_retail-transfer-low_w3_r1_75],  with error: Error: Failed to submit trasaction with status code: 11
2026.09.17-14:51:16.238[31m error[39m [caliper] [connectors/peer-gateway/PeerGateway] 	Failed to perform submit transaction [Transfer] using arguments [wlt_c_20260917-pilot6_calibration-retail-transfer-low-4w-40tps-r5_retail-transfer-low_w2_19,wlt_c_20260917-pilot6_calibration-retail-transfer-low-4w-40tps-r5_retail-transfer-low_w2_44,1000,transfer_20260917-pilot6_calibration-retail-transfer-low-4w-40tps-r5_retail-transfer-low_w2_r1_75],  with error: Error: Failed to submit trasaction with status code: 11
2026.09.17-14:51:16.238[31m error[39m [caliper] [connectors/peer-gateway/PeerGateway] 	Failed to perform submit transaction [Transfer] using arguments [wlt_c_20260917-pilot6_calibration-retail-transfer-low-4w-40tps-r5_retail-transfer-low_w1_22,wlt_c_20260917-pilot6_calibration-retail-transfer-low-4w-40tps-r5_retail-transfer-low_w1_47,1000,transfer_20260917-pilot6_calibration-retail-transfer-low-4w-40tps-r5_retail-transfer-low_w1_r1_77],  with error: Error: Failed to submit trasaction with status code: 11
2026.09.17-14:51:16.238[31m error[39m [caliper] [connectors/peer-gateway/PeerGateway] 	Failed to perform submit transaction [Transfer] using arguments [wlt_c_20260917-pilot6_calibration-retail-transfer-low-4w-40tps-r5_retail-transfer-low_w3_21,wlt_c_20260917-pilot6_calibration-retail-transfer-low-4w-40tps-r5_retail-transfer-low_w3_46,1000,transfer_20260917-pilot6_calibration-retail-transfer-low-4w-40tps-r5_retail-transfer-low_w3_r1_76],  with error: Error: Failed to submit trasaction with status code: 11
2026.09.17-14:51:16.239[31m error[39m [caliper] [connectors/peer-gateway/PeerGateway] 	Failed to perform submit transaction [Transfer] using arguments [wlt_c_20260917-pilot6_calibration-retail-transfer-low-4w-40tps-r5_retail-transfer-low_w1_21,wlt_c_20260917-pilot6_calibration-retail-transfer-low-4w-40tps-r5_retail-transfer-low_w1_46,1000,transfer_20260917-pilot6_calibration-retail-transfer-low-4w-40tps-r5_retail-transfer-low_w1_r1_76],  with error: Error: Failed to submit trasaction with status code: 11
2026.09.17-14:51:16.282[31m error[39m [caliper] [connectors/peer-gateway/PeerGateway] 	Failed to perform submit transaction [Transfer] using arguments [wlt_c_20260917-pilot6_calibration-retail-transfer-low-4w-40tps-r5_retail-transfer-low_w0_21,wlt_c_20260917-pilot6_calibration-retail-transfer-low-4w-40tps-r5_retail-transfer-low_w0_46,1000,transfer_20260917-pilot6_calibration-retail-transfer-low-4w-40tps-r5_retail-transfer-low_w0_r1_76],  with error: Error: Failed to submit trasaction with status code: 11
2026.09.17-14:51:16.282[31m error[39m [caliper] [connectors/peer-gateway/PeerGateway] 	Failed to perform submit transaction [Transfer] using arguments [wlt_c_20260917-pilot6_calibration-retail-transfer-low-4w-40tps-r5_retail-transfer-low_w0_19,wlt_c_20260917-pilot6_calibration-retail-transfer-low-4w-40tps-r5_retail-transfer-low_w0_44,1000,transfer_20260917-pilot6_calibration-retail-transfer-low-4w-40tps-r5_retail-transfer-low_w0_r1_75],  with error: Error: Failed to submit trasaction with status code: 11
2026.09.17-14:51:16.284[31m error[39m [caliper] [connectors/peer-gateway/PeerGateway] 	Failed to perform submit transaction [Transfer] using arguments [wlt_c_20260917-pilot6_calibration-retail-transfer-low-4w-40tps-r5_retail-transfer-low_w0_22,wlt_c_20260917-pilot6_calibration-retail-transfer-low-4w-40tps-r5_retail-transfer-low_w0_47,1000,transfer_20260917-pilot6_calibration-retail-transfer-low-4w-40tps-r5_retail-transfer-low_w0_r1_77],  with error: Error: Failed to submit trasaction with status code: 11
2026.09.17-14:51:16.440[31m error[39m [caliper] [connectors/peer-gateway/PeerGateway] 	Failed to perform submit transaction [Transfer] using arguments [wlt_c_20260917-pilot6_calibration-retail-transfer-low-4w-40tps-r5_retail-transfer-low_w0_24,wlt_c_20260917-pilot6_calibration-retail-transfer-low-4w-40tps-r5_retail-transfer-low_w0_49,1000,transfer_20260917-pilot6_calibration-retail-transfer-low-4w-40tps-r5_retail-transfer-low_w0_r1_79],  with error: Error: Failed to submit trasaction with status code: 11
2026.09.17-14:51:16.443[31m error[39m [caliper] [connectors/peer-gateway/PeerGateway] 	Failed to perform submit transaction [Transfer] using arguments [wlt_c_20260917-pilot6_calibration-retail-transfer-low-4w-40tps-r5_retail-transfer-low_w0_23,wlt_c_20260917-pilot6_calibration-retail-transfer-low-4w-40tps-r5_retail-transfer-low_w0_48,1000,transfer_20260917-pilot6_calibration-retail-transfer-low-4w-40tps-r5_retail-transfer-low_w0_r1_78],  with error: Error: Failed to submit trasaction with status code: 11
2026.09.17-14:51:16.444[31m error[39m [caliper] [connectors/peer-gateway/PeerGateway] 	Failed to perform submit transaction [Transfer] using arguments [wlt_c_20260917-pilot6_calibration-retail-transfer-low-4w-40tps-r5_retail-transfer-low_w0_1,wlt_c_20260917-pilot6_calibration-retail-transfer-low-4w-40tps-r5_retail-transfer-low_w0_26,1000,transfer_20260917-pilot6_calibration-retail-transfer-low-4w-40tps-r5_retail-transfer-low_w0_r1_80],  with error: Error: Failed to submit trasaction with status code: 11
2026.09.17-14:51:16.449[31m error[39m [caliper] [connectors/peer-gateway/PeerGateway] 	Failed to perform submit transaction [Transfer] using arguments [wlt_c_20260917-pilot6_calibration-retail-transfer-low-4w-40tps-r5_retail-transfer-low_w1_23,wlt_c_20260917-pilot6_calibration-retail-transfer-low-4w-40tps-r5_retail-transfer-low_w1_48,1000,transfer_20260917-pilot6_calibration-retail-transfer-low-4w-40tps-r5_retail-transfer-low_w1_r1_78],  with error: Error: Failed to submit trasaction with status code: 11
2026.09.17-14:51:16.455[31m error[39m [caliper] [connectors/peer-gateway/PeerGateway] 	Failed to perform submit transaction [Transfer] using arguments [wlt_c_20260917-pilot6_calibration-retail-transfer-low-4w-40tps-r5_retail-transfer-low_w1_1,wlt_c_20260917-pilot6_calibration-retail-transfer-low-4w-40tps-r5_retail-transfer-low_w1_26,1000,transfer_20260917-pilot6_calibration-retail-transfer-low-4w-40tps-r5_retail-transfer-low_w1_r1_80],  with error: Error: Failed to submit trasaction with status code: 11
2026.09.17-14:51:16.480[31m error[39m [caliper] [connectors/peer-gateway/PeerGateway] 	Failed to perform submit transaction [Transfer] using arguments [wlt_c_20260917-pilot6_calibration-retail-transfer-low-4w-40tps-r5_retail-transfer-low_w3_23,wlt_c_20260917-pilot6_calibration-retail-transfer-low-4w-40tps-r5_retail-transfer-low_w3_48,1000,transfer_20260917-pilot6_calibration-retail-transfer-low-4w-40tps-r5_retail-transfer-low_w3_r1_78],  with error: Error: Failed to submit trasaction with status code: 11
2026.09.17-14:51:16.480[31m error[39m [caliper] [connectors/peer-gateway/PeerGateway] 	Failed to perform submit transaction [Transfer] using arguments [wlt_c_20260917-pilot6_calibration-retail-transfer-low-4w-40tps-r5_retail-transfer-low_w3_1,wlt_c_20260917-pilot6_calibration-retail-transfer-low-4w-40tps-r5_retail-transfer-low_w3_26,1000,transfer_20260917-pilot6_calibration-retail-transfer-low-4w-40tps-r5_retail-transfer-low_w3_r1_80],  with error: Error: Failed to submit trasaction with status code: 11
2026.09.17-14:51:16.480[31m error[39m [caliper] [connectors/peer-gateway/PeerGateway] 	Failed to perform submit transaction [Transfer] using arguments [wlt_c_20260917-pilot6_calibration-retail-transfer-low-4w-40tps-r5_retail-transfer-low_w3_24,wlt_c_20260917-pilot6_calibration-retail-transfer-low-4w-40tps-r5_retail-transfer-low_w3_49,1000,transfer_20260917-pilot6_calibration-retail-transfer-low-4w-40tps-r5_retail-transfer-low_w3_r1_79],  with error: Error: Failed to submit trasaction with status code: 11
2026.09.17-14:51:16.506[31m error[39m [caliper] [connectors/peer-gateway/PeerGateway] 	Failed to perform submit transaction [Transfer] using arguments [wlt_c_20260917-pilot6_calibration-retail-transfer-low-4w-40tps-r5_retail-transfer-low_w2_21,wlt_c_20260917-pilot6_calibration-retail-transfer-low-4w-40tps-r5_retail-transfer-low_w2_46,1000,transfer_20260917-pilot6_calibration-retail-transfer-low-4w-40tps-r5_retail-transfer-low_w2_r1_76],  with error: Error: Failed to submit trasaction with status code: 11
2026.09.17-14:51:16.507[31m error[39m [caliper] [connectors/peer-gateway/PeerGateway] 	Failed to perform submit transaction [Transfer] using arguments [wlt_c_20260917-pilot6_calibration-retail-transfer-low-4w-40tps-r5_retail-transfer-low_w2_1,wlt_c_20260917-pilot6_calibration-retail-transfer-low-4w-40tps-r5_retail-transfer-low_w2_26,1000,transfer_20260917-pilot6_calibration-retail-transfer-low-4w-40tps-r5_retail-transfer-low_w2_r1_80],  with error: Error: Failed to submit trasaction with status code: 11
2026.09.17-14:51:16.726[31m error[39m [caliper] [connectors/peer-gateway/PeerGateway] 	Failed to perform submit transaction [Transfer] using arguments [wlt_c_20260917-pilot6_calibration-retail-transfer-low-4w-40tps-r5_retail-transfer-low_w1_24,wlt_c_20260917-pilot6_calibration-retail-transfer-low-4w-40tps-r5_retail-transfer-low_w1_49,1000,transfer_20260917-pilot6_calibration-retail-transfer-low-4w-40tps-r5_retail-transfer-low_w1_r1_79],  with error: Error: Failed to submit trasaction with status code: 11
2026.09.17-14:51:16.730[31m error[39m [caliper] [connectors/peer-gateway/PeerGateway] 	Failed to perform submit transaction [Transfer] using arguments [wlt_c_20260917-pilot6_calibration-retail-transfer-low-4w-40tps-r5_retail-transfer-low_w0_3,wlt_c_20260917-pilot6_calibration-retail-transfer-low-4w-40tps-r5_retail-transfer-low_w0_28,1000,transfer_20260917-pilot6_calibration-retail-transfer-low-4w-40tps-r5_retail-transfer-low_w0_r1_82],  with error: Error: Failed to submit trasaction with status code: 11
2026.09.17-14:51:16.730[31m error[39m [caliper] [connectors/peer-gateway/PeerGateway] 	Failed to perform submit transaction [Transfer] using arguments [wlt_c_20260917-pilot6_calibration-retail-transfer-low-4w-40tps-r5_retail-transfer-low_w0_4,wlt_c_20260917-pilot6_calibration-retail-transfer-low-4w-40tps-r5_retail-transfer-low_w0_29,1000,transfer_20260917-pilot6_calibration-retail-transfer-low-4w-40tps-r5_retail-transfer-low_w0_r1_83],  with error: Error: Failed to submit trasaction with status code: 11
2026.09.17-14:51:16.734[31m error[39m [caliper] [connectors/peer-gateway/PeerGateway] 	Failed to perform submit transaction [Transfer] using arguments [wlt_c_20260917-pilot6_calibration-retail-transfer-low-4w-40tps-r5_retail-transfer-low_w0_2,wlt_c_20260917-pilot6_calibration-retail-transfer-low-4w-40tps-r5_retail-transfer-low_w0_27,1000,transfer_20260917-pilot6_calibration-retail-transfer-low-4w-40tps-r5_retail-transfer-low_w0_r1_81],  with error: Error: Failed to submit trasaction with status code: 11
2026.09.17-14:51:16.745[31m error[39m [caliper] [connectors/peer-gateway/PeerGateway] 	Failed to perform submit transaction [Transfer] using arguments [wlt_c_20260917-pilot6_calibration-retail-transfer-low-4w-40tps-r5_retail-transfer-low_w3_2,wlt_c_20260917-pilot6_calibration-retail-transfer-low-4w-40tps-r5_retail-transfer-low_w3_27,1000,transfer_20260917-pilot6_calibration-retail-transfer-low-4w-40tps-r5_retail-transfer-low_w3_r1_81],  with error: Error: Failed to submit trasaction with status code: 11
2026.09.17-14:51:16.786[31m error[39m [caliper] [connectors/peer-gateway/PeerGateway] 	Failed to perform submit transaction [Transfer] using arguments [wlt_c_20260917-pilot6_calibration-retail-transfer-low-4w-40tps-r5_retail-transfer-low_w2_23,wlt_c_20260917-pilot6_calibration-retail-transfer-low-4w-40tps-r5_retail-transfer-low_w2_48,1000,transfer_20260917-pilot6_calibration-retail-transfer-low-4w-40tps-r5_retail-transfer-low_w2_r1_78],  with error: Error: Failed to submit trasaction with status code: 11
2026.09.17-14:51:16.797[31m error[39m [caliper] [connectors/peer-gateway/PeerGateway] 	Failed to perform submit transaction [Transfer] using arguments [wlt_c_20260917-pilot6_calibration-retail-transfer-low-4w-40tps-r5_retail-transfer-low_w2_22,wlt_c_20260917-pilot6_calibration-retail-transfer-low-4w-40tps-r5_retail-transfer-low_w2_47,1000,transfer_20260917-pilot6_calibration-retail-transfer-low-4w-40tps-r5_retail-transfer-low_w2_r1_77],  with error: Error: Failed to submit trasaction with status code: 11
2026.09.17-14:51:16.799[31m error[39m [caliper] [connectors/peer-gateway/PeerGateway] 	Failed to perform submit transaction [Transfer] using arguments [wlt_c_20260917-pilot6_calibration-retail-transfer-low-4w-40tps-r5_retail-transfer-low_w2_24,wlt_c_20260917-pilot6_calibration-retail-transfer-low-4w-40tps-r5_retail-transfer-low_w2_49,1000,transfer_20260917-pilot6_calibration-retail-transfer-low-4w-40tps-r5_retail-transfer-low_w2_r1_79],  with error: Error: Failed to submit trasaction with status code: 11
2026.09.17-14:51:17.415[31m error[39m [caliper] [connectors/peer-gateway/PeerGateway] 	Failed to perform submit transaction [Transfer] using arguments [wlt_c_20260917-pilot6_calibration-retail-transfer-low-4w-40tps-r5_retail-transfer-low_w3_3,wlt_c_20260917-pilot6_calibration-retail-transfer-low-4w-40tps-r5_retail-transfer-low_w3_28,1000,transfer_20260917-pilot6_calibration-retail-transfer-low-4w-40tps-r5_retail-transfer-low_w3_r1_82],  with error: Error: Failed to submit trasaction with status code: 11
2026.09.17-14:51:17.420[31m error[39m [caliper] [connectors/peer-gateway/PeerGateway] 	Failed to perform submit transaction [Transfer] using arguments [wlt_c_20260917-pilot6_calibration-retail-transfer-low-4w-40tps-r5_retail-transfer-low_w2_4,wlt_c_20260917-pilot6_calibration-retail-transfer-low-4w-40tps-r5_retail-transfer-low_w2_29,1000,transfer_20260917-pilot6_calibration-retail-transfer-low-4w-40tps-r5_retail-transfer-low_w2_r1_83],  with error: Error: Failed to submit trasaction with status code: 11
2026.09.17-14:51:17.422[31m error[39m [caliper] [connectors/peer-gateway/PeerGateway] 	Failed to perform submit transaction [Transfer] using arguments [wlt_c_20260917-pilot6_calibration-retail-transfer-low-4w-40tps-r5_retail-transfer-low_w3_4,wlt_c_20260917-pilot6_calibration-retail-transfer-low-4w-40tps-r5_retail-transfer-low_w3_29,1000,transfer_20260917-pilot6_calibration-retail-transfer-low-4w-40tps-r5_retail-transfer-low_w3_r1_83],  with error: Error: Failed to submit trasaction with status code: 11
2026.09.17-14:51:17.437[31m error[39m [caliper] [connectors/peer-gateway/PeerGateway] 	Failed to perform submit transaction [Transfer] using arguments [wlt_c_20260917-pilot6_calibration-retail-transfer-low-4w-40tps-r5_retail-transfer-low_w2_3,wlt_c_20260917-pilot6_calibration-retail-transfer-low-4w-40tps-r5_retail-transfer-low_w2_28,1000,transfer_20260917-pilot6_calibration-retail-transfer-low-4w-40tps-r5_retail-transfer-low_w2_r1_82],  with error: Error: Failed to submit trasaction with status code: 11
2026.09.17-14:51:17.437[31m error[39m [caliper] [connectors/peer-gateway/PeerGateway] 	Failed to perform submit transaction [Transfer] using arguments [wlt_c_20260917-pilot6_calibration-retail-transfer-low-4w-40tps-r5_retail-transfer-low_w2_6,wlt_c_20260917-pilot6_calibration-retail-transfer-low-4w-40tps-r5_retail-transfer-low_w2_31,1000,transfer_20260917-pilot6_calibration-retail-transfer-low-4w-40tps-r5_retail-transfer-low_w2_r1_84],  with error: Error: Failed to submit trasaction with status code: 11
2026.09.17-14:51:17.977[31m error[39m [caliper] [connectors/peer-gateway/PeerGateway] 	Failed to perform submit transaction [Transfer] using arguments [wlt_c_20260917-pilot6_calibration-retail-transfer-low-4w-40tps-r5_retail-transfer-low_w2_11,wlt_c_20260917-pilot6_calibration-retail-transfer-low-4w-40tps-r5_retail-transfer-low_w2_36,1000,transfer_20260917-pilot6_calibration-retail-transfer-low-4w-40tps-r5_retail-transfer-low_w2_r1_88],  with error: Error: Failed to submit trasaction with status code: 11
2026.09.17-14:51:17.981[31m error[39m [caliper] [connectors/peer-gateway/PeerGateway] 	Failed to perform submit transaction [Transfer] using arguments [wlt_c_20260917-pilot6_calibration-retail-transfer-low-4w-40tps-r5_retail-transfer-low_w0_7,wlt_c_20260917-pilot6_calibration-retail-transfer-low-4w-40tps-r5_retail-transfer-low_w0_32,1000,transfer_20260917-pilot6_calibration-retail-transfer-low-4w-40tps-r5_retail-transfer-low_w0_r1_85],  with error: Error: Failed to submit trasaction with status code: 11
2026.09.17-14:51:17.991[31m error[39m [caliper] [connectors/peer-gateway/PeerGateway] 	Failed to perform submit transaction [Transfer] using arguments [wlt_c_20260917-pilot6_calibration-retail-transfer-low-4w-40tps-r5_retail-transfer-low_w0_8,wlt_c_20260917-pilot6_calibration-retail-transfer-low-4w-40tps-r5_retail-transfer-low_w0_33,1000,transfer_20260917-pilot6_calibration-retail-transfer-low-4w-40tps-r5_retail-transfer-low_w0_r1_86],  with error: Error: Failed to submit trasaction with status code: 11
2026.09.17-14:51:18.004[31m error[39m [caliper] [connectors/peer-gateway/PeerGateway] 	Failed to perform submit transaction [Transfer] using arguments [wlt_c_20260917-pilot6_calibration-retail-transfer-low-4w-40tps-r5_retail-transfer-low_w0_6,wlt_c_20260917-pilot6_calibration-retail-transfer-low-4w-40tps-r5_retail-transfer-low_w0_31,1000,transfer_20260917-pilot6_calibration-retail-transfer-low-4w-40tps-r5_retail-transfer-low_w0_r1_84],  with error: Error: Failed to submit trasaction with status code: 11
2026.09.17-14:51:18.014[31m error[39m [caliper] [connectors/peer-gateway/PeerGateway] 	Failed to perform submit transaction [Transfer] using arguments [wlt_c_20260917-pilot6_calibration-retail-transfer-low-4w-40tps-r5_retail-transfer-low_w2_7,wlt_c_20260917-pilot6_calibration-retail-transfer-low-4w-40tps-r5_retail-transfer-low_w2_32,1000,transfer_20260917-pilot6_calibration-retail-transfer-low-4w-40tps-r5_retail-transfer-low_w2_r1_85],  with error: Error: Failed to submit trasaction with status code: 11
2026.09.17-14:51:18.484[31m error[39m [caliper] [connectors/peer-gateway/PeerGateway] 	Failed to perform submit transaction [Transfer] using arguments [wlt_c_20260917-pilot6_calibration-retail-transfer-low-4w-40tps-r5_retail-transfer-low_w0_11,wlt_c_20260917-pilot6_calibration-retail-transfer-low-4w-40tps-r5_retail-transfer-low_w0_36,1000,transfer_20260917-pilot6_calibration-retail-transfer-low-4w-40tps-r5_retail-transfer-low_w0_r1_88],  with error: Error: Failed to submit trasaction with status code: 11
2026.09.17-14:51:18.752[32m info [39m [caliper] [default-observer] 	[retail-transfer-low-40tps Round 1 Transaction Info] - Submitted: 496 Succ: 271 Fail:76 Unfinished:149
2026.09.17-14:51:21.928[31m error[39m [caliper] [connectors/peer-gateway/PeerGateway] 	Failed to perform submit transaction [Transfer] using arguments [wlt_c_20260917-pilot6_calibration-retail-transfer-low-4w-40tps-r5_retail-transfer-low_w2_2,wlt_c_20260917-pilot6_calibration-retail-transfer-low-4w-40tps-r5_retail-transfer-low_w2_27,1000,transfer_20260917-pilot6_calibration-retail-transfer-low-4w-40tps-r5_retail-transfer-low_w2_r1_101],  with error: Error: Failed to submit trasaction with status code: 11
2026.09.17-14:51:21.962[31m error[39m [caliper] [connectors/peer-gateway/PeerGateway] 	Failed to perform submit transaction [Transfer] using arguments [wlt_c_20260917-pilot6_calibration-retail-transfer-low-4w-40tps-r5_retail-transfer-low_w1_2,wlt_c_20260917-pilot6_calibration-retail-transfer-low-4w-40tps-r5_retail-transfer-low_w1_27,1000,transfer_20260917-pilot6_calibration-retail-transfer-low-4w-40tps-r5_retail-transfer-low_w1_r1_101],  with error: Error: Failed to submit trasaction with status code: 11
2026.09.17-14:51:22.507[31m error[39m [caliper] [connectors/peer-gateway/PeerGateway] 	Failed to perform submit transaction [Transfer] using arguments [wlt_c_20260917-pilot6_calibration-retail-transfer-low-4w-40tps-r5_retail-transfer-low_w3_6,wlt_c_20260917-pilot6_calibration-retail-transfer-low-4w-40tps-r5_retail-transfer-low_w3_31,1000,transfer_20260917-pilot6_calibration-retail-transfer-low-4w-40tps-r5_retail-transfer-low_w3_r1_104],  with error: Error: Failed to submit trasaction with status code: 11
2026.09.17-14:51:22.536[31m error[39m [caliper] [connectors/peer-gateway/PeerGateway] 	Failed to perform submit transaction [Transfer] using arguments [wlt_c_20260917-pilot6_calibration-retail-transfer-low-4w-40tps-r5_retail-transfer-low_w1_6,wlt_c_20260917-pilot6_calibration-retail-transfer-low-4w-40tps-r5_retail-transfer-low_w1_31,1000,transfer_20260917-pilot6_calibration-retail-transfer-low-4w-40tps-r5_retail-transfer-low_w1_r1_104],  with error: Error: Failed to submit trasaction with status code: 11
2026.09.17-14:51:22.560[31m error[39m [caliper] [connectors/peer-gateway/PeerGateway] 	Failed to perform submit transaction [Transfer] using arguments [wlt_c_20260917-pilot6_calibration-retail-transfer-low-4w-40tps-r5_retail-transfer-low_w1_3,wlt_c_20260917-pilot6_calibration-retail-transfer-low-4w-40tps-r5_retail-transfer-low_w1_28,1000,transfer_20260917-pilot6_calibration-retail-transfer-low-4w-40tps-r5_retail-transfer-low_w1_r1_102],  with error: Error: Failed to submit trasaction with status code: 11
2026.09.17-14:51:22.561[31m error[39m [caliper] [connectors/peer-gateway/PeerGateway] 	Failed to perform submit transaction [Transfer] using arguments [wlt_c_20260917-pilot6_calibration-retail-transfer-low-4w-40tps-r5_retail-transfer-low_w1_4,wlt_c_20260917-pilot6_calibration-retail-transfer-low-4w-40tps-r5_retail-transfer-low_w1_29,1000,transfer_20260917-pilot6_calibration-retail-transfer-low-4w-40tps-r5_retail-transfer-low_w1_r1_103],  with error: Error: Failed to submit trasaction with status code: 11
2026.09.17-14:51:23.316[31m error[39m [caliper] [connectors/peer-gateway/PeerGateway] 	Failed to perform submit transaction [Transfer] using arguments [wlt_c_20260917-pilot6_calibration-retail-transfer-low-4w-40tps-r5_retail-transfer-low_w3_7,wlt_c_20260917-pilot6_calibration-retail-transfer-low-4w-40tps-r5_retail-transfer-low_w3_32,1000,transfer_20260917-pilot6_calibration-retail-transfer-low-4w-40tps-r5_retail-transfer-low_w3_r1_105],  with error: Error: Failed to submit trasaction with status code: 11
2026.09.17-14:51:23.327[31m error[39m [caliper] [connectors/peer-gateway/PeerGateway] 	Failed to perform submit transaction [Transfer] using arguments [wlt_c_20260917-pilot6_calibration-retail-transfer-low-4w-40tps-r5_retail-transfer-low_w3_8,wlt_c_20260917-pilot6_calibration-retail-transfer-low-4w-40tps-r5_retail-transfer-low_w3_33,1000,transfer_20260917-pilot6_calibration-retail-transfer-low-4w-40tps-r5_retail-transfer-low_w3_r1_106],  with error: Error: Failed to submit trasaction with status code: 11
2026.09.17-14:51:23.345[31m error[39m [caliper] [connectors/peer-gateway/PeerGateway] 	Failed to perform submit transaction [Transfer] using arguments [wlt_c_20260917-pilot6_calibration-retail-transfer-low-4w-40tps-r5_retail-transfer-low_w1_9,wlt_c_20260917-pilot6_calibration-retail-transfer-low-4w-40tps-r5_retail-transfer-low_w1_34,1000,transfer_20260917-pilot6_calibration-retail-transfer-low-4w-40tps-r5_retail-transfer-low_w1_r1_107],  with error: Error: Failed to submit trasaction with status code: 11
2026.09.17-14:51:23.349[31m error[39m [caliper] [connectors/peer-gateway/PeerGateway] 	Failed to perform submit transaction [Transfer] using arguments [wlt_c_20260917-pilot6_calibration-retail-transfer-low-4w-40tps-r5_retail-transfer-low_w0_9,wlt_c_20260917-pilot6_calibration-retail-transfer-low-4w-40tps-r5_retail-transfer-low_w0_34,1000,transfer_20260917-pilot6_calibration-retail-transfer-low-4w-40tps-r5_retail-transfer-low_w0_r1_107],  with error: Error: Failed to submit trasaction with status code: 11
2026.09.17-14:51:23.357[31m error[39m [caliper] [connectors/peer-gateway/PeerGateway] 	Failed to perform submit transaction [Transfer] using arguments [wlt_c_20260917-pilot6_calibration-retail-transfer-low-4w-40tps-r5_retail-transfer-low_w1_7,wlt_c_20260917-pilot6_calibration-retail-transfer-low-4w-40tps-r5_retail-transfer-low_w1_32,1000,transfer_20260917-pilot6_calibration-retail-transfer-low-4w-40tps-r5_retail-transfer-low_w1_r1_105],  with error: Error: Failed to submit trasaction with status code: 11
2026.09.17-14:51:23.361[31m error[39m [caliper] [connectors/peer-gateway/PeerGateway] 	Failed to perform submit transaction [Transfer] using arguments [wlt_c_20260917-pilot6_calibration-retail-transfer-low-4w-40tps-r5_retail-transfer-low_w2_8,wlt_c_20260917-pilot6_calibration-retail-transfer-low-4w-40tps-r5_retail-transfer-low_w2_33,1000,transfer_20260917-pilot6_calibration-retail-transfer-low-4w-40tps-r5_retail-transfer-low_w2_r1_106],  with error: Error: Failed to submit trasaction with status code: 11
2026.09.17-14:51:23.364[31m error[39m [caliper] [connectors/peer-gateway/PeerGateway] 	Failed to perform submit transaction [Transfer] using arguments [wlt_c_20260917-pilot6_calibration-retail-transfer-low-4w-40tps-r5_retail-transfer-low_w1_8,wlt_c_20260917-pilot6_calibration-retail-transfer-low-4w-40tps-r5_retail-transfer-low_w1_33,1000,transfer_20260917-pilot6_calibration-retail-transfer-low-4w-40tps-r5_retail-transfer-low_w1_r1_106],  with error: Error: Failed to submit trasaction with status code: 11
2026.09.17-14:51:23.793[32m info [39m [caliper] [default-observer] 	[retail-transfer-low-40tps Round 1 Transaction Info] - Submitted: 677 Succ: 332 Fail:83 Unfinished:262
2026.09.17-14:51:23.824[31m error[39m [caliper] [connectors/peer-gateway/PeerGateway] 	Failed to perform submit transaction [Transfer] using arguments [wlt_c_20260917-pilot6_calibration-retail-transfer-low-4w-40tps-r5_retail-transfer-low_w3_9,wlt_c_20260917-pilot6_calibration-retail-transfer-low-4w-40tps-r5_retail-transfer-low_w3_34,1000,transfer_20260917-pilot6_calibration-retail-transfer-low-4w-40tps-r5_retail-transfer-low_w3_r1_107],  with error: Error: Failed to submit trasaction with status code: 11
2026.09.17-14:51:23.827[31m error[39m [caliper] [connectors/peer-gateway/PeerGateway] 	Failed to perform submit transaction [Transfer] using arguments [wlt_c_20260917-pilot6_calibration-retail-transfer-low-4w-40tps-r5_retail-transfer-low_w2_9,wlt_c_20260917-pilot6_calibration-retail-transfer-low-4w-40tps-r5_retail-transfer-low_w2_34,1000,transfer_20260917-pilot6_calibration-retail-transfer-low-4w-40tps-r5_retail-transfer-low_w2_r1_107],  with error: Error: Failed to submit trasaction with status code: 11
2026.09.17-14:51:23.835[31m error[39m [caliper] [connectors/peer-gateway/PeerGateway] 	Failed to perform submit transaction [Transfer] using arguments [wlt_c_20260917-pilot6_calibration-retail-transfer-low-4w-40tps-r5_retail-transfer-low_w3_11,wlt_c_20260917-pilot6_calibration-retail-transfer-low-4w-40tps-r5_retail-transfer-low_w3_36,1000,transfer_20260917-pilot6_calibration-retail-transfer-low-4w-40tps-r5_retail-transfer-low_w3_r1_108],  with error: Error: Failed to submit trasaction with status code: 11
2026.09.17-14:51:23.837[31m error[39m [caliper] [connectors/peer-gateway/PeerGateway] 	Failed to perform submit transaction [Transfer] using arguments [wlt_c_20260917-pilot6_calibration-retail-transfer-low-4w-40tps-r5_retail-transfer-low_w2_12,wlt_c_20260917-pilot6_calibration-retail-transfer-low-4w-40tps-r5_retail-transfer-low_w2_37,1000,transfer_20260917-pilot6_calibration-retail-transfer-low-4w-40tps-r5_retail-transfer-low_w2_r1_109],  with error: Error: Failed to submit trasaction with status code: 11
2026.09.17-14:51:23.837[31m error[39m [caliper] [connectors/peer-gateway/PeerGateway] 	Failed to perform submit transaction [Transfer] using arguments [wlt_c_20260917-pilot6_calibration-retail-transfer-low-4w-40tps-r5_retail-transfer-low_w3_12,wlt_c_20260917-pilot6_calibration-retail-transfer-low-4w-40tps-r5_retail-transfer-low_w3_37,1000,transfer_20260917-pilot6_calibration-retail-transfer-low-4w-40tps-r5_retail-transfer-low_w3_r1_109],  with error: Error: Failed to submit trasaction with status code: 11
2026.09.17-14:51:23.841[31m error[39m [caliper] [connectors/peer-gateway/PeerGateway] 	Failed to perform submit transaction [Transfer] using arguments [wlt_c_20260917-pilot6_calibration-retail-transfer-low-4w-40tps-r5_retail-transfer-low_w1_13,wlt_c_20260917-pilot6_calibration-retail-transfer-low-4w-40tps-r5_retail-transfer-low_w1_38,1000,transfer_20260917-pilot6_calibration-retail-transfer-low-4w-40tps-r5_retail-transfer-low_w1_r1_110],  with error: Error: Failed to submit trasaction with status code: 11
2026.09.17-14:51:23.854[31m error[39m [caliper] [connectors/peer-gateway/PeerGateway] 	Failed to perform submit transaction [Transfer] using arguments [wlt_c_20260917-pilot6_calibration-retail-transfer-low-4w-40tps-r5_retail-transfer-low_w0_12,wlt_c_20260917-pilot6_calibration-retail-transfer-low-4w-40tps-r5_retail-transfer-low_w0_37,1000,transfer_20260917-pilot6_calibration-retail-transfer-low-4w-40tps-r5_retail-transfer-low_w0_r1_109],  with error: Error: Failed to submit trasaction with status code: 11
2026.09.17-14:51:23.862[31m error[39m [caliper] [connectors/peer-gateway/PeerGateway] 	Failed to perform submit transaction [Transfer] using arguments [wlt_c_20260917-pilot6_calibration-retail-transfer-low-4w-40tps-r5_retail-transfer-low_w1_11,wlt_c_20260917-pilot6_calibration-retail-transfer-low-4w-40tps-r5_retail-transfer-low_w1_36,1000,transfer_20260917-pilot6_calibration-retail-transfer-low-4w-40tps-r5_retail-transfer-low_w1_r1_108],  with error: Error: Failed to submit trasaction with status code: 11
2026.09.17-14:51:24.181[31m error[39m [caliper] [connectors/peer-gateway/PeerGateway] 	Failed to perform submit transaction [Transfer] using arguments [wlt_c_20260917-pilot6_calibration-retail-transfer-low-4w-40tps-r5_retail-transfer-low_w3_18,wlt_c_20260917-pilot6_calibration-retail-transfer-low-4w-40tps-r5_retail-transfer-low_w3_43,1000,transfer_20260917-pilot6_calibration-retail-transfer-low-4w-40tps-r5_retail-transfer-low_w3_r1_114],  with error: Error: Failed to submit trasaction with status code: 11
2026.09.17-14:51:24.182[31m error[39m [caliper] [connectors/peer-gateway/PeerGateway] 	Failed to perform submit transaction [Transfer] using arguments [wlt_c_20260917-pilot6_calibration-retail-transfer-low-4w-40tps-r5_retail-transfer-low_w3_14,wlt_c_20260917-pilot6_calibration-retail-transfer-low-4w-40tps-r5_retail-transfer-low_w3_39,1000,transfer_20260917-pilot6_calibration-retail-transfer-low-4w-40tps-r5_retail-transfer-low_w3_r1_111],  with error: Error: Failed to submit trasaction with status code: 11
2026.09.17-14:51:24.182[31m error[39m [caliper] [connectors/peer-gateway/PeerGateway] 	Failed to perform submit transaction [Transfer] using arguments [wlt_c_20260917-pilot6_calibration-retail-transfer-low-4w-40tps-r5_retail-transfer-low_w3_13,wlt_c_20260917-pilot6_calibration-retail-transfer-low-4w-40tps-r5_retail-transfer-low_w3_38,1000,transfer_20260917-pilot6_calibration-retail-transfer-low-4w-40tps-r5_retail-transfer-low_w3_r1_110],  with error: Error: Failed to submit trasaction with status code: 11
2026.09.17-14:51:24.252[31m error[39m [caliper] [connectors/peer-gateway/PeerGateway] 	Failed to perform submit transaction [Transfer] using arguments [wlt_c_20260917-pilot6_calibration-retail-transfer-low-4w-40tps-r5_retail-transfer-low_w1_12,wlt_c_20260917-pilot6_calibration-retail-transfer-low-4w-40tps-r5_retail-transfer-low_w1_37,1000,transfer_20260917-pilot6_calibration-retail-transfer-low-4w-40tps-r5_retail-transfer-low_w1_r1_109],  with error: Error: Failed to submit trasaction with status code: 11
2026.09.17-14:51:24.252[31m error[39m [caliper] [connectors/peer-gateway/PeerGateway] 	Failed to perform submit transaction [Transfer] using arguments [wlt_c_20260917-pilot6_calibration-retail-transfer-low-4w-40tps-r5_retail-transfer-low_w1_14,wlt_c_20260917-pilot6_calibration-retail-transfer-low-4w-40tps-r5_retail-transfer-low_w1_39,1000,transfer_20260917-pilot6_calibration-retail-transfer-low-4w-40tps-r5_retail-transfer-low_w1_r1_111],  with error: Error: Failed to submit trasaction with status code: 11
2026.09.17-14:51:24.283[31m error[39m [caliper] [connectors/peer-gateway/PeerGateway] 	Failed to perform submit transaction [Transfer] using arguments [wlt_c_20260917-pilot6_calibration-retail-transfer-low-4w-40tps-r5_retail-transfer-low_w0_13,wlt_c_20260917-pilot6_calibration-retail-transfer-low-4w-40tps-r5_retail-transfer-low_w0_38,1000,transfer_20260917-pilot6_calibration-retail-transfer-low-4w-40tps-r5_retail-transfer-low_w0_r1_110],  with error: Error: Failed to submit trasaction with status code: 11
2026.09.17-14:51:24.285[31m error[39m [caliper] [connectors/peer-gateway/PeerGateway] 	Failed to perform submit transaction [Transfer] using arguments [wlt_c_20260917-pilot6_calibration-retail-transfer-low-4w-40tps-r5_retail-transfer-low_w2_13,wlt_c_20260917-pilot6_calibration-retail-transfer-low-4w-40tps-r5_retail-transfer-low_w2_38,1000,transfer_20260917-pilot6_calibration-retail-transfer-low-4w-40tps-r5_retail-transfer-low_w2_r1_110],  with error: Error: Failed to submit trasaction with status code: 11
2026.09.17-14:51:24.301[31m error[39m [caliper] [connectors/peer-gateway/PeerGateway] 	Failed to perform submit transaction [Transfer] using arguments [wlt_c_20260917-pilot6_calibration-retail-transfer-low-4w-40tps-r5_retail-transfer-low_w2_14,wlt_c_20260917-pilot6_calibration-retail-transfer-low-4w-40tps-r5_retail-transfer-low_w2_39,1000,transfer_20260917-pilot6_calibration-retail-transfer-low-4w-40tps-r5_retail-transfer-low_w2_r1_111],  with error: Error: Failed to submit trasaction with status code: 11
2026.09.17-14:51:24.301[31m error[39m [caliper] [connectors/peer-gateway/PeerGateway] 	Failed to perform submit transaction [Transfer] using arguments [wlt_c_20260917-pilot6_calibration-retail-transfer-low-4w-40tps-r5_retail-transfer-low_w2_17,wlt_c_20260917-pilot6_calibration-retail-transfer-low-4w-40tps-r5_retail-transfer-low_w2_42,1000,transfer_20260917-pilot6_calibration-retail-transfer-low-4w-40tps-r5_retail-transfer-low_w2_r1_113],  with error: Error: Failed to submit trasaction with status code: 11
2026.09.17-14:51:24.304[31m error[39m [caliper] [connectors/peer-gateway/PeerGateway] 	Failed to perform submit transaction [Transfer] using arguments [wlt_c_20260917-pilot6_calibration-retail-transfer-low-4w-40tps-r5_retail-transfer-low_w0_14,wlt_c_20260917-pilot6_calibration-retail-transfer-low-4w-40tps-r5_retail-transfer-low_w0_39,1000,transfer_20260917-pilot6_calibration-retail-transfer-low-4w-40tps-r5_retail-transfer-low_w0_r1_111],  with error: Error: Failed to submit trasaction with status code: 11
2026.09.17-14:51:24.482[31m error[39m [caliper] [connectors/peer-gateway/PeerGateway] 	Failed to perform submit transaction [Transfer] using arguments [wlt_c_20260917-pilot6_calibration-retail-transfer-low-4w-40tps-r5_retail-transfer-low_w2_18,wlt_c_20260917-pilot6_calibration-retail-transfer-low-4w-40tps-r5_retail-transfer-low_w2_43,1000,transfer_20260917-pilot6_calibration-retail-transfer-low-4w-40tps-r5_retail-transfer-low_w2_r1_114],  with error: Error: Failed to submit trasaction with status code: 11
2026.09.17-14:51:24.482[31m error[39m [caliper] [connectors/peer-gateway/PeerGateway] 	Failed to perform submit transaction [Transfer] using arguments [wlt_c_20260917-pilot6_calibration-retail-transfer-low-4w-40tps-r5_retail-transfer-low_w2_16,wlt_c_20260917-pilot6_calibration-retail-transfer-low-4w-40tps-r5_retail-transfer-low_w2_41,1000,transfer_20260917-pilot6_calibration-retail-transfer-low-4w-40tps-r5_retail-transfer-low_w2_r1_112],  with error: Error: Failed to submit trasaction with status code: 11
2026.09.17-14:51:24.496[31m error[39m [caliper] [connectors/peer-gateway/PeerGateway] 	Failed to perform submit transaction [Transfer] using arguments [wlt_c_20260917-pilot6_calibration-retail-transfer-low-4w-40tps-r5_retail-transfer-low_w2_23,wlt_c_20260917-pilot6_calibration-retail-transfer-low-4w-40tps-r5_retail-transfer-low_w2_48,1000,transfer_20260917-pilot6_calibration-retail-transfer-low-4w-40tps-r5_retail-transfer-low_w2_r1_118],  with error: Error: Failed to submit trasaction with status code: 11
2026.09.17-14:51:24.565[31m error[39m [caliper] [connectors/peer-gateway/PeerGateway] 	Failed to perform submit transaction [Transfer] using arguments [wlt_c_20260917-pilot6_calibration-retail-transfer-low-4w-40tps-r5_retail-transfer-low_w3_21,wlt_c_20260917-pilot6_calibration-retail-transfer-low-4w-40tps-r5_retail-transfer-low_w3_46,1000,transfer_20260917-pilot6_calibration-retail-transfer-low-4w-40tps-r5_retail-transfer-low_w3_r1_116],  with error: Error: Failed to submit trasaction with status code: 11
2026.09.17-14:51:24.569[31m error[39m [caliper] [connectors/peer-gateway/PeerGateway] 	Failed to perform submit transaction [Transfer] using arguments [wlt_c_20260917-pilot6_calibration-retail-transfer-low-4w-40tps-r5_retail-transfer-low_w3_16,wlt_c_20260917-pilot6_calibration-retail-transfer-low-4w-40tps-r5_retail-transfer-low_w3_41,1000,transfer_20260917-pilot6_calibration-retail-transfer-low-4w-40tps-r5_retail-transfer-low_w3_r1_112],  with error: Error: Failed to submit trasaction with status code: 11
2026.09.17-14:51:24.602[31m error[39m [caliper] [connectors/peer-gateway/PeerGateway] 	Failed to perform submit transaction [Transfer] using arguments [wlt_c_20260917-pilot6_calibration-retail-transfer-low-4w-40tps-r5_retail-transfer-low_w1_21,wlt_c_20260917-pilot6_calibration-retail-transfer-low-4w-40tps-r5_retail-transfer-low_w1_46,1000,transfer_20260917-pilot6_calibration-retail-transfer-low-4w-40tps-r5_retail-transfer-low_w1_r1_116],  with error: Error: Failed to submit trasaction with status code: 11
2026.09.17-14:51:24.603[31m error[39m [caliper] [connectors/peer-gateway/PeerGateway] 	Failed to perform submit transaction [Transfer] using arguments [wlt_c_20260917-pilot6_calibration-retail-transfer-low-4w-40tps-r5_retail-transfer-low_w1_16,wlt_c_20260917-pilot6_calibration-retail-transfer-low-4w-40tps-r5_retail-transfer-low_w1_41,1000,transfer_20260917-pilot6_calibration-retail-transfer-low-4w-40tps-r5_retail-transfer-low_w1_r1_112],  with error: Error: Failed to submit trasaction with status code: 11
2026.09.17-14:51:24.603[31m error[39m [caliper] [connectors/peer-gateway/PeerGateway] 	Failed to perform submit transaction [Transfer] using arguments [wlt_c_20260917-pilot6_calibration-retail-transfer-low-4w-40tps-r5_retail-transfer-low_w1_17,wlt_c_20260917-pilot6_calibration-retail-transfer-low-4w-40tps-r5_retail-transfer-low_w1_42,1000,transfer_20260917-pilot6_calibration-retail-transfer-low-4w-40tps-r5_retail-transfer-low_w1_r1_113],  with error: Error: Failed to submit trasaction with status code: 11
2026.09.17-14:51:24.642[31m error[39m [caliper] [connectors/peer-gateway/PeerGateway] 	Failed to perform submit transaction [Transfer] using arguments [wlt_c_20260917-pilot6_calibration-retail-transfer-low-4w-40tps-r5_retail-transfer-low_w0_16,wlt_c_20260917-pilot6_calibration-retail-transfer-low-4w-40tps-r5_retail-transfer-low_w0_41,1000,transfer_20260917-pilot6_calibration-retail-transfer-low-4w-40tps-r5_retail-transfer-low_w0_r1_112],  with error: Error: Failed to submit trasaction with status code: 11
2026.09.17-14:51:24.643[31m error[39m [caliper] [connectors/peer-gateway/PeerGateway] 	Failed to perform submit transaction [Transfer] using arguments [wlt_c_20260917-pilot6_calibration-retail-transfer-low-4w-40tps-r5_retail-transfer-low_w0_18,wlt_c_20260917-pilot6_calibration-retail-transfer-low-4w-40tps-r5_retail-transfer-low_w0_43,1000,transfer_20260917-pilot6_calibration-retail-transfer-low-4w-40tps-r5_retail-transfer-low_w0_r1_114],  with error: Error: Failed to submit trasaction with status code: 11
2026.09.17-14:51:24.817[31m error[39m [caliper] [connectors/peer-gateway/PeerGateway] 	Failed to perform submit transaction [Transfer] using arguments [wlt_c_20260917-pilot6_calibration-retail-transfer-low-4w-40tps-r5_retail-transfer-low_w2_21,wlt_c_20260917-pilot6_calibration-retail-transfer-low-4w-40tps-r5_retail-transfer-low_w2_46,1000,transfer_20260917-pilot6_calibration-retail-transfer-low-4w-40tps-r5_retail-transfer-low_w2_r1_116],  with error: Error: Failed to submit trasaction with status code: 11
2026.09.17-14:51:24.828[31m error[39m [caliper] [connectors/peer-gateway/PeerGateway] 	Failed to perform submit transaction [Transfer] using arguments [wlt_c_20260917-pilot6_calibration-retail-transfer-low-4w-40tps-r5_retail-transfer-low_w2_19,wlt_c_20260917-pilot6_calibration-retail-transfer-low-4w-40tps-r5_retail-transfer-low_w2_44,1000,transfer_20260917-pilot6_calibration-retail-transfer-low-4w-40tps-r5_retail-transfer-low_w2_r1_115],  with error: Error: Failed to submit trasaction with status code: 11
2026.09.17-14:51:24.828[31m error[39m [caliper] [connectors/peer-gateway/PeerGateway] 	Failed to perform submit transaction [Transfer] using arguments [wlt_c_20260917-pilot6_calibration-retail-transfer-low-4w-40tps-r5_retail-transfer-low_w2_22,wlt_c_20260917-pilot6_calibration-retail-transfer-low-4w-40tps-r5_retail-transfer-low_w2_47,1000,transfer_20260917-pilot6_calibration-retail-transfer-low-4w-40tps-r5_retail-transfer-low_w2_r1_117],  with error: Error: Failed to submit trasaction with status code: 11
2026.09.17-14:51:24.835[31m error[39m [caliper] [connectors/peer-gateway/PeerGateway] 	Failed to perform submit transaction [Transfer] using arguments [wlt_c_20260917-pilot6_calibration-retail-transfer-low-4w-40tps-r5_retail-transfer-low_w0_19,wlt_c_20260917-pilot6_calibration-retail-transfer-low-4w-40tps-r5_retail-transfer-low_w0_44,1000,transfer_20260917-pilot6_calibration-retail-transfer-low-4w-40tps-r5_retail-transfer-low_w0_r1_115],  with error: Error: Failed to submit trasaction with status code: 11
2026.09.17-14:51:24.849[31m error[39m [caliper] [connectors/peer-gateway/PeerGateway] 	Failed to perform submit transaction [Transfer] using arguments [wlt_c_20260917-pilot6_calibration-retail-transfer-low-4w-40tps-r5_retail-transfer-low_w3_22,wlt_c_20260917-pilot6_calibration-retail-transfer-low-4w-40tps-r5_retail-transfer-low_w3_47,1000,transfer_20260917-pilot6_calibration-retail-transfer-low-4w-40tps-r5_retail-transfer-low_w3_r1_117],  with error: Error: Failed to submit trasaction with status code: 11
2026.09.17-14:51:24.850[31m error[39m [caliper] [connectors/peer-gateway/PeerGateway] 	Failed to perform submit transaction [Transfer] using arguments [wlt_c_20260917-pilot6_calibration-retail-transfer-low-4w-40tps-r5_retail-transfer-low_w3_19,wlt_c_20260917-pilot6_calibration-retail-transfer-low-4w-40tps-r5_retail-transfer-low_w3_44,1000,transfer_20260917-pilot6_calibration-retail-transfer-low-4w-40tps-r5_retail-transfer-low_w3_r1_115],  with error: Error: Failed to submit trasaction with status code: 11
2026.09.17-14:51:24.859[31m error[39m [caliper] [connectors/peer-gateway/PeerGateway] 	Failed to perform submit transaction [Transfer] using arguments [wlt_c_20260917-pilot6_calibration-retail-transfer-low-4w-40tps-r5_retail-transfer-low_w1_18,wlt_c_20260917-pilot6_calibration-retail-transfer-low-4w-40tps-r5_retail-transfer-low_w1_43,1000,transfer_20260917-pilot6_calibration-retail-transfer-low-4w-40tps-r5_retail-transfer-low_w1_r1_114],  with error: Error: Failed to submit trasaction with status code: 11
2026.09.17-14:51:24.860[31m error[39m [caliper] [connectors/peer-gateway/PeerGateway] 	Failed to perform submit transaction [Transfer] using arguments [wlt_c_20260917-pilot6_calibration-retail-transfer-low-4w-40tps-r5_retail-transfer-low_w1_19,wlt_c_20260917-pilot6_calibration-retail-transfer-low-4w-40tps-r5_retail-transfer-low_w1_44,1000,transfer_20260917-pilot6_calibration-retail-transfer-low-4w-40tps-r5_retail-transfer-low_w1_r1_115],  with error: Error: Failed to submit trasaction with status code: 11
2026.09.17-14:51:24.861[31m error[39m [caliper] [connectors/peer-gateway/PeerGateway] 	Failed to perform submit transaction [Transfer] using arguments [wlt_c_20260917-pilot6_calibration-retail-transfer-low-4w-40tps-r5_retail-transfer-low_w1_22,wlt_c_20260917-pilot6_calibration-retail-transfer-low-4w-40tps-r5_retail-transfer-low_w1_47,1000,transfer_20260917-pilot6_calibration-retail-transfer-low-4w-40tps-r5_retail-transfer-low_w1_r1_117],  with error: Error: Failed to submit trasaction with status code: 11
2026.09.17-14:51:24.865[31m error[39m [caliper] [connectors/peer-gateway/PeerGateway] 	Failed to perform submit transaction [Transfer] using arguments [wlt_c_20260917-pilot6_calibration-retail-transfer-low-4w-40tps-r5_retail-transfer-low_w0_17,wlt_c_20260917-pilot6_calibration-retail-transfer-low-4w-40tps-r5_retail-transfer-low_w0_42,1000,transfer_20260917-pilot6_calibration-retail-transfer-low-4w-40tps-r5_retail-transfer-low_w0_r1_113],  with error: Error: Failed to submit trasaction with status code: 11
2026.09.17-14:51:25.152[31m error[39m [caliper] [connectors/peer-gateway/PeerGateway] 	Failed to perform submit transaction [Transfer] using arguments [wlt_c_20260917-pilot6_calibration-retail-transfer-low-4w-40tps-r5_retail-transfer-low_w1_23,wlt_c_20260917-pilot6_calibration-retail-transfer-low-4w-40tps-r5_retail-transfer-low_w1_48,1000,transfer_20260917-pilot6_calibration-retail-transfer-low-4w-40tps-r5_retail-transfer-low_w1_r1_118],  with error: Error: Failed to submit trasaction with status code: 11
2026.09.17-14:51:25.163[31m error[39m [caliper] [connectors/peer-gateway/PeerGateway] 	Failed to perform submit transaction [Transfer] using arguments [wlt_c_20260917-pilot6_calibration-retail-transfer-low-4w-40tps-r5_retail-transfer-low_w1_1,wlt_c_20260917-pilot6_calibration-retail-transfer-low-4w-40tps-r5_retail-transfer-low_w1_26,1000,transfer_20260917-pilot6_calibration-retail-transfer-low-4w-40tps-r5_retail-transfer-low_w1_r1_120],  with error: Error: Failed to submit trasaction with status code: 11
2026.09.17-14:51:25.178[31m error[39m [caliper] [connectors/peer-gateway/PeerGateway] 	Failed to perform submit transaction [Transfer] using arguments [wlt_c_20260917-pilot6_calibration-retail-transfer-low-4w-40tps-r5_retail-transfer-low_w1_24,wlt_c_20260917-pilot6_calibration-retail-transfer-low-4w-40tps-r5_retail-transfer-low_w1_49,1000,transfer_20260917-pilot6_calibration-retail-transfer-low-4w-40tps-r5_retail-transfer-low_w1_r1_119],  with error: Error: Failed to submit trasaction with status code: 11
2026.09.17-14:51:25.183[31m error[39m [caliper] [connectors/peer-gateway/PeerGateway] 	Failed to perform submit transaction [Transfer] using arguments [wlt_c_20260917-pilot6_calibration-retail-transfer-low-4w-40tps-r5_retail-transfer-low_w3_23,wlt_c_20260917-pilot6_calibration-retail-transfer-low-4w-40tps-r5_retail-transfer-low_w3_48,1000,transfer_20260917-pilot6_calibration-retail-transfer-low-4w-40tps-r5_retail-transfer-low_w3_r1_118],  with error: Error: Failed to submit trasaction with status code: 11
2026.09.17-14:51:25.227[31m error[39m [caliper] [connectors/peer-gateway/PeerGateway] 	Failed to perform submit transaction [Transfer] using arguments [wlt_c_20260917-pilot6_calibration-retail-transfer-low-4w-40tps-r5_retail-transfer-low_w3_24,wlt_c_20260917-pilot6_calibration-retail-transfer-low-4w-40tps-r5_retail-transfer-low_w3_49,1000,transfer_20260917-pilot6_calibration-retail-transfer-low-4w-40tps-r5_retail-transfer-low_w3_r1_119],  with error: Error: Failed to submit trasaction with status code: 11
2026.09.17-14:51:25.227[31m error[39m [caliper] [connectors/peer-gateway/PeerGateway] 	Failed to perform submit transaction [Transfer] using arguments [wlt_c_20260917-pilot6_calibration-retail-transfer-low-4w-40tps-r5_retail-transfer-low_w3_17,wlt_c_20260917-pilot6_calibration-retail-transfer-low-4w-40tps-r5_retail-transfer-low_w3_42,1000,transfer_20260917-pilot6_calibration-retail-transfer-low-4w-40tps-r5_retail-transfer-low_w3_r1_113],  with error: Error: Failed to submit trasaction with status code: 11
2026.09.17-14:51:25.231[31m error[39m [caliper] [connectors/peer-gateway/PeerGateway] 	Failed to perform submit transaction [Transfer] using arguments [wlt_c_20260917-pilot6_calibration-retail-transfer-low-4w-40tps-r5_retail-transfer-low_w0_24,wlt_c_20260917-pilot6_calibration-retail-transfer-low-4w-40tps-r5_retail-transfer-low_w0_49,1000,transfer_20260917-pilot6_calibration-retail-transfer-low-4w-40tps-r5_retail-transfer-low_w0_r1_119],  with error: Error: Failed to submit trasaction with status code: 11
2026.09.17-14:51:25.232[31m error[39m [caliper] [connectors/peer-gateway/PeerGateway] 	Failed to perform submit transaction [Transfer] using arguments [wlt_c_20260917-pilot6_calibration-retail-transfer-low-4w-40tps-r5_retail-transfer-low_w0_23,wlt_c_20260917-pilot6_calibration-retail-transfer-low-4w-40tps-r5_retail-transfer-low_w0_48,1000,transfer_20260917-pilot6_calibration-retail-transfer-low-4w-40tps-r5_retail-transfer-low_w0_r1_118],  with error: Error: Failed to submit trasaction with status code: 11
2026.09.17-14:51:25.233[31m error[39m [caliper] [connectors/peer-gateway/PeerGateway] 	Failed to perform submit transaction [Transfer] using arguments [wlt_c_20260917-pilot6_calibration-retail-transfer-low-4w-40tps-r5_retail-transfer-low_w0_21,wlt_c_20260917-pilot6_calibration-retail-transfer-low-4w-40tps-r5_retail-transfer-low_w0_46,1000,transfer_20260917-pilot6_calibration-retail-transfer-low-4w-40tps-r5_retail-transfer-low_w0_r1_116],  with error: Error: Failed to submit trasaction with status code: 11
2026.09.17-14:51:25.233[31m error[39m [caliper] [connectors/peer-gateway/PeerGateway] 	Failed to perform submit transaction [Transfer] using arguments [wlt_c_20260917-pilot6_calibration-retail-transfer-low-4w-40tps-r5_retail-transfer-low_w0_22,wlt_c_20260917-pilot6_calibration-retail-transfer-low-4w-40tps-r5_retail-transfer-low_w0_47,1000,transfer_20260917-pilot6_calibration-retail-transfer-low-4w-40tps-r5_retail-transfer-low_w0_r1_117],  with error: Error: Failed to submit trasaction with status code: 11
2026.09.17-14:51:25.565[31m error[39m [caliper] [connectors/peer-gateway/PeerGateway] 	Failed to perform submit transaction [Transfer] using arguments [wlt_c_20260917-pilot6_calibration-retail-transfer-low-4w-40tps-r5_retail-transfer-low_w0_2,wlt_c_20260917-pilot6_calibration-retail-transfer-low-4w-40tps-r5_retail-transfer-low_w0_27,1000,transfer_20260917-pilot6_calibration-retail-transfer-low-4w-40tps-r5_retail-transfer-low_w0_r1_121],  with error: Error: Failed to submit trasaction with status code: 11
2026.09.17-14:51:25.570[31m error[39m [caliper] [connectors/peer-gateway/PeerGateway] 	Failed to perform submit transaction [Transfer] using arguments [wlt_c_20260917-pilot6_calibration-retail-transfer-low-4w-40tps-r5_retail-transfer-low_w0_3,wlt_c_20260917-pilot6_calibration-retail-transfer-low-4w-40tps-r5_retail-transfer-low_w0_28,1000,transfer_20260917-pilot6_calibration-retail-transfer-low-4w-40tps-r5_retail-transfer-low_w0_r1_122],  with error: Error: Failed to submit trasaction with status code: 11
2026.09.17-14:51:25.572[31m error[39m [caliper] [connectors/peer-gateway/PeerGateway] 	Failed to perform submit transaction [Transfer] using arguments [wlt_c_20260917-pilot6_calibration-retail-transfer-low-4w-40tps-r5_retail-transfer-low_w2_3,wlt_c_20260917-pilot6_calibration-retail-transfer-low-4w-40tps-r5_retail-transfer-low_w2_28,1000,transfer_20260917-pilot6_calibration-retail-transfer-low-4w-40tps-r5_retail-transfer-low_w2_r1_122],  with error: Error: Failed to submit trasaction with status code: 11
2026.09.17-14:51:25.572[31m error[39m [caliper] [connectors/peer-gateway/PeerGateway] 	Failed to perform submit transaction [Transfer] using arguments [wlt_c_20260917-pilot6_calibration-retail-transfer-low-4w-40tps-r5_retail-transfer-low_w2_24,wlt_c_20260917-pilot6_calibration-retail-transfer-low-4w-40tps-r5_retail-transfer-low_w2_49,1000,transfer_20260917-pilot6_calibration-retail-transfer-low-4w-40tps-r5_retail-transfer-low_w2_r1_119],  with error: Error: Failed to submit trasaction with status code: 11
2026.09.17-14:51:25.573[31m error[39m [caliper] [connectors/peer-gateway/PeerGateway] 	Failed to perform submit transaction [Transfer] using arguments [wlt_c_20260917-pilot6_calibration-retail-transfer-low-4w-40tps-r5_retail-transfer-low_w2_1,wlt_c_20260917-pilot6_calibration-retail-transfer-low-4w-40tps-r5_retail-transfer-low_w2_26,1000,transfer_20260917-pilot6_calibration-retail-transfer-low-4w-40tps-r5_retail-transfer-low_w2_r1_120],  with error: Error: Failed to submit trasaction with status code: 11
2026.09.17-14:51:25.578[31m error[39m [caliper] [connectors/peer-gateway/PeerGateway] 	Failed to perform submit transaction [Transfer] using arguments [wlt_c_20260917-pilot6_calibration-retail-transfer-low-4w-40tps-r5_retail-transfer-low_w3_2,wlt_c_20260917-pilot6_calibration-retail-transfer-low-4w-40tps-r5_retail-transfer-low_w3_27,1000,transfer_20260917-pilot6_calibration-retail-transfer-low-4w-40tps-r5_retail-transfer-low_w3_r1_121],  with error: Error: Failed to submit trasaction with status code: 11
2026.09.17-14:51:26.230[31m error[39m [caliper] [connectors/peer-gateway/PeerGateway] 	Failed to perform submit transaction [Transfer] using arguments [wlt_c_20260917-pilot6_calibration-retail-transfer-low-4w-40tps-r5_retail-transfer-low_w0_1,wlt_c_20260917-pilot6_calibration-retail-transfer-low-4w-40tps-r5_retail-transfer-low_w0_26,1000,transfer_20260917-pilot6_calibration-retail-transfer-low-4w-40tps-r5_retail-transfer-low_w0_r1_120],  with error: Error: Failed to submit trasaction with status code: 11
2026.09.17-14:51:26.233[31m error[39m [caliper] [connectors/peer-gateway/PeerGateway] 	Failed to perform submit transaction [Transfer] using arguments [wlt_c_20260917-pilot6_calibration-retail-transfer-low-4w-40tps-r5_retail-transfer-low_w3_1,wlt_c_20260917-pilot6_calibration-retail-transfer-low-4w-40tps-r5_retail-transfer-low_w3_26,1000,transfer_20260917-pilot6_calibration-retail-transfer-low-4w-40tps-r5_retail-transfer-low_w3_r1_120],  with error: Error: Failed to submit trasaction with status code: 11
2026.09.17-14:51:26.237[31m error[39m [caliper] [connectors/peer-gateway/PeerGateway] 	Failed to perform submit transaction [Transfer] using arguments [wlt_c_20260917-pilot6_calibration-retail-transfer-low-4w-40tps-r5_retail-transfer-low_w3_3,wlt_c_20260917-pilot6_calibration-retail-transfer-low-4w-40tps-r5_retail-transfer-low_w3_28,1000,transfer_20260917-pilot6_calibration-retail-transfer-low-4w-40tps-r5_retail-transfer-low_w3_r1_122],  with error: Error: Failed to submit trasaction with status code: 11
2026.09.17-14:51:26.242[31m error[39m [caliper] [connectors/peer-gateway/PeerGateway] 	Failed to perform submit transaction [Transfer] using arguments [wlt_c_20260917-pilot6_calibration-retail-transfer-low-4w-40tps-r5_retail-transfer-low_w3_4,wlt_c_20260917-pilot6_calibration-retail-transfer-low-4w-40tps-r5_retail-transfer-low_w3_29,1000,transfer_20260917-pilot6_calibration-retail-transfer-low-4w-40tps-r5_retail-transfer-low_w3_r1_123],  with error: Error: Failed to submit trasaction with status code: 11
2026.09.17-14:51:26.247[31m error[39m [caliper] [connectors/peer-gateway/PeerGateway] 	Failed to perform submit transaction [Transfer] using arguments [wlt_c_20260917-pilot6_calibration-retail-transfer-low-4w-40tps-r5_retail-transfer-low_w0_4,wlt_c_20260917-pilot6_calibration-retail-transfer-low-4w-40tps-r5_retail-transfer-low_w0_29,1000,transfer_20260917-pilot6_calibration-retail-transfer-low-4w-40tps-r5_retail-transfer-low_w0_r1_123],  with error: Error: Failed to submit trasaction with status code: 11
2026.09.17-14:51:26.252[31m error[39m [caliper] [connectors/peer-gateway/PeerGateway] 	Failed to perform submit transaction [Transfer] using arguments [wlt_c_20260917-pilot6_calibration-retail-transfer-low-4w-40tps-r5_retail-transfer-low_w0_6,wlt_c_20260917-pilot6_calibration-retail-transfer-low-4w-40tps-r5_retail-transfer-low_w0_31,1000,transfer_20260917-pilot6_calibration-retail-transfer-low-4w-40tps-r5_retail-transfer-low_w0_r1_124],  with error: Error: Failed to submit trasaction with status code: 11
2026.09.17-14:51:26.266[31m error[39m [caliper] [connectors/peer-gateway/PeerGateway] 	Failed to perform submit transaction [Transfer] using arguments [wlt_c_20260917-pilot6_calibration-retail-transfer-low-4w-40tps-r5_retail-transfer-low_w2_6,wlt_c_20260917-pilot6_calibration-retail-transfer-low-4w-40tps-r5_retail-transfer-low_w2_31,1000,transfer_20260917-pilot6_calibration-retail-transfer-low-4w-40tps-r5_retail-transfer-low_w2_r1_124],  with error: Error: Failed to submit trasaction with status code: 11
2026.09.17-14:51:26.269[31m error[39m [caliper] [connectors/peer-gateway/PeerGateway] 	Failed to perform submit transaction [Transfer] using arguments [wlt_c_20260917-pilot6_calibration-retail-transfer-low-4w-40tps-r5_retail-transfer-low_w2_4,wlt_c_20260917-pilot6_calibration-retail-transfer-low-4w-40tps-r5_retail-transfer-low_w2_29,1000,transfer_20260917-pilot6_calibration-retail-transfer-low-4w-40tps-r5_retail-transfer-low_w2_r1_123],  with error: Error: Failed to submit trasaction with status code: 11
2026.09.17-14:51:26.787[31m error[39m [caliper] [connectors/peer-gateway/PeerGateway] 	Failed to perform submit transaction [Transfer] using arguments [wlt_c_20260917-pilot6_calibration-retail-transfer-low-4w-40tps-r5_retail-transfer-low_w2_11,wlt_c_20260917-pilot6_calibration-retail-transfer-low-4w-40tps-r5_retail-transfer-low_w2_36,1000,transfer_20260917-pilot6_calibration-retail-transfer-low-4w-40tps-r5_retail-transfer-low_w2_r1_128],  with error: Error: Failed to submit trasaction with status code: 11
2026.09.17-14:51:26.814[31m error[39m [caliper] [connectors/peer-gateway/PeerGateway] 	Failed to perform submit transaction [Transfer] using arguments [wlt_c_20260917-pilot6_calibration-retail-transfer-low-4w-40tps-r5_retail-transfer-low_w0_7,wlt_c_20260917-pilot6_calibration-retail-transfer-low-4w-40tps-r5_retail-transfer-low_w0_32,1000,transfer_20260917-pilot6_calibration-retail-transfer-low-4w-40tps-r5_retail-transfer-low_w0_r1_125],  with error: Error: Failed to submit trasaction with status code: 11
2026.09.17-14:51:26.819[31m error[39m [caliper] [connectors/peer-gateway/PeerGateway] 	Failed to perform submit transaction [Transfer] using arguments [wlt_c_20260917-pilot6_calibration-retail-transfer-low-4w-40tps-r5_retail-transfer-low_w3_11,wlt_c_20260917-pilot6_calibration-retail-transfer-low-4w-40tps-r5_retail-transfer-low_w3_36,1000,transfer_20260917-pilot6_calibration-retail-transfer-low-4w-40tps-r5_retail-transfer-low_w3_r1_128],  with error: Error: Failed to submit trasaction with status code: 11
2026.09.17-14:51:26.833[31m error[39m [caliper] [connectors/peer-gateway/PeerGateway] 	Failed to perform submit transaction [Transfer] using arguments [wlt_c_20260917-pilot6_calibration-retail-transfer-low-4w-40tps-r5_retail-transfer-low_w2_7,wlt_c_20260917-pilot6_calibration-retail-transfer-low-4w-40tps-r5_retail-transfer-low_w2_32,1000,transfer_20260917-pilot6_calibration-retail-transfer-low-4w-40tps-r5_retail-transfer-low_w2_r1_125],  with error: Error: Failed to submit trasaction with status code: 11
2026.09.17-14:51:27.520[31m error[39m [caliper] [connectors/peer-gateway/PeerGateway] 	Failed to perform submit transaction [Transfer] using arguments [wlt_c_20260917-pilot6_calibration-retail-transfer-low-4w-40tps-r5_retail-transfer-low_w0_8,wlt_c_20260917-pilot6_calibration-retail-transfer-low-4w-40tps-r5_retail-transfer-low_w0_33,1000,transfer_20260917-pilot6_calibration-retail-transfer-low-4w-40tps-r5_retail-transfer-low_w0_r1_126],  with error: Error: Failed to submit trasaction with status code: 11
2026.09.17-14:51:27.520[31m error[39m [caliper] [connectors/peer-gateway/PeerGateway] 	Failed to perform submit transaction [Transfer] using arguments [wlt_c_20260917-pilot6_calibration-retail-transfer-low-4w-40tps-r5_retail-transfer-low_w0_11,wlt_c_20260917-pilot6_calibration-retail-transfer-low-4w-40tps-r5_retail-transfer-low_w0_36,1000,transfer_20260917-pilot6_calibration-retail-transfer-low-4w-40tps-r5_retail-transfer-low_w0_r1_128],  with error: Error: Failed to submit trasaction with status code: 11
2026.09.17-14:51:28.525[31m error[39m [caliper] [connectors/peer-gateway/PeerGateway] 	Failed to perform submit transaction [Transfer] using arguments [wlt_c_20260917-pilot6_calibration-retail-transfer-low-4w-40tps-r5_retail-transfer-low_w1_17,wlt_c_20260917-pilot6_calibration-retail-transfer-low-4w-40tps-r5_retail-transfer-low_w1_42,1000,transfer_20260917-pilot6_calibration-retail-transfer-low-4w-40tps-r5_retail-transfer-low_w1_r1_133],  with error: Error: Failed to submit trasaction with status code: 11
2026.09.17-14:51:28.528[31m error[39m [caliper] [connectors/peer-gateway/PeerGateway] 	Failed to perform submit transaction [Transfer] using arguments [wlt_c_20260917-pilot6_calibration-retail-transfer-low-4w-40tps-r5_retail-transfer-low_w1_16,wlt_c_20260917-pilot6_calibration-retail-transfer-low-4w-40tps-r5_retail-transfer-low_w1_41,1000,transfer_20260917-pilot6_calibration-retail-transfer-low-4w-40tps-r5_retail-transfer-low_w1_r1_132],  with error: Error: Failed to submit trasaction with status code: 11
2026.09.17-14:51:28.529[31m error[39m [caliper] [connectors/peer-gateway/PeerGateway] 	Failed to perform submit transaction [Transfer] using arguments [wlt_c_20260917-pilot6_calibration-retail-transfer-low-4w-40tps-r5_retail-transfer-low_w1_14,wlt_c_20260917-pilot6_calibration-retail-transfer-low-4w-40tps-r5_retail-transfer-low_w1_39,1000,transfer_20260917-pilot6_calibration-retail-transfer-low-4w-40tps-r5_retail-transfer-low_w1_r1_131],  with error: Error: Failed to submit trasaction with status code: 11
2026.09.17-14:51:28.793[32m info [39m [caliper] [default-observer] 	[retail-transfer-low-40tps Round 1 Transaction Info] - Submitted: 907 Succ: 359 Fail:161 Unfinished:387
2026.09.17-14:51:29.171[31m error[39m [caliper] [connectors/peer-gateway/PeerGateway] 	Failed to perform submit transaction [Transfer] using arguments [wlt_c_20260917-pilot6_calibration-retail-transfer-low-4w-40tps-r5_retail-transfer-low_w1_22,wlt_c_20260917-pilot6_calibration-retail-transfer-low-4w-40tps-r5_retail-transfer-low_w1_47,1000,transfer_20260917-pilot6_calibration-retail-transfer-low-4w-40tps-r5_retail-transfer-low_w1_r1_137],  with error: Error: Failed to submit trasaction with status code: 11
2026.09.17-14:51:29.181[31m error[39m [caliper] [connectors/peer-gateway/PeerGateway] 	Failed to perform submit transaction [Transfer] using arguments [wlt_c_20260917-pilot6_calibration-retail-transfer-low-4w-40tps-r5_retail-transfer-low_w2_17,wlt_c_20260917-pilot6_calibration-retail-transfer-low-4w-40tps-r5_retail-transfer-low_w2_42,1000,transfer_20260917-pilot6_calibration-retail-transfer-low-4w-40tps-r5_retail-transfer-low_w2_r1_133],  with error: Error: Failed to submit trasaction with status code: 11
2026.09.17-14:51:29.181[31m error[39m [caliper] [connectors/peer-gateway/PeerGateway] 	Failed to perform submit transaction [Transfer] using arguments [wlt_c_20260917-pilot6_calibration-retail-transfer-low-4w-40tps-r5_retail-transfer-low_w1_23,wlt_c_20260917-pilot6_calibration-retail-transfer-low-4w-40tps-r5_retail-transfer-low_w1_48,1000,transfer_20260917-pilot6_calibration-retail-transfer-low-4w-40tps-r5_retail-transfer-low_w1_r1_138],  with error: Error: Failed to submit trasaction with status code: 11
2026.09.17-14:51:29.184[31m error[39m [caliper] [connectors/peer-gateway/PeerGateway] 	Failed to perform submit transaction [Transfer] using arguments [wlt_c_20260917-pilot6_calibration-retail-transfer-low-4w-40tps-r5_retail-transfer-low_w2_23,wlt_c_20260917-pilot6_calibration-retail-transfer-low-4w-40tps-r5_retail-transfer-low_w2_48,1000,transfer_20260917-pilot6_calibration-retail-transfer-low-4w-40tps-r5_retail-transfer-low_w2_r1_138],  with error: Error: Failed to submit trasaction with status code: 11
2026.09.17-14:51:29.184[31m error[39m [caliper] [connectors/peer-gateway/PeerGateway] 	Failed to perform submit transaction [Transfer] using arguments [wlt_c_20260917-pilot6_calibration-retail-transfer-low-4w-40tps-r5_retail-transfer-low_w0_17,wlt_c_20260917-pilot6_calibration-retail-transfer-low-4w-40tps-r5_retail-transfer-low_w0_42,1000,transfer_20260917-pilot6_calibration-retail-transfer-low-4w-40tps-r5_retail-transfer-low_w0_r1_133],  with error: Error: Failed to submit trasaction with status code: 11
2026.09.17-14:51:29.182[31m error[39m [caliper] [connectors/peer-gateway/PeerGateway] 	Failed to perform submit transaction [Transfer] using arguments [wlt_c_20260917-pilot6_calibration-retail-transfer-low-4w-40tps-r5_retail-transfer-low_w3_17,wlt_c_20260917-pilot6_calibration-retail-transfer-low-4w-40tps-r5_retail-transfer-low_w3_42,1000,transfer_20260917-pilot6_calibration-retail-transfer-low-4w-40tps-r5_retail-transfer-low_w3_r1_133],  with error: Error: Failed to submit trasaction with status code: 11
2026.09.17-14:51:29.188[31m error[39m [caliper] [connectors/peer-gateway/PeerGateway] 	Failed to perform submit transaction [Transfer] using arguments [wlt_c_20260917-pilot6_calibration-retail-transfer-low-4w-40tps-r5_retail-transfer-low_w3_23,wlt_c_20260917-pilot6_calibration-retail-transfer-low-4w-40tps-r5_retail-transfer-low_w3_48,1000,transfer_20260917-pilot6_calibration-retail-transfer-low-4w-40tps-r5_retail-transfer-low_w3_r1_138],  with error: Error: Failed to submit trasaction with status code: 11
2026.09.17-14:51:29.700[31m error[39m [caliper] [connectors/peer-gateway/PeerGateway] 	Failed to perform submit transaction [Transfer] using arguments [wlt_c_20260917-pilot6_calibration-retail-transfer-low-4w-40tps-r5_retail-transfer-low_w1_19,wlt_c_20260917-pilot6_calibration-retail-transfer-low-4w-40tps-r5_retail-transfer-low_w1_44,1000,transfer_20260917-pilot6_calibration-retail-transfer-low-4w-40tps-r5_retail-transfer-low_w1_r1_135],  with error: Error: Failed to submit trasaction with status code: 11
2026.09.17-14:51:29.704[31m error[39m [caliper] [connectors/peer-gateway/PeerGateway] 	Failed to perform submit transaction [Transfer] using arguments [wlt_c_20260917-pilot6_calibration-retail-transfer-low-4w-40tps-r5_retail-transfer-low_w1_18,wlt_c_20260917-pilot6_calibration-retail-transfer-low-4w-40tps-r5_retail-transfer-low_w1_43,1000,transfer_20260917-pilot6_calibration-retail-transfer-low-4w-40tps-r5_retail-transfer-low_w1_r1_134],  with error: Error: Failed to submit trasaction with status code: 11
2026.09.17-14:51:29.708[31m error[39m [caliper] [connectors/peer-gateway/PeerGateway] 	Failed to perform submit transaction [Transfer] using arguments [wlt_c_20260917-pilot6_calibration-retail-transfer-low-4w-40tps-r5_retail-transfer-low_w2_22,wlt_c_20260917-pilot6_calibration-retail-transfer-low-4w-40tps-r5_retail-transfer-low_w2_47,1000,transfer_20260917-pilot6_calibration-retail-transfer-low-4w-40tps-r5_retail-transfer-low_w2_r1_137],  with error: Error: Failed to submit trasaction with status code: 11
2026.09.17-14:51:29.710[31m error[39m [caliper] [connectors/peer-gateway/PeerGateway] 	Failed to perform submit transaction [Transfer] using arguments [wlt_c_20260917-pilot6_calibration-retail-transfer-low-4w-40tps-r5_retail-transfer-low_w2_21,wlt_c_20260917-pilot6_calibration-retail-transfer-low-4w-40tps-r5_retail-transfer-low_w2_46,1000,transfer_20260917-pilot6_calibration-retail-transfer-low-4w-40tps-r5_retail-transfer-low_w2_r1_136],  with error: Error: Failed to submit trasaction with status code: 11
2026.09.17-14:51:29.711[31m error[39m [caliper] [connectors/peer-gateway/PeerGateway] 	Failed to perform submit transaction [Transfer] using arguments [wlt_c_20260917-pilot6_calibration-retail-transfer-low-4w-40tps-r5_retail-transfer-low_w2_24,wlt_c_20260917-pilot6_calibration-retail-transfer-low-4w-40tps-r5_retail-transfer-low_w2_49,1000,transfer_20260917-pilot6_calibration-retail-transfer-low-4w-40tps-r5_retail-transfer-low_w2_r1_139],  with error: Error: Failed to submit trasaction with status code: 11
2026.09.17-14:51:29.720[31m error[39m [caliper] [connectors/peer-gateway/PeerGateway] 	Failed to perform submit transaction [Transfer] using arguments [wlt_c_20260917-pilot6_calibration-retail-transfer-low-4w-40tps-r5_retail-transfer-low_w0_23,wlt_c_20260917-pilot6_calibration-retail-transfer-low-4w-40tps-r5_retail-transfer-low_w0_48,1000,transfer_20260917-pilot6_calibration-retail-transfer-low-4w-40tps-r5_retail-transfer-low_w0_r1_138],  with error: Error: Failed to submit trasaction with status code: 11
2026.09.17-14:51:30.924[31m error[39m [caliper] [connectors/peer-gateway/PeerGateway] 	Failed to perform submit transaction [Transfer] using arguments [wlt_c_20260917-pilot6_calibration-retail-transfer-low-4w-40tps-r5_retail-transfer-low_w0_24,wlt_c_20260917-pilot6_calibration-retail-transfer-low-4w-40tps-r5_retail-transfer-low_w0_49,1000,transfer_20260917-pilot6_calibration-retail-transfer-low-4w-40tps-r5_retail-transfer-low_w0_r1_139],  with error: Error: Failed to submit trasaction with status code: 11
2026.09.17-14:51:30.969[31m error[39m [caliper] [connectors/peer-gateway/PeerGateway] 	Failed to perform submit transaction [Transfer] using arguments [wlt_c_20260917-pilot6_calibration-retail-transfer-low-4w-40tps-r5_retail-transfer-low_w0_22,wlt_c_20260917-pilot6_calibration-retail-transfer-low-4w-40tps-r5_retail-transfer-low_w0_47,1000,transfer_20260917-pilot6_calibration-retail-transfer-low-4w-40tps-r5_retail-transfer-low_w0_r1_137],  with error: Error: Failed to submit trasaction with status code: 11
2026.09.17-14:51:30.974[31m error[39m [caliper] [connectors/peer-gateway/PeerGateway] 	Failed to perform submit transaction [Transfer] using arguments [wlt_c_20260917-pilot6_calibration-retail-transfer-low-4w-40tps-r5_retail-transfer-low_w2_1,wlt_c_20260917-pilot6_calibration-retail-transfer-low-4w-40tps-r5_retail-transfer-low_w2_26,1000,transfer_20260917-pilot6_calibration-retail-transfer-low-4w-40tps-r5_retail-transfer-low_w2_r1_140],  with error: Error: Failed to submit trasaction with status code: 11
2026.09.17-14:51:30.980[31m error[39m [caliper] [connectors/peer-gateway/PeerGateway] 	Failed to perform submit transaction [Transfer] using arguments [wlt_c_20260917-pilot6_calibration-retail-transfer-low-4w-40tps-r5_retail-transfer-low_w1_21,wlt_c_20260917-pilot6_calibration-retail-transfer-low-4w-40tps-r5_retail-transfer-low_w1_46,1000,transfer_20260917-pilot6_calibration-retail-transfer-low-4w-40tps-r5_retail-transfer-low_w1_r1_136],  with error: Error: Failed to submit trasaction with status code: 11
2026.09.17-14:51:30.983[31m error[39m [caliper] [connectors/peer-gateway/PeerGateway] 	Failed to perform submit transaction [Transfer] using arguments [wlt_c_20260917-pilot6_calibration-retail-transfer-low-4w-40tps-r5_retail-transfer-low_w3_21,wlt_c_20260917-pilot6_calibration-retail-transfer-low-4w-40tps-r5_retail-transfer-low_w3_46,1000,transfer_20260917-pilot6_calibration-retail-transfer-low-4w-40tps-r5_retail-transfer-low_w3_r1_136],  with error: Error: Failed to submit trasaction with status code: 11
2026.09.17-14:51:30.985[31m error[39m [caliper] [connectors/peer-gateway/PeerGateway] 	Failed to perform submit transaction [Transfer] using arguments [wlt_c_20260917-pilot6_calibration-retail-transfer-low-4w-40tps-r5_retail-transfer-low_w3_24,wlt_c_20260917-pilot6_calibration-retail-transfer-low-4w-40tps-r5_retail-transfer-low_w3_49,1000,transfer_20260917-pilot6_calibration-retail-transfer-low-4w-40tps-r5_retail-transfer-low_w3_r1_139],  with error: Error: Failed to submit trasaction with status code: 11
2026.09.17-14:51:30.986[31m error[39m [caliper] [connectors/peer-gateway/PeerGateway] 	Failed to perform submit transaction [Transfer] using arguments [wlt_c_20260917-pilot6_calibration-retail-transfer-low-4w-40tps-r5_retail-transfer-low_w3_22,wlt_c_20260917-pilot6_calibration-retail-transfer-low-4w-40tps-r5_retail-transfer-low_w3_47,1000,transfer_20260917-pilot6_calibration-retail-transfer-low-4w-40tps-r5_retail-transfer-low_w3_r1_137],  with error: Error: Failed to submit trasaction with status code: 11
2026.09.17-14:51:30.999[31m error[39m [caliper] [connectors/peer-gateway/PeerGateway] 	Failed to perform submit transaction [Transfer] using arguments [wlt_c_20260917-pilot6_calibration-retail-transfer-low-4w-40tps-r5_retail-transfer-low_w3_18,wlt_c_20260917-pilot6_calibration-retail-transfer-low-4w-40tps-r5_retail-transfer-low_w3_43,1000,transfer_20260917-pilot6_calibration-retail-transfer-low-4w-40tps-r5_retail-transfer-low_w3_r1_134],  with error: Error: Failed to submit trasaction with status code: 11
2026.09.17-14:51:31.461[31m error[39m [caliper] [connectors/peer-gateway/PeerGateway] 	Failed to perform submit transaction [Transfer] using arguments [wlt_c_20260917-pilot6_calibration-retail-transfer-low-4w-40tps-r5_retail-transfer-low_w0_2,wlt_c_20260917-pilot6_calibration-retail-transfer-low-4w-40tps-r5_retail-transfer-low_w0_27,1000,transfer_20260917-pilot6_calibration-retail-transfer-low-4w-40tps-r5_retail-transfer-low_w0_r1_141],  with error: Error: Failed to submit trasaction with status code: 11
2026.09.17-14:51:31.462[31m error[39m [caliper] [connectors/peer-gateway/PeerGateway] 	Failed to perform submit transaction [Transfer] using arguments [wlt_c_20260917-pilot6_calibration-retail-transfer-low-4w-40tps-r5_retail-transfer-low_w0_1,wlt_c_20260917-pilot6_calibration-retail-transfer-low-4w-40tps-r5_retail-transfer-low_w0_26,1000,transfer_20260917-pilot6_calibration-retail-transfer-low-4w-40tps-r5_retail-transfer-low_w0_r1_140],  with error: Error: Failed to submit trasaction with status code: 11
2026.09.17-14:51:31.523[31m error[39m [caliper] [connectors/peer-gateway/PeerGateway] 	Failed to perform submit transaction [Transfer] using arguments [wlt_c_20260917-pilot6_calibration-retail-transfer-low-4w-40tps-r5_retail-transfer-low_w1_2,wlt_c_20260917-pilot6_calibration-retail-transfer-low-4w-40tps-r5_retail-transfer-low_w1_27,1000,transfer_20260917-pilot6_calibration-retail-transfer-low-4w-40tps-r5_retail-transfer-low_w1_r1_141],  with error: Error: Failed to submit trasaction with status code: 11
2026.09.17-14:51:31.524[31m error[39m [caliper] [connectors/peer-gateway/PeerGateway] 	Failed to perform submit transaction [Transfer] using arguments [wlt_c_20260917-pilot6_calibration-retail-transfer-low-4w-40tps-r5_retail-transfer-low_w1_24,wlt_c_20260917-pilot6_calibration-retail-transfer-low-4w-40tps-r5_retail-transfer-low_w1_49,1000,transfer_20260917-pilot6_calibration-retail-transfer-low-4w-40tps-r5_retail-transfer-low_w1_r1_139],  with error: Error: Failed to submit trasaction with status code: 11
2026.09.17-14:51:31.524[31m error[39m [caliper] [connectors/peer-gateway/PeerGateway] 	Failed to perform submit transaction [Transfer] using arguments [wlt_c_20260917-pilot6_calibration-retail-transfer-low-4w-40tps-r5_retail-transfer-low_w1_1,wlt_c_20260917-pilot6_calibration-retail-transfer-low-4w-40tps-r5_retail-transfer-low_w1_26,1000,transfer_20260917-pilot6_calibration-retail-transfer-low-4w-40tps-r5_retail-transfer-low_w1_r1_140],  with error: Error: Failed to submit trasaction with status code: 11
2026.09.17-14:51:31.527[31m error[39m [caliper] [connectors/peer-gateway/PeerGateway] 	Failed to perform submit transaction [Transfer] using arguments [wlt_c_20260917-pilot6_calibration-retail-transfer-low-4w-40tps-r5_retail-transfer-low_w2_2,wlt_c_20260917-pilot6_calibration-retail-transfer-low-4w-40tps-r5_retail-transfer-low_w2_27,1000,transfer_20260917-pilot6_calibration-retail-transfer-low-4w-40tps-r5_retail-transfer-low_w2_r1_141],  with error: Error: Failed to submit trasaction with status code: 11
2026.09.17-14:51:31.535[31m error[39m [caliper] [connectors/peer-gateway/PeerGateway] 	Failed to perform submit transaction [Transfer] using arguments [wlt_c_20260917-pilot6_calibration-retail-transfer-low-4w-40tps-r5_retail-transfer-low_w3_2,wlt_c_20260917-pilot6_calibration-retail-transfer-low-4w-40tps-r5_retail-transfer-low_w3_27,1000,transfer_20260917-pilot6_calibration-retail-transfer-low-4w-40tps-r5_retail-transfer-low_w3_r1_141],  with error: Error: Failed to submit trasaction with status code: 11
2026.09.17-14:51:31.536[31m error[39m [caliper] [connectors/peer-gateway/PeerGateway] 	Failed to perform submit transaction [Transfer] using arguments [wlt_c_20260917-pilot6_calibration-retail-transfer-low-4w-40tps-r5_retail-transfer-low_w3_3,wlt_c_20260917-pilot6_calibration-retail-transfer-low-4w-40tps-r5_retail-transfer-low_w3_28,1000,transfer_20260917-pilot6_calibration-retail-transfer-low-4w-40tps-r5_retail-transfer-low_w3_r1_142],  with error: Error: Failed to submit trasaction with status code: 11
2026.09.17-14:51:31.536[31m error[39m [caliper] [connectors/peer-gateway/PeerGateway] 	Failed to perform submit transaction [Transfer] using arguments [wlt_c_20260917-pilot6_calibration-retail-transfer-low-4w-40tps-r5_retail-transfer-low_w3_1,wlt_c_20260917-pilot6_calibration-retail-transfer-low-4w-40tps-r5_retail-transfer-low_w3_26,1000,transfer_20260917-pilot6_calibration-retail-transfer-low-4w-40tps-r5_retail-transfer-low_w3_r1_140],  with error: Error: Failed to submit trasaction with status code: 11
2026.09.17-14:51:31.536[31m error[39m [caliper] [connectors/peer-gateway/PeerGateway] 	Failed to perform submit transaction [Transfer] using arguments [wlt_c_20260917-pilot6_calibration-retail-transfer-low-4w-40tps-r5_retail-transfer-low_w3_4,wlt_c_20260917-pilot6_calibration-retail-transfer-low-4w-40tps-r5_retail-transfer-low_w3_29,1000,transfer_20260917-pilot6_calibration-retail-transfer-low-4w-40tps-r5_retail-transfer-low_w3_r1_143],  with error: Error: Failed to submit trasaction with status code: 11
2026.09.17-14:51:31.638[31m error[39m [caliper] [connectors/peer-gateway/PeerGateway] 	Failed to perform submit transaction [Transfer] using arguments [wlt_c_20260917-pilot6_calibration-retail-transfer-low-4w-40tps-r5_retail-transfer-low_w2_7,wlt_c_20260917-pilot6_calibration-retail-transfer-low-4w-40tps-r5_retail-transfer-low_w2_32,1000,transfer_20260917-pilot6_calibration-retail-transfer-low-4w-40tps-r5_retail-transfer-low_w2_r1_145],  with error: Error: Failed to submit trasaction with status code: 11
2026.09.17-14:51:31.639[31m error[39m [caliper] [connectors/peer-gateway/PeerGateway] 	Failed to perform submit transaction [Transfer] using arguments [wlt_c_20260917-pilot6_calibration-retail-transfer-low-4w-40tps-r5_retail-transfer-low_w2_3,wlt_c_20260917-pilot6_calibration-retail-transfer-low-4w-40tps-r5_retail-transfer-low_w2_28,1000,transfer_20260917-pilot6_calibration-retail-transfer-low-4w-40tps-r5_retail-transfer-low_w2_r1_142],  with error: Error: Failed to submit trasaction with status code: 11
2026.09.17-14:51:31.640[31m error[39m [caliper] [connectors/peer-gateway/PeerGateway] 	Failed to perform submit transaction [Transfer] using arguments [wlt_c_20260917-pilot6_calibration-retail-transfer-low-4w-40tps-r5_retail-transfer-low_w2_4,wlt_c_20260917-pilot6_calibration-retail-transfer-low-4w-40tps-r5_retail-transfer-low_w2_29,1000,transfer_20260917-pilot6_calibration-retail-transfer-low-4w-40tps-r5_retail-transfer-low_w2_r1_143],  with error: Error: Failed to submit trasaction with status code: 11
2026.09.17-14:51:31.640[31m error[39m [caliper] [connectors/peer-gateway/PeerGateway] 	Failed to perform submit transaction [Transfer] using arguments [wlt_c_20260917-pilot6_calibration-retail-transfer-low-4w-40tps-r5_retail-transfer-low_w2_6,wlt_c_20260917-pilot6_calibration-retail-transfer-low-4w-40tps-r5_retail-transfer-low_w2_31,1000,transfer_20260917-pilot6_calibration-retail-transfer-low-4w-40tps-r5_retail-transfer-low_w2_r1_144],  with error: Error: Failed to submit trasaction with status code: 11
2026.09.17-14:51:31.647[31m error[39m [caliper] [connectors/peer-gateway/PeerGateway] 	Failed to perform submit transaction [Transfer] using arguments [wlt_c_20260917-pilot6_calibration-retail-transfer-low-4w-40tps-r5_retail-transfer-low_w3_6,wlt_c_20260917-pilot6_calibration-retail-transfer-low-4w-40tps-r5_retail-transfer-low_w3_31,1000,transfer_20260917-pilot6_calibration-retail-transfer-low-4w-40tps-r5_retail-transfer-low_w3_r1_144],  with error: Error: Failed to submit trasaction with status code: 11
2026.09.17-14:51:31.688[31m error[39m [caliper] [connectors/peer-gateway/PeerGateway] 	Failed to perform submit transaction [Transfer] using arguments [wlt_c_20260917-pilot6_calibration-retail-transfer-low-4w-40tps-r5_retail-transfer-low_w1_4,wlt_c_20260917-pilot6_calibration-retail-transfer-low-4w-40tps-r5_retail-transfer-low_w1_29,1000,transfer_20260917-pilot6_calibration-retail-transfer-low-4w-40tps-r5_retail-transfer-low_w1_r1_143],  with error: Error: Failed to submit trasaction with status code: 11
2026.09.17-14:51:31.688[31m error[39m [caliper] [connectors/peer-gateway/PeerGateway] 	Failed to perform submit transaction [Transfer] using arguments [wlt_c_20260917-pilot6_calibration-retail-transfer-low-4w-40tps-r5_retail-transfer-low_w1_3,wlt_c_20260917-pilot6_calibration-retail-transfer-low-4w-40tps-r5_retail-transfer-low_w1_28,1000,transfer_20260917-pilot6_calibration-retail-transfer-low-4w-40tps-r5_retail-transfer-low_w1_r1_142],  with error: Error: Failed to submit trasaction with status code: 11
2026.09.17-14:51:31.696[31m error[39m [caliper] [connectors/peer-gateway/PeerGateway] 	Failed to perform submit transaction [Transfer] using arguments [wlt_c_20260917-pilot6_calibration-retail-transfer-low-4w-40tps-r5_retail-transfer-low_w0_4,wlt_c_20260917-pilot6_calibration-retail-transfer-low-4w-40tps-r5_retail-transfer-low_w0_29,1000,transfer_20260917-pilot6_calibration-retail-transfer-low-4w-40tps-r5_retail-transfer-low_w0_r1_143],  with error: Error: Failed to submit trasaction with status code: 11
2026.09.17-14:51:31.696[31m error[39m [caliper] [connectors/peer-gateway/PeerGateway] 	Failed to perform submit transaction [Transfer] using arguments [wlt_c_20260917-pilot6_calibration-retail-transfer-low-4w-40tps-r5_retail-transfer-low_w0_3,wlt_c_20260917-pilot6_calibration-retail-transfer-low-4w-40tps-r5_retail-transfer-low_w0_28,1000,transfer_20260917-pilot6_calibration-retail-transfer-low-4w-40tps-r5_retail-transfer-low_w0_r1_142],  with error: Error: Failed to submit trasaction with status code: 11
2026.09.17-14:51:31.697[31m error[39m [caliper] [connectors/peer-gateway/PeerGateway] 	Failed to perform submit transaction [Transfer] using arguments [wlt_c_20260917-pilot6_calibration-retail-transfer-low-4w-40tps-r5_retail-transfer-low_w0_6,wlt_c_20260917-pilot6_calibration-retail-transfer-low-4w-40tps-r5_retail-transfer-low_w0_31,1000,transfer_20260917-pilot6_calibration-retail-transfer-low-4w-40tps-r5_retail-transfer-low_w0_r1_144],  with error: Error: Failed to submit trasaction with status code: 11
2026.09.17-14:51:31.856[31m error[39m [caliper] [connectors/peer-gateway/PeerGateway] 	Failed to perform submit transaction [Transfer] using arguments [wlt_c_20260917-pilot6_calibration-retail-transfer-low-4w-40tps-r5_retail-transfer-low_w3_9,wlt_c_20260917-pilot6_calibration-retail-transfer-low-4w-40tps-r5_retail-transfer-low_w3_34,1000,transfer_20260917-pilot6_calibration-retail-transfer-low-4w-40tps-r5_retail-transfer-low_w3_r1_147],  with error: Error: Failed to submit trasaction with status code: 11
2026.09.17-14:51:31.857[31m error[39m [caliper] [connectors/peer-gateway/PeerGateway] 	Failed to perform submit transaction [Transfer] using arguments [wlt_c_20260917-pilot6_calibration-retail-transfer-low-4w-40tps-r5_retail-transfer-low_w0_12,wlt_c_20260917-pilot6_calibration-retail-transfer-low-4w-40tps-r5_retail-transfer-low_w0_37,1000,transfer_20260917-pilot6_calibration-retail-transfer-low-4w-40tps-r5_retail-transfer-low_w0_r1_149],  with error: Error: Failed to submit trasaction with status code: 11
2026.09.17-14:51:31.860[31m error[39m [caliper] [connectors/peer-gateway/PeerGateway] 	Failed to perform submit transaction [Transfer] using arguments [wlt_c_20260917-pilot6_calibration-retail-transfer-low-4w-40tps-r5_retail-transfer-low_w3_12,wlt_c_20260917-pilot6_calibration-retail-transfer-low-4w-40tps-r5_retail-transfer-low_w3_37,1000,transfer_20260917-pilot6_calibration-retail-transfer-low-4w-40tps-r5_retail-transfer-low_w3_r1_149],  with error: Error: Failed to submit trasaction with status code: 11
2026.09.17-14:51:31.863[31m error[39m [caliper] [connectors/peer-gateway/PeerGateway] 	Failed to perform submit transaction [Transfer] using arguments [wlt_c_20260917-pilot6_calibration-retail-transfer-low-4w-40tps-r5_retail-transfer-low_w1_8,wlt_c_20260917-pilot6_calibration-retail-transfer-low-4w-40tps-r5_retail-transfer-low_w1_33,1000,transfer_20260917-pilot6_calibration-retail-transfer-low-4w-40tps-r5_retail-transfer-low_w1_r1_146],  with error: Error: Failed to submit trasaction with status code: 11
2026.09.17-14:51:31.859[31m error[39m [caliper] [connectors/peer-gateway/PeerGateway] 	Failed to perform submit transaction [Transfer] using arguments [wlt_c_20260917-pilot6_calibration-retail-transfer-low-4w-40tps-r5_retail-transfer-low_w0_13,wlt_c_20260917-pilot6_calibration-retail-transfer-low-4w-40tps-r5_retail-transfer-low_w0_38,1000,transfer_20260917-pilot6_calibration-retail-transfer-low-4w-40tps-r5_retail-transfer-low_w0_r1_150],  with error: Error: Failed to submit trasaction with status code: 11
2026.09.17-14:51:31.870[31m error[39m [caliper] [connectors/peer-gateway/PeerGateway] 	Failed to perform submit transaction [Transfer] using arguments [wlt_c_20260917-pilot6_calibration-retail-transfer-low-4w-40tps-r5_retail-transfer-low_w3_13,wlt_c_20260917-pilot6_calibration-retail-transfer-low-4w-40tps-r5_retail-transfer-low_w3_38,1000,transfer_20260917-pilot6_calibration-retail-transfer-low-4w-40tps-r5_retail-transfer-low_w3_r1_150],  with error: Error: Failed to submit trasaction with status code: 11
2026.09.17-14:51:31.869[31m error[39m [caliper] [connectors/peer-gateway/PeerGateway] 	Failed to perform submit transaction [Transfer] using arguments [wlt_c_20260917-pilot6_calibration-retail-transfer-low-4w-40tps-r5_retail-transfer-low_w1_11,wlt_c_20260917-pilot6_calibration-retail-transfer-low-4w-40tps-r5_retail-transfer-low_w1_36,1000,transfer_20260917-pilot6_calibration-retail-transfer-low-4w-40tps-r5_retail-transfer-low_w1_r1_148],  with error: Error: Failed to submit trasaction with status code: 11
2026.09.17-14:51:31.873[31m error[39m [caliper] [connectors/peer-gateway/PeerGateway] 	Failed to perform submit transaction [Transfer] using arguments [wlt_c_20260917-pilot6_calibration-retail-transfer-low-4w-40tps-r5_retail-transfer-low_w1_6,wlt_c_20260917-pilot6_calibration-retail-transfer-low-4w-40tps-r5_retail-transfer-low_w1_31,1000,transfer_20260917-pilot6_calibration-retail-transfer-low-4w-40tps-r5_retail-transfer-low_w1_r1_144],  with error: Error: Failed to submit trasaction with status code: 11
2026.09.17-14:51:31.878[31m error[39m [caliper] [connectors/peer-gateway/PeerGateway] 	Failed to perform submit transaction [Transfer] using arguments [wlt_c_20260917-pilot6_calibration-retail-transfer-low-4w-40tps-r5_retail-transfer-low_w3_8,wlt_c_20260917-pilot6_calibration-retail-transfer-low-4w-40tps-r5_retail-transfer-low_w3_33,1000,transfer_20260917-pilot6_calibration-retail-transfer-low-4w-40tps-r5_retail-transfer-low_w3_r1_146],  with error: Error: Failed to submit trasaction with status code: 11
2026.09.17-14:51:32.062[31m error[39m [caliper] [connectors/peer-gateway/PeerGateway] 	Failed to perform submit transaction [Transfer] using arguments [wlt_c_20260917-pilot6_calibration-retail-transfer-low-4w-40tps-r5_retail-transfer-low_w3_7,wlt_c_20260917-pilot6_calibration-retail-transfer-low-4w-40tps-r5_retail-transfer-low_w3_32,1000,transfer_20260917-pilot6_calibration-retail-transfer-low-4w-40tps-r5_retail-transfer-low_w3_r1_145],  with error: Error: Failed to submit trasaction with status code: 11
2026.09.17-14:51:32.071[31m error[39m [caliper] [connectors/peer-gateway/PeerGateway] 	Failed to perform submit transaction [Transfer] using arguments [wlt_c_20260917-pilot6_calibration-retail-transfer-low-4w-40tps-r5_retail-transfer-low_w0_9,wlt_c_20260917-pilot6_calibration-retail-transfer-low-4w-40tps-r5_retail-transfer-low_w0_34,1000,transfer_20260917-pilot6_calibration-retail-transfer-low-4w-40tps-r5_retail-transfer-low_w0_r1_147],  with error: Error: Failed to submit trasaction with status code: 11
2026.09.17-14:51:32.071[31m error[39m [caliper] [connectors/peer-gateway/PeerGateway] 	Failed to perform submit transaction [Transfer] using arguments [wlt_c_20260917-pilot6_calibration-retail-transfer-low-4w-40tps-r5_retail-transfer-low_w0_7,wlt_c_20260917-pilot6_calibration-retail-transfer-low-4w-40tps-r5_retail-transfer-low_w0_32,1000,transfer_20260917-pilot6_calibration-retail-transfer-low-4w-40tps-r5_retail-transfer-low_w0_r1_145],  with error: Error: Failed to submit trasaction with status code: 11
2026.09.17-14:51:32.078[31m error[39m [caliper] [connectors/peer-gateway/PeerGateway] 	Failed to perform submit transaction [Transfer] using arguments [wlt_c_20260917-pilot6_calibration-retail-transfer-low-4w-40tps-r5_retail-transfer-low_w0_11,wlt_c_20260917-pilot6_calibration-retail-transfer-low-4w-40tps-r5_retail-transfer-low_w0_36,1000,transfer_20260917-pilot6_calibration-retail-transfer-low-4w-40tps-r5_retail-transfer-low_w0_r1_148],  with error: Error: Failed to submit trasaction with status code: 11
2026.09.17-14:51:32.081[31m error[39m [caliper] [connectors/peer-gateway/PeerGateway] 	Failed to perform submit transaction [Transfer] using arguments [wlt_c_20260917-pilot6_calibration-retail-transfer-low-4w-40tps-r5_retail-transfer-low_w0_16,wlt_c_20260917-pilot6_calibration-retail-transfer-low-4w-40tps-r5_retail-transfer-low_w0_41,1000,transfer_20260917-pilot6_calibration-retail-transfer-low-4w-40tps-r5_retail-transfer-low_w0_r1_152],  with error: Error: Failed to submit trasaction with status code: 11
2026.09.17-14:51:32.082[31m error[39m [caliper] [connectors/peer-gateway/PeerGateway] 	Failed to perform submit transaction [Transfer] using arguments [wlt_c_20260917-pilot6_calibration-retail-transfer-low-4w-40tps-r5_retail-transfer-low_w0_8,wlt_c_20260917-pilot6_calibration-retail-transfer-low-4w-40tps-r5_retail-transfer-low_w0_33,1000,transfer_20260917-pilot6_calibration-retail-transfer-low-4w-40tps-r5_retail-transfer-low_w0_r1_146],  with error: Error: Failed to submit trasaction with status code: 11
2026.09.17-14:51:32.088[31m error[39m [caliper] [connectors/peer-gateway/PeerGateway] 	Failed to perform submit transaction [Transfer] using arguments [wlt_c_20260917-pilot6_calibration-retail-transfer-low-4w-40tps-r5_retail-transfer-low_w0_14,wlt_c_20260917-pilot6_calibration-retail-transfer-low-4w-40tps-r5_retail-transfer-low_w0_39,1000,transfer_20260917-pilot6_calibration-retail-transfer-low-4w-40tps-r5_retail-transfer-low_w0_r1_151],  with error: Error: Failed to submit trasaction with status code: 11
2026.09.17-14:51:32.091[31m error[39m [caliper] [connectors/peer-gateway/PeerGateway] 	Failed to perform submit transaction [Transfer] using arguments [wlt_c_20260917-pilot6_calibration-retail-transfer-low-4w-40tps-r5_retail-transfer-low_w2_11,wlt_c_20260917-pilot6_calibration-retail-transfer-low-4w-40tps-r5_retail-transfer-low_w2_36,1000,transfer_20260917-pilot6_calibration-retail-transfer-low-4w-40tps-r5_retail-transfer-low_w2_r1_148],  with error: Error: Failed to submit trasaction with status code: 11
2026.09.17-14:51:32.091[31m error[39m [caliper] [connectors/peer-gateway/PeerGateway] 	Failed to perform submit transaction [Transfer] using arguments [wlt_c_20260917-pilot6_calibration-retail-transfer-low-4w-40tps-r5_retail-transfer-low_w2_13,wlt_c_20260917-pilot6_calibration-retail-transfer-low-4w-40tps-r5_retail-transfer-low_w2_38,1000,transfer_20260917-pilot6_calibration-retail-transfer-low-4w-40tps-r5_retail-transfer-low_w2_r1_150],  with error: Error: Failed to submit trasaction with status code: 11
2026.09.17-14:51:32.114[31m error[39m [caliper] [connectors/peer-gateway/PeerGateway] 	Failed to perform submit transaction [Transfer] using arguments [wlt_c_20260917-pilot6_calibration-retail-transfer-low-4w-40tps-r5_retail-transfer-low_w1_12,wlt_c_20260917-pilot6_calibration-retail-transfer-low-4w-40tps-r5_retail-transfer-low_w1_37,1000,transfer_20260917-pilot6_calibration-retail-transfer-low-4w-40tps-r5_retail-transfer-low_w1_r1_149],  with error: Error: Failed to submit trasaction with status code: 11
2026.09.17-14:51:32.355[31m error[39m [caliper] [connectors/peer-gateway/PeerGateway] 	Failed to perform submit transaction [Transfer] using arguments [wlt_c_20260917-pilot6_calibration-retail-transfer-low-4w-40tps-r5_retail-transfer-low_w2_14,wlt_c_20260917-pilot6_calibration-retail-transfer-low-4w-40tps-r5_retail-transfer-low_w2_39,1000,transfer_20260917-pilot6_calibration-retail-transfer-low-4w-40tps-r5_retail-transfer-low_w2_r1_151],  with error: Error: Failed to submit trasaction with status code: 11
2026.09.17-14:51:32.356[31m error[39m [caliper] [connectors/peer-gateway/PeerGateway] 	Failed to perform submit transaction [Transfer] using arguments [wlt_c_20260917-pilot6_calibration-retail-transfer-low-4w-40tps-r5_retail-transfer-low_w1_9,wlt_c_20260917-pilot6_calibration-retail-transfer-low-4w-40tps-r5_retail-transfer-low_w1_34,1000,transfer_20260917-pilot6_calibration-retail-transfer-low-4w-40tps-r5_retail-transfer-low_w1_r1_147],  with error: Error: Failed to submit trasaction with status code: 11
2026.09.17-14:51:32.359[31m error[39m [caliper] [connectors/peer-gateway/PeerGateway] 	Failed to perform submit transaction [Transfer] using arguments [wlt_c_20260917-pilot6_calibration-retail-transfer-low-4w-40tps-r5_retail-transfer-low_w3_16,wlt_c_20260917-pilot6_calibration-retail-transfer-low-4w-40tps-r5_retail-transfer-low_w3_41,1000,transfer_20260917-pilot6_calibration-retail-transfer-low-4w-40tps-r5_retail-transfer-low_w3_r1_152],  with error: Error: Failed to submit trasaction with status code: 11
2026.09.17-14:51:32.365[31m error[39m [caliper] [connectors/peer-gateway/PeerGateway] 	Failed to perform submit transaction [Transfer] using arguments [wlt_c_20260917-pilot6_calibration-retail-transfer-low-4w-40tps-r5_retail-transfer-low_w3_14,wlt_c_20260917-pilot6_calibration-retail-transfer-low-4w-40tps-r5_retail-transfer-low_w3_39,1000,transfer_20260917-pilot6_calibration-retail-transfer-low-4w-40tps-r5_retail-transfer-low_w3_r1_151],  with error: Error: Failed to submit trasaction with status code: 11
2026.09.17-14:51:32.365[31m error[39m [caliper] [connectors/peer-gateway/PeerGateway] 	Failed to perform submit transaction [Transfer] using arguments [wlt_c_20260917-pilot6_calibration-retail-transfer-low-4w-40tps-r5_retail-transfer-low_w2_12,wlt_c_20260917-pilot6_calibration-retail-transfer-low-4w-40tps-r5_retail-transfer-low_w2_37,1000,transfer_20260917-pilot6_calibration-retail-transfer-low-4w-40tps-r5_retail-transfer-low_w2_r1_149],  with error: Error: Failed to submit trasaction with status code: 11
2026.09.17-14:51:32.379[31m error[39m [caliper] [connectors/peer-gateway/PeerGateway] 	Failed to perform submit transaction [Transfer] using arguments [wlt_c_20260917-pilot6_calibration-retail-transfer-low-4w-40tps-r5_retail-transfer-low_w1_7,wlt_c_20260917-pilot6_calibration-retail-transfer-low-4w-40tps-r5_retail-transfer-low_w1_32,1000,transfer_20260917-pilot6_calibration-retail-transfer-low-4w-40tps-r5_retail-transfer-low_w1_r1_145],  with error: Error: Failed to submit trasaction with status code: 11
2026.09.17-14:51:32.380[31m error[39m [caliper] [connectors/peer-gateway/PeerGateway] 	Failed to perform submit transaction [Transfer] using arguments [wlt_c_20260917-pilot6_calibration-retail-transfer-low-4w-40tps-r5_retail-transfer-low_w1_13,wlt_c_20260917-pilot6_calibration-retail-transfer-low-4w-40tps-r5_retail-transfer-low_w1_38,1000,transfer_20260917-pilot6_calibration-retail-transfer-low-4w-40tps-r5_retail-transfer-low_w1_r1_150],  with error: Error: Failed to submit trasaction with status code: 11
2026.09.17-14:51:32.841[31m error[39m [caliper] [connectors/peer-gateway/PeerGateway] 	Failed to perform submit transaction [Transfer] using arguments [wlt_c_20260917-pilot6_calibration-retail-transfer-low-4w-40tps-r5_retail-transfer-low_w0_18,wlt_c_20260917-pilot6_calibration-retail-transfer-low-4w-40tps-r5_retail-transfer-low_w0_43,1000,transfer_20260917-pilot6_calibration-retail-transfer-low-4w-40tps-r5_retail-transfer-low_w0_r1_154],  with error: Error: Failed to submit trasaction with status code: 11
2026.09.17-14:51:32.962[31m error[39m [caliper] [connectors/peer-gateway/PeerGateway] 	Failed to perform submit transaction [Transfer] using arguments [wlt_c_20260917-pilot6_calibration-retail-transfer-low-4w-40tps-r5_retail-transfer-low_w2_9,wlt_c_20260917-pilot6_calibration-retail-transfer-low-4w-40tps-r5_retail-transfer-low_w2_34,1000,transfer_20260917-pilot6_calibration-retail-transfer-low-4w-40tps-r5_retail-transfer-low_w2_r1_147],  with error: Error: Failed to submit trasaction with status code: 11
2026.09.17-14:51:32.965[31m error[39m [caliper] [connectors/peer-gateway/PeerGateway] 	Failed to perform submit transaction [Transfer] using arguments [wlt_c_20260917-pilot6_calibration-retail-transfer-low-4w-40tps-r5_retail-transfer-low_w2_8,wlt_c_20260917-pilot6_calibration-retail-transfer-low-4w-40tps-r5_retail-transfer-low_w2_33,1000,transfer_20260917-pilot6_calibration-retail-transfer-low-4w-40tps-r5_retail-transfer-low_w2_r1_146],  with error: Error: Failed to submit trasaction with status code: 11
2026.09.17-14:51:32.966[31m error[39m [caliper] [connectors/peer-gateway/PeerGateway] 	Failed to perform submit transaction [Transfer] using arguments [wlt_c_20260917-pilot6_calibration-retail-transfer-low-4w-40tps-r5_retail-transfer-low_w2_16,wlt_c_20260917-pilot6_calibration-retail-transfer-low-4w-40tps-r5_retail-transfer-low_w2_41,1000,transfer_20260917-pilot6_calibration-retail-transfer-low-4w-40tps-r5_retail-transfer-low_w2_r1_152],  with error: Error: Failed to submit trasaction with status code: 11
2026.09.17-14:51:32.968[31m error[39m [caliper] [connectors/peer-gateway/PeerGateway] 	Failed to perform submit transaction [Transfer] using arguments [wlt_c_20260917-pilot6_calibration-retail-transfer-low-4w-40tps-r5_retail-transfer-low_w2_18,wlt_c_20260917-pilot6_calibration-retail-transfer-low-4w-40tps-r5_retail-transfer-low_w2_43,1000,transfer_20260917-pilot6_calibration-retail-transfer-low-4w-40tps-r5_retail-transfer-low_w2_r1_154],  with error: Error: Failed to submit trasaction with status code: 11
2026.09.17-14:51:33.235[31m error[39m [caliper] [connectors/peer-gateway/PeerGateway] 	Failed to perform submit transaction [Transfer] using arguments [wlt_c_20260917-pilot6_calibration-retail-transfer-low-4w-40tps-r5_retail-transfer-low_w2_19,wlt_c_20260917-pilot6_calibration-retail-transfer-low-4w-40tps-r5_retail-transfer-low_w2_44,1000,transfer_20260917-pilot6_calibration-retail-transfer-low-4w-40tps-r5_retail-transfer-low_w2_r1_155],  with error: Error: Failed to submit trasaction with status code: 11
2026.09.17-14:51:33.247[31m error[39m [caliper] [connectors/peer-gateway/PeerGateway] 	Failed to perform submit transaction [Transfer] using arguments [wlt_c_20260917-pilot6_calibration-retail-transfer-low-4w-40tps-r5_retail-transfer-low_w0_19,wlt_c_20260917-pilot6_calibration-retail-transfer-low-4w-40tps-r5_retail-transfer-low_w0_44,1000,transfer_20260917-pilot6_calibration-retail-transfer-low-4w-40tps-r5_retail-transfer-low_w0_r1_155],  with error: Error: Failed to submit trasaction with status code: 11
2026.09.17-14:51:33.798[32m info [39m [caliper] [default-observer] 	[retail-transfer-low-40tps Round 1 Transaction Info] - Submitted: 1109 Succ: 392 Fail:238 Unfinished:479
2026.09.17-14:51:33.926[31m error[39m [caliper] [connectors/peer-gateway/PeerGateway] 	Failed to perform submit transaction [Transfer] using arguments [wlt_c_20260917-pilot6_calibration-retail-transfer-low-4w-40tps-r5_retail-transfer-low_w0_21,wlt_c_20260917-pilot6_calibration-retail-transfer-low-4w-40tps-r5_retail-transfer-low_w0_46,1000,transfer_20260917-pilot6_calibration-retail-transfer-low-4w-40tps-r5_retail-transfer-low_w0_r1_156],  with error: Error: Failed to submit trasaction with status code: 11
2026.09.17-14:51:33.997[31m error[39m [caliper] [connectors/peer-gateway/PeerGateway] 	Failed to perform submit transaction [Transfer] using arguments [wlt_c_20260917-pilot6_calibration-retail-transfer-low-4w-40tps-r5_retail-transfer-low_w3_19,wlt_c_20260917-pilot6_calibration-retail-transfer-low-4w-40tps-r5_retail-transfer-low_w3_44,1000,transfer_20260917-pilot6_calibration-retail-transfer-low-4w-40tps-r5_retail-transfer-low_w3_r1_155],  with error: Error: Failed to submit trasaction with status code: 11
2026.09.17-14:51:34.215[31m error[39m [caliper] [connectors/peer-gateway/PeerGateway] 	Failed to perform submit transaction [Transfer] using arguments [wlt_c_20260917-pilot6_calibration-retail-transfer-low-4w-40tps-r5_retail-transfer-low_w2_7,wlt_c_20260917-pilot6_calibration-retail-transfer-low-4w-40tps-r5_retail-transfer-low_w2_32,1000,transfer_20260917-pilot6_calibration-retail-transfer-low-4w-40tps-r5_retail-transfer-low_w2_r1_285],  with error: EndorseError: 2 UNKNOWN: too many requests for /gateway.Gateway, exceeding concurrency limit (500)
Details:
2026.09.17-14:51:34.219[31m error[39m [caliper] [connectors/peer-gateway/PeerGateway] 	Failed to perform submit transaction [Transfer] using arguments [wlt_c_20260917-pilot6_calibration-retail-transfer-low-4w-40tps-r5_retail-transfer-low_w0_3,wlt_c_20260917-pilot6_calibration-retail-transfer-low-4w-40tps-r5_retail-transfer-low_w0_28,1000,transfer_20260917-pilot6_calibration-retail-transfer-low-4w-40tps-r5_retail-transfer-low_w0_r1_162],  with error: Error: Failed to submit trasaction with status code: 11
2026.09.17-14:51:34.223[31m error[39m [caliper] [connectors/peer-gateway/PeerGateway] 	Failed to perform submit transaction [Transfer] using arguments [wlt_c_20260917-pilot6_calibration-retail-transfer-low-4w-40tps-r5_retail-transfer-low_w1_7,wlt_c_20260917-pilot6_calibration-retail-transfer-low-4w-40tps-r5_retail-transfer-low_w1_32,1000,transfer_20260917-pilot6_calibration-retail-transfer-low-4w-40tps-r5_retail-transfer-low_w1_r1_285],  with error: EndorseError: 2 UNKNOWN: too many requests for /gateway.Gateway, exceeding concurrency limit (500)
Details:
2026.09.17-14:51:34.230[31m error[39m [caliper] [connectors/peer-gateway/PeerGateway] 	Failed to perform submit transaction [Transfer] using arguments [wlt_c_20260917-pilot6_calibration-retail-transfer-low-4w-40tps-r5_retail-transfer-low_w2_2,wlt_c_20260917-pilot6_calibration-retail-transfer-low-4w-40tps-r5_retail-transfer-low_w2_27,1000,transfer_20260917-pilot6_calibration-retail-transfer-low-4w-40tps-r5_retail-transfer-low_w2_r1_161],  with error: Error: Failed to submit trasaction with status code: 11
2026.09.17-14:51:34.234[31m error[39m [caliper] [connectors/peer-gateway/PeerGateway] 	Failed to perform submit transaction [Transfer] using arguments [wlt_c_20260917-pilot6_calibration-retail-transfer-low-4w-40tps-r5_retail-transfer-low_w0_7,wlt_c_20260917-pilot6_calibration-retail-transfer-low-4w-40tps-r5_retail-transfer-low_w0_32,1000,transfer_20260917-pilot6_calibration-retail-transfer-low-4w-40tps-r5_retail-transfer-low_w0_r1_285],  with error: EndorseError: 2 UNKNOWN: too many requests for /gateway.Gateway, exceeding concurrency limit (500)
Details:
2026.09.17-14:51:34.239[31m error[39m [caliper] [connectors/peer-gateway/PeerGateway] 	Failed to perform submit transaction [Transfer] using arguments [wlt_c_20260917-pilot6_calibration-retail-transfer-low-4w-40tps-r5_retail-transfer-low_w1_3,wlt_c_20260917-pilot6_calibration-retail-transfer-low-4w-40tps-r5_retail-transfer-low_w1_28,1000,transfer_20260917-pilot6_calibration-retail-transfer-low-4w-40tps-r5_retail-transfer-low_w1_r1_162],  with error: Error: Failed to submit trasaction with status code: 11
2026.09.17-14:51:34.240[31m error[39m [caliper] [connectors/peer-gateway/PeerGateway] 	Failed to perform submit transaction [Transfer] using arguments [wlt_c_20260917-pilot6_calibration-retail-transfer-low-4w-40tps-r5_retail-transfer-low_w1_2,wlt_c_20260917-pilot6_calibration-retail-transfer-low-4w-40tps-r5_retail-transfer-low_w1_27,1000,transfer_20260917-pilot6_calibration-retail-transfer-low-4w-40tps-r5_retail-transfer-low_w1_r1_161],  with error: Error: Failed to submit trasaction with status code: 11
2026.09.17-14:51:34.470[31m error[39m [caliper] [connectors/peer-gateway/PeerGateway] 	Failed to perform submit transaction [Transfer] using arguments [wlt_c_20260917-pilot6_calibration-retail-transfer-low-4w-40tps-r5_retail-transfer-low_w0_4,wlt_c_20260917-pilot6_calibration-retail-transfer-low-4w-40tps-r5_retail-transfer-low_w0_29,1000,transfer_20260917-pilot6_calibration-retail-transfer-low-4w-40tps-r5_retail-transfer-low_w0_r1_163],  with error: Error: Failed to submit trasaction with status code: 11
2026.09.17-14:51:34.472[31m error[39m [caliper] [connectors/peer-gateway/PeerGateway] 	Failed to perform submit transaction [Transfer] using arguments [wlt_c_20260917-pilot6_calibration-retail-transfer-low-4w-40tps-r5_retail-transfer-low_w0_6,wlt_c_20260917-pilot6_calibration-retail-transfer-low-4w-40tps-r5_retail-transfer-low_w0_31,1000,transfer_20260917-pilot6_calibration-retail-transfer-low-4w-40tps-r5_retail-transfer-low_w0_r1_164],  with error: Error: Failed to submit trasaction with status code: 11
2026.09.17-14:51:34.491[31m error[39m [caliper] [connectors/peer-gateway/PeerGateway] 	Failed to perform submit transaction [Transfer] using arguments [wlt_c_20260917-pilot6_calibration-retail-transfer-low-4w-40tps-r5_retail-transfer-low_w1_12,wlt_c_20260917-pilot6_calibration-retail-transfer-low-4w-40tps-r5_retail-transfer-low_w1_37,1000,transfer_20260917-pilot6_calibration-retail-transfer-low-4w-40tps-r5_retail-transfer-low_w1_r1_169],  with error: Error: Failed to submit trasaction with status code: 11
2026.09.17-14:51:34.493[31m error[39m [caliper] [connectors/peer-gateway/PeerGateway] 	Failed to perform submit transaction [Transfer] using arguments [wlt_c_20260917-pilot6_calibration-retail-transfer-low-4w-40tps-r5_retail-transfer-low_w1_11,wlt_c_20260917-pilot6_calibration-retail-transfer-low-4w-40tps-r5_retail-transfer-low_w1_36,1000,transfer_20260917-pilot6_calibration-retail-transfer-low-4w-40tps-r5_retail-transfer-low_w1_r1_168],  with error: Error: Failed to submit trasaction with status code: 11
2026.09.17-14:51:34.494[31m error[39m [caliper] [connectors/peer-gateway/PeerGateway] 	Failed to perform submit transaction [Transfer] using arguments [wlt_c_20260917-pilot6_calibration-retail-transfer-low-4w-40tps-r5_retail-transfer-low_w3_6,wlt_c_20260917-pilot6_calibration-retail-transfer-low-4w-40tps-r5_retail-transfer-low_w3_31,1000,transfer_20260917-pilot6_calibration-retail-transfer-low-4w-40tps-r5_retail-transfer-low_w3_r1_164],  with error: Error: Failed to submit trasaction with status code: 11
2026.09.17-14:51:34.513[31m error[39m [caliper] [connectors/peer-gateway/PeerGateway] 	Failed to perform submit transaction [Transfer] using arguments [wlt_c_20260917-pilot6_calibration-retail-transfer-low-4w-40tps-r5_retail-transfer-low_w3_4,wlt_c_20260917-pilot6_calibration-retail-transfer-low-4w-40tps-r5_retail-transfer-low_w3_29,1000,transfer_20260917-pilot6_calibration-retail-transfer-low-4w-40tps-r5_retail-transfer-low_w3_r1_163],  with error: Error: Failed to submit trasaction with status code: 11
2026.09.17-14:51:34.516[31m error[39m [caliper] [connectors/peer-gateway/PeerGateway] 	Failed to perform submit transaction [Transfer] using arguments [wlt_c_20260917-pilot6_calibration-retail-transfer-low-4w-40tps-r5_retail-transfer-low_w3_11,wlt_c_20260917-pilot6_calibration-retail-transfer-low-4w-40tps-r5_retail-transfer-low_w3_36,1000,transfer_20260917-pilot6_calibration-retail-transfer-low-4w-40tps-r5_retail-transfer-low_w3_r1_168],  with error: Error: Failed to submit trasaction with status code: 11
2026.09.17-14:51:34.523[31m error[39m [caliper] [connectors/peer-gateway/PeerGateway] 	Failed to perform submit transaction [Transfer] using arguments [wlt_c_20260917-pilot6_calibration-retail-transfer-low-4w-40tps-r5_retail-transfer-low_w2_4,wlt_c_20260917-pilot6_calibration-retail-transfer-low-4w-40tps-r5_retail-transfer-low_w2_29,1000,transfer_20260917-pilot6_calibration-retail-transfer-low-4w-40tps-r5_retail-transfer-low_w2_r1_163],  with error: Error: Failed to submit trasaction with status code: 11
2026.09.17-14:51:34.728[31m error[39m [caliper] [connectors/peer-gateway/PeerGateway] 	Failed to perform submit transaction [Transfer] using arguments [wlt_c_20260917-pilot6_calibration-retail-transfer-low-4w-40tps-r5_retail-transfer-low_w2_11,wlt_c_20260917-pilot6_calibration-retail-transfer-low-4w-40tps-r5_retail-transfer-low_w2_36,1000,transfer_20260917-pilot6_calibration-retail-transfer-low-4w-40tps-r5_retail-transfer-low_w2_r1_168],  with error: Error: Failed to submit trasaction with status code: 11
2026.09.17-14:51:34.728[31m error[39m [caliper] [connectors/peer-gateway/PeerGateway] 	Failed to perform submit transaction [Transfer] using arguments [wlt_c_20260917-pilot6_calibration-retail-transfer-low-4w-40tps-r5_retail-transfer-low_w3_12,wlt_c_20260917-pilot6_calibration-retail-transfer-low-4w-40tps-r5_retail-transfer-low_w3_37,1000,transfer_20260917-pilot6_calibration-retail-transfer-low-4w-40tps-r5_retail-transfer-low_w3_r1_169],  with error: Error: Failed to submit trasaction with status code: 11
2026.09.17-14:51:34.728[31m error[39m [caliper] [connectors/peer-gateway/PeerGateway] 	Failed to perform submit transaction [Transfer] using arguments [wlt_c_20260917-pilot6_calibration-retail-transfer-low-4w-40tps-r5_retail-transfer-low_w2_12,wlt_c_20260917-pilot6_calibration-retail-transfer-low-4w-40tps-r5_retail-transfer-low_w2_37,1000,transfer_20260917-pilot6_calibration-retail-transfer-low-4w-40tps-r5_retail-transfer-low_w2_r1_169],  with error: Error: Failed to submit trasaction with status code: 11
2026.09.17-14:51:34.729[31m error[39m [caliper] [connectors/peer-gateway/PeerGateway] 	Failed to perform submit transaction [Transfer] using arguments [wlt_c_20260917-pilot6_calibration-retail-transfer-low-4w-40tps-r5_retail-transfer-low_w3_9,wlt_c_20260917-pilot6_calibration-retail-transfer-low-4w-40tps-r5_retail-transfer-low_w3_34,1000,transfer_20260917-pilot6_calibration-retail-transfer-low-4w-40tps-r5_retail-transfer-low_w3_r1_167],  with error: Error: Failed to submit trasaction with status code: 11
2026.09.17-14:51:34.730[31m error[39m [caliper] [connectors/peer-gateway/PeerGateway] 	Failed to perform submit transaction [Transfer] using arguments [wlt_c_20260917-pilot6_calibration-retail-transfer-low-4w-40tps-r5_retail-transfer-low_w3_8,wlt_c_20260917-pilot6_calibration-retail-transfer-low-4w-40tps-r5_retail-transfer-low_w3_33,1000,transfer_20260917-pilot6_calibration-retail-transfer-low-4w-40tps-r5_retail-transfer-low_w3_r1_166],  with error: Error: Failed to submit trasaction with status code: 11
2026.09.17-14:51:34.740[31m error[39m [caliper] [connectors/peer-gateway/PeerGateway] 	Failed to perform submit transaction [Transfer] using arguments [wlt_c_20260917-pilot6_calibration-retail-transfer-low-4w-40tps-r5_retail-transfer-low_w0_11,wlt_c_20260917-pilot6_calibration-retail-transfer-low-4w-40tps-r5_retail-transfer-low_w0_36,1000,transfer_20260917-pilot6_calibration-retail-transfer-low-4w-40tps-r5_retail-transfer-low_w0_r1_168],  with error: Error: Failed to submit trasaction with status code: 11
2026.09.17-14:51:34.744[31m error[39m [caliper] [connectors/peer-gateway/PeerGateway] 	Failed to perform submit transaction [Transfer] using arguments [wlt_c_20260917-pilot6_calibration-retail-transfer-low-4w-40tps-r5_retail-transfer-low_w0_12,wlt_c_20260917-pilot6_calibration-retail-transfer-low-4w-40tps-r5_retail-transfer-low_w0_37,1000,transfer_20260917-pilot6_calibration-retail-transfer-low-4w-40tps-r5_retail-transfer-low_w0_r1_169],  with error: Error: Failed to submit trasaction with status code: 11
2026.09.17-14:51:34.747[31m error[39m [caliper] [connectors/peer-gateway/PeerGateway] 	Failed to perform submit transaction [Transfer] using arguments [wlt_c_20260917-pilot6_calibration-retail-transfer-low-4w-40tps-r5_retail-transfer-low_w1_8,wlt_c_20260917-pilot6_calibration-retail-transfer-low-4w-40tps-r5_retail-transfer-low_w1_33,1000,transfer_20260917-pilot6_calibration-retail-transfer-low-4w-40tps-r5_retail-transfer-low_w1_r1_166],  with error: Error: Failed to submit trasaction with status code: 11
2026.09.17-14:51:34.747[31m error[39m [caliper] [connectors/peer-gateway/PeerGateway] 	Failed to perform submit transaction [Transfer] using arguments [wlt_c_20260917-pilot6_calibration-retail-transfer-low-4w-40tps-r5_retail-transfer-low_w1_6,wlt_c_20260917-pilot6_calibration-retail-transfer-low-4w-40tps-r5_retail-transfer-low_w1_31,1000,transfer_20260917-pilot6_calibration-retail-transfer-low-4w-40tps-r5_retail-transfer-low_w1_r1_164],  with error: Error: Failed to submit trasaction with status code: 11
2026.09.17-14:51:34.861[31m error[39m [caliper] [connectors/peer-gateway/PeerGateway] 	Failed to perform submit transaction [Transfer] using arguments [wlt_c_20260917-pilot6_calibration-retail-transfer-low-4w-40tps-r5_retail-transfer-low_w1_7,wlt_c_20260917-pilot6_calibration-retail-transfer-low-4w-40tps-r5_retail-transfer-low_w1_32,1000,transfer_20260917-pilot6_calibration-retail-transfer-low-4w-40tps-r5_retail-transfer-low_w1_r1_165],  with error: Error: Failed to submit trasaction with status code: 11
2026.09.17-14:51:34.861[31m error[39m [caliper] [connectors/peer-gateway/PeerGateway] 	Failed to perform submit transaction [Transfer] using arguments [wlt_c_20260917-pilot6_calibration-retail-transfer-low-4w-40tps-r5_retail-transfer-low_w1_9,wlt_c_20260917-pilot6_calibration-retail-transfer-low-4w-40tps-r5_retail-transfer-low_w1_34,1000,transfer_20260917-pilot6_calibration-retail-transfer-low-4w-40tps-r5_retail-transfer-low_w1_r1_167],  with error: Error: Failed to submit trasaction with status code: 11
2026.09.17-14:51:34.862[31m error[39m [caliper] [connectors/peer-gateway/PeerGateway] 	Failed to perform submit transaction [Transfer] using arguments [wlt_c_20260917-pilot6_calibration-retail-transfer-low-4w-40tps-r5_retail-transfer-low_w3_7,wlt_c_20260917-pilot6_calibration-retail-transfer-low-4w-40tps-r5_retail-transfer-low_w3_32,1000,transfer_20260917-pilot6_calibration-retail-transfer-low-4w-40tps-r5_retail-transfer-low_w3_r1_165],  with error: Error: Failed to submit trasaction with status code: 11
2026.09.17-14:51:34.862[31m error[39m [caliper] [connectors/peer-gateway/PeerGateway] 	Failed to perform submit transaction [Transfer] using arguments [wlt_c_20260917-pilot6_calibration-retail-transfer-low-4w-40tps-r5_retail-transfer-low_w1_4,wlt_c_20260917-pilot6_calibration-retail-transfer-low-4w-40tps-r5_retail-transfer-low_w1_29,1000,transfer_20260917-pilot6_calibration-retail-transfer-low-4w-40tps-r5_retail-transfer-low_w1_r1_163],  with error: Error: Failed to submit trasaction with status code: 11
2026.09.17-14:51:34.862[31m error[39m [caliper] [connectors/peer-gateway/PeerGateway] 	Failed to perform submit transaction [Transfer] using arguments [wlt_c_20260917-pilot6_calibration-retail-transfer-low-4w-40tps-r5_retail-transfer-low_w3_13,wlt_c_20260917-pilot6_calibration-retail-transfer-low-4w-40tps-r5_retail-transfer-low_w3_38,1000,transfer_20260917-pilot6_calibration-retail-transfer-low-4w-40tps-r5_retail-transfer-low_w3_r1_170],  with error: Error: Failed to submit trasaction with status code: 11
2026.09.17-14:51:34.866[31m error[39m [caliper] [connectors/peer-gateway/PeerGateway] 	Failed to perform submit transaction [Transfer] using arguments [wlt_c_20260917-pilot6_calibration-retail-transfer-low-4w-40tps-r5_retail-transfer-low_w0_7,wlt_c_20260917-pilot6_calibration-retail-transfer-low-4w-40tps-r5_retail-transfer-low_w0_32,1000,transfer_20260917-pilot6_calibration-retail-transfer-low-4w-40tps-r5_retail-transfer-low_w0_r1_165],  with error: Error: Failed to submit trasaction with status code: 11
2026.09.17-14:51:34.876[31m error[39m [caliper] [connectors/peer-gateway/PeerGateway] 	Failed to perform submit transaction [Transfer] using arguments [wlt_c_20260917-pilot6_calibration-retail-transfer-low-4w-40tps-r5_retail-transfer-low_w0_8,wlt_c_20260917-pilot6_calibration-retail-transfer-low-4w-40tps-r5_retail-transfer-low_w0_33,1000,transfer_20260917-pilot6_calibration-retail-transfer-low-4w-40tps-r5_retail-transfer-low_w0_r1_166],  with error: Error: Failed to submit trasaction with status code: 11
2026.09.17-14:51:34.883[31m error[39m [caliper] [connectors/peer-gateway/PeerGateway] 	Failed to perform submit transaction [Transfer] using arguments [wlt_c_20260917-pilot6_calibration-retail-transfer-low-4w-40tps-r5_retail-transfer-low_w0_9,wlt_c_20260917-pilot6_calibration-retail-transfer-low-4w-40tps-r5_retail-transfer-low_w0_34,1000,transfer_20260917-pilot6_calibration-retail-transfer-low-4w-40tps-r5_retail-transfer-low_w0_r1_167],  with error: Error: Failed to submit trasaction with status code: 11
2026.09.17-14:51:34.904[31m error[39m [caliper] [connectors/peer-gateway/PeerGateway] 	Failed to perform submit transaction [Transfer] using arguments [wlt_c_20260917-pilot6_calibration-retail-transfer-low-4w-40tps-r5_retail-transfer-low_w2_6,wlt_c_20260917-pilot6_calibration-retail-transfer-low-4w-40tps-r5_retail-transfer-low_w2_31,1000,transfer_20260917-pilot6_calibration-retail-transfer-low-4w-40tps-r5_retail-transfer-low_w2_r1_164],  with error: Error: Failed to submit trasaction with status code: 11
2026.09.17-14:51:34.908[31m error[39m [caliper] [connectors/peer-gateway/PeerGateway] 	Failed to perform submit transaction [Transfer] using arguments [wlt_c_20260917-pilot6_calibration-retail-transfer-low-4w-40tps-r5_retail-transfer-low_w2_8,wlt_c_20260917-pilot6_calibration-retail-transfer-low-4w-40tps-r5_retail-transfer-low_w2_33,1000,transfer_20260917-pilot6_calibration-retail-transfer-low-4w-40tps-r5_retail-transfer-low_w2_r1_166],  with error: Error: Failed to submit trasaction with status code: 11
2026.09.17-14:51:35.132[31m error[39m [caliper] [connectors/peer-gateway/PeerGateway] 	Failed to perform submit transaction [Transfer] using arguments [wlt_c_20260917-pilot6_calibration-retail-transfer-low-4w-40tps-r5_retail-transfer-low_w1_13,wlt_c_20260917-pilot6_calibration-retail-transfer-low-4w-40tps-r5_retail-transfer-low_w1_38,1000,transfer_20260917-pilot6_calibration-retail-transfer-low-4w-40tps-r5_retail-transfer-low_w1_r1_170],  with error: Error: Failed to submit trasaction with status code: 11
2026.09.17-14:51:35.135[31m error[39m [caliper] [connectors/peer-gateway/PeerGateway] 	Failed to perform submit transaction [Transfer] using arguments [wlt_c_20260917-pilot6_calibration-retail-transfer-low-4w-40tps-r5_retail-transfer-low_w1_19,wlt_c_20260917-pilot6_calibration-retail-transfer-low-4w-40tps-r5_retail-transfer-low_w1_44,1000,transfer_20260917-pilot6_calibration-retail-transfer-low-4w-40tps-r5_retail-transfer-low_w1_r1_175],  with error: Error: Failed to submit trasaction with status code: 11
2026.09.17-14:51:35.135[31m error[39m [caliper] [connectors/peer-gateway/PeerGateway] 	Failed to perform submit transaction [Transfer] using arguments [wlt_c_20260917-pilot6_calibration-retail-transfer-low-4w-40tps-r5_retail-transfer-low_w1_16,wlt_c_20260917-pilot6_calibration-retail-transfer-low-4w-40tps-r5_retail-transfer-low_w1_41,1000,transfer_20260917-pilot6_calibration-retail-transfer-low-4w-40tps-r5_retail-transfer-low_w1_r1_172],  with error: Error: Failed to submit trasaction with status code: 11
2026.09.17-14:51:35.137[31m error[39m [caliper] [connectors/peer-gateway/PeerGateway] 	Failed to perform submit transaction [Transfer] using arguments [wlt_c_20260917-pilot6_calibration-retail-transfer-low-4w-40tps-r5_retail-transfer-low_w2_13,wlt_c_20260917-pilot6_calibration-retail-transfer-low-4w-40tps-r5_retail-transfer-low_w2_38,1000,transfer_20260917-pilot6_calibration-retail-transfer-low-4w-40tps-r5_retail-transfer-low_w2_r1_170],  with error: Error: Failed to submit trasaction with status code: 11
2026.09.17-14:51:35.137[31m error[39m [caliper] [connectors/peer-gateway/PeerGateway] 	Failed to perform submit transaction [Transfer] using arguments [wlt_c_20260917-pilot6_calibration-retail-transfer-low-4w-40tps-r5_retail-transfer-low_w2_9,wlt_c_20260917-pilot6_calibration-retail-transfer-low-4w-40tps-r5_retail-transfer-low_w2_34,1000,transfer_20260917-pilot6_calibration-retail-transfer-low-4w-40tps-r5_retail-transfer-low_w2_r1_167],  with error: Error: Failed to submit trasaction with status code: 11
2026.09.17-14:51:35.138[31m error[39m [caliper] [connectors/peer-gateway/PeerGateway] 	Failed to perform submit transaction [Transfer] using arguments [wlt_c_20260917-pilot6_calibration-retail-transfer-low-4w-40tps-r5_retail-transfer-low_w2_16,wlt_c_20260917-pilot6_calibration-retail-transfer-low-4w-40tps-r5_retail-transfer-low_w2_41,1000,transfer_20260917-pilot6_calibration-retail-transfer-low-4w-40tps-r5_retail-transfer-low_w2_r1_172],  with error: Error: Failed to submit trasaction with status code: 11
2026.09.17-14:51:35.138[31m error[39m [caliper] [connectors/peer-gateway/PeerGateway] 	Failed to perform submit transaction [Transfer] using arguments [wlt_c_20260917-pilot6_calibration-retail-transfer-low-4w-40tps-r5_retail-transfer-low_w2_18,wlt_c_20260917-pilot6_calibration-retail-transfer-low-4w-40tps-r5_retail-transfer-low_w2_43,1000,transfer_20260917-pilot6_calibration-retail-transfer-low-4w-40tps-r5_retail-transfer-low_w2_r1_174],  with error: Error: Failed to submit trasaction with status code: 11
2026.09.17-14:51:35.142[31m error[39m [caliper] [connectors/peer-gateway/PeerGateway] 	Failed to perform submit transaction [Transfer] using arguments [wlt_c_20260917-pilot6_calibration-retail-transfer-low-4w-40tps-r5_retail-transfer-low_w0_16,wlt_c_20260917-pilot6_calibration-retail-transfer-low-4w-40tps-r5_retail-transfer-low_w0_41,1000,transfer_20260917-pilot6_calibration-retail-transfer-low-4w-40tps-r5_retail-transfer-low_w0_r1_172],  with error: Error: Failed to submit trasaction with status code: 11
2026.09.17-14:51:35.143[31m error[39m [caliper] [connectors/peer-gateway/PeerGateway] 	Failed to perform submit transaction [Transfer] using arguments [wlt_c_20260917-pilot6_calibration-retail-transfer-low-4w-40tps-r5_retail-transfer-low_w0_13,wlt_c_20260917-pilot6_calibration-retail-transfer-low-4w-40tps-r5_retail-transfer-low_w0_38,1000,transfer_20260917-pilot6_calibration-retail-transfer-low-4w-40tps-r5_retail-transfer-low_w0_r1_170],  with error: Error: Failed to submit trasaction with status code: 11
2026.09.17-14:51:35.149[31m error[39m [caliper] [connectors/peer-gateway/PeerGateway] 	Failed to perform submit transaction [Transfer] using arguments [wlt_c_20260917-pilot6_calibration-retail-transfer-low-4w-40tps-r5_retail-transfer-low_w0_18,wlt_c_20260917-pilot6_calibration-retail-transfer-low-4w-40tps-r5_retail-transfer-low_w0_43,1000,transfer_20260917-pilot6_calibration-retail-transfer-low-4w-40tps-r5_retail-transfer-low_w0_r1_174],  with error: Error: Failed to submit trasaction with status code: 11
2026.09.17-14:51:35.381[31m error[39m [caliper] [connectors/peer-gateway/PeerGateway] 	Failed to perform submit transaction [Transfer] using arguments [wlt_c_20260917-pilot6_calibration-retail-transfer-low-4w-40tps-r5_retail-transfer-low_w0_22,wlt_c_20260917-pilot6_calibration-retail-transfer-low-4w-40tps-r5_retail-transfer-low_w0_47,1000,transfer_20260917-pilot6_calibration-retail-transfer-low-4w-40tps-r5_retail-transfer-low_w0_r1_177],  with error: Error: Failed to submit trasaction with status code: 11
2026.09.17-14:51:35.383[31m error[39m [caliper] [connectors/peer-gateway/PeerGateway] 	Failed to perform submit transaction [Transfer] using arguments [wlt_c_20260917-pilot6_calibration-retail-transfer-low-4w-40tps-r5_retail-transfer-low_w3_14,wlt_c_20260917-pilot6_calibration-retail-transfer-low-4w-40tps-r5_retail-transfer-low_w3_39,1000,transfer_20260917-pilot6_calibration-retail-transfer-low-4w-40tps-r5_retail-transfer-low_w3_r1_171],  with error: Error: Failed to submit trasaction with status code: 11
2026.09.17-14:51:35.391[31m error[39m [caliper] [connectors/peer-gateway/PeerGateway] 	Failed to perform submit transaction [Transfer] using arguments [wlt_c_20260917-pilot6_calibration-retail-transfer-low-4w-40tps-r5_retail-transfer-low_w1_21,wlt_c_20260917-pilot6_calibration-retail-transfer-low-4w-40tps-r5_retail-transfer-low_w1_46,1000,transfer_20260917-pilot6_calibration-retail-transfer-low-4w-40tps-r5_retail-transfer-low_w1_r1_176],  with error: Error: Failed to submit trasaction with status code: 11
2026.09.17-14:51:35.396[31m error[39m [caliper] [connectors/peer-gateway/PeerGateway] 	Failed to perform submit transaction [Transfer] using arguments [wlt_c_20260917-pilot6_calibration-retail-transfer-low-4w-40tps-r5_retail-transfer-low_w0_21,wlt_c_20260917-pilot6_calibration-retail-transfer-low-4w-40tps-r5_retail-transfer-low_w0_46,1000,transfer_20260917-pilot6_calibration-retail-transfer-low-4w-40tps-r5_retail-transfer-low_w0_r1_176],  with error: Error: Failed to submit trasaction with status code: 11
2026.09.17-14:51:35.401[31m error[39m [caliper] [connectors/peer-gateway/PeerGateway] 	Failed to perform submit transaction [Transfer] using arguments [wlt_c_20260917-pilot6_calibration-retail-transfer-low-4w-40tps-r5_retail-transfer-low_w1_18,wlt_c_20260917-pilot6_calibration-retail-transfer-low-4w-40tps-r5_retail-transfer-low_w1_43,1000,transfer_20260917-pilot6_calibration-retail-transfer-low-4w-40tps-r5_retail-transfer-low_w1_r1_174],  with error: Error: Failed to submit trasaction with status code: 11
2026.09.17-14:51:35.404[31m error[39m [caliper] [connectors/peer-gateway/PeerGateway] 	Failed to perform submit transaction [Transfer] using arguments [wlt_c_20260917-pilot6_calibration-retail-transfer-low-4w-40tps-r5_retail-transfer-low_w1_17,wlt_c_20260917-pilot6_calibration-retail-transfer-low-4w-40tps-r5_retail-transfer-low_w1_42,1000,transfer_20260917-pilot6_calibration-retail-transfer-low-4w-40tps-r5_retail-transfer-low_w1_r1_173],  with error: Error: Failed to submit trasaction with status code: 11
2026.09.17-14:51:35.410[31m error[39m [caliper] [connectors/peer-gateway/PeerGateway] 	Failed to perform submit transaction [Transfer] using arguments [wlt_c_20260917-pilot6_calibration-retail-transfer-low-4w-40tps-r5_retail-transfer-low_w0_14,wlt_c_20260917-pilot6_calibration-retail-transfer-low-4w-40tps-r5_retail-transfer-low_w0_39,1000,transfer_20260917-pilot6_calibration-retail-transfer-low-4w-40tps-r5_retail-transfer-low_w0_r1_171],  with error: Error: Failed to submit trasaction with status code: 11
2026.09.17-14:51:35.447[31m error[39m [caliper] [connectors/peer-gateway/PeerGateway] 	Failed to perform submit transaction [Transfer] using arguments [wlt_c_20260917-pilot6_calibration-retail-transfer-low-4w-40tps-r5_retail-transfer-low_w2_19,wlt_c_20260917-pilot6_calibration-retail-transfer-low-4w-40tps-r5_retail-transfer-low_w2_44,1000,transfer_20260917-pilot6_calibration-retail-transfer-low-4w-40tps-r5_retail-transfer-low_w2_r1_175],  with error: Error: Failed to submit trasaction with status code: 11
2026.09.17-14:51:35.448[31m error[39m [caliper] [connectors/peer-gateway/PeerGateway] 	Failed to perform submit transaction [Transfer] using arguments [wlt_c_20260917-pilot6_calibration-retail-transfer-low-4w-40tps-r5_retail-transfer-low_w2_21,wlt_c_20260917-pilot6_calibration-retail-transfer-low-4w-40tps-r5_retail-transfer-low_w2_46,1000,transfer_20260917-pilot6_calibration-retail-transfer-low-4w-40tps-r5_retail-transfer-low_w2_r1_176],  with error: Error: Failed to submit trasaction with status code: 11
2026.09.17-14:51:35.448[31m error[39m [caliper] [connectors/peer-gateway/PeerGateway] 	Failed to perform submit transaction [Transfer] using arguments [wlt_c_20260917-pilot6_calibration-retail-transfer-low-4w-40tps-r5_retail-transfer-low_w2_22,wlt_c_20260917-pilot6_calibration-retail-transfer-low-4w-40tps-r5_retail-transfer-low_w2_47,1000,transfer_20260917-pilot6_calibration-retail-transfer-low-4w-40tps-r5_retail-transfer-low_w2_r1_177],  with error: Error: Failed to submit trasaction with status code: 11
2026.09.17-14:51:35.449[31m error[39m [caliper] [connectors/peer-gateway/PeerGateway] 	Failed to perform submit transaction [Transfer] using arguments [wlt_c_20260917-pilot6_calibration-retail-transfer-low-4w-40tps-r5_retail-transfer-low_w1_14,wlt_c_20260917-pilot6_calibration-retail-transfer-low-4w-40tps-r5_retail-transfer-low_w1_39,1000,transfer_20260917-pilot6_calibration-retail-transfer-low-4w-40tps-r5_retail-transfer-low_w1_r1_171],  with error: Error: Failed to submit trasaction with status code: 11
2026.09.17-14:51:35.449[31m error[39m [caliper] [connectors/peer-gateway/PeerGateway] 	Failed to perform submit transaction [Transfer] using arguments [wlt_c_20260917-pilot6_calibration-retail-transfer-low-4w-40tps-r5_retail-transfer-low_w2_17,wlt_c_20260917-pilot6_calibration-retail-transfer-low-4w-40tps-r5_retail-transfer-low_w2_42,1000,transfer_20260917-pilot6_calibration-retail-transfer-low-4w-40tps-r5_retail-transfer-low_w2_r1_173],  with error: Error: Failed to submit trasaction with status code: 11
2026.09.17-14:51:35.449[31m error[39m [caliper] [connectors/peer-gateway/PeerGateway] 	Failed to perform submit transaction [Transfer] using arguments [wlt_c_20260917-pilot6_calibration-retail-transfer-low-4w-40tps-r5_retail-transfer-low_w0_19,wlt_c_20260917-pilot6_calibration-retail-transfer-low-4w-40tps-r5_retail-transfer-low_w0_44,1000,transfer_20260917-pilot6_calibration-retail-transfer-low-4w-40tps-r5_retail-transfer-low_w0_r1_175],  with error: Error: Failed to submit trasaction with status code: 11
2026.09.17-14:51:35.449[31m error[39m [caliper] [connectors/peer-gateway/PeerGateway] 	Failed to perform submit transaction [Transfer] using arguments [wlt_c_20260917-pilot6_calibration-retail-transfer-low-4w-40tps-r5_retail-transfer-low_w2_14,wlt_c_20260917-pilot6_calibration-retail-transfer-low-4w-40tps-r5_retail-transfer-low_w2_39,1000,transfer_20260917-pilot6_calibration-retail-transfer-low-4w-40tps-r5_retail-transfer-low_w2_r1_171],  with error: Error: Failed to submit trasaction with status code: 11
2026.09.17-14:51:35.450[31m error[39m [caliper] [connectors/peer-gateway/PeerGateway] 	Failed to perform submit transaction [Transfer] using arguments [wlt_c_20260917-pilot6_calibration-retail-transfer-low-4w-40tps-r5_retail-transfer-low_w0_17,wlt_c_20260917-pilot6_calibration-retail-transfer-low-4w-40tps-r5_retail-transfer-low_w0_42,1000,transfer_20260917-pilot6_calibration-retail-transfer-low-4w-40tps-r5_retail-transfer-low_w0_r1_173],  with error: Error: Failed to submit trasaction with status code: 11
2026.09.17-14:51:35.465[31m error[39m [caliper] [connectors/peer-gateway/PeerGateway] 	Failed to perform submit transaction [Transfer] using arguments [wlt_c_20260917-pilot6_calibration-retail-transfer-low-4w-40tps-r5_retail-transfer-low_w3_16,wlt_c_20260917-pilot6_calibration-retail-transfer-low-4w-40tps-r5_retail-transfer-low_w3_41,1000,transfer_20260917-pilot6_calibration-retail-transfer-low-4w-40tps-r5_retail-transfer-low_w3_r1_172],  with error: Error: Failed to submit trasaction with status code: 11
2026.09.17-14:51:35.483[31m error[39m [caliper] [connectors/peer-gateway/PeerGateway] 	Failed to perform submit transaction [Transfer] using arguments [wlt_c_20260917-pilot6_calibration-retail-transfer-low-4w-40tps-r5_retail-transfer-low_w3_19,wlt_c_20260917-pilot6_calibration-retail-transfer-low-4w-40tps-r5_retail-transfer-low_w3_44,1000,transfer_20260917-pilot6_calibration-retail-transfer-low-4w-40tps-r5_retail-transfer-low_w3_r1_175],  with error: Error: Failed to submit trasaction with status code: 11
2026.09.17-14:51:35.484[31m error[39m [caliper] [connectors/peer-gateway/PeerGateway] 	Failed to perform submit transaction [Transfer] using arguments [wlt_c_20260917-pilot6_calibration-retail-transfer-low-4w-40tps-r5_retail-transfer-low_w3_18,wlt_c_20260917-pilot6_calibration-retail-transfer-low-4w-40tps-r5_retail-transfer-low_w3_43,1000,transfer_20260917-pilot6_calibration-retail-transfer-low-4w-40tps-r5_retail-transfer-low_w3_r1_174],  with error: Error: Failed to submit trasaction with status code: 11
2026.09.17-14:51:35.484[31m error[39m [caliper] [connectors/peer-gateway/PeerGateway] 	Failed to perform submit transaction [Transfer] using arguments [wlt_c_20260917-pilot6_calibration-retail-transfer-low-4w-40tps-r5_retail-transfer-low_w3_21,wlt_c_20260917-pilot6_calibration-retail-transfer-low-4w-40tps-r5_retail-transfer-low_w3_46,1000,transfer_20260917-pilot6_calibration-retail-transfer-low-4w-40tps-r5_retail-transfer-low_w3_r1_176],  with error: Error: Failed to submit trasaction with status code: 11
2026.09.17-14:51:35.521[31m error[39m [caliper] [connectors/peer-gateway/PeerGateway] 	Failed to perform submit transaction [Transfer] using arguments [wlt_c_20260917-pilot6_calibration-retail-transfer-low-4w-40tps-r5_retail-transfer-low_w3_17,wlt_c_20260917-pilot6_calibration-retail-transfer-low-4w-40tps-r5_retail-transfer-low_w3_42,1000,transfer_20260917-pilot6_calibration-retail-transfer-low-4w-40tps-r5_retail-transfer-low_w3_r1_173],  with error: Error: Failed to submit trasaction with status code: 11
2026.09.17-14:51:35.544[31m error[39m [caliper] [connectors/peer-gateway/PeerGateway] 	Failed to perform submit transaction [Transfer] using arguments [wlt_c_20260917-pilot6_calibration-retail-transfer-low-4w-40tps-r5_retail-transfer-low_w2_23,wlt_c_20260917-pilot6_calibration-retail-transfer-low-4w-40tps-r5_retail-transfer-low_w2_48,1000,transfer_20260917-pilot6_calibration-retail-transfer-low-4w-40tps-r5_retail-transfer-low_w2_r1_178],  with error: Error: Failed to submit trasaction with status code: 11
2026.09.17-14:51:35.545[31m error[39m [caliper] [connectors/peer-gateway/PeerGateway] 	Failed to perform submit transaction [Transfer] using arguments [wlt_c_20260917-pilot6_calibration-retail-transfer-low-4w-40tps-r5_retail-transfer-low_w2_1,wlt_c_20260917-pilot6_calibration-retail-transfer-low-4w-40tps-r5_retail-transfer-low_w2_26,1000,transfer_20260917-pilot6_calibration-retail-transfer-low-4w-40tps-r5_retail-transfer-low_w2_r1_180],  with error: Error: Failed to submit trasaction with status code: 11
2026.09.17-14:51:35.548[31m error[39m [caliper] [connectors/peer-gateway/PeerGateway] 	Failed to perform submit transaction [Transfer] using arguments [wlt_c_20260917-pilot6_calibration-retail-transfer-low-4w-40tps-r5_retail-transfer-low_w0_24,wlt_c_20260917-pilot6_calibration-retail-transfer-low-4w-40tps-r5_retail-transfer-low_w0_49,1000,transfer_20260917-pilot6_calibration-retail-transfer-low-4w-40tps-r5_retail-transfer-low_w0_r1_179],  with error: Error: Failed to submit trasaction with status code: 11
2026.09.17-14:51:35.550[31m error[39m [caliper] [connectors/peer-gateway/PeerGateway] 	Failed to perform submit transaction [Transfer] using arguments [wlt_c_20260917-pilot6_calibration-retail-transfer-low-4w-40tps-r5_retail-transfer-low_w0_1,wlt_c_20260917-pilot6_calibration-retail-transfer-low-4w-40tps-r5_retail-transfer-low_w0_26,1000,transfer_20260917-pilot6_calibration-retail-transfer-low-4w-40tps-r5_retail-transfer-low_w0_r1_180],  with error: Error: Failed to submit trasaction with status code: 11
2026.09.17-14:51:35.562[31m error[39m [caliper] [connectors/peer-gateway/PeerGateway] 	Failed to perform submit transaction [Transfer] using arguments [wlt_c_20260917-pilot6_calibration-retail-transfer-low-4w-40tps-r5_retail-transfer-low_w3_22,wlt_c_20260917-pilot6_calibration-retail-transfer-low-4w-40tps-r5_retail-transfer-low_w3_47,1000,transfer_20260917-pilot6_calibration-retail-transfer-low-4w-40tps-r5_retail-transfer-low_w3_r1_177],  with error: Error: Failed to submit trasaction with status code: 11
2026.09.17-14:51:35.564[31m error[39m [caliper] [connectors/peer-gateway/PeerGateway] 	Failed to perform submit transaction [Transfer] using arguments [wlt_c_20260917-pilot6_calibration-retail-transfer-low-4w-40tps-r5_retail-transfer-low_w3_23,wlt_c_20260917-pilot6_calibration-retail-transfer-low-4w-40tps-r5_retail-transfer-low_w3_48,1000,transfer_20260917-pilot6_calibration-retail-transfer-low-4w-40tps-r5_retail-transfer-low_w3_r1_178],  with error: Error: Failed to submit trasaction with status code: 11
2026.09.17-14:51:35.565[31m error[39m [caliper] [connectors/peer-gateway/PeerGateway] 	Failed to perform submit transaction [Transfer] using arguments [wlt_c_20260917-pilot6_calibration-retail-transfer-low-4w-40tps-r5_retail-transfer-low_w3_24,wlt_c_20260917-pilot6_calibration-retail-transfer-low-4w-40tps-r5_retail-transfer-low_w3_49,1000,transfer_20260917-pilot6_calibration-retail-transfer-low-4w-40tps-r5_retail-transfer-low_w3_r1_179],  with error: Error: Failed to submit trasaction with status code: 11
2026.09.17-14:51:35.588[31m error[39m [caliper] [connectors/peer-gateway/PeerGateway] 	Failed to perform submit transaction [Transfer] using arguments [wlt_c_20260917-pilot6_calibration-retail-transfer-low-4w-40tps-r5_retail-transfer-low_w1_22,wlt_c_20260917-pilot6_calibration-retail-transfer-low-4w-40tps-r5_retail-transfer-low_w1_47,1000,transfer_20260917-pilot6_calibration-retail-transfer-low-4w-40tps-r5_retail-transfer-low_w1_r1_177],  with error: Error: Failed to submit trasaction with status code: 11
2026.09.17-14:51:35.591[31m error[39m [caliper] [connectors/peer-gateway/PeerGateway] 	Failed to perform submit transaction [Transfer] using arguments [wlt_c_20260917-pilot6_calibration-retail-transfer-low-4w-40tps-r5_retail-transfer-low_w1_1,wlt_c_20260917-pilot6_calibration-retail-transfer-low-4w-40tps-r5_retail-transfer-low_w1_26,1000,transfer_20260917-pilot6_calibration-retail-transfer-low-4w-40tps-r5_retail-transfer-low_w1_r1_180],  with error: Error: Failed to submit trasaction with status code: 11
2026.09.17-14:51:35.595[31m error[39m [caliper] [connectors/peer-gateway/PeerGateway] 	Failed to perform submit transaction [Transfer] using arguments [wlt_c_20260917-pilot6_calibration-retail-transfer-low-4w-40tps-r5_retail-transfer-low_w1_23,wlt_c_20260917-pilot6_calibration-retail-transfer-low-4w-40tps-r5_retail-transfer-low_w1_48,1000,transfer_20260917-pilot6_calibration-retail-transfer-low-4w-40tps-r5_retail-transfer-low_w1_r1_178],  with error: Error: Failed to submit trasaction with status code: 11
2026.09.17-14:51:35.723[31m error[39m [caliper] [connectors/peer-gateway/PeerGateway] 	Failed to perform submit transaction [Transfer] using arguments [wlt_c_20260917-pilot6_calibration-retail-transfer-low-4w-40tps-r5_retail-transfer-low_w2_3,wlt_c_20260917-pilot6_calibration-retail-transfer-low-4w-40tps-r5_retail-transfer-low_w2_28,1000,transfer_20260917-pilot6_calibration-retail-transfer-low-4w-40tps-r5_retail-transfer-low_w2_r1_182],  with error: Error: Failed to submit trasaction with status code: 11
2026.09.17-14:51:35.724[31m error[39m [caliper] [connectors/peer-gateway/PeerGateway] 	Failed to perform submit transaction [Transfer] using arguments [wlt_c_20260917-pilot6_calibration-retail-transfer-low-4w-40tps-r5_retail-transfer-low_w2_24,wlt_c_20260917-pilot6_calibration-retail-transfer-low-4w-40tps-r5_retail-transfer-low_w2_49,1000,transfer_20260917-pilot6_calibration-retail-transfer-low-4w-40tps-r5_retail-transfer-low_w2_r1_179],  with error: Error: Failed to submit trasaction with status code: 11
2026.09.17-14:51:35.727[31m error[39m [caliper] [connectors/peer-gateway/PeerGateway] 	Failed to perform submit transaction [Transfer] using arguments [wlt_c_20260917-pilot6_calibration-retail-transfer-low-4w-40tps-r5_retail-transfer-low_w0_23,wlt_c_20260917-pilot6_calibration-retail-transfer-low-4w-40tps-r5_retail-transfer-low_w0_48,1000,transfer_20260917-pilot6_calibration-retail-transfer-low-4w-40tps-r5_retail-transfer-low_w0_r1_178],  with error: Error: Failed to submit trasaction with status code: 11
2026.09.17-14:51:35.731[31m error[39m [caliper] [connectors/peer-gateway/PeerGateway] 	Failed to perform submit transaction [Transfer] using arguments [wlt_c_20260917-pilot6_calibration-retail-transfer-low-4w-40tps-r5_retail-transfer-low_w2_2,wlt_c_20260917-pilot6_calibration-retail-transfer-low-4w-40tps-r5_retail-transfer-low_w2_27,1000,transfer_20260917-pilot6_calibration-retail-transfer-low-4w-40tps-r5_retail-transfer-low_w2_r1_181],  with error: Error: Failed to submit trasaction with status code: 11
2026.09.17-14:51:35.738[31m error[39m [caliper] [connectors/peer-gateway/PeerGateway] 	Failed to perform submit transaction [Transfer] using arguments [wlt_c_20260917-pilot6_calibration-retail-transfer-low-4w-40tps-r5_retail-transfer-low_w3_1,wlt_c_20260917-pilot6_calibration-retail-transfer-low-4w-40tps-r5_retail-transfer-low_w3_26,1000,transfer_20260917-pilot6_calibration-retail-transfer-low-4w-40tps-r5_retail-transfer-low_w3_r1_180],  with error: Error: Failed to submit trasaction with status code: 11
2026.09.17-14:51:35.741[31m error[39m [caliper] [connectors/peer-gateway/PeerGateway] 	Failed to perform submit transaction [Transfer] using arguments [wlt_c_20260917-pilot6_calibration-retail-transfer-low-4w-40tps-r5_retail-transfer-low_w1_24,wlt_c_20260917-pilot6_calibration-retail-transfer-low-4w-40tps-r5_retail-transfer-low_w1_49,1000,transfer_20260917-pilot6_calibration-retail-transfer-low-4w-40tps-r5_retail-transfer-low_w1_r1_179],  with error: Error: Failed to submit trasaction with status code: 11
2026.09.17-14:51:35.743[31m error[39m [caliper] [connectors/peer-gateway/PeerGateway] 	Failed to perform submit transaction [Transfer] using arguments [wlt_c_20260917-pilot6_calibration-retail-transfer-low-4w-40tps-r5_retail-transfer-low_w1_2,wlt_c_20260917-pilot6_calibration-retail-transfer-low-4w-40tps-r5_retail-transfer-low_w1_27,1000,transfer_20260917-pilot6_calibration-retail-transfer-low-4w-40tps-r5_retail-transfer-low_w1_r1_181],  with error: Error: Failed to submit trasaction with status code: 11
2026.09.17-14:51:35.743[31m error[39m [caliper] [connectors/peer-gateway/PeerGateway] 	Failed to perform submit transaction [Transfer] using arguments [wlt_c_20260917-pilot6_calibration-retail-transfer-low-4w-40tps-r5_retail-transfer-low_w1_3,wlt_c_20260917-pilot6_calibration-retail-transfer-low-4w-40tps-r5_retail-transfer-low_w1_28,1000,transfer_20260917-pilot6_calibration-retail-transfer-low-4w-40tps-r5_retail-transfer-low_w1_r1_182],  with error: Error: Failed to submit trasaction with status code: 11
2026.09.17-14:51:35.750[31m error[39m [caliper] [connectors/peer-gateway/PeerGateway] 	Failed to perform submit transaction [Transfer] using arguments [wlt_c_20260917-pilot6_calibration-retail-transfer-low-4w-40tps-r5_retail-transfer-low_w3_2,wlt_c_20260917-pilot6_calibration-retail-transfer-low-4w-40tps-r5_retail-transfer-low_w3_27,1000,transfer_20260917-pilot6_calibration-retail-transfer-low-4w-40tps-r5_retail-transfer-low_w3_r1_181],  with error: Error: Failed to submit trasaction with status code: 11
2026.09.17-14:51:35.750[31m error[39m [caliper] [connectors/peer-gateway/PeerGateway] 	Failed to perform submit transaction [Transfer] using arguments [wlt_c_20260917-pilot6_calibration-retail-transfer-low-4w-40tps-r5_retail-transfer-low_w3_3,wlt_c_20260917-pilot6_calibration-retail-transfer-low-4w-40tps-r5_retail-transfer-low_w3_28,1000,transfer_20260917-pilot6_calibration-retail-transfer-low-4w-40tps-r5_retail-transfer-low_w3_r1_182],  with error: Error: Failed to submit trasaction with status code: 11
2026.09.17-14:51:35.858[31m error[39m [caliper] [connectors/peer-gateway/PeerGateway] 	Failed to perform submit transaction [Transfer] using arguments [wlt_c_20260917-pilot6_calibration-retail-transfer-low-4w-40tps-r5_retail-transfer-low_w3_8,wlt_c_20260917-pilot6_calibration-retail-transfer-low-4w-40tps-r5_retail-transfer-low_w3_33,1000,transfer_20260917-pilot6_calibration-retail-transfer-low-4w-40tps-r5_retail-transfer-low_w3_r1_186],  with error: Error: Failed to submit trasaction with status code: 11
2026.09.17-14:51:35.865[31m error[39m [caliper] [connectors/peer-gateway/PeerGateway] 	Failed to perform submit transaction [Transfer] using arguments [wlt_c_20260917-pilot6_calibration-retail-transfer-low-4w-40tps-r5_retail-transfer-low_w3_6,wlt_c_20260917-pilot6_calibration-retail-transfer-low-4w-40tps-r5_retail-transfer-low_w3_31,1000,transfer_20260917-pilot6_calibration-retail-transfer-low-4w-40tps-r5_retail-transfer-low_w3_r1_184],  with error: Error: Failed to submit trasaction with status code: 11
2026.09.17-14:51:35.866[31m error[39m [caliper] [connectors/peer-gateway/PeerGateway] 	Failed to perform submit transaction [Transfer] using arguments [wlt_c_20260917-pilot6_calibration-retail-transfer-low-4w-40tps-r5_retail-transfer-low_w3_7,wlt_c_20260917-pilot6_calibration-retail-transfer-low-4w-40tps-r5_retail-transfer-low_w3_32,1000,transfer_20260917-pilot6_calibration-retail-transfer-low-4w-40tps-r5_retail-transfer-low_w3_r1_185],  with error: Error: Failed to submit trasaction with status code: 11
2026.09.17-14:51:35.874[31m error[39m [caliper] [connectors/peer-gateway/PeerGateway] 	Failed to perform submit transaction [Transfer] using arguments [wlt_c_20260917-pilot6_calibration-retail-transfer-low-4w-40tps-r5_retail-transfer-low_w0_2,wlt_c_20260917-pilot6_calibration-retail-transfer-low-4w-40tps-r5_retail-transfer-low_w0_27,1000,transfer_20260917-pilot6_calibration-retail-transfer-low-4w-40tps-r5_retail-transfer-low_w0_r1_181],  with error: Error: Failed to submit trasaction with status code: 11
2026.09.17-14:51:35.949[31m error[39m [caliper] [connectors/peer-gateway/PeerGateway] 	Failed to perform submit transaction [Transfer] using arguments [wlt_c_20260917-pilot6_calibration-retail-transfer-low-4w-40tps-r5_retail-transfer-low_w1_4,wlt_c_20260917-pilot6_calibration-retail-transfer-low-4w-40tps-r5_retail-transfer-low_w1_29,1000,transfer_20260917-pilot6_calibration-retail-transfer-low-4w-40tps-r5_retail-transfer-low_w1_r1_183],  with error: Error: Failed to submit trasaction with status code: 11
2026.09.17-14:51:35.952[31m error[39m [caliper] [connectors/peer-gateway/PeerGateway] 	Failed to perform submit transaction [Transfer] using arguments [wlt_c_20260917-pilot6_calibration-retail-transfer-low-4w-40tps-r5_retail-transfer-low_w1_6,wlt_c_20260917-pilot6_calibration-retail-transfer-low-4w-40tps-r5_retail-transfer-low_w1_31,1000,transfer_20260917-pilot6_calibration-retail-transfer-low-4w-40tps-r5_retail-transfer-low_w1_r1_184],  with error: Error: Failed to submit trasaction with status code: 11
2026.09.17-14:51:36.018[31m error[39m [caliper] [connectors/peer-gateway/PeerGateway] 	Failed to perform submit transaction [Transfer] using arguments [wlt_c_20260917-pilot6_calibration-retail-transfer-low-4w-40tps-r5_retail-transfer-low_w2_9,wlt_c_20260917-pilot6_calibration-retail-transfer-low-4w-40tps-r5_retail-transfer-low_w2_34,1000,transfer_20260917-pilot6_calibration-retail-transfer-low-4w-40tps-r5_retail-transfer-low_w2_r1_187],  with error: Error: Failed to submit trasaction with status code: 11
2026.09.17-14:51:36.018[31m error[39m [caliper] [connectors/peer-gateway/PeerGateway] 	Failed to perform submit transaction [Transfer] using arguments [wlt_c_20260917-pilot6_calibration-retail-transfer-low-4w-40tps-r5_retail-transfer-low_w1_12,wlt_c_20260917-pilot6_calibration-retail-transfer-low-4w-40tps-r5_retail-transfer-low_w1_37,1000,transfer_20260917-pilot6_calibration-retail-transfer-low-4w-40tps-r5_retail-transfer-low_w1_r1_189],  with error: Error: Failed to submit trasaction with status code: 11
2026.09.17-14:51:36.021[31m error[39m [caliper] [connectors/peer-gateway/PeerGateway] 	Failed to perform submit transaction [Transfer] using arguments [wlt_c_20260917-pilot6_calibration-retail-transfer-low-4w-40tps-r5_retail-transfer-low_w1_7,wlt_c_20260917-pilot6_calibration-retail-transfer-low-4w-40tps-r5_retail-transfer-low_w1_32,1000,transfer_20260917-pilot6_calibration-retail-transfer-low-4w-40tps-r5_retail-transfer-low_w1_r1_185],  with error: Error: Failed to submit trasaction with status code: 11
2026.09.17-14:51:36.022[31m error[39m [caliper] [connectors/peer-gateway/PeerGateway] 	Failed to perform submit transaction [Transfer] using arguments [wlt_c_20260917-pilot6_calibration-retail-transfer-low-4w-40tps-r5_retail-transfer-low_w1_11,wlt_c_20260917-pilot6_calibration-retail-transfer-low-4w-40tps-r5_retail-transfer-low_w1_36,1000,transfer_20260917-pilot6_calibration-retail-transfer-low-4w-40tps-r5_retail-transfer-low_w1_r1_188],  with error: Error: Failed to submit trasaction with status code: 11
2026.09.17-14:51:36.023[31m error[39m [caliper] [connectors/peer-gateway/PeerGateway] 	Failed to perform submit transaction [Transfer] using arguments [wlt_c_20260917-pilot6_calibration-retail-transfer-low-4w-40tps-r5_retail-transfer-low_w3_9,wlt_c_20260917-pilot6_calibration-retail-transfer-low-4w-40tps-r5_retail-transfer-low_w3_34,1000,transfer_20260917-pilot6_calibration-retail-transfer-low-4w-40tps-r5_retail-transfer-low_w3_r1_187],  with error: Error: Failed to submit trasaction with status code: 11
2026.09.17-14:51:36.028[31m error[39m [caliper] [connectors/peer-gateway/PeerGateway] 	Failed to perform submit transaction [Transfer] using arguments [wlt_c_20260917-pilot6_calibration-retail-transfer-low-4w-40tps-r5_retail-transfer-low_w3_11,wlt_c_20260917-pilot6_calibration-retail-transfer-low-4w-40tps-r5_retail-transfer-low_w3_36,1000,transfer_20260917-pilot6_calibration-retail-transfer-low-4w-40tps-r5_retail-transfer-low_w3_r1_188],  with error: Error: Failed to submit trasaction with status code: 11
2026.09.17-14:51:36.030[31m error[39m [caliper] [connectors/peer-gateway/PeerGateway] 	Failed to perform submit transaction [Transfer] using arguments [wlt_c_20260917-pilot6_calibration-retail-transfer-low-4w-40tps-r5_retail-transfer-low_w3_12,wlt_c_20260917-pilot6_calibration-retail-transfer-low-4w-40tps-r5_retail-transfer-low_w3_37,1000,transfer_20260917-pilot6_calibration-retail-transfer-low-4w-40tps-r5_retail-transfer-low_w3_r1_189],  with error: Error: Failed to submit trasaction with status code: 11
2026.09.17-14:51:36.033[31m error[39m [caliper] [connectors/peer-gateway/PeerGateway] 	Failed to perform submit transaction [Transfer] using arguments [wlt_c_20260917-pilot6_calibration-retail-transfer-low-4w-40tps-r5_retail-transfer-low_w2_8,wlt_c_20260917-pilot6_calibration-retail-transfer-low-4w-40tps-r5_retail-transfer-low_w2_33,1000,transfer_20260917-pilot6_calibration-retail-transfer-low-4w-40tps-r5_retail-transfer-low_w2_r1_186],  with error: Error: Failed to submit trasaction with status code: 11
2026.09.17-14:51:36.228[31m error[39m [caliper] [connectors/peer-gateway/PeerGateway] 	Failed to perform submit transaction [Transfer] using arguments [wlt_c_20260917-pilot6_calibration-retail-transfer-low-4w-40tps-r5_retail-transfer-low_w1_9,wlt_c_20260917-pilot6_calibration-retail-transfer-low-4w-40tps-r5_retail-transfer-low_w1_34,1000,transfer_20260917-pilot6_calibration-retail-transfer-low-4w-40tps-r5_retail-transfer-low_w1_r1_187],  with error: Error: Failed to submit trasaction with status code: 11
2026.09.17-14:51:36.229[31m error[39m [caliper] [connectors/peer-gateway/PeerGateway] 	Failed to perform submit transaction [Transfer] using arguments [wlt_c_20260917-pilot6_calibration-retail-transfer-low-4w-40tps-r5_retail-transfer-low_w2_13,wlt_c_20260917-pilot6_calibration-retail-transfer-low-4w-40tps-r5_retail-transfer-low_w2_38,1000,transfer_20260917-pilot6_calibration-retail-transfer-low-4w-40tps-r5_retail-transfer-low_w2_r1_190],  with error: Error: Failed to submit trasaction with status code: 11
2026.09.17-14:51:36.229[31m error[39m [caliper] [connectors/peer-gateway/PeerGateway] 	Failed to perform submit transaction [Transfer] using arguments [wlt_c_20260917-pilot6_calibration-retail-transfer-low-4w-40tps-r5_retail-transfer-low_w1_13,wlt_c_20260917-pilot6_calibration-retail-transfer-low-4w-40tps-r5_retail-transfer-low_w1_38,1000,transfer_20260917-pilot6_calibration-retail-transfer-low-4w-40tps-r5_retail-transfer-low_w1_r1_190],  with error: Error: Failed to submit trasaction with status code: 11
2026.09.17-14:51:36.230[31m error[39m [caliper] [connectors/peer-gateway/PeerGateway] 	Failed to perform submit transaction [Transfer] using arguments [wlt_c_20260917-pilot6_calibration-retail-transfer-low-4w-40tps-r5_retail-transfer-low_w1_8,wlt_c_20260917-pilot6_calibration-retail-transfer-low-4w-40tps-r5_retail-transfer-low_w1_33,1000,transfer_20260917-pilot6_calibration-retail-transfer-low-4w-40tps-r5_retail-transfer-low_w1_r1_186],  with error: Error: Failed to submit trasaction with status code: 11
2026.09.17-14:51:36.230[31m error[39m [caliper] [connectors/peer-gateway/PeerGateway] 	Failed to perform submit transaction [Transfer] using arguments [wlt_c_20260917-pilot6_calibration-retail-transfer-low-4w-40tps-r5_retail-transfer-low_w1_14,wlt_c_20260917-pilot6_calibration-retail-transfer-low-4w-40tps-r5_retail-transfer-low_w1_39,1000,transfer_20260917-pilot6_calibration-retail-transfer-low-4w-40tps-r5_retail-transfer-low_w1_r1_191],  with error: Error: Failed to submit trasaction with status code: 11
2026.09.17-14:51:36.227[31m error[39m [caliper] [connectors/peer-gateway/PeerGateway] 	Failed to perform submit transaction [Transfer] using arguments [wlt_c_20260917-pilot6_calibration-retail-transfer-low-4w-40tps-r5_retail-transfer-low_w3_13,wlt_c_20260917-pilot6_calibration-retail-transfer-low-4w-40tps-r5_retail-transfer-low_w3_38,1000,transfer_20260917-pilot6_calibration-retail-transfer-low-4w-40tps-r5_retail-transfer-low_w3_r1_190],  with error: Error: Failed to submit trasaction with status code: 11
2026.09.17-14:51:36.236[31m error[39m [caliper] [connectors/peer-gateway/PeerGateway] 	Failed to perform submit transaction [Transfer] using arguments [wlt_c_20260917-pilot6_calibration-retail-transfer-low-4w-40tps-r5_retail-transfer-low_w2_7,wlt_c_20260917-pilot6_calibration-retail-transfer-low-4w-40tps-r5_retail-transfer-low_w2_32,1000,transfer_20260917-pilot6_calibration-retail-transfer-low-4w-40tps-r5_retail-transfer-low_w2_r1_185],  with error: Error: Failed to submit trasaction with status code: 11
2026.09.17-14:51:36.332[31m error[39m [caliper] [connectors/peer-gateway/PeerGateway] 	Failed to perform submit transaction [Transfer] using arguments [wlt_c_20260917-pilot6_calibration-retail-transfer-low-4w-40tps-r5_retail-transfer-low_w2_14,wlt_c_20260917-pilot6_calibration-retail-transfer-low-4w-40tps-r5_retail-transfer-low_w2_39,1000,transfer_20260917-pilot6_calibration-retail-transfer-low-4w-40tps-r5_retail-transfer-low_w2_r1_191],  with error: Error: Failed to submit trasaction with status code: 11
2026.09.17-14:51:36.333[31m error[39m [caliper] [connectors/peer-gateway/PeerGateway] 	Failed to perform submit transaction [Transfer] using arguments [wlt_c_20260917-pilot6_calibration-retail-transfer-low-4w-40tps-r5_retail-transfer-low_w2_16,wlt_c_20260917-pilot6_calibration-retail-transfer-low-4w-40tps-r5_retail-transfer-low_w2_41,1000,transfer_20260917-pilot6_calibration-retail-transfer-low-4w-40tps-r5_retail-transfer-low_w2_r1_192],  with error: Error: Failed to submit trasaction with status code: 11
2026.09.17-14:51:36.334[31m error[39m [caliper] [connectors/peer-gateway/PeerGateway] 	Failed to perform submit transaction [Transfer] using arguments [wlt_c_20260917-pilot6_calibration-retail-transfer-low-4w-40tps-r5_retail-transfer-low_w2_12,wlt_c_20260917-pilot6_calibration-retail-transfer-low-4w-40tps-r5_retail-transfer-low_w2_37,1000,transfer_20260917-pilot6_calibration-retail-transfer-low-4w-40tps-r5_retail-transfer-low_w2_r1_189],  with error: Error: Failed to submit trasaction with status code: 11
2026.09.17-14:51:36.336[31m error[39m [caliper] [connectors/peer-gateway/PeerGateway] 	Failed to perform submit transaction [Transfer] using arguments [wlt_c_20260917-pilot6_calibration-retail-transfer-low-4w-40tps-r5_retail-transfer-low_w0_14,wlt_c_20260917-pilot6_calibration-retail-transfer-low-4w-40tps-r5_retail-transfer-low_w0_39,1000,transfer_20260917-pilot6_calibration-retail-transfer-low-4w-40tps-r5_retail-transfer-low_w0_r1_191],  with error: Error: Failed to submit trasaction with status code: 11
2026.09.17-14:51:36.336[31m error[39m [caliper] [connectors/peer-gateway/PeerGateway] 	Failed to perform submit transaction [Transfer] using arguments [wlt_c_20260917-pilot6_calibration-retail-transfer-low-4w-40tps-r5_retail-transfer-low_w0_9,wlt_c_20260917-pilot6_calibration-retail-transfer-low-4w-40tps-r5_retail-transfer-low_w0_34,1000,transfer_20260917-pilot6_calibration-retail-transfer-low-4w-40tps-r5_retail-transfer-low_w0_r1_187],  with error: Error: Failed to submit trasaction with status code: 11
2026.09.17-14:51:36.336[31m error[39m [caliper] [connectors/peer-gateway/PeerGateway] 	Failed to perform submit transaction [Transfer] using arguments [wlt_c_20260917-pilot6_calibration-retail-transfer-low-4w-40tps-r5_retail-transfer-low_w0_13,wlt_c_20260917-pilot6_calibration-retail-transfer-low-4w-40tps-r5_retail-transfer-low_w0_38,1000,transfer_20260917-pilot6_calibration-retail-transfer-low-4w-40tps-r5_retail-transfer-low_w0_r1_190],  with error: Error: Failed to submit trasaction with status code: 11
2026.09.17-14:51:36.367[31m error[39m [caliper] [connectors/peer-gateway/PeerGateway] 	Failed to perform submit transaction [Transfer] using arguments [wlt_c_20260917-pilot6_calibration-retail-transfer-low-4w-40tps-r5_retail-transfer-low_w3_14,wlt_c_20260917-pilot6_calibration-retail-transfer-low-4w-40tps-r5_retail-transfer-low_w3_39,1000,transfer_20260917-pilot6_calibration-retail-transfer-low-4w-40tps-r5_retail-transfer-low_w3_r1_191],  with error: Error: Failed to submit trasaction with status code: 11
2026.09.17-14:51:36.368[31m error[39m [caliper] [connectors/peer-gateway/PeerGateway] 	Failed to perform submit transaction [Transfer] using arguments [wlt_c_20260917-pilot6_calibration-retail-transfer-low-4w-40tps-r5_retail-transfer-low_w3_16,wlt_c_20260917-pilot6_calibration-retail-transfer-low-4w-40tps-r5_retail-transfer-low_w3_41,1000,transfer_20260917-pilot6_calibration-retail-transfer-low-4w-40tps-r5_retail-transfer-low_w3_r1_192],  with error: Error: Failed to submit trasaction with status code: 11
2026.09.17-14:51:36.399[31m error[39m [caliper] [connectors/peer-gateway/PeerGateway] 	Failed to perform submit transaction [Transfer] using arguments [wlt_c_20260917-pilot6_calibration-retail-transfer-low-4w-40tps-r5_retail-transfer-low_w1_16,wlt_c_20260917-pilot6_calibration-retail-transfer-low-4w-40tps-r5_retail-transfer-low_w1_41,1000,transfer_20260917-pilot6_calibration-retail-transfer-low-4w-40tps-r5_retail-transfer-low_w1_r1_192],  with error: Error: Failed to submit trasaction with status code: 11
2026.09.17-14:51:36.400[31m error[39m [caliper] [connectors/peer-gateway/PeerGateway] 	Failed to perform submit transaction [Transfer] using arguments [wlt_c_20260917-pilot6_calibration-retail-transfer-low-4w-40tps-r5_retail-transfer-low_w1_17,wlt_c_20260917-pilot6_calibration-retail-transfer-low-4w-40tps-r5_retail-transfer-low_w1_42,1000,transfer_20260917-pilot6_calibration-retail-transfer-low-4w-40tps-r5_retail-transfer-low_w1_r1_193],  with error: Error: Failed to submit trasaction with status code: 11
2026.09.17-14:51:36.471[31m error[39m [caliper] [connectors/peer-gateway/PeerGateway] 	Failed to perform submit transaction [Transfer] using arguments [wlt_c_20260917-pilot6_calibration-retail-transfer-low-4w-40tps-r5_retail-transfer-low_w0_12,wlt_c_20260917-pilot6_calibration-retail-transfer-low-4w-40tps-r5_retail-transfer-low_w0_37,1000,transfer_20260917-pilot6_calibration-retail-transfer-low-4w-40tps-r5_retail-transfer-low_w0_r1_189],  with error: Error: Failed to submit trasaction with status code: 11
2026.09.17-14:51:36.472[31m error[39m [caliper] [connectors/peer-gateway/PeerGateway] 	Failed to perform submit transaction [Transfer] using arguments [wlt_c_20260917-pilot6_calibration-retail-transfer-low-4w-40tps-r5_retail-transfer-low_w1_18,wlt_c_20260917-pilot6_calibration-retail-transfer-low-4w-40tps-r5_retail-transfer-low_w1_43,1000,transfer_20260917-pilot6_calibration-retail-transfer-low-4w-40tps-r5_retail-transfer-low_w1_r1_194],  with error: Error: Failed to submit trasaction with status code: 11
2026.09.17-14:51:36.473[31m error[39m [caliper] [connectors/peer-gateway/PeerGateway] 	Failed to perform submit transaction [Transfer] using arguments [wlt_c_20260917-pilot6_calibration-retail-transfer-low-4w-40tps-r5_retail-transfer-low_w1_19,wlt_c_20260917-pilot6_calibration-retail-transfer-low-4w-40tps-r5_retail-transfer-low_w1_44,1000,transfer_20260917-pilot6_calibration-retail-transfer-low-4w-40tps-r5_retail-transfer-low_w1_r1_195],  with error: Error: Failed to submit trasaction with status code: 11
2026.09.17-14:51:36.475[31m error[39m [caliper] [connectors/peer-gateway/PeerGateway] 	Failed to perform submit transaction [Transfer] using arguments [wlt_c_20260917-pilot6_calibration-retail-transfer-low-4w-40tps-r5_retail-transfer-low_w3_17,wlt_c_20260917-pilot6_calibration-retail-transfer-low-4w-40tps-r5_retail-transfer-low_w3_42,1000,transfer_20260917-pilot6_calibration-retail-transfer-low-4w-40tps-r5_retail-transfer-low_w3_r1_193],  with error: Error: Failed to submit trasaction with status code: 11
2026.09.17-14:51:36.473[31m error[39m [caliper] [connectors/peer-gateway/PeerGateway] 	Failed to perform submit transaction [Transfer] using arguments [wlt_c_20260917-pilot6_calibration-retail-transfer-low-4w-40tps-r5_retail-transfer-low_w2_19,wlt_c_20260917-pilot6_calibration-retail-transfer-low-4w-40tps-r5_retail-transfer-low_w2_44,1000,transfer_20260917-pilot6_calibration-retail-transfer-low-4w-40tps-r5_retail-transfer-low_w2_r1_195],  with error: Error: Failed to submit trasaction with status code: 11
2026.09.17-14:51:36.481[31m error[39m [caliper] [connectors/peer-gateway/PeerGateway] 	Failed to perform submit transaction [Transfer] using arguments [wlt_c_20260917-pilot6_calibration-retail-transfer-low-4w-40tps-r5_retail-transfer-low_w0_16,wlt_c_20260917-pilot6_calibration-retail-transfer-low-4w-40tps-r5_retail-transfer-low_w0_41,1000,transfer_20260917-pilot6_calibration-retail-transfer-low-4w-40tps-r5_retail-transfer-low_w0_r1_192],  with error: Error: Failed to submit trasaction with status code: 11
2026.09.17-14:51:36.485[31m error[39m [caliper] [connectors/peer-gateway/PeerGateway] 	Failed to perform submit transaction [Transfer] using arguments [wlt_c_20260917-pilot6_calibration-retail-transfer-low-4w-40tps-r5_retail-transfer-low_w2_18,wlt_c_20260917-pilot6_calibration-retail-transfer-low-4w-40tps-r5_retail-transfer-low_w2_43,1000,transfer_20260917-pilot6_calibration-retail-transfer-low-4w-40tps-r5_retail-transfer-low_w2_r1_194],  with error: Error: Failed to submit trasaction with status code: 11
2026.09.17-14:51:36.488[31m error[39m [caliper] [connectors/peer-gateway/PeerGateway] 	Failed to perform submit transaction [Transfer] using arguments [wlt_c_20260917-pilot6_calibration-retail-transfer-low-4w-40tps-r5_retail-transfer-low_w2_17,wlt_c_20260917-pilot6_calibration-retail-transfer-low-4w-40tps-r5_retail-transfer-low_w2_42,1000,transfer_20260917-pilot6_calibration-retail-transfer-low-4w-40tps-r5_retail-transfer-low_w2_r1_193],  with error: Error: Failed to submit trasaction with status code: 11
2026.09.17-14:51:36.483[31m error[39m [caliper] [connectors/peer-gateway/PeerGateway] 	Failed to perform submit transaction [Transfer] using arguments [wlt_c_20260917-pilot6_calibration-retail-transfer-low-4w-40tps-r5_retail-transfer-low_w3_18,wlt_c_20260917-pilot6_calibration-retail-transfer-low-4w-40tps-r5_retail-transfer-low_w3_43,1000,transfer_20260917-pilot6_calibration-retail-transfer-low-4w-40tps-r5_retail-transfer-low_w3_r1_194],  with error: Error: Failed to submit trasaction with status code: 11
2026.09.17-14:51:36.579[31m error[39m [caliper] [connectors/peer-gateway/PeerGateway] 	Failed to perform submit transaction [Transfer] using arguments [wlt_c_20260917-pilot6_calibration-retail-transfer-low-4w-40tps-r5_retail-transfer-low_w3_19,wlt_c_20260917-pilot6_calibration-retail-transfer-low-4w-40tps-r5_retail-transfer-low_w3_44,1000,transfer_20260917-pilot6_calibration-retail-transfer-low-4w-40tps-r5_retail-transfer-low_w3_r1_195],  with error: Error: Failed to submit trasaction with status code: 11
2026.09.17-14:51:36.584[31m error[39m [caliper] [connectors/peer-gateway/PeerGateway] 	Failed to perform submit transaction [Transfer] using arguments [wlt_c_20260917-pilot6_calibration-retail-transfer-low-4w-40tps-r5_retail-transfer-low_w3_22,wlt_c_20260917-pilot6_calibration-retail-transfer-low-4w-40tps-r5_retail-transfer-low_w3_47,1000,transfer_20260917-pilot6_calibration-retail-transfer-low-4w-40tps-r5_retail-transfer-low_w3_r1_197],  with error: Error: Failed to submit trasaction with status code: 11
2026.09.17-14:51:36.585[31m error[39m [caliper] [connectors/peer-gateway/PeerGateway] 	Failed to perform submit transaction [Transfer] using arguments [wlt_c_20260917-pilot6_calibration-retail-transfer-low-4w-40tps-r5_retail-transfer-low_w3_23,wlt_c_20260917-pilot6_calibration-retail-transfer-low-4w-40tps-r5_retail-transfer-low_w3_48,1000,transfer_20260917-pilot6_calibration-retail-transfer-low-4w-40tps-r5_retail-transfer-low_w3_r1_198],  with error: Error: Failed to submit trasaction with status code: 11
2026.09.17-14:51:36.592[31m error[39m [caliper] [connectors/peer-gateway/PeerGateway] 	Failed to perform submit transaction [Transfer] using arguments [wlt_c_20260917-pilot6_calibration-retail-transfer-low-4w-40tps-r5_retail-transfer-low_w0_24,wlt_c_20260917-pilot6_calibration-retail-transfer-low-4w-40tps-r5_retail-transfer-low_w0_49,1000,transfer_20260917-pilot6_calibration-retail-transfer-low-4w-40tps-r5_retail-transfer-low_w0_r1_199],  with error: Error: Failed to submit trasaction with status code: 11
2026.09.17-14:51:36.592[31m error[39m [caliper] [connectors/peer-gateway/PeerGateway] 	Failed to perform submit transaction [Transfer] using arguments [wlt_c_20260917-pilot6_calibration-retail-transfer-low-4w-40tps-r5_retail-transfer-low_w0_19,wlt_c_20260917-pilot6_calibration-retail-transfer-low-4w-40tps-r5_retail-transfer-low_w0_44,1000,transfer_20260917-pilot6_calibration-retail-transfer-low-4w-40tps-r5_retail-transfer-low_w0_r1_195],  with error: Error: Failed to submit trasaction with status code: 11
2026.09.17-14:51:36.613[31m error[39m [caliper] [connectors/peer-gateway/PeerGateway] 	Failed to perform submit transaction [Transfer] using arguments [wlt_c_20260917-pilot6_calibration-retail-transfer-low-4w-40tps-r5_retail-transfer-low_w1_23,wlt_c_20260917-pilot6_calibration-retail-transfer-low-4w-40tps-r5_retail-transfer-low_w1_48,1000,transfer_20260917-pilot6_calibration-retail-transfer-low-4w-40tps-r5_retail-transfer-low_w1_r1_198],  with error: Error: Failed to submit trasaction with status code: 11
2026.09.17-14:51:36.625[31m error[39m [caliper] [connectors/peer-gateway/PeerGateway] 	Failed to perform submit transaction [Transfer] using arguments [wlt_c_20260917-pilot6_calibration-retail-transfer-low-4w-40tps-r5_retail-transfer-low_w2_23,wlt_c_20260917-pilot6_calibration-retail-transfer-low-4w-40tps-r5_retail-transfer-low_w2_48,1000,transfer_20260917-pilot6_calibration-retail-transfer-low-4w-40tps-r5_retail-transfer-low_w2_r1_198],  with error: Error: Failed to submit trasaction with status code: 11
2026.09.17-14:51:36.634[31m error[39m [caliper] [connectors/peer-gateway/PeerGateway] 	Failed to perform submit transaction [Transfer] using arguments [wlt_c_20260917-pilot6_calibration-retail-transfer-low-4w-40tps-r5_retail-transfer-low_w0_18,wlt_c_20260917-pilot6_calibration-retail-transfer-low-4w-40tps-r5_retail-transfer-low_w0_43,1000,transfer_20260917-pilot6_calibration-retail-transfer-low-4w-40tps-r5_retail-transfer-low_w0_r1_194],  with error: Error: Failed to submit trasaction with status code: 11
2026.09.17-14:51:36.653[31m error[39m [caliper] [connectors/peer-gateway/PeerGateway] 	Failed to perform submit transaction [Transfer] using arguments [wlt_c_20260917-pilot6_calibration-retail-transfer-low-4w-40tps-r5_retail-transfer-low_w0_17,wlt_c_20260917-pilot6_calibration-retail-transfer-low-4w-40tps-r5_retail-transfer-low_w0_42,1000,transfer_20260917-pilot6_calibration-retail-transfer-low-4w-40tps-r5_retail-transfer-low_w0_r1_193],  with error: Error: Failed to submit trasaction with status code: 11
2026.09.17-14:51:36.653[31m error[39m [caliper] [connectors/peer-gateway/PeerGateway] 	Failed to perform submit transaction [Transfer] using arguments [wlt_c_20260917-pilot6_calibration-retail-transfer-low-4w-40tps-r5_retail-transfer-low_w0_23,wlt_c_20260917-pilot6_calibration-retail-transfer-low-4w-40tps-r5_retail-transfer-low_w0_48,1000,transfer_20260917-pilot6_calibration-retail-transfer-low-4w-40tps-r5_retail-transfer-low_w0_r1_198],  with error: Error: Failed to submit trasaction with status code: 11
2026.09.17-14:51:36.775[31m error[39m [caliper] [connectors/peer-gateway/PeerGateway] 	Failed to perform submit transaction [Transfer] using arguments [wlt_c_20260917-pilot6_calibration-retail-transfer-low-4w-40tps-r5_retail-transfer-low_w3_24,wlt_c_20260917-pilot6_calibration-retail-transfer-low-4w-40tps-r5_retail-transfer-low_w3_49,1000,transfer_20260917-pilot6_calibration-retail-transfer-low-4w-40tps-r5_retail-transfer-low_w3_r1_199],  with error: Error: Failed to submit trasaction with status code: 11
2026.09.17-14:51:36.775[31m error[39m [caliper] [connectors/peer-gateway/PeerGateway] 	Failed to perform submit transaction [Transfer] using arguments [wlt_c_20260917-pilot6_calibration-retail-transfer-low-4w-40tps-r5_retail-transfer-low_w3_21,wlt_c_20260917-pilot6_calibration-retail-transfer-low-4w-40tps-r5_retail-transfer-low_w3_46,1000,transfer_20260917-pilot6_calibration-retail-transfer-low-4w-40tps-r5_retail-transfer-low_w3_r1_196],  with error: Error: Failed to submit trasaction with status code: 11
2026.09.17-14:51:36.776[31m error[39m [caliper] [connectors/peer-gateway/PeerGateway] 	Failed to perform submit transaction [Transfer] using arguments [wlt_c_20260917-pilot6_calibration-retail-transfer-low-4w-40tps-r5_retail-transfer-low_w3_1,wlt_c_20260917-pilot6_calibration-retail-transfer-low-4w-40tps-r5_retail-transfer-low_w3_26,1000,transfer_20260917-pilot6_calibration-retail-transfer-low-4w-40tps-r5_retail-transfer-low_w3_r1_200],  with error: Error: Failed to submit trasaction with status code: 11
2026.09.17-14:51:36.780[31m error[39m [caliper] [connectors/peer-gateway/PeerGateway] 	Failed to perform submit transaction [Transfer] using arguments [wlt_c_20260917-pilot6_calibration-retail-transfer-low-4w-40tps-r5_retail-transfer-low_w2_24,wlt_c_20260917-pilot6_calibration-retail-transfer-low-4w-40tps-r5_retail-transfer-low_w2_49,1000,transfer_20260917-pilot6_calibration-retail-transfer-low-4w-40tps-r5_retail-transfer-low_w2_r1_199],  with error: Error: Failed to submit trasaction with status code: 11
2026.09.17-14:51:36.781[31m error[39m [caliper] [connectors/peer-gateway/PeerGateway] 	Failed to perform submit transaction [Transfer] using arguments [wlt_c_20260917-pilot6_calibration-retail-transfer-low-4w-40tps-r5_retail-transfer-low_w2_22,wlt_c_20260917-pilot6_calibration-retail-transfer-low-4w-40tps-r5_retail-transfer-low_w2_47,1000,transfer_20260917-pilot6_calibration-retail-transfer-low-4w-40tps-r5_retail-transfer-low_w2_r1_197],  with error: Error: Failed to submit trasaction with status code: 11
2026.09.17-14:51:36.781[31m error[39m [caliper] [connectors/peer-gateway/PeerGateway] 	Failed to perform submit transaction [Transfer] using arguments [wlt_c_20260917-pilot6_calibration-retail-transfer-low-4w-40tps-r5_retail-transfer-low_w2_21,wlt_c_20260917-pilot6_calibration-retail-transfer-low-4w-40tps-r5_retail-transfer-low_w2_46,1000,transfer_20260917-pilot6_calibration-retail-transfer-low-4w-40tps-r5_retail-transfer-low_w2_r1_196],  with error: Error: Failed to submit trasaction with status code: 11
2026.09.17-14:51:36.785[31m error[39m [caliper] [connectors/peer-gateway/PeerGateway] 	Failed to perform submit transaction [Transfer] using arguments [wlt_c_20260917-pilot6_calibration-retail-transfer-low-4w-40tps-r5_retail-transfer-low_w1_22,wlt_c_20260917-pilot6_calibration-retail-transfer-low-4w-40tps-r5_retail-transfer-low_w1_47,1000,transfer_20260917-pilot6_calibration-retail-transfer-low-4w-40tps-r5_retail-transfer-low_w1_r1_197],  with error: Error: Failed to submit trasaction with status code: 11
2026.09.17-14:51:36.786[31m error[39m [caliper] [connectors/peer-gateway/PeerGateway] 	Failed to perform submit transaction [Transfer] using arguments [wlt_c_20260917-pilot6_calibration-retail-transfer-low-4w-40tps-r5_retail-transfer-low_w1_24,wlt_c_20260917-pilot6_calibration-retail-transfer-low-4w-40tps-r5_retail-transfer-low_w1_49,1000,transfer_20260917-pilot6_calibration-retail-transfer-low-4w-40tps-r5_retail-transfer-low_w1_r1_199],  with error: Error: Failed to submit trasaction with status code: 11
2026.09.17-14:51:36.790[31m error[39m [caliper] [connectors/peer-gateway/PeerGateway] 	Failed to perform submit transaction [Transfer] using arguments [wlt_c_20260917-pilot6_calibration-retail-transfer-low-4w-40tps-r5_retail-transfer-low_w1_21,wlt_c_20260917-pilot6_calibration-retail-transfer-low-4w-40tps-r5_retail-transfer-low_w1_46,1000,transfer_20260917-pilot6_calibration-retail-transfer-low-4w-40tps-r5_retail-transfer-low_w1_r1_196],  with error: Error: Failed to submit trasaction with status code: 11
2026.09.17-14:51:36.912[31m error[39m [caliper] [connectors/peer-gateway/PeerGateway] 	Failed to perform submit transaction [Transfer] using arguments [wlt_c_20260917-pilot6_calibration-retail-transfer-low-4w-40tps-r5_retail-transfer-low_w0_21,wlt_c_20260917-pilot6_calibration-retail-transfer-low-4w-40tps-r5_retail-transfer-low_w0_46,1000,transfer_20260917-pilot6_calibration-retail-transfer-low-4w-40tps-r5_retail-transfer-low_w0_r1_196],  with error: Error: Failed to submit trasaction with status code: 11
2026.09.17-14:51:37.030[31m error[39m [caliper] [connectors/peer-gateway/PeerGateway] 	Failed to perform submit transaction [Transfer] using arguments [wlt_c_20260917-pilot6_calibration-retail-transfer-low-4w-40tps-r5_retail-transfer-low_w0_22,wlt_c_20260917-pilot6_calibration-retail-transfer-low-4w-40tps-r5_retail-transfer-low_w0_47,1000,transfer_20260917-pilot6_calibration-retail-transfer-low-4w-40tps-r5_retail-transfer-low_w0_r1_197],  with error: Error: Failed to submit trasaction with status code: 11
2026.09.17-14:51:37.030[31m error[39m [caliper] [connectors/peer-gateway/PeerGateway] 	Failed to perform submit transaction [Transfer] using arguments [wlt_c_20260917-pilot6_calibration-retail-transfer-low-4w-40tps-r5_retail-transfer-low_w0_1,wlt_c_20260917-pilot6_calibration-retail-transfer-low-4w-40tps-r5_retail-transfer-low_w0_26,1000,transfer_20260917-pilot6_calibration-retail-transfer-low-4w-40tps-r5_retail-transfer-low_w0_r1_200],  with error: Error: Failed to submit trasaction with status code: 11
2026.09.17-14:51:37.033[31m error[39m [caliper] [connectors/peer-gateway/PeerGateway] 	Failed to perform submit transaction [Transfer] using arguments [wlt_c_20260917-pilot6_calibration-retail-transfer-low-4w-40tps-r5_retail-transfer-low_w3_7,wlt_c_20260917-pilot6_calibration-retail-transfer-low-4w-40tps-r5_retail-transfer-low_w3_32,1000,transfer_20260917-pilot6_calibration-retail-transfer-low-4w-40tps-r5_retail-transfer-low_w3_r1_205],  with error: Error: Failed to submit trasaction with status code: 11
2026.09.17-14:51:37.033[31m error[39m [caliper] [connectors/peer-gateway/PeerGateway] 	Failed to perform submit transaction [Transfer] using arguments [wlt_c_20260917-pilot6_calibration-retail-transfer-low-4w-40tps-r5_retail-transfer-low_w3_4,wlt_c_20260917-pilot6_calibration-retail-transfer-low-4w-40tps-r5_retail-transfer-low_w3_29,1000,transfer_20260917-pilot6_calibration-retail-transfer-low-4w-40tps-r5_retail-transfer-low_w3_r1_203],  with error: Error: Failed to submit trasaction with status code: 11
2026.09.17-14:51:37.052[31m error[39m [caliper] [connectors/peer-gateway/PeerGateway] 	Failed to perform submit transaction [Transfer] using arguments [wlt_c_20260917-pilot6_calibration-retail-transfer-low-4w-40tps-r5_retail-transfer-low_w0_2,wlt_c_20260917-pilot6_calibration-retail-transfer-low-4w-40tps-r5_retail-transfer-low_w0_27,1000,transfer_20260917-pilot6_calibration-retail-transfer-low-4w-40tps-r5_retail-transfer-low_w0_r1_201],  with error: Error: Failed to submit trasaction with status code: 11
2026.09.17-14:51:37.052[31m error[39m [caliper] [connectors/peer-gateway/PeerGateway] 	Failed to perform submit transaction [Transfer] using arguments [wlt_c_20260917-pilot6_calibration-retail-transfer-low-4w-40tps-r5_retail-transfer-low_w0_7,wlt_c_20260917-pilot6_calibration-retail-transfer-low-4w-40tps-r5_retail-transfer-low_w0_32,1000,transfer_20260917-pilot6_calibration-retail-transfer-low-4w-40tps-r5_retail-transfer-low_w0_r1_205],  with error: Error: Failed to submit trasaction with status code: 11
2026.09.17-14:51:37.045[31m error[39m [caliper] [connectors/peer-gateway/PeerGateway] 	Failed to perform submit transaction [Transfer] using arguments [wlt_c_20260917-pilot6_calibration-retail-transfer-low-4w-40tps-r5_retail-transfer-low_w2_1,wlt_c_20260917-pilot6_calibration-retail-transfer-low-4w-40tps-r5_retail-transfer-low_w2_26,1000,transfer_20260917-pilot6_calibration-retail-transfer-low-4w-40tps-r5_retail-transfer-low_w2_r1_200],  with error: Error: Failed to submit trasaction with status code: 11
2026.09.17-14:51:37.091[31m error[39m [caliper] [connectors/peer-gateway/PeerGateway] 	Failed to perform submit transaction [Transfer] using arguments [wlt_c_20260917-pilot6_calibration-retail-transfer-low-4w-40tps-r5_retail-transfer-low_w1_1,wlt_c_20260917-pilot6_calibration-retail-transfer-low-4w-40tps-r5_retail-transfer-low_w1_26,1000,transfer_20260917-pilot6_calibration-retail-transfer-low-4w-40tps-r5_retail-transfer-low_w1_r1_200],  with error: Error: Failed to submit trasaction with status code: 11
2026.09.17-14:51:37.223[31m error[39m [caliper] [connectors/peer-gateway/PeerGateway] 	Failed to perform submit transaction [Transfer] using arguments [wlt_c_20260917-pilot6_calibration-retail-transfer-low-4w-40tps-r5_retail-transfer-low_w0_6,wlt_c_20260917-pilot6_calibration-retail-transfer-low-4w-40tps-r5_retail-transfer-low_w0_31,1000,transfer_20260917-pilot6_calibration-retail-transfer-low-4w-40tps-r5_retail-transfer-low_w0_r1_204],  with error: Error: Failed to submit trasaction with status code: 11
2026.09.17-14:51:37.229[31m error[39m [caliper] [connectors/peer-gateway/PeerGateway] 	Failed to perform submit transaction [Transfer] using arguments [wlt_c_20260917-pilot6_calibration-retail-transfer-low-4w-40tps-r5_retail-transfer-low_w1_6,wlt_c_20260917-pilot6_calibration-retail-transfer-low-4w-40tps-r5_retail-transfer-low_w1_31,1000,transfer_20260917-pilot6_calibration-retail-transfer-low-4w-40tps-r5_retail-transfer-low_w1_r1_204],  with error: Error: Failed to submit trasaction with status code: 11
2026.09.17-14:51:37.240[31m error[39m [caliper] [connectors/peer-gateway/PeerGateway] 	Failed to perform submit transaction [Transfer] using arguments [wlt_c_20260917-pilot6_calibration-retail-transfer-low-4w-40tps-r5_retail-transfer-low_w3_2,wlt_c_20260917-pilot6_calibration-retail-transfer-low-4w-40tps-r5_retail-transfer-low_w3_27,1000,transfer_20260917-pilot6_calibration-retail-transfer-low-4w-40tps-r5_retail-transfer-low_w3_r1_201],  with error: Error: Failed to submit trasaction with status code: 11
2026.09.17-14:51:37.241[31m error[39m [caliper] [connectors/peer-gateway/PeerGateway] 	Failed to perform submit transaction [Transfer] using arguments [wlt_c_20260917-pilot6_calibration-retail-transfer-low-4w-40tps-r5_retail-transfer-low_w3_3,wlt_c_20260917-pilot6_calibration-retail-transfer-low-4w-40tps-r5_retail-transfer-low_w3_28,1000,transfer_20260917-pilot6_calibration-retail-transfer-low-4w-40tps-r5_retail-transfer-low_w3_r1_202],  with error: Error: Failed to submit trasaction with status code: 11
2026.09.17-14:51:37.233[31m error[39m [caliper] [connectors/peer-gateway/PeerGateway] 	Failed to perform submit transaction [Transfer] using arguments [wlt_c_20260917-pilot6_calibration-retail-transfer-low-4w-40tps-r5_retail-transfer-low_w0_4,wlt_c_20260917-pilot6_calibration-retail-transfer-low-4w-40tps-r5_retail-transfer-low_w0_29,1000,transfer_20260917-pilot6_calibration-retail-transfer-low-4w-40tps-r5_retail-transfer-low_w0_r1_203],  with error: Error: Failed to submit trasaction with status code: 11
2026.09.17-14:51:37.254[31m error[39m [caliper] [connectors/peer-gateway/PeerGateway] 	Failed to perform submit transaction [Transfer] using arguments [wlt_c_20260917-pilot6_calibration-retail-transfer-low-4w-40tps-r5_retail-transfer-low_w0_3,wlt_c_20260917-pilot6_calibration-retail-transfer-low-4w-40tps-r5_retail-transfer-low_w0_28,1000,transfer_20260917-pilot6_calibration-retail-transfer-low-4w-40tps-r5_retail-transfer-low_w0_r1_202],  with error: Error: Failed to submit trasaction with status code: 11
2026.09.17-14:51:37.270[31m error[39m [caliper] [connectors/peer-gateway/PeerGateway] 	Failed to perform submit transaction [Transfer] using arguments [wlt_c_20260917-pilot6_calibration-retail-transfer-low-4w-40tps-r5_retail-transfer-low_w2_3,wlt_c_20260917-pilot6_calibration-retail-transfer-low-4w-40tps-r5_retail-transfer-low_w2_28,1000,transfer_20260917-pilot6_calibration-retail-transfer-low-4w-40tps-r5_retail-transfer-low_w2_r1_202],  with error: Error: Failed to submit trasaction with status code: 11
2026.09.17-14:51:37.595[31m error[39m [caliper] [connectors/peer-gateway/PeerGateway] 	Failed to perform submit transaction [Transfer] using arguments [wlt_c_20260917-pilot6_calibration-retail-transfer-low-4w-40tps-r5_retail-transfer-low_w2_6,wlt_c_20260917-pilot6_calibration-retail-transfer-low-4w-40tps-r5_retail-transfer-low_w2_31,1000,transfer_20260917-pilot6_calibration-retail-transfer-low-4w-40tps-r5_retail-transfer-low_w2_r1_204],  with error: Error: Failed to submit trasaction with status code: 11
2026.09.17-14:51:37.600[31m error[39m [caliper] [connectors/peer-gateway/PeerGateway] 	Failed to perform submit transaction [Transfer] using arguments [wlt_c_20260917-pilot6_calibration-retail-transfer-low-4w-40tps-r5_retail-transfer-low_w2_7,wlt_c_20260917-pilot6_calibration-retail-transfer-low-4w-40tps-r5_retail-transfer-low_w2_32,1000,transfer_20260917-pilot6_calibration-retail-transfer-low-4w-40tps-r5_retail-transfer-low_w2_r1_205],  with error: Error: Failed to submit trasaction with status code: 11
2026.09.17-14:51:37.601[31m error[39m [caliper] [connectors/peer-gateway/PeerGateway] 	Failed to perform submit transaction [Transfer] using arguments [wlt_c_20260917-pilot6_calibration-retail-transfer-low-4w-40tps-r5_retail-transfer-low_w2_4,wlt_c_20260917-pilot6_calibration-retail-transfer-low-4w-40tps-r5_retail-transfer-low_w2_29,1000,transfer_20260917-pilot6_calibration-retail-transfer-low-4w-40tps-r5_retail-transfer-low_w2_r1_203],  with error: Error: Failed to submit trasaction with status code: 11
2026.09.17-14:51:37.605[31m error[39m [caliper] [connectors/peer-gateway/PeerGateway] 	Failed to perform submit transaction [Transfer] using arguments [wlt_c_20260917-pilot6_calibration-retail-transfer-low-4w-40tps-r5_retail-transfer-low_w3_8,wlt_c_20260917-pilot6_calibration-retail-transfer-low-4w-40tps-r5_retail-transfer-low_w3_33,1000,transfer_20260917-pilot6_calibration-retail-transfer-low-4w-40tps-r5_retail-transfer-low_w3_r1_206],  with error: Error: Failed to submit trasaction with status code: 11
2026.09.17-14:51:37.604[31m error[39m [caliper] [connectors/peer-gateway/PeerGateway] 	Failed to perform submit transaction [Transfer] using arguments [wlt_c_20260917-pilot6_calibration-retail-transfer-low-4w-40tps-r5_retail-transfer-low_w2_8,wlt_c_20260917-pilot6_calibration-retail-transfer-low-4w-40tps-r5_retail-transfer-low_w2_33,1000,transfer_20260917-pilot6_calibration-retail-transfer-low-4w-40tps-r5_retail-transfer-low_w2_r1_206],  with error: Error: Failed to submit trasaction with status code: 11
2026.09.17-14:51:37.628[31m error[39m [caliper] [connectors/peer-gateway/PeerGateway] 	Failed to perform submit transaction [Transfer] using arguments [wlt_c_20260917-pilot6_calibration-retail-transfer-low-4w-40tps-r5_retail-transfer-low_w1_8,wlt_c_20260917-pilot6_calibration-retail-transfer-low-4w-40tps-r5_retail-transfer-low_w1_33,1000,transfer_20260917-pilot6_calibration-retail-transfer-low-4w-40tps-r5_retail-transfer-low_w1_r1_206],  with error: Error: Failed to submit trasaction with status code: 11
2026.09.17-14:51:37.644[31m error[39m [caliper] [connectors/peer-gateway/PeerGateway] 	Failed to perform submit transaction [Transfer] using arguments [wlt_c_20260917-pilot6_calibration-retail-transfer-low-4w-40tps-r5_retail-transfer-low_w0_8,wlt_c_20260917-pilot6_calibration-retail-transfer-low-4w-40tps-r5_retail-transfer-low_w0_33,1000,transfer_20260917-pilot6_calibration-retail-transfer-low-4w-40tps-r5_retail-transfer-low_w0_r1_206],  with error: Error: Failed to submit trasaction with status code: 11
2026.09.17-14:51:37.645[31m error[39m [caliper] [connectors/peer-gateway/PeerGateway] 	Failed to perform submit transaction [Transfer] using arguments [wlt_c_20260917-pilot6_calibration-retail-transfer-low-4w-40tps-r5_retail-transfer-low_w0_9,wlt_c_20260917-pilot6_calibration-retail-transfer-low-4w-40tps-r5_retail-transfer-low_w0_34,1000,transfer_20260917-pilot6_calibration-retail-transfer-low-4w-40tps-r5_retail-transfer-low_w0_r1_207],  with error: Error: Failed to submit trasaction with status code: 11
2026.09.17-14:51:37.954[31m error[39m [caliper] [connectors/peer-gateway/PeerGateway] 	Failed to perform submit transaction [Transfer] using arguments [wlt_c_20260917-pilot6_calibration-retail-transfer-low-4w-40tps-r5_retail-transfer-low_w0_11,wlt_c_20260917-pilot6_calibration-retail-transfer-low-4w-40tps-r5_retail-transfer-low_w0_36,1000,transfer_20260917-pilot6_calibration-retail-transfer-low-4w-40tps-r5_retail-transfer-low_w0_r1_208],  with error: Error: Failed to submit trasaction with status code: 11
2026.09.17-14:51:37.954[31m error[39m [caliper] [connectors/peer-gateway/PeerGateway] 	Failed to perform submit transaction [Transfer] using arguments [wlt_c_20260917-pilot6_calibration-retail-transfer-low-4w-40tps-r5_retail-transfer-low_w0_12,wlt_c_20260917-pilot6_calibration-retail-transfer-low-4w-40tps-r5_retail-transfer-low_w0_37,1000,transfer_20260917-pilot6_calibration-retail-transfer-low-4w-40tps-r5_retail-transfer-low_w0_r1_209],  with error: Error: Failed to submit trasaction with status code: 11
2026.09.17-14:51:37.967[31m error[39m [caliper] [connectors/peer-gateway/PeerGateway] 	Failed to perform submit transaction [Transfer] using arguments [wlt_c_20260917-pilot6_calibration-retail-transfer-low-4w-40tps-r5_retail-transfer-low_w2_9,wlt_c_20260917-pilot6_calibration-retail-transfer-low-4w-40tps-r5_retail-transfer-low_w2_34,1000,transfer_20260917-pilot6_calibration-retail-transfer-low-4w-40tps-r5_retail-transfer-low_w2_r1_207],  with error: Error: Failed to submit trasaction with status code: 11
2026.09.17-14:51:37.971[31m error[39m [caliper] [connectors/peer-gateway/PeerGateway] 	Failed to perform submit transaction [Transfer] using arguments [wlt_c_20260917-pilot6_calibration-retail-transfer-low-4w-40tps-r5_retail-transfer-low_w2_12,wlt_c_20260917-pilot6_calibration-retail-transfer-low-4w-40tps-r5_retail-transfer-low_w2_37,1000,transfer_20260917-pilot6_calibration-retail-transfer-low-4w-40tps-r5_retail-transfer-low_w2_r1_209],  with error: Error: Failed to submit trasaction with status code: 11
2026.09.17-14:51:37.973[31m error[39m [caliper] [connectors/peer-gateway/PeerGateway] 	Failed to perform submit transaction [Transfer] using arguments [wlt_c_20260917-pilot6_calibration-retail-transfer-low-4w-40tps-r5_retail-transfer-low_w2_11,wlt_c_20260917-pilot6_calibration-retail-transfer-low-4w-40tps-r5_retail-transfer-low_w2_36,1000,transfer_20260917-pilot6_calibration-retail-transfer-low-4w-40tps-r5_retail-transfer-low_w2_r1_208],  with error: Error: Failed to submit trasaction with status code: 11
2026.09.17-14:51:37.978[31m error[39m [caliper] [connectors/peer-gateway/PeerGateway] 	Failed to perform submit transaction [Transfer] using arguments [wlt_c_20260917-pilot6_calibration-retail-transfer-low-4w-40tps-r5_retail-transfer-low_w2_13,wlt_c_20260917-pilot6_calibration-retail-transfer-low-4w-40tps-r5_retail-transfer-low_w2_38,1000,transfer_20260917-pilot6_calibration-retail-transfer-low-4w-40tps-r5_retail-transfer-low_w2_r1_210],  with error: Error: Failed to submit trasaction with status code: 11
2026.09.17-14:51:37.982[31m error[39m [caliper] [connectors/peer-gateway/PeerGateway] 	Failed to perform submit transaction [Transfer] using arguments [wlt_c_20260917-pilot6_calibration-retail-transfer-low-4w-40tps-r5_retail-transfer-low_w3_11,wlt_c_20260917-pilot6_calibration-retail-transfer-low-4w-40tps-r5_retail-transfer-low_w3_36,1000,transfer_20260917-pilot6_calibration-retail-transfer-low-4w-40tps-r5_retail-transfer-low_w3_r1_208],  with error: Error: Failed to submit trasaction with status code: 11
2026.09.17-14:51:37.982[31m error[39m [caliper] [connectors/peer-gateway/PeerGateway] 	Failed to perform submit transaction [Transfer] using arguments [wlt_c_20260917-pilot6_calibration-retail-transfer-low-4w-40tps-r5_retail-transfer-low_w3_12,wlt_c_20260917-pilot6_calibration-retail-transfer-low-4w-40tps-r5_retail-transfer-low_w3_37,1000,transfer_20260917-pilot6_calibration-retail-transfer-low-4w-40tps-r5_retail-transfer-low_w3_r1_209],  with error: Error: Failed to submit trasaction with status code: 11
2026.09.17-14:51:38.006[31m error[39m [caliper] [connectors/peer-gateway/PeerGateway] 	Failed to perform submit transaction [Transfer] using arguments [wlt_c_20260917-pilot6_calibration-retail-transfer-low-4w-40tps-r5_retail-transfer-low_w1_12,wlt_c_20260917-pilot6_calibration-retail-transfer-low-4w-40tps-r5_retail-transfer-low_w1_37,1000,transfer_20260917-pilot6_calibration-retail-transfer-low-4w-40tps-r5_retail-transfer-low_w1_r1_209],  with error: Error: Failed to submit trasaction with status code: 11
2026.09.17-14:51:38.184[31m error[39m [caliper] [connectors/peer-gateway/PeerGateway] 	Failed to perform submit transaction [Transfer] using arguments [wlt_c_20260917-pilot6_calibration-retail-transfer-low-4w-40tps-r5_retail-transfer-low_w3_9,wlt_c_20260917-pilot6_calibration-retail-transfer-low-4w-40tps-r5_retail-transfer-low_w3_34,1000,transfer_20260917-pilot6_calibration-retail-transfer-low-4w-40tps-r5_retail-transfer-low_w3_r1_207],  with error: Error: Failed to submit trasaction with status code: 11
2026.09.17-14:51:38.187[31m error[39m [caliper] [connectors/peer-gateway/PeerGateway] 	Failed to perform submit transaction [Transfer] using arguments [wlt_c_20260917-pilot6_calibration-retail-transfer-low-4w-40tps-r5_retail-transfer-low_w1_13,wlt_c_20260917-pilot6_calibration-retail-transfer-low-4w-40tps-r5_retail-transfer-low_w1_38,1000,transfer_20260917-pilot6_calibration-retail-transfer-low-4w-40tps-r5_retail-transfer-low_w1_r1_210],  with error: Error: Failed to submit trasaction with status code: 11
2026.09.17-14:51:38.188[31m error[39m [caliper] [connectors/peer-gateway/PeerGateway] 	Failed to perform submit transaction [Transfer] using arguments [wlt_c_20260917-pilot6_calibration-retail-transfer-low-4w-40tps-r5_retail-transfer-low_w1_16,wlt_c_20260917-pilot6_calibration-retail-transfer-low-4w-40tps-r5_retail-transfer-low_w1_41,1000,transfer_20260917-pilot6_calibration-retail-transfer-low-4w-40tps-r5_retail-transfer-low_w1_r1_212],  with error: Error: Failed to submit trasaction with status code: 11
2026.09.17-14:51:38.188[31m error[39m [caliper] [connectors/peer-gateway/PeerGateway] 	Failed to perform submit transaction [Transfer] using arguments [wlt_c_20260917-pilot6_calibration-retail-transfer-low-4w-40tps-r5_retail-transfer-low_w1_14,wlt_c_20260917-pilot6_calibration-retail-transfer-low-4w-40tps-r5_retail-transfer-low_w1_39,1000,transfer_20260917-pilot6_calibration-retail-transfer-low-4w-40tps-r5_retail-transfer-low_w1_r1_211],  with error: Error: Failed to submit trasaction with status code: 11
2026.09.17-14:51:38.190[31m error[39m [caliper] [connectors/peer-gateway/PeerGateway] 	Failed to perform submit transaction [Transfer] using arguments [wlt_c_20260917-pilot6_calibration-retail-transfer-low-4w-40tps-r5_retail-transfer-low_w3_13,wlt_c_20260917-pilot6_calibration-retail-transfer-low-4w-40tps-r5_retail-transfer-low_w3_38,1000,transfer_20260917-pilot6_calibration-retail-transfer-low-4w-40tps-r5_retail-transfer-low_w3_r1_210],  with error: Error: Failed to submit trasaction with status code: 11
2026.09.17-14:51:38.191[31m error[39m [caliper] [connectors/peer-gateway/PeerGateway] 	Failed to perform submit transaction [Transfer] using arguments [wlt_c_20260917-pilot6_calibration-retail-transfer-low-4w-40tps-r5_retail-transfer-low_w3_14,wlt_c_20260917-pilot6_calibration-retail-transfer-low-4w-40tps-r5_retail-transfer-low_w3_39,1000,transfer_20260917-pilot6_calibration-retail-transfer-low-4w-40tps-r5_retail-transfer-low_w3_r1_211],  with error: Error: Failed to submit trasaction with status code: 11
2026.09.17-14:51:38.219[31m error[39m [caliper] [connectors/peer-gateway/PeerGateway] 	Failed to perform submit transaction [Transfer] using arguments [wlt_c_20260917-pilot6_calibration-retail-transfer-low-4w-40tps-r5_retail-transfer-low_w0_13,wlt_c_20260917-pilot6_calibration-retail-transfer-low-4w-40tps-r5_retail-transfer-low_w0_38,1000,transfer_20260917-pilot6_calibration-retail-transfer-low-4w-40tps-r5_retail-transfer-low_w0_r1_210],  with error: Error: Failed to submit trasaction with status code: 11
2026.09.17-14:51:38.220[31m error[39m [caliper] [connectors/peer-gateway/PeerGateway] 	Failed to perform submit transaction [Transfer] using arguments [wlt_c_20260917-pilot6_calibration-retail-transfer-low-4w-40tps-r5_retail-transfer-low_w0_14,wlt_c_20260917-pilot6_calibration-retail-transfer-low-4w-40tps-r5_retail-transfer-low_w0_39,1000,transfer_20260917-pilot6_calibration-retail-transfer-low-4w-40tps-r5_retail-transfer-low_w0_r1_211],  with error: Error: Failed to submit trasaction with status code: 11
2026.09.17-14:51:38.233[31m error[39m [caliper] [connectors/peer-gateway/PeerGateway] 	Failed to perform submit transaction [Transfer] using arguments [wlt_c_20260917-pilot6_calibration-retail-transfer-low-4w-40tps-r5_retail-transfer-low_w2_16,wlt_c_20260917-pilot6_calibration-retail-transfer-low-4w-40tps-r5_retail-transfer-low_w2_41,1000,transfer_20260917-pilot6_calibration-retail-transfer-low-4w-40tps-r5_retail-transfer-low_w2_r1_212],  with error: Error: Failed to submit trasaction with status code: 11
2026.09.17-14:51:38.265[31m error[39m [caliper] [connectors/peer-gateway/PeerGateway] 	Failed to perform submit transaction [Transfer] using arguments [wlt_c_20260917-pilot6_calibration-retail-transfer-low-4w-40tps-r5_retail-transfer-low_w2_14,wlt_c_20260917-pilot6_calibration-retail-transfer-low-4w-40tps-r5_retail-transfer-low_w2_39,1000,transfer_20260917-pilot6_calibration-retail-transfer-low-4w-40tps-r5_retail-transfer-low_w2_r1_211],  with error: Error: Failed to submit trasaction with status code: 11
2026.09.17-14:51:38.372[31m error[39m [caliper] [connectors/peer-gateway/PeerGateway] 	Failed to perform submit transaction [Transfer] using arguments [wlt_c_20260917-pilot6_calibration-retail-transfer-low-4w-40tps-r5_retail-transfer-low_w0_16,wlt_c_20260917-pilot6_calibration-retail-transfer-low-4w-40tps-r5_retail-transfer-low_w0_41,1000,transfer_20260917-pilot6_calibration-retail-transfer-low-4w-40tps-r5_retail-transfer-low_w0_r1_212],  with error: Error: Failed to submit trasaction with status code: 11
2026.09.17-14:51:38.380[31m error[39m [caliper] [connectors/peer-gateway/PeerGateway] 	Failed to perform submit transaction [Transfer] using arguments [wlt_c_20260917-pilot6_calibration-retail-transfer-low-4w-40tps-r5_retail-transfer-low_w3_16,wlt_c_20260917-pilot6_calibration-retail-transfer-low-4w-40tps-r5_retail-transfer-low_w3_41,1000,transfer_20260917-pilot6_calibration-retail-transfer-low-4w-40tps-r5_retail-transfer-low_w3_r1_212],  with error: Error: Failed to submit trasaction with status code: 11
2026.09.17-14:51:38.381[31m error[39m [caliper] [connectors/peer-gateway/PeerGateway] 	Failed to perform submit transaction [Transfer] using arguments [wlt_c_20260917-pilot6_calibration-retail-transfer-low-4w-40tps-r5_retail-transfer-low_w3_23,wlt_c_20260917-pilot6_calibration-retail-transfer-low-4w-40tps-r5_retail-transfer-low_w3_48,1000,transfer_20260917-pilot6_calibration-retail-transfer-low-4w-40tps-r5_retail-transfer-low_w3_r1_218],  with error: Error: Failed to submit trasaction with status code: 11
2026.09.17-14:51:38.393[31m error[39m [caliper] [connectors/peer-gateway/PeerGateway] 	Failed to perform submit transaction [Transfer] using arguments [wlt_c_20260917-pilot6_calibration-retail-transfer-low-4w-40tps-r5_retail-transfer-low_w2_17,wlt_c_20260917-pilot6_calibration-retail-transfer-low-4w-40tps-r5_retail-transfer-low_w2_42,1000,transfer_20260917-pilot6_calibration-retail-transfer-low-4w-40tps-r5_retail-transfer-low_w2_r1_213],  with error: Error: Failed to submit trasaction with status code: 11
2026.09.17-14:51:38.394[31m error[39m [caliper] [connectors/peer-gateway/PeerGateway] 	Failed to perform submit transaction [Transfer] using arguments [wlt_c_20260917-pilot6_calibration-retail-transfer-low-4w-40tps-r5_retail-transfer-low_w2_18,wlt_c_20260917-pilot6_calibration-retail-transfer-low-4w-40tps-r5_retail-transfer-low_w2_43,1000,transfer_20260917-pilot6_calibration-retail-transfer-low-4w-40tps-r5_retail-transfer-low_w2_r1_214],  with error: Error: Failed to submit trasaction with status code: 11
2026.09.17-14:51:38.394[31m error[39m [caliper] [connectors/peer-gateway/PeerGateway] 	Failed to perform submit transaction [Transfer] using arguments [wlt_c_20260917-pilot6_calibration-retail-transfer-low-4w-40tps-r5_retail-transfer-low_w2_23,wlt_c_20260917-pilot6_calibration-retail-transfer-low-4w-40tps-r5_retail-transfer-low_w2_48,1000,transfer_20260917-pilot6_calibration-retail-transfer-low-4w-40tps-r5_retail-transfer-low_w2_r1_218],  with error: Error: Failed to submit trasaction with status code: 11
2026.09.17-14:51:38.395[31m error[39m [caliper] [connectors/peer-gateway/PeerGateway] 	Failed to perform submit transaction [Transfer] using arguments [wlt_c_20260917-pilot6_calibration-retail-transfer-low-4w-40tps-r5_retail-transfer-low_w2_24,wlt_c_20260917-pilot6_calibration-retail-transfer-low-4w-40tps-r5_retail-transfer-low_w2_49,1000,transfer_20260917-pilot6_calibration-retail-transfer-low-4w-40tps-r5_retail-transfer-low_w2_r1_219],  with error: Error: Failed to submit trasaction with status code: 11
2026.09.17-14:51:38.395[31m error[39m [caliper] [connectors/peer-gateway/PeerGateway] 	Failed to perform submit transaction [Transfer] using arguments [wlt_c_20260917-pilot6_calibration-retail-transfer-low-4w-40tps-r5_retail-transfer-low_w0_23,wlt_c_20260917-pilot6_calibration-retail-transfer-low-4w-40tps-r5_retail-transfer-low_w0_48,1000,transfer_20260917-pilot6_calibration-retail-transfer-low-4w-40tps-r5_retail-transfer-low_w0_r1_218],  with error: Error: Failed to submit trasaction with status code: 11
2026.09.17-14:51:38.417[31m error[39m [caliper] [connectors/peer-gateway/PeerGateway] 	Failed to perform submit transaction [Transfer] using arguments [wlt_c_20260917-pilot6_calibration-retail-transfer-low-4w-40tps-r5_retail-transfer-low_w1_24,wlt_c_20260917-pilot6_calibration-retail-transfer-low-4w-40tps-r5_retail-transfer-low_w1_49,1000,transfer_20260917-pilot6_calibration-retail-transfer-low-4w-40tps-r5_retail-transfer-low_w1_r1_219],  with error: Error: Failed to submit trasaction with status code: 11
2026.09.17-14:51:38.435[31m error[39m [caliper] [connectors/peer-gateway/PeerGateway] 	Failed to perform submit transaction [Transfer] using arguments [wlt_c_20260917-pilot6_calibration-retail-transfer-low-4w-40tps-r5_retail-transfer-low_w1_23,wlt_c_20260917-pilot6_calibration-retail-transfer-low-4w-40tps-r5_retail-transfer-low_w1_48,1000,transfer_20260917-pilot6_calibration-retail-transfer-low-4w-40tps-r5_retail-transfer-low_w1_r1_218],  with error: Error: Failed to submit trasaction with status code: 11
2026.09.17-14:51:38.444[31m error[39m [caliper] [connectors/peer-gateway/PeerGateway] 	Failed to perform submit transaction [Transfer] using arguments [wlt_c_20260917-pilot6_calibration-retail-transfer-low-4w-40tps-r5_retail-transfer-low_w2_19,wlt_c_20260917-pilot6_calibration-retail-transfer-low-4w-40tps-r5_retail-transfer-low_w2_44,1000,transfer_20260917-pilot6_calibration-retail-transfer-low-4w-40tps-r5_retail-transfer-low_w2_r1_215],  with error: Error: Failed to submit trasaction with status code: 11
2026.09.17-14:51:38.449[31m error[39m [caliper] [connectors/peer-gateway/PeerGateway] 	Failed to perform submit transaction [Transfer] using arguments [wlt_c_20260917-pilot6_calibration-retail-transfer-low-4w-40tps-r5_retail-transfer-low_w2_22,wlt_c_20260917-pilot6_calibration-retail-transfer-low-4w-40tps-r5_retail-transfer-low_w2_47,1000,transfer_20260917-pilot6_calibration-retail-transfer-low-4w-40tps-r5_retail-transfer-low_w2_r1_217],  with error: Error: Failed to submit trasaction with status code: 11
2026.09.17-14:51:38.485[31m error[39m [caliper] [connectors/peer-gateway/PeerGateway] 	Failed to perform submit transaction [Transfer] using arguments [wlt_c_20260917-pilot6_calibration-retail-transfer-low-4w-40tps-r5_retail-transfer-low_w3_24,wlt_c_20260917-pilot6_calibration-retail-transfer-low-4w-40tps-r5_retail-transfer-low_w3_49,1000,transfer_20260917-pilot6_calibration-retail-transfer-low-4w-40tps-r5_retail-transfer-low_w3_r1_219],  with error: Error: Failed to submit trasaction with status code: 11
2026.09.17-14:51:38.496[31m error[39m [caliper] [connectors/peer-gateway/PeerGateway] 	Failed to perform submit transaction [Transfer] using arguments [wlt_c_20260917-pilot6_calibration-retail-transfer-low-4w-40tps-r5_retail-transfer-low_w0_18,wlt_c_20260917-pilot6_calibration-retail-transfer-low-4w-40tps-r5_retail-transfer-low_w0_43,1000,transfer_20260917-pilot6_calibration-retail-transfer-low-4w-40tps-r5_retail-transfer-low_w0_r1_214],  with error: Error: Failed to submit trasaction with status code: 11
2026.09.17-14:51:38.496[31m error[39m [caliper] [connectors/peer-gateway/PeerGateway] 	Failed to perform submit transaction [Transfer] using arguments [wlt_c_20260917-pilot6_calibration-retail-transfer-low-4w-40tps-r5_retail-transfer-low_w0_24,wlt_c_20260917-pilot6_calibration-retail-transfer-low-4w-40tps-r5_retail-transfer-low_w0_49,1000,transfer_20260917-pilot6_calibration-retail-transfer-low-4w-40tps-r5_retail-transfer-low_w0_r1_219],  with error: Error: Failed to submit trasaction with status code: 11
2026.09.17-14:51:38.490[31m error[39m [caliper] [connectors/peer-gateway/PeerGateway] 	Failed to perform submit transaction [Transfer] using arguments [wlt_c_20260917-pilot6_calibration-retail-transfer-low-4w-40tps-r5_retail-transfer-low_w1_17,wlt_c_20260917-pilot6_calibration-retail-transfer-low-4w-40tps-r5_retail-transfer-low_w1_42,1000,transfer_20260917-pilot6_calibration-retail-transfer-low-4w-40tps-r5_retail-transfer-low_w1_r1_213],  with error: Error: Failed to submit trasaction with status code: 11
2026.09.17-14:51:38.500[31m error[39m [caliper] [connectors/peer-gateway/PeerGateway] 	Failed to perform submit transaction [Transfer] using arguments [wlt_c_20260917-pilot6_calibration-retail-transfer-low-4w-40tps-r5_retail-transfer-low_w1_22,wlt_c_20260917-pilot6_calibration-retail-transfer-low-4w-40tps-r5_retail-transfer-low_w1_47,1000,transfer_20260917-pilot6_calibration-retail-transfer-low-4w-40tps-r5_retail-transfer-low_w1_r1_217],  with error: Error: Failed to submit trasaction with status code: 11
2026.09.17-14:51:38.497[31m error[39m [caliper] [connectors/peer-gateway/PeerGateway] 	Failed to perform submit transaction [Transfer] using arguments [wlt_c_20260917-pilot6_calibration-retail-transfer-low-4w-40tps-r5_retail-transfer-low_w0_17,wlt_c_20260917-pilot6_calibration-retail-transfer-low-4w-40tps-r5_retail-transfer-low_w0_42,1000,transfer_20260917-pilot6_calibration-retail-transfer-low-4w-40tps-r5_retail-transfer-low_w0_r1_213],  with error: Error: Failed to submit trasaction with status code: 11
2026.09.17-14:51:38.511[31m error[39m [caliper] [connectors/peer-gateway/PeerGateway] 	Failed to perform submit transaction [Transfer] using arguments [wlt_c_20260917-pilot6_calibration-retail-transfer-low-4w-40tps-r5_retail-transfer-low_w0_19,wlt_c_20260917-pilot6_calibration-retail-transfer-low-4w-40tps-r5_retail-transfer-low_w0_44,1000,transfer_20260917-pilot6_calibration-retail-transfer-low-4w-40tps-r5_retail-transfer-low_w0_r1_215],  with error: Error: Failed to submit trasaction with status code: 11
2026.09.17-14:51:38.512[31m error[39m [caliper] [connectors/peer-gateway/PeerGateway] 	Failed to perform submit transaction [Transfer] using arguments [wlt_c_20260917-pilot6_calibration-retail-transfer-low-4w-40tps-r5_retail-transfer-low_w0_21,wlt_c_20260917-pilot6_calibration-retail-transfer-low-4w-40tps-r5_retail-transfer-low_w0_46,1000,transfer_20260917-pilot6_calibration-retail-transfer-low-4w-40tps-r5_retail-transfer-low_w0_r1_216],  with error: Error: Failed to submit trasaction with status code: 11
2026.09.17-14:51:38.592[31m error[39m [caliper] [connectors/peer-gateway/PeerGateway] 	Failed to perform submit transaction [Transfer] using arguments [wlt_c_20260917-pilot6_calibration-retail-transfer-low-4w-40tps-r5_retail-transfer-low_w1_21,wlt_c_20260917-pilot6_calibration-retail-transfer-low-4w-40tps-r5_retail-transfer-low_w1_46,1000,transfer_20260917-pilot6_calibration-retail-transfer-low-4w-40tps-r5_retail-transfer-low_w1_r1_216],  with error: Error: Failed to submit trasaction with status code: 11
2026.09.17-14:51:38.593[31m error[39m [caliper] [connectors/peer-gateway/PeerGateway] 	Failed to perform submit transaction [Transfer] using arguments [wlt_c_20260917-pilot6_calibration-retail-transfer-low-4w-40tps-r5_retail-transfer-low_w1_1,wlt_c_20260917-pilot6_calibration-retail-transfer-low-4w-40tps-r5_retail-transfer-low_w1_26,1000,transfer_20260917-pilot6_calibration-retail-transfer-low-4w-40tps-r5_retail-transfer-low_w1_r1_220],  with error: Error: Failed to submit trasaction with status code: 11
2026.09.17-14:51:38.593[31m error[39m [caliper] [connectors/peer-gateway/PeerGateway] 	Failed to perform submit transaction [Transfer] using arguments [wlt_c_20260917-pilot6_calibration-retail-transfer-low-4w-40tps-r5_retail-transfer-low_w1_19,wlt_c_20260917-pilot6_calibration-retail-transfer-low-4w-40tps-r5_retail-transfer-low_w1_44,1000,transfer_20260917-pilot6_calibration-retail-transfer-low-4w-40tps-r5_retail-transfer-low_w1_r1_215],  with error: Error: Failed to submit trasaction with status code: 11
2026.09.17-14:51:38.594[31m error[39m [caliper] [connectors/peer-gateway/PeerGateway] 	Failed to perform submit transaction [Transfer] using arguments [wlt_c_20260917-pilot6_calibration-retail-transfer-low-4w-40tps-r5_retail-transfer-low_w1_18,wlt_c_20260917-pilot6_calibration-retail-transfer-low-4w-40tps-r5_retail-transfer-low_w1_43,1000,transfer_20260917-pilot6_calibration-retail-transfer-low-4w-40tps-r5_retail-transfer-low_w1_r1_214],  with error: Error: Failed to submit trasaction with status code: 11
2026.09.17-14:51:38.595[31m error[39m [caliper] [connectors/peer-gateway/PeerGateway] 	Failed to perform submit transaction [Transfer] using arguments [wlt_c_20260917-pilot6_calibration-retail-transfer-low-4w-40tps-r5_retail-transfer-low_w1_2,wlt_c_20260917-pilot6_calibration-retail-transfer-low-4w-40tps-r5_retail-transfer-low_w1_27,1000,transfer_20260917-pilot6_calibration-retail-transfer-low-4w-40tps-r5_retail-transfer-low_w1_r1_221],  with error: Error: Failed to submit trasaction with status code: 11
2026.09.17-14:51:38.601[31m error[39m [caliper] [connectors/peer-gateway/PeerGateway] 	Failed to perform submit transaction [Transfer] using arguments [wlt_c_20260917-pilot6_calibration-retail-transfer-low-4w-40tps-r5_retail-transfer-low_w3_18,wlt_c_20260917-pilot6_calibration-retail-transfer-low-4w-40tps-r5_retail-transfer-low_w3_43,1000,transfer_20260917-pilot6_calibration-retail-transfer-low-4w-40tps-r5_retail-transfer-low_w3_r1_214],  with error: Error: Failed to submit trasaction with status code: 11
2026.09.17-14:51:38.608[31m error[39m [caliper] [connectors/peer-gateway/PeerGateway] 	Failed to perform submit transaction [Transfer] using arguments [wlt_c_20260917-pilot6_calibration-retail-transfer-low-4w-40tps-r5_retail-transfer-low_w0_1,wlt_c_20260917-pilot6_calibration-retail-transfer-low-4w-40tps-r5_retail-transfer-low_w0_26,1000,transfer_20260917-pilot6_calibration-retail-transfer-low-4w-40tps-r5_retail-transfer-low_w0_r1_220],  with error: Error: Failed to submit trasaction with status code: 11
2026.09.17-14:51:38.710[31m error[39m [caliper] [connectors/peer-gateway/PeerGateway] 	Failed to perform submit transaction [Transfer] using arguments [wlt_c_20260917-pilot6_calibration-retail-transfer-low-4w-40tps-r5_retail-transfer-low_w0_22,wlt_c_20260917-pilot6_calibration-retail-transfer-low-4w-40tps-r5_retail-transfer-low_w0_47,1000,transfer_20260917-pilot6_calibration-retail-transfer-low-4w-40tps-r5_retail-transfer-low_w0_r1_217],  with error: Error: Failed to submit trasaction with status code: 11
2026.09.17-14:51:38.629[31m error[39m [caliper] [connectors/peer-gateway/PeerGateway] 	Failed to perform submit transaction [Transfer] using arguments [wlt_c_20260917-pilot6_calibration-retail-transfer-low-4w-40tps-r5_retail-transfer-low_w2_1,wlt_c_20260917-pilot6_calibration-retail-transfer-low-4w-40tps-r5_retail-transfer-low_w2_26,1000,transfer_20260917-pilot6_calibration-retail-transfer-low-4w-40tps-r5_retail-transfer-low_w2_r1_220],  with error: Error: Failed to submit trasaction with status code: 11
2026.09.17-14:51:38.730[31m error[39m [caliper] [connectors/peer-gateway/PeerGateway] 	Failed to perform submit transaction [Transfer] using arguments [wlt_c_20260917-pilot6_calibration-retail-transfer-low-4w-40tps-r5_retail-transfer-low_w2_21,wlt_c_20260917-pilot6_calibration-retail-transfer-low-4w-40tps-r5_retail-transfer-low_w2_46,1000,transfer_20260917-pilot6_calibration-retail-transfer-low-4w-40tps-r5_retail-transfer-low_w2_r1_216],  with error: Error: Failed to submit trasaction with status code: 11
2026.09.17-14:51:38.761[31m error[39m [caliper] [connectors/peer-gateway/PeerGateway] 	Failed to perform submit transaction [Transfer] using arguments [wlt_c_20260917-pilot6_calibration-retail-transfer-low-4w-40tps-r5_retail-transfer-low_w3_19,wlt_c_20260917-pilot6_calibration-retail-transfer-low-4w-40tps-r5_retail-transfer-low_w3_44,1000,transfer_20260917-pilot6_calibration-retail-transfer-low-4w-40tps-r5_retail-transfer-low_w3_r1_215],  with error: Error: Failed to submit trasaction with status code: 11
2026.09.17-14:51:38.770[31m error[39m [caliper] [connectors/peer-gateway/PeerGateway] 	Failed to perform submit transaction [Transfer] using arguments [wlt_c_20260917-pilot6_calibration-retail-transfer-low-4w-40tps-r5_retail-transfer-low_w3_22,wlt_c_20260917-pilot6_calibration-retail-transfer-low-4w-40tps-r5_retail-transfer-low_w3_47,1000,transfer_20260917-pilot6_calibration-retail-transfer-low-4w-40tps-r5_retail-transfer-low_w3_r1_217],  with error: Error: Failed to submit trasaction with status code: 11
2026.09.17-14:51:38.772[31m error[39m [caliper] [connectors/peer-gateway/PeerGateway] 	Failed to perform submit transaction [Transfer] using arguments [wlt_c_20260917-pilot6_calibration-retail-transfer-low-4w-40tps-r5_retail-transfer-low_w2_3,wlt_c_20260917-pilot6_calibration-retail-transfer-low-4w-40tps-r5_retail-transfer-low_w2_28,1000,transfer_20260917-pilot6_calibration-retail-transfer-low-4w-40tps-r5_retail-transfer-low_w2_r1_222],  with error: Error: Failed to submit trasaction with status code: 11
2026.09.17-14:51:38.775[31m error[39m [caliper] [connectors/peer-gateway/PeerGateway] 	Failed to perform submit transaction [Transfer] using arguments [wlt_c_20260917-pilot6_calibration-retail-transfer-low-4w-40tps-r5_retail-transfer-low_w2_2,wlt_c_20260917-pilot6_calibration-retail-transfer-low-4w-40tps-r5_retail-transfer-low_w2_27,1000,transfer_20260917-pilot6_calibration-retail-transfer-low-4w-40tps-r5_retail-transfer-low_w2_r1_221],  with error: Error: Failed to submit trasaction with status code: 11
2026.09.17-14:51:38.773[31m error[39m [caliper] [connectors/peer-gateway/PeerGateway] 	Failed to perform submit transaction [Transfer] using arguments [wlt_c_20260917-pilot6_calibration-retail-transfer-low-4w-40tps-r5_retail-transfer-low_w3_21,wlt_c_20260917-pilot6_calibration-retail-transfer-low-4w-40tps-r5_retail-transfer-low_w3_46,1000,transfer_20260917-pilot6_calibration-retail-transfer-low-4w-40tps-r5_retail-transfer-low_w3_r1_216],  with error: Error: Failed to submit trasaction with status code: 11
2026.09.17-14:51:38.782[31m error[39m [caliper] [connectors/peer-gateway/PeerGateway] 	Failed to perform submit transaction [Transfer] using arguments [wlt_c_20260917-pilot6_calibration-retail-transfer-low-4w-40tps-r5_retail-transfer-low_w0_2,wlt_c_20260917-pilot6_calibration-retail-transfer-low-4w-40tps-r5_retail-transfer-low_w0_27,1000,transfer_20260917-pilot6_calibration-retail-transfer-low-4w-40tps-r5_retail-transfer-low_w0_r1_221],  with error: Error: Failed to submit trasaction with status code: 11
2026.09.17-14:51:38.782[31m error[39m [caliper] [connectors/peer-gateway/PeerGateway] 	Failed to perform submit transaction [Transfer] using arguments [wlt_c_20260917-pilot6_calibration-retail-transfer-low-4w-40tps-r5_retail-transfer-low_w3_17,wlt_c_20260917-pilot6_calibration-retail-transfer-low-4w-40tps-r5_retail-transfer-low_w3_42,1000,transfer_20260917-pilot6_calibration-retail-transfer-low-4w-40tps-r5_retail-transfer-low_w3_r1_213],  with error: Error: Failed to submit trasaction with status code: 11
2026.09.17-14:51:38.782[31m error[39m [caliper] [connectors/peer-gateway/PeerGateway] 	Failed to perform submit transaction [Transfer] using arguments [wlt_c_20260917-pilot6_calibration-retail-transfer-low-4w-40tps-r5_retail-transfer-low_w3_2,wlt_c_20260917-pilot6_calibration-retail-transfer-low-4w-40tps-r5_retail-transfer-low_w3_27,1000,transfer_20260917-pilot6_calibration-retail-transfer-low-4w-40tps-r5_retail-transfer-low_w3_r1_221],  with error: Error: Failed to submit trasaction with status code: 11
2026.09.17-14:51:38.782[31m error[39m [caliper] [connectors/peer-gateway/PeerGateway] 	Failed to perform submit transaction [Transfer] using arguments [wlt_c_20260917-pilot6_calibration-retail-transfer-low-4w-40tps-r5_retail-transfer-low_w0_3,wlt_c_20260917-pilot6_calibration-retail-transfer-low-4w-40tps-r5_retail-transfer-low_w0_28,1000,transfer_20260917-pilot6_calibration-retail-transfer-low-4w-40tps-r5_retail-transfer-low_w0_r1_222],  with error: Error: Failed to submit trasaction with status code: 11
2026.09.17-14:51:38.784[31m error[39m [caliper] [connectors/peer-gateway/PeerGateway] 	Failed to perform submit transaction [Transfer] using arguments [wlt_c_20260917-pilot6_calibration-retail-transfer-low-4w-40tps-r5_retail-transfer-low_w3_1,wlt_c_20260917-pilot6_calibration-retail-transfer-low-4w-40tps-r5_retail-transfer-low_w3_26,1000,transfer_20260917-pilot6_calibration-retail-transfer-low-4w-40tps-r5_retail-transfer-low_w3_r1_220],  with error: Error: Failed to submit trasaction with status code: 11
2026.09.17-14:51:38.798[32m info [39m [caliper] [default-observer] 	[retail-transfer-low-40tps Round 1 Transaction Info] - Submitted: 1310 Succ: 427 Fail:437 Unfinished:446
2026.09.17-14:51:39.062[31m error[39m [caliper] [connectors/peer-gateway/PeerGateway] 	Failed to perform submit transaction [Transfer] using arguments [wlt_c_20260917-pilot6_calibration-retail-transfer-low-4w-40tps-r5_retail-transfer-low_w1_9,wlt_c_20260917-pilot6_calibration-retail-transfer-low-4w-40tps-r5_retail-transfer-low_w1_34,1000,transfer_20260917-pilot6_calibration-retail-transfer-low-4w-40tps-r5_retail-transfer-low_w1_r1_227],  with error: Error: Failed to submit trasaction with status code: 11
2026.09.17-14:51:39.065[31m error[39m [caliper] [connectors/peer-gateway/PeerGateway] 	Failed to perform submit transaction [Transfer] using arguments [wlt_c_20260917-pilot6_calibration-retail-transfer-low-4w-40tps-r5_retail-transfer-low_w2_11,wlt_c_20260917-pilot6_calibration-retail-transfer-low-4w-40tps-r5_retail-transfer-low_w2_36,1000,transfer_20260917-pilot6_calibration-retail-transfer-low-4w-40tps-r5_retail-transfer-low_w2_r1_228],  with error: Error: Failed to submit trasaction with status code: 11
2026.09.17-14:51:39.067[31m error[39m [caliper] [connectors/peer-gateway/PeerGateway] 	Failed to perform submit transaction [Transfer] using arguments [wlt_c_20260917-pilot6_calibration-retail-transfer-low-4w-40tps-r5_retail-transfer-low_w0_11,wlt_c_20260917-pilot6_calibration-retail-transfer-low-4w-40tps-r5_retail-transfer-low_w0_36,1000,transfer_20260917-pilot6_calibration-retail-transfer-low-4w-40tps-r5_retail-transfer-low_w0_r1_228],  with error: Error: Failed to submit trasaction with status code: 11
2026.09.17-14:51:39.068[31m error[39m [caliper] [connectors/peer-gateway/PeerGateway] 	Failed to perform submit transaction [Transfer] using arguments [wlt_c_20260917-pilot6_calibration-retail-transfer-low-4w-40tps-r5_retail-transfer-low_w3_11,wlt_c_20260917-pilot6_calibration-retail-transfer-low-4w-40tps-r5_retail-transfer-low_w3_36,1000,transfer_20260917-pilot6_calibration-retail-transfer-low-4w-40tps-r5_retail-transfer-low_w3_r1_228],  with error: Error: Failed to submit trasaction with status code: 11
2026.09.17-14:51:39.076[31m error[39m [caliper] [connectors/peer-gateway/PeerGateway] 	Failed to perform submit transaction [Transfer] using arguments [wlt_c_20260917-pilot6_calibration-retail-transfer-low-4w-40tps-r5_retail-transfer-low_w0_4,wlt_c_20260917-pilot6_calibration-retail-transfer-low-4w-40tps-r5_retail-transfer-low_w0_29,1000,transfer_20260917-pilot6_calibration-retail-transfer-low-4w-40tps-r5_retail-transfer-low_w0_r1_223],  with error: Error: Failed to submit trasaction with status code: 11
2026.09.17-14:51:39.079[31m error[39m [caliper] [connectors/peer-gateway/PeerGateway] 	Failed to perform submit transaction [Transfer] using arguments [wlt_c_20260917-pilot6_calibration-retail-transfer-low-4w-40tps-r5_retail-transfer-low_w1_11,wlt_c_20260917-pilot6_calibration-retail-transfer-low-4w-40tps-r5_retail-transfer-low_w1_36,1000,transfer_20260917-pilot6_calibration-retail-transfer-low-4w-40tps-r5_retail-transfer-low_w1_r1_228],  with error: Error: Failed to submit trasaction with status code: 11
2026.09.17-14:51:39.089[31m error[39m [caliper] [connectors/peer-gateway/PeerGateway] 	Failed to perform submit transaction [Transfer] using arguments [wlt_c_20260917-pilot6_calibration-retail-transfer-low-4w-40tps-r5_retail-transfer-low_w1_3,wlt_c_20260917-pilot6_calibration-retail-transfer-low-4w-40tps-r5_retail-transfer-low_w1_28,1000,transfer_20260917-pilot6_calibration-retail-transfer-low-4w-40tps-r5_retail-transfer-low_w1_r1_222],  with error: Error: Failed to submit trasaction with status code: 11
2026.09.17-14:51:39.341[31m error[39m [caliper] [connectors/peer-gateway/PeerGateway] 	Failed to perform submit transaction [Transfer] using arguments [wlt_c_20260917-pilot6_calibration-retail-transfer-low-4w-40tps-r5_retail-transfer-low_w0_8,wlt_c_20260917-pilot6_calibration-retail-transfer-low-4w-40tps-r5_retail-transfer-low_w0_33,1000,transfer_20260917-pilot6_calibration-retail-transfer-low-4w-40tps-r5_retail-transfer-low_w0_r1_226],  with error: Error: Failed to submit trasaction with status code: 11
2026.09.17-14:51:39.342[31m error[39m [caliper] [connectors/peer-gateway/PeerGateway] 	Failed to perform submit transaction [Transfer] using arguments [wlt_c_20260917-pilot6_calibration-retail-transfer-low-4w-40tps-r5_retail-transfer-low_w3_6,wlt_c_20260917-pilot6_calibration-retail-transfer-low-4w-40tps-r5_retail-transfer-low_w3_31,1000,transfer_20260917-pilot6_calibration-retail-transfer-low-4w-40tps-r5_retail-transfer-low_w3_r1_224],  with error: Error: Failed to submit trasaction with status code: 11
2026.09.17-14:51:39.343[31m error[39m [caliper] [connectors/peer-gateway/PeerGateway] 	Failed to perform submit transaction [Transfer] using arguments [wlt_c_20260917-pilot6_calibration-retail-transfer-low-4w-40tps-r5_retail-transfer-low_w1_4,wlt_c_20260917-pilot6_calibration-retail-transfer-low-4w-40tps-r5_retail-transfer-low_w1_29,1000,transfer_20260917-pilot6_calibration-retail-transfer-low-4w-40tps-r5_retail-transfer-low_w1_r1_223],  with error: Error: Failed to submit trasaction with status code: 11
2026.09.17-14:51:39.344[31m error[39m [caliper] [connectors/peer-gateway/PeerGateway] 	Failed to perform submit transaction [Transfer] using arguments [wlt_c_20260917-pilot6_calibration-retail-transfer-low-4w-40tps-r5_retail-transfer-low_w2_4,wlt_c_20260917-pilot6_calibration-retail-transfer-low-4w-40tps-r5_retail-transfer-low_w2_29,1000,transfer_20260917-pilot6_calibration-retail-transfer-low-4w-40tps-r5_retail-transfer-low_w2_r1_223],  with error: Error: Failed to submit trasaction with status code: 11
2026.09.17-14:51:39.346[31m error[39m [caliper] [connectors/peer-gateway/PeerGateway] 	Failed to perform submit transaction [Transfer] using arguments [wlt_c_20260917-pilot6_calibration-retail-transfer-low-4w-40tps-r5_retail-transfer-low_w2_7,wlt_c_20260917-pilot6_calibration-retail-transfer-low-4w-40tps-r5_retail-transfer-low_w2_32,1000,transfer_20260917-pilot6_calibration-retail-transfer-low-4w-40tps-r5_retail-transfer-low_w2_r1_225],  with error: Error: Failed to submit trasaction with status code: 11
2026.09.17-14:51:39.346[31m error[39m [caliper] [connectors/peer-gateway/PeerGateway] 	Failed to perform submit transaction [Transfer] using arguments [wlt_c_20260917-pilot6_calibration-retail-transfer-low-4w-40tps-r5_retail-transfer-low_w2_6,wlt_c_20260917-pilot6_calibration-retail-transfer-low-4w-40tps-r5_retail-transfer-low_w2_31,1000,transfer_20260917-pilot6_calibration-retail-transfer-low-4w-40tps-r5_retail-transfer-low_w2_r1_224],  with error: Error: Failed to submit trasaction with status code: 11
2026.09.17-14:51:39.600[31m error[39m [caliper] [connectors/peer-gateway/PeerGateway] 	Failed to perform submit transaction [Transfer] using arguments [wlt_c_20260917-pilot6_calibration-retail-transfer-low-4w-40tps-r5_retail-transfer-low_w1_7,wlt_c_20260917-pilot6_calibration-retail-transfer-low-4w-40tps-r5_retail-transfer-low_w1_32,1000,transfer_20260917-pilot6_calibration-retail-transfer-low-4w-40tps-r5_retail-transfer-low_w1_r1_225],  with error: Error: Failed to submit trasaction with status code: 11
2026.09.17-14:51:39.620[31m error[39m [caliper] [connectors/peer-gateway/PeerGateway] 	Failed to perform submit transaction [Transfer] using arguments [wlt_c_20260917-pilot6_calibration-retail-transfer-low-4w-40tps-r5_retail-transfer-low_w3_3,wlt_c_20260917-pilot6_calibration-retail-transfer-low-4w-40tps-r5_retail-transfer-low_w3_28,1000,transfer_20260917-pilot6_calibration-retail-transfer-low-4w-40tps-r5_retail-transfer-low_w3_r1_222],  with error: Error: Failed to submit trasaction with status code: 11
2026.09.17-14:51:39.626[31m error[39m [caliper] [connectors/peer-gateway/PeerGateway] 	Failed to perform submit transaction [Transfer] using arguments [wlt_c_20260917-pilot6_calibration-retail-transfer-low-4w-40tps-r5_retail-transfer-low_w0_6,wlt_c_20260917-pilot6_calibration-retail-transfer-low-4w-40tps-r5_retail-transfer-low_w0_31,1000,transfer_20260917-pilot6_calibration-retail-transfer-low-4w-40tps-r5_retail-transfer-low_w0_r1_224],  with error: Error: Failed to submit trasaction with status code: 11
2026.09.17-14:51:39.628[31m error[39m [caliper] [connectors/peer-gateway/PeerGateway] 	Failed to perform submit transaction [Transfer] using arguments [wlt_c_20260917-pilot6_calibration-retail-transfer-low-4w-40tps-r5_retail-transfer-low_w0_7,wlt_c_20260917-pilot6_calibration-retail-transfer-low-4w-40tps-r5_retail-transfer-low_w0_32,1000,transfer_20260917-pilot6_calibration-retail-transfer-low-4w-40tps-r5_retail-transfer-low_w0_r1_225],  with error: Error: Failed to submit trasaction with status code: 11
2026.09.17-14:51:39.634[31m error[39m [caliper] [connectors/peer-gateway/PeerGateway] 	Failed to perform submit transaction [Transfer] using arguments [wlt_c_20260917-pilot6_calibration-retail-transfer-low-4w-40tps-r5_retail-transfer-low_w3_4,wlt_c_20260917-pilot6_calibration-retail-transfer-low-4w-40tps-r5_retail-transfer-low_w3_29,1000,transfer_20260917-pilot6_calibration-retail-transfer-low-4w-40tps-r5_retail-transfer-low_w3_r1_223],  with error: Error: Failed to submit trasaction with status code: 11
2026.09.17-14:51:39.974[31m error[39m [caliper] [connectors/peer-gateway/PeerGateway] 	Failed to perform submit transaction [Transfer] using arguments [wlt_c_20260917-pilot6_calibration-retail-transfer-low-4w-40tps-r5_retail-transfer-low_w1_14,wlt_c_20260917-pilot6_calibration-retail-transfer-low-4w-40tps-r5_retail-transfer-low_w1_39,1000,transfer_20260917-pilot6_calibration-retail-transfer-low-4w-40tps-r5_retail-transfer-low_w1_r1_231],  with error: Error: Failed to submit trasaction with status code: 11
2026.09.17-14:51:40.167[31m error[39m [caliper] [connectors/peer-gateway/PeerGateway] 	Failed to perform submit transaction [Transfer] using arguments [wlt_c_20260917-pilot6_calibration-retail-transfer-low-4w-40tps-r5_retail-transfer-low_w1_18,wlt_c_20260917-pilot6_calibration-retail-transfer-low-4w-40tps-r5_retail-transfer-low_w1_43,1000,transfer_20260917-pilot6_calibration-retail-transfer-low-4w-40tps-r5_retail-transfer-low_w1_r1_234],  with error: Error: Failed to submit trasaction with status code: 11
2026.09.17-14:51:40.169[31m error[39m [caliper] [connectors/peer-gateway/PeerGateway] 	Failed to perform submit transaction [Transfer] using arguments [wlt_c_20260917-pilot6_calibration-retail-transfer-low-4w-40tps-r5_retail-transfer-low_w2_18,wlt_c_20260917-pilot6_calibration-retail-transfer-low-4w-40tps-r5_retail-transfer-low_w2_43,1000,transfer_20260917-pilot6_calibration-retail-transfer-low-4w-40tps-r5_retail-transfer-low_w2_r1_234],  with error: Error: Failed to submit trasaction with status code: 11
2026.09.17-14:51:40.169[31m error[39m [caliper] [connectors/peer-gateway/PeerGateway] 	Failed to perform submit transaction [Transfer] using arguments [wlt_c_20260917-pilot6_calibration-retail-transfer-low-4w-40tps-r5_retail-transfer-low_w1_17,wlt_c_20260917-pilot6_calibration-retail-transfer-low-4w-40tps-r5_retail-transfer-low_w1_42,1000,transfer_20260917-pilot6_calibration-retail-transfer-low-4w-40tps-r5_retail-transfer-low_w1_r1_233],  with error: Error: Failed to submit trasaction with status code: 11
2026.09.17-14:51:40.171[31m error[39m [caliper] [connectors/peer-gateway/PeerGateway] 	Failed to perform submit transaction [Transfer] using arguments [wlt_c_20260917-pilot6_calibration-retail-transfer-low-4w-40tps-r5_retail-transfer-low_w0_17,wlt_c_20260917-pilot6_calibration-retail-transfer-low-4w-40tps-r5_retail-transfer-low_w0_42,1000,transfer_20260917-pilot6_calibration-retail-transfer-low-4w-40tps-r5_retail-transfer-low_w0_r1_233],  with error: Error: Failed to submit trasaction with status code: 11
2026.09.17-14:51:40.172[31m error[39m [caliper] [connectors/peer-gateway/PeerGateway] 	Failed to perform submit transaction [Transfer] using arguments [wlt_c_20260917-pilot6_calibration-retail-transfer-low-4w-40tps-r5_retail-transfer-low_w3_18,wlt_c_20260917-pilot6_calibration-retail-transfer-low-4w-40tps-r5_retail-transfer-low_w3_43,1000,transfer_20260917-pilot6_calibration-retail-transfer-low-4w-40tps-r5_retail-transfer-low_w3_r1_234],  with error: Error: Failed to submit trasaction with status code: 11
2026.09.17-14:51:40.172[31m error[39m [caliper] [connectors/peer-gateway/PeerGateway] 	Failed to perform submit transaction [Transfer] using arguments [wlt_c_20260917-pilot6_calibration-retail-transfer-low-4w-40tps-r5_retail-transfer-low_w0_18,wlt_c_20260917-pilot6_calibration-retail-transfer-low-4w-40tps-r5_retail-transfer-low_w0_43,1000,transfer_20260917-pilot6_calibration-retail-transfer-low-4w-40tps-r5_retail-transfer-low_w0_r1_234],  with error: Error: Failed to submit trasaction with status code: 11
2026.09.17-14:51:40.172[31m error[39m [caliper] [connectors/peer-gateway/PeerGateway] 	Failed to perform submit transaction [Transfer] using arguments [wlt_c_20260917-pilot6_calibration-retail-transfer-low-4w-40tps-r5_retail-transfer-low_w1_21,wlt_c_20260917-pilot6_calibration-retail-transfer-low-4w-40tps-r5_retail-transfer-low_w1_46,1000,transfer_20260917-pilot6_calibration-retail-transfer-low-4w-40tps-r5_retail-transfer-low_w1_r1_236],  with error: Error: Failed to submit trasaction with status code: 11
2026.09.17-14:51:40.173[31m error[39m [caliper] [connectors/peer-gateway/PeerGateway] 	Failed to perform submit transaction [Transfer] using arguments [wlt_c_20260917-pilot6_calibration-retail-transfer-low-4w-40tps-r5_retail-transfer-low_w0_19,wlt_c_20260917-pilot6_calibration-retail-transfer-low-4w-40tps-r5_retail-transfer-low_w0_44,1000,transfer_20260917-pilot6_calibration-retail-transfer-low-4w-40tps-r5_retail-transfer-low_w0_r1_235],  with error: Error: Failed to submit trasaction with status code: 11
2026.09.17-14:51:40.175[31m error[39m [caliper] [connectors/peer-gateway/PeerGateway] 	Failed to perform submit transaction [Transfer] using arguments [wlt_c_20260917-pilot6_calibration-retail-transfer-low-4w-40tps-r5_retail-transfer-low_w1_16,wlt_c_20260917-pilot6_calibration-retail-transfer-low-4w-40tps-r5_retail-transfer-low_w1_41,1000,transfer_20260917-pilot6_calibration-retail-transfer-low-4w-40tps-r5_retail-transfer-low_w1_r1_232],  with error: Error: Failed to submit trasaction with status code: 11
2026.09.17-14:51:40.314[31m error[39m [caliper] [connectors/peer-gateway/PeerGateway] 	Failed to perform submit transaction [Transfer] using arguments [wlt_c_20260917-pilot6_calibration-retail-transfer-low-4w-40tps-r5_retail-transfer-low_w1_19,wlt_c_20260917-pilot6_calibration-retail-transfer-low-4w-40tps-r5_retail-transfer-low_w1_44,1000,transfer_20260917-pilot6_calibration-retail-transfer-low-4w-40tps-r5_retail-transfer-low_w1_r1_235],  with error: Error: Failed to submit trasaction with status code: 11
2026.09.17-14:51:40.316[31m error[39m [caliper] [connectors/peer-gateway/PeerGateway] 	Failed to perform submit transaction [Transfer] using arguments [wlt_c_20260917-pilot6_calibration-retail-transfer-low-4w-40tps-r5_retail-transfer-low_w0_21,wlt_c_20260917-pilot6_calibration-retail-transfer-low-4w-40tps-r5_retail-transfer-low_w0_46,1000,transfer_20260917-pilot6_calibration-retail-transfer-low-4w-40tps-r5_retail-transfer-low_w0_r1_236],  with error: Error: Failed to submit trasaction with status code: 11
2026.09.17-14:51:40.319[31m error[39m [caliper] [connectors/peer-gateway/PeerGateway] 	Failed to perform submit transaction [Transfer] using arguments [wlt_c_20260917-pilot6_calibration-retail-transfer-low-4w-40tps-r5_retail-transfer-low_w2_23,wlt_c_20260917-pilot6_calibration-retail-transfer-low-4w-40tps-r5_retail-transfer-low_w2_48,1000,transfer_20260917-pilot6_calibration-retail-transfer-low-4w-40tps-r5_retail-transfer-low_w2_r1_238],  with error: Error: Failed to submit trasaction with status code: 11
2026.09.17-14:51:40.320[31m error[39m [caliper] [connectors/peer-gateway/PeerGateway] 	Failed to perform submit transaction [Transfer] using arguments [wlt_c_20260917-pilot6_calibration-retail-transfer-low-4w-40tps-r5_retail-transfer-low_w0_23,wlt_c_20260917-pilot6_calibration-retail-transfer-low-4w-40tps-r5_retail-transfer-low_w0_48,1000,transfer_20260917-pilot6_calibration-retail-transfer-low-4w-40tps-r5_retail-transfer-low_w0_r1_238],  with error: Error: Failed to submit trasaction with status code: 11
2026.09.17-14:51:40.322[31m error[39m [caliper] [connectors/peer-gateway/PeerGateway] 	Failed to perform submit transaction [Transfer] using arguments [wlt_c_20260917-pilot6_calibration-retail-transfer-low-4w-40tps-r5_retail-transfer-low_w2_17,wlt_c_20260917-pilot6_calibration-retail-transfer-low-4w-40tps-r5_retail-transfer-low_w2_42,1000,transfer_20260917-pilot6_calibration-retail-transfer-low-4w-40tps-r5_retail-transfer-low_w2_r1_233],  with error: Error: Failed to submit trasaction with status code: 11
2026.09.17-14:51:40.325[31m error[39m [caliper] [connectors/peer-gateway/PeerGateway] 	Failed to perform submit transaction [Transfer] using arguments [wlt_c_20260917-pilot6_calibration-retail-transfer-low-4w-40tps-r5_retail-transfer-low_w2_21,wlt_c_20260917-pilot6_calibration-retail-transfer-low-4w-40tps-r5_retail-transfer-low_w2_46,1000,transfer_20260917-pilot6_calibration-retail-transfer-low-4w-40tps-r5_retail-transfer-low_w2_r1_236],  with error: Error: Failed to submit trasaction with status code: 11
2026.09.17-14:51:40.326[31m error[39m [caliper] [connectors/peer-gateway/PeerGateway] 	Failed to perform submit transaction [Transfer] using arguments [wlt_c_20260917-pilot6_calibration-retail-transfer-low-4w-40tps-r5_retail-transfer-low_w2_19,wlt_c_20260917-pilot6_calibration-retail-transfer-low-4w-40tps-r5_retail-transfer-low_w2_44,1000,transfer_20260917-pilot6_calibration-retail-transfer-low-4w-40tps-r5_retail-transfer-low_w2_r1_235],  with error: Error: Failed to submit trasaction with status code: 11
2026.09.17-14:51:40.353[31m error[39m [caliper] [connectors/peer-gateway/PeerGateway] 	Failed to perform submit transaction [Transfer] using arguments [wlt_c_20260917-pilot6_calibration-retail-transfer-low-4w-40tps-r5_retail-transfer-low_w3_19,wlt_c_20260917-pilot6_calibration-retail-transfer-low-4w-40tps-r5_retail-transfer-low_w3_44,1000,transfer_20260917-pilot6_calibration-retail-transfer-low-4w-40tps-r5_retail-transfer-low_w3_r1_235],  with error: Error: Failed to submit trasaction with status code: 11
2026.09.17-14:51:40.356[31m error[39m [caliper] [connectors/peer-gateway/PeerGateway] 	Failed to perform submit transaction [Transfer] using arguments [wlt_c_20260917-pilot6_calibration-retail-transfer-low-4w-40tps-r5_retail-transfer-low_w3_17,wlt_c_20260917-pilot6_calibration-retail-transfer-low-4w-40tps-r5_retail-transfer-low_w3_42,1000,transfer_20260917-pilot6_calibration-retail-transfer-low-4w-40tps-r5_retail-transfer-low_w3_r1_233],  with error: Error: Failed to submit trasaction with status code: 11
2026.09.17-14:51:40.359[31m error[39m [caliper] [connectors/peer-gateway/PeerGateway] 	Failed to perform submit transaction [Transfer] using arguments [wlt_c_20260917-pilot6_calibration-retail-transfer-low-4w-40tps-r5_retail-transfer-low_w3_21,wlt_c_20260917-pilot6_calibration-retail-transfer-low-4w-40tps-r5_retail-transfer-low_w3_46,1000,transfer_20260917-pilot6_calibration-retail-transfer-low-4w-40tps-r5_retail-transfer-low_w3_r1_236],  with error: Error: Failed to submit trasaction with status code: 11
2026.09.17-14:51:40.398[31m error[39m [caliper] [connectors/peer-gateway/PeerGateway] 	Failed to perform submit transaction [Transfer] using arguments [wlt_c_20260917-pilot6_calibration-retail-transfer-low-4w-40tps-r5_retail-transfer-low_w2_1,wlt_c_20260917-pilot6_calibration-retail-transfer-low-4w-40tps-r5_retail-transfer-low_w2_26,1000,transfer_20260917-pilot6_calibration-retail-transfer-low-4w-40tps-r5_retail-transfer-low_w2_r1_240],  with error: Error: Failed to submit trasaction with status code: 11
2026.09.17-14:51:40.403[31m error[39m [caliper] [connectors/peer-gateway/PeerGateway] 	Failed to perform submit transaction [Transfer] using arguments [wlt_c_20260917-pilot6_calibration-retail-transfer-low-4w-40tps-r5_retail-transfer-low_w1_24,wlt_c_20260917-pilot6_calibration-retail-transfer-low-4w-40tps-r5_retail-transfer-low_w1_49,1000,transfer_20260917-pilot6_calibration-retail-transfer-low-4w-40tps-r5_retail-transfer-low_w1_r1_239],  with error: Error: Failed to submit trasaction with status code: 11
2026.09.17-14:51:40.404[31m error[39m [caliper] [connectors/peer-gateway/PeerGateway] 	Failed to perform submit transaction [Transfer] using arguments [wlt_c_20260917-pilot6_calibration-retail-transfer-low-4w-40tps-r5_retail-transfer-low_w1_22,wlt_c_20260917-pilot6_calibration-retail-transfer-low-4w-40tps-r5_retail-transfer-low_w1_47,1000,transfer_20260917-pilot6_calibration-retail-transfer-low-4w-40tps-r5_retail-transfer-low_w1_r1_237],  with error: Error: Failed to submit trasaction with status code: 11
2026.09.17-14:51:40.405[31m error[39m [caliper] [connectors/peer-gateway/PeerGateway] 	Failed to perform submit transaction [Transfer] using arguments [wlt_c_20260917-pilot6_calibration-retail-transfer-low-4w-40tps-r5_retail-transfer-low_w2_24,wlt_c_20260917-pilot6_calibration-retail-transfer-low-4w-40tps-r5_retail-transfer-low_w2_49,1000,transfer_20260917-pilot6_calibration-retail-transfer-low-4w-40tps-r5_retail-transfer-low_w2_r1_239],  with error: Error: Failed to submit trasaction with status code: 11
2026.09.17-14:51:40.405[31m error[39m [caliper] [connectors/peer-gateway/PeerGateway] 	Failed to perform submit transaction [Transfer] using arguments [wlt_c_20260917-pilot6_calibration-retail-transfer-low-4w-40tps-r5_retail-transfer-low_w0_24,wlt_c_20260917-pilot6_calibration-retail-transfer-low-4w-40tps-r5_retail-transfer-low_w0_49,1000,transfer_20260917-pilot6_calibration-retail-transfer-low-4w-40tps-r5_retail-transfer-low_w0_r1_239],  with error: Error: Failed to submit trasaction with status code: 11
2026.09.17-14:51:40.406[31m error[39m [caliper] [connectors/peer-gateway/PeerGateway] 	Failed to perform submit transaction [Transfer] using arguments [wlt_c_20260917-pilot6_calibration-retail-transfer-low-4w-40tps-r5_retail-transfer-low_w1_23,wlt_c_20260917-pilot6_calibration-retail-transfer-low-4w-40tps-r5_retail-transfer-low_w1_48,1000,transfer_20260917-pilot6_calibration-retail-transfer-low-4w-40tps-r5_retail-transfer-low_w1_r1_238],  with error: Error: Failed to submit trasaction with status code: 11
2026.09.17-14:51:40.408[31m error[39m [caliper] [connectors/peer-gateway/PeerGateway] 	Failed to perform submit transaction [Transfer] using arguments [wlt_c_20260917-pilot6_calibration-retail-transfer-low-4w-40tps-r5_retail-transfer-low_w0_1,wlt_c_20260917-pilot6_calibration-retail-transfer-low-4w-40tps-r5_retail-transfer-low_w0_26,1000,transfer_20260917-pilot6_calibration-retail-transfer-low-4w-40tps-r5_retail-transfer-low_w0_r1_240],  with error: Error: Failed to submit trasaction with status code: 11
2026.09.17-14:51:40.418[31m error[39m [caliper] [connectors/peer-gateway/PeerGateway] 	Failed to perform submit transaction [Transfer] using arguments [wlt_c_20260917-pilot6_calibration-retail-transfer-low-4w-40tps-r5_retail-transfer-low_w3_24,wlt_c_20260917-pilot6_calibration-retail-transfer-low-4w-40tps-r5_retail-transfer-low_w3_49,1000,transfer_20260917-pilot6_calibration-retail-transfer-low-4w-40tps-r5_retail-transfer-low_w3_r1_239],  with error: Error: Failed to submit trasaction with status code: 11
2026.09.17-14:51:40.420[31m error[39m [caliper] [connectors/peer-gateway/PeerGateway] 	Failed to perform submit transaction [Transfer] using arguments [wlt_c_20260917-pilot6_calibration-retail-transfer-low-4w-40tps-r5_retail-transfer-low_w3_23,wlt_c_20260917-pilot6_calibration-retail-transfer-low-4w-40tps-r5_retail-transfer-low_w3_48,1000,transfer_20260917-pilot6_calibration-retail-transfer-low-4w-40tps-r5_retail-transfer-low_w3_r1_238],  with error: Error: Failed to submit trasaction with status code: 11
2026.09.17-14:51:40.422[31m error[39m [caliper] [connectors/peer-gateway/PeerGateway] 	Failed to perform submit transaction [Transfer] using arguments [wlt_c_20260917-pilot6_calibration-retail-transfer-low-4w-40tps-r5_retail-transfer-low_w3_1,wlt_c_20260917-pilot6_calibration-retail-transfer-low-4w-40tps-r5_retail-transfer-low_w3_26,1000,transfer_20260917-pilot6_calibration-retail-transfer-low-4w-40tps-r5_retail-transfer-low_w3_r1_240],  with error: Error: Failed to submit trasaction with status code: 11
2026.09.17-14:51:40.529[31m error[39m [caliper] [connectors/peer-gateway/PeerGateway] 	Failed to perform submit transaction [Transfer] using arguments [wlt_c_20260917-pilot6_calibration-retail-transfer-low-4w-40tps-r5_retail-transfer-low_w1_1,wlt_c_20260917-pilot6_calibration-retail-transfer-low-4w-40tps-r5_retail-transfer-low_w1_26,1000,transfer_20260917-pilot6_calibration-retail-transfer-low-4w-40tps-r5_retail-transfer-low_w1_r1_240],  with error: Error: Failed to submit trasaction with status code: 11
2026.09.17-14:51:40.529[31m error[39m [caliper] [connectors/peer-gateway/PeerGateway] 	Failed to perform submit transaction [Transfer] using arguments [wlt_c_20260917-pilot6_calibration-retail-transfer-low-4w-40tps-r5_retail-transfer-low_w2_22,wlt_c_20260917-pilot6_calibration-retail-transfer-low-4w-40tps-r5_retail-transfer-low_w2_47,1000,transfer_20260917-pilot6_calibration-retail-transfer-low-4w-40tps-r5_retail-transfer-low_w2_r1_237],  with error: Error: Failed to submit trasaction with status code: 11
2026.09.17-14:51:40.530[31m error[39m [caliper] [connectors/peer-gateway/PeerGateway] 	Failed to perform submit transaction [Transfer] using arguments [wlt_c_20260917-pilot6_calibration-retail-transfer-low-4w-40tps-r5_retail-transfer-low_w2_2,wlt_c_20260917-pilot6_calibration-retail-transfer-low-4w-40tps-r5_retail-transfer-low_w2_27,1000,transfer_20260917-pilot6_calibration-retail-transfer-low-4w-40tps-r5_retail-transfer-low_w2_r1_241],  with error: Error: Failed to submit trasaction with status code: 11
2026.09.17-14:51:40.530[31m error[39m [caliper] [connectors/peer-gateway/PeerGateway] 	Failed to perform submit transaction [Transfer] using arguments [wlt_c_20260917-pilot6_calibration-retail-transfer-low-4w-40tps-r5_retail-transfer-low_w2_3,wlt_c_20260917-pilot6_calibration-retail-transfer-low-4w-40tps-r5_retail-transfer-low_w2_28,1000,transfer_20260917-pilot6_calibration-retail-transfer-low-4w-40tps-r5_retail-transfer-low_w2_r1_242],  with error: Error: Failed to submit trasaction with status code: 11
2026.09.17-14:51:40.531[31m error[39m [caliper] [connectors/peer-gateway/PeerGateway] 	Failed to perform submit transaction [Transfer] using arguments [wlt_c_20260917-pilot6_calibration-retail-transfer-low-4w-40tps-r5_retail-transfer-low_w0_3,wlt_c_20260917-pilot6_calibration-retail-transfer-low-4w-40tps-r5_retail-transfer-low_w0_28,1000,transfer_20260917-pilot6_calibration-retail-transfer-low-4w-40tps-r5_retail-transfer-low_w0_r1_242],  with error: Error: Failed to submit trasaction with status code: 11
2026.09.17-14:51:40.534[31m error[39m [caliper] [connectors/peer-gateway/PeerGateway] 	Failed to perform submit transaction [Transfer] using arguments [wlt_c_20260917-pilot6_calibration-retail-transfer-low-4w-40tps-r5_retail-transfer-low_w3_22,wlt_c_20260917-pilot6_calibration-retail-transfer-low-4w-40tps-r5_retail-transfer-low_w3_47,1000,transfer_20260917-pilot6_calibration-retail-transfer-low-4w-40tps-r5_retail-transfer-low_w3_r1_237],  with error: Error: Failed to submit trasaction with status code: 11
2026.09.17-14:51:40.538[31m error[39m [caliper] [connectors/peer-gateway/PeerGateway] 	Failed to perform submit transaction [Transfer] using arguments [wlt_c_20260917-pilot6_calibration-retail-transfer-low-4w-40tps-r5_retail-transfer-low_w0_22,wlt_c_20260917-pilot6_calibration-retail-transfer-low-4w-40tps-r5_retail-transfer-low_w0_47,1000,transfer_20260917-pilot6_calibration-retail-transfer-low-4w-40tps-r5_retail-transfer-low_w0_r1_237],  with error: Error: Failed to submit trasaction with status code: 11
2026.09.17-14:51:40.539[31m error[39m [caliper] [connectors/peer-gateway/PeerGateway] 	Failed to perform submit transaction [Transfer] using arguments [wlt_c_20260917-pilot6_calibration-retail-transfer-low-4w-40tps-r5_retail-transfer-low_w0_2,wlt_c_20260917-pilot6_calibration-retail-transfer-low-4w-40tps-r5_retail-transfer-low_w0_27,1000,transfer_20260917-pilot6_calibration-retail-transfer-low-4w-40tps-r5_retail-transfer-low_w0_r1_241],  with error: Error: Failed to submit trasaction with status code: 11
2026.09.17-14:51:40.540[31m error[39m [caliper] [connectors/peer-gateway/PeerGateway] 	Failed to perform submit transaction [Transfer] using arguments [wlt_c_20260917-pilot6_calibration-retail-transfer-low-4w-40tps-r5_retail-transfer-low_w3_2,wlt_c_20260917-pilot6_calibration-retail-transfer-low-4w-40tps-r5_retail-transfer-low_w3_27,1000,transfer_20260917-pilot6_calibration-retail-transfer-low-4w-40tps-r5_retail-transfer-low_w3_r1_241],  with error: Error: Failed to submit trasaction with status code: 11
2026.09.17-14:51:40.549[31m error[39m [caliper] [connectors/peer-gateway/PeerGateway] 	Failed to perform submit transaction [Transfer] using arguments [wlt_c_20260917-pilot6_calibration-retail-transfer-low-4w-40tps-r5_retail-transfer-low_w3_3,wlt_c_20260917-pilot6_calibration-retail-transfer-low-4w-40tps-r5_retail-transfer-low_w3_28,1000,transfer_20260917-pilot6_calibration-retail-transfer-low-4w-40tps-r5_retail-transfer-low_w3_r1_242],  with error: Error: Failed to submit trasaction with status code: 11
2026.09.17-14:51:40.619[31m error[39m [caliper] [connectors/peer-gateway/PeerGateway] 	Failed to perform submit transaction [Transfer] using arguments [wlt_c_20260917-pilot6_calibration-retail-transfer-low-4w-40tps-r5_retail-transfer-low_w0_12,wlt_c_20260917-pilot6_calibration-retail-transfer-low-4w-40tps-r5_retail-transfer-low_w0_37,1000,transfer_20260917-pilot6_calibration-retail-transfer-low-4w-40tps-r5_retail-transfer-low_w0_r1_249],  with error: Error: Failed to submit trasaction with status code: 11
2026.09.17-14:51:40.621[31m error[39m [caliper] [connectors/peer-gateway/PeerGateway] 	Failed to perform submit transaction [Transfer] using arguments [wlt_c_20260917-pilot6_calibration-retail-transfer-low-4w-40tps-r5_retail-transfer-low_w0_11,wlt_c_20260917-pilot6_calibration-retail-transfer-low-4w-40tps-r5_retail-transfer-low_w0_36,1000,transfer_20260917-pilot6_calibration-retail-transfer-low-4w-40tps-r5_retail-transfer-low_w0_r1_248],  with error: Error: Failed to submit trasaction with status code: 11
2026.09.17-14:51:40.633[31m error[39m [caliper] [connectors/peer-gateway/PeerGateway] 	Failed to perform submit transaction [Transfer] using arguments [wlt_c_20260917-pilot6_calibration-retail-transfer-low-4w-40tps-r5_retail-transfer-low_w2_12,wlt_c_20260917-pilot6_calibration-retail-transfer-low-4w-40tps-r5_retail-transfer-low_w2_37,1000,transfer_20260917-pilot6_calibration-retail-transfer-low-4w-40tps-r5_retail-transfer-low_w2_r1_249],  with error: Error: Failed to submit trasaction with status code: 11
2026.09.17-14:51:40.659[31m error[39m [caliper] [connectors/peer-gateway/PeerGateway] 	Failed to perform submit transaction [Transfer] using arguments [wlt_c_20260917-pilot6_calibration-retail-transfer-low-4w-40tps-r5_retail-transfer-low_w1_3,wlt_c_20260917-pilot6_calibration-retail-transfer-low-4w-40tps-r5_retail-transfer-low_w1_28,1000,transfer_20260917-pilot6_calibration-retail-transfer-low-4w-40tps-r5_retail-transfer-low_w1_r1_242],  with error: Error: Failed to submit trasaction with status code: 11
2026.09.17-14:51:40.660[31m error[39m [caliper] [connectors/peer-gateway/PeerGateway] 	Failed to perform submit transaction [Transfer] using arguments [wlt_c_20260917-pilot6_calibration-retail-transfer-low-4w-40tps-r5_retail-transfer-low_w3_11,wlt_c_20260917-pilot6_calibration-retail-transfer-low-4w-40tps-r5_retail-transfer-low_w3_36,1000,transfer_20260917-pilot6_calibration-retail-transfer-low-4w-40tps-r5_retail-transfer-low_w3_r1_248],  with error: Error: Failed to submit trasaction with status code: 11
2026.09.17-14:51:40.660[31m error[39m [caliper] [connectors/peer-gateway/PeerGateway] 	Failed to perform submit transaction [Transfer] using arguments [wlt_c_20260917-pilot6_calibration-retail-transfer-low-4w-40tps-r5_retail-transfer-low_w1_2,wlt_c_20260917-pilot6_calibration-retail-transfer-low-4w-40tps-r5_retail-transfer-low_w1_27,1000,transfer_20260917-pilot6_calibration-retail-transfer-low-4w-40tps-r5_retail-transfer-low_w1_r1_241],  with error: Error: Failed to submit trasaction with status code: 11
2026.09.17-14:51:40.660[31m error[39m [caliper] [connectors/peer-gateway/PeerGateway] 	Failed to perform submit transaction [Transfer] using arguments [wlt_c_20260917-pilot6_calibration-retail-transfer-low-4w-40tps-r5_retail-transfer-low_w1_13,wlt_c_20260917-pilot6_calibration-retail-transfer-low-4w-40tps-r5_retail-transfer-low_w1_38,1000,transfer_20260917-pilot6_calibration-retail-transfer-low-4w-40tps-r5_retail-transfer-low_w1_r1_250],  with error: Error: Failed to submit trasaction with status code: 11
2026.09.17-14:51:40.660[31m error[39m [caliper] [connectors/peer-gateway/PeerGateway] 	Failed to perform submit transaction [Transfer] using arguments [wlt_c_20260917-pilot6_calibration-retail-transfer-low-4w-40tps-r5_retail-transfer-low_w1_9,wlt_c_20260917-pilot6_calibration-retail-transfer-low-4w-40tps-r5_retail-transfer-low_w1_34,1000,transfer_20260917-pilot6_calibration-retail-transfer-low-4w-40tps-r5_retail-transfer-low_w1_r1_247],  with error: Error: Failed to submit trasaction with status code: 11
2026.09.17-14:51:40.667[31m error[39m [caliper] [connectors/peer-gateway/PeerGateway] 	Failed to perform submit transaction [Transfer] using arguments [wlt_c_20260917-pilot6_calibration-retail-transfer-low-4w-40tps-r5_retail-transfer-low_w3_12,wlt_c_20260917-pilot6_calibration-retail-transfer-low-4w-40tps-r5_retail-transfer-low_w3_37,1000,transfer_20260917-pilot6_calibration-retail-transfer-low-4w-40tps-r5_retail-transfer-low_w3_r1_249],  with error: Error: Failed to submit trasaction with status code: 11
2026.09.17-14:51:40.674[31m error[39m [caliper] [connectors/peer-gateway/PeerGateway] 	Failed to perform submit transaction [Transfer] using arguments [wlt_c_20260917-pilot6_calibration-retail-transfer-low-4w-40tps-r5_retail-transfer-low_w1_12,wlt_c_20260917-pilot6_calibration-retail-transfer-low-4w-40tps-r5_retail-transfer-low_w1_37,1000,transfer_20260917-pilot6_calibration-retail-transfer-low-4w-40tps-r5_retail-transfer-low_w1_r1_249],  with error: Error: Failed to submit trasaction with status code: 11
2026.09.17-14:51:40.778[31m error[39m [caliper] [connectors/peer-gateway/PeerGateway] 	Failed to perform submit transaction [Transfer] using arguments [wlt_c_20260917-pilot6_calibration-retail-transfer-low-4w-40tps-r5_retail-transfer-low_w0_7,wlt_c_20260917-pilot6_calibration-retail-transfer-low-4w-40tps-r5_retail-transfer-low_w0_32,1000,transfer_20260917-pilot6_calibration-retail-transfer-low-4w-40tps-r5_retail-transfer-low_w0_r1_245],  with error: Error: Failed to submit trasaction with status code: 11
2026.09.17-14:51:40.779[31m error[39m [caliper] [connectors/peer-gateway/PeerGateway] 	Failed to perform submit transaction [Transfer] using arguments [wlt_c_20260917-pilot6_calibration-retail-transfer-low-4w-40tps-r5_retail-transfer-low_w2_9,wlt_c_20260917-pilot6_calibration-retail-transfer-low-4w-40tps-r5_retail-transfer-low_w2_34,1000,transfer_20260917-pilot6_calibration-retail-transfer-low-4w-40tps-r5_retail-transfer-low_w2_r1_247],  with error: Error: Failed to submit trasaction with status code: 11
2026.09.17-14:51:40.780[31m error[39m [caliper] [connectors/peer-gateway/PeerGateway] 	Failed to perform submit transaction [Transfer] using arguments [wlt_c_20260917-pilot6_calibration-retail-transfer-low-4w-40tps-r5_retail-transfer-low_w0_13,wlt_c_20260917-pilot6_calibration-retail-transfer-low-4w-40tps-r5_retail-transfer-low_w0_38,1000,transfer_20260917-pilot6_calibration-retail-transfer-low-4w-40tps-r5_retail-transfer-low_w0_r1_250],  with error: Error: Failed to submit trasaction with status code: 11
2026.09.17-14:51:40.781[31m error[39m [caliper] [connectors/peer-gateway/PeerGateway] 	Failed to perform submit transaction [Transfer] using arguments [wlt_c_20260917-pilot6_calibration-retail-transfer-low-4w-40tps-r5_retail-transfer-low_w1_11,wlt_c_20260917-pilot6_calibration-retail-transfer-low-4w-40tps-r5_retail-transfer-low_w1_36,1000,transfer_20260917-pilot6_calibration-retail-transfer-low-4w-40tps-r5_retail-transfer-low_w1_r1_248],  with error: Error: Failed to submit trasaction with status code: 11
2026.09.17-14:51:40.782[31m error[39m [caliper] [connectors/peer-gateway/PeerGateway] 	Failed to perform submit transaction [Transfer] using arguments [wlt_c_20260917-pilot6_calibration-retail-transfer-low-4w-40tps-r5_retail-transfer-low_w1_8,wlt_c_20260917-pilot6_calibration-retail-transfer-low-4w-40tps-r5_retail-transfer-low_w1_33,1000,transfer_20260917-pilot6_calibration-retail-transfer-low-4w-40tps-r5_retail-transfer-low_w1_r1_246],  with error: Error: Failed to submit trasaction with status code: 11
2026.09.17-14:51:40.783[31m error[39m [caliper] [connectors/peer-gateway/PeerGateway] 	Failed to perform submit transaction [Transfer] using arguments [wlt_c_20260917-pilot6_calibration-retail-transfer-low-4w-40tps-r5_retail-transfer-low_w3_13,wlt_c_20260917-pilot6_calibration-retail-transfer-low-4w-40tps-r5_retail-transfer-low_w3_38,1000,transfer_20260917-pilot6_calibration-retail-transfer-low-4w-40tps-r5_retail-transfer-low_w3_r1_250],  with error: Error: Failed to submit trasaction with status code: 11
2026.09.17-14:51:40.784[31m error[39m [caliper] [connectors/peer-gateway/PeerGateway] 	Failed to perform submit transaction [Transfer] using arguments [wlt_c_20260917-pilot6_calibration-retail-transfer-low-4w-40tps-r5_retail-transfer-low_w2_11,wlt_c_20260917-pilot6_calibration-retail-transfer-low-4w-40tps-r5_retail-transfer-low_w2_36,1000,transfer_20260917-pilot6_calibration-retail-transfer-low-4w-40tps-r5_retail-transfer-low_w2_r1_248],  with error: Error: Failed to submit trasaction with status code: 11
2026.09.17-14:51:40.786[31m error[39m [caliper] [connectors/peer-gateway/PeerGateway] 	Failed to perform submit transaction [Transfer] using arguments [wlt_c_20260917-pilot6_calibration-retail-transfer-low-4w-40tps-r5_retail-transfer-low_w3_9,wlt_c_20260917-pilot6_calibration-retail-transfer-low-4w-40tps-r5_retail-transfer-low_w3_34,1000,transfer_20260917-pilot6_calibration-retail-transfer-low-4w-40tps-r5_retail-transfer-low_w3_r1_247],  with error: Error: Failed to submit trasaction with status code: 11
2026.09.17-14:51:40.801[31m error[39m [caliper] [connectors/peer-gateway/PeerGateway] 	Failed to perform submit transaction [Transfer] using arguments [wlt_c_20260917-pilot6_calibration-retail-transfer-low-4w-40tps-r5_retail-transfer-low_w0_9,wlt_c_20260917-pilot6_calibration-retail-transfer-low-4w-40tps-r5_retail-transfer-low_w0_34,1000,transfer_20260917-pilot6_calibration-retail-transfer-low-4w-40tps-r5_retail-transfer-low_w0_r1_247],  with error: Error: Failed to submit trasaction with status code: 11
2026.09.17-14:51:40.814[31m error[39m [caliper] [connectors/peer-gateway/PeerGateway] 	Failed to perform submit transaction [Transfer] using arguments [wlt_c_20260917-pilot6_calibration-retail-transfer-low-4w-40tps-r5_retail-transfer-low_w0_8,wlt_c_20260917-pilot6_calibration-retail-transfer-low-4w-40tps-r5_retail-transfer-low_w0_33,1000,transfer_20260917-pilot6_calibration-retail-transfer-low-4w-40tps-r5_retail-transfer-low_w0_r1_246],  with error: Error: Failed to submit trasaction with status code: 11
2026.09.17-14:51:40.956[31m error[39m [caliper] [connectors/peer-gateway/PeerGateway] 	Failed to perform submit transaction [Transfer] using arguments [wlt_c_20260917-pilot6_calibration-retail-transfer-low-4w-40tps-r5_retail-transfer-low_w3_4,wlt_c_20260917-pilot6_calibration-retail-transfer-low-4w-40tps-r5_retail-transfer-low_w3_29,1000,transfer_20260917-pilot6_calibration-retail-transfer-low-4w-40tps-r5_retail-transfer-low_w3_r1_243],  with error: Error: Failed to submit trasaction with status code: 11
2026.09.17-14:51:40.962[31m error[39m [caliper] [connectors/peer-gateway/PeerGateway] 	Failed to perform submit transaction [Transfer] using arguments [wlt_c_20260917-pilot6_calibration-retail-transfer-low-4w-40tps-r5_retail-transfer-low_w2_14,wlt_c_20260917-pilot6_calibration-retail-transfer-low-4w-40tps-r5_retail-transfer-low_w2_39,1000,transfer_20260917-pilot6_calibration-retail-transfer-low-4w-40tps-r5_retail-transfer-low_w2_r1_251],  with error: Error: Failed to submit trasaction with status code: 11
2026.09.17-14:51:40.959[31m error[39m [caliper] [connectors/peer-gateway/PeerGateway] 	Failed to perform submit transaction [Transfer] using arguments [wlt_c_20260917-pilot6_calibration-retail-transfer-low-4w-40tps-r5_retail-transfer-low_w0_14,wlt_c_20260917-pilot6_calibration-retail-transfer-low-4w-40tps-r5_retail-transfer-low_w0_39,1000,transfer_20260917-pilot6_calibration-retail-transfer-low-4w-40tps-r5_retail-transfer-low_w0_r1_251],  with error: Error: Failed to submit trasaction with status code: 11
2026.09.17-14:51:40.964[31m error[39m [caliper] [connectors/peer-gateway/PeerGateway] 	Failed to perform submit transaction [Transfer] using arguments [wlt_c_20260917-pilot6_calibration-retail-transfer-low-4w-40tps-r5_retail-transfer-low_w0_6,wlt_c_20260917-pilot6_calibration-retail-transfer-low-4w-40tps-r5_retail-transfer-low_w0_31,1000,transfer_20260917-pilot6_calibration-retail-transfer-low-4w-40tps-r5_retail-transfer-low_w0_r1_244],  with error: Error: Failed to submit trasaction with status code: 11
2026.09.17-14:51:40.964[31m error[39m [caliper] [connectors/peer-gateway/PeerGateway] 	Failed to perform submit transaction [Transfer] using arguments [wlt_c_20260917-pilot6_calibration-retail-transfer-low-4w-40tps-r5_retail-transfer-low_w1_4,wlt_c_20260917-pilot6_calibration-retail-transfer-low-4w-40tps-r5_retail-transfer-low_w1_29,1000,transfer_20260917-pilot6_calibration-retail-transfer-low-4w-40tps-r5_retail-transfer-low_w1_r1_243],  with error: Error: Failed to submit trasaction with status code: 11
2026.09.17-14:51:40.965[31m error[39m [caliper] [connectors/peer-gateway/PeerGateway] 	Failed to perform submit transaction [Transfer] using arguments [wlt_c_20260917-pilot6_calibration-retail-transfer-low-4w-40tps-r5_retail-transfer-low_w0_17,wlt_c_20260917-pilot6_calibration-retail-transfer-low-4w-40tps-r5_retail-transfer-low_w0_42,1000,transfer_20260917-pilot6_calibration-retail-transfer-low-4w-40tps-r5_retail-transfer-low_w0_r1_253],  with error: Error: Failed to submit trasaction with status code: 11
2026.09.17-14:51:40.965[31m error[39m [caliper] [connectors/peer-gateway/PeerGateway] 	Failed to perform submit transaction [Transfer] using arguments [wlt_c_20260917-pilot6_calibration-retail-transfer-low-4w-40tps-r5_retail-transfer-low_w1_16,wlt_c_20260917-pilot6_calibration-retail-transfer-low-4w-40tps-r5_retail-transfer-low_w1_41,1000,transfer_20260917-pilot6_calibration-retail-transfer-low-4w-40tps-r5_retail-transfer-low_w1_r1_252],  with error: Error: Failed to submit trasaction with status code: 11
2026.09.17-14:51:40.965[31m error[39m [caliper] [connectors/peer-gateway/PeerGateway] 	Failed to perform submit transaction [Transfer] using arguments [wlt_c_20260917-pilot6_calibration-retail-transfer-low-4w-40tps-r5_retail-transfer-low_w0_16,wlt_c_20260917-pilot6_calibration-retail-transfer-low-4w-40tps-r5_retail-transfer-low_w0_41,1000,transfer_20260917-pilot6_calibration-retail-transfer-low-4w-40tps-r5_retail-transfer-low_w0_r1_252],  with error: Error: Failed to submit trasaction with status code: 11
2026.09.17-14:51:40.967[31m error[39m [caliper] [connectors/peer-gateway/PeerGateway] 	Failed to perform submit transaction [Transfer] using arguments [wlt_c_20260917-pilot6_calibration-retail-transfer-low-4w-40tps-r5_retail-transfer-low_w2_13,wlt_c_20260917-pilot6_calibration-retail-transfer-low-4w-40tps-r5_retail-transfer-low_w2_38,1000,transfer_20260917-pilot6_calibration-retail-transfer-low-4w-40tps-r5_retail-transfer-low_w2_r1_250],  with error: Error: Failed to submit trasaction with status code: 11
2026.09.17-14:51:40.968[31m error[39m [caliper] [connectors/peer-gateway/PeerGateway] 	Failed to perform submit transaction [Transfer] using arguments [wlt_c_20260917-pilot6_calibration-retail-transfer-low-4w-40tps-r5_retail-transfer-low_w2_16,wlt_c_20260917-pilot6_calibration-retail-transfer-low-4w-40tps-r5_retail-transfer-low_w2_41,1000,transfer_20260917-pilot6_calibration-retail-transfer-low-4w-40tps-r5_retail-transfer-low_w2_r1_252],  with error: Error: Failed to submit trasaction with status code: 11
2026.09.17-14:51:41.044[31m error[39m [caliper] [connectors/peer-gateway/PeerGateway] 	Failed to perform submit transaction [Transfer] using arguments [wlt_c_20260917-pilot6_calibration-retail-transfer-low-4w-40tps-r5_retail-transfer-low_w1_14,wlt_c_20260917-pilot6_calibration-retail-transfer-low-4w-40tps-r5_retail-transfer-low_w1_39,1000,transfer_20260917-pilot6_calibration-retail-transfer-low-4w-40tps-r5_retail-transfer-low_w1_r1_251],  with error: Error: Failed to submit trasaction with status code: 11
2026.09.17-14:51:41.044[31m error[39m [caliper] [connectors/peer-gateway/PeerGateway] 	Failed to perform submit transaction [Transfer] using arguments [wlt_c_20260917-pilot6_calibration-retail-transfer-low-4w-40tps-r5_retail-transfer-low_w2_6,wlt_c_20260917-pilot6_calibration-retail-transfer-low-4w-40tps-r5_retail-transfer-low_w2_31,1000,transfer_20260917-pilot6_calibration-retail-transfer-low-4w-40tps-r5_retail-transfer-low_w2_r1_244],  with error: Error: Failed to submit trasaction with status code: 11
2026.09.17-14:51:41.045[31m error[39m [caliper] [connectors/peer-gateway/PeerGateway] 	Failed to perform submit transaction [Transfer] using arguments [wlt_c_20260917-pilot6_calibration-retail-transfer-low-4w-40tps-r5_retail-transfer-low_w1_6,wlt_c_20260917-pilot6_calibration-retail-transfer-low-4w-40tps-r5_retail-transfer-low_w1_31,1000,transfer_20260917-pilot6_calibration-retail-transfer-low-4w-40tps-r5_retail-transfer-low_w1_r1_244],  with error: Error: Failed to submit trasaction with status code: 11
2026.09.17-14:51:41.046[31m error[39m [caliper] [connectors/peer-gateway/PeerGateway] 	Failed to perform submit transaction [Transfer] using arguments [wlt_c_20260917-pilot6_calibration-retail-transfer-low-4w-40tps-r5_retail-transfer-low_w1_7,wlt_c_20260917-pilot6_calibration-retail-transfer-low-4w-40tps-r5_retail-transfer-low_w1_32,1000,transfer_20260917-pilot6_calibration-retail-transfer-low-4w-40tps-r5_retail-transfer-low_w1_r1_245],  with error: Error: Failed to submit trasaction with status code: 11
2026.09.17-14:51:41.046[31m error[39m [caliper] [connectors/peer-gateway/PeerGateway] 	Failed to perform submit transaction [Transfer] using arguments [wlt_c_20260917-pilot6_calibration-retail-transfer-low-4w-40tps-r5_retail-transfer-low_w1_17,wlt_c_20260917-pilot6_calibration-retail-transfer-low-4w-40tps-r5_retail-transfer-low_w1_42,1000,transfer_20260917-pilot6_calibration-retail-transfer-low-4w-40tps-r5_retail-transfer-low_w1_r1_253],  with error: Error: Failed to submit trasaction with status code: 11
2026.09.17-14:51:41.047[31m error[39m [caliper] [connectors/peer-gateway/PeerGateway] 	Failed to perform submit transaction [Transfer] using arguments [wlt_c_20260917-pilot6_calibration-retail-transfer-low-4w-40tps-r5_retail-transfer-low_w2_17,wlt_c_20260917-pilot6_calibration-retail-transfer-low-4w-40tps-r5_retail-transfer-low_w2_42,1000,transfer_20260917-pilot6_calibration-retail-transfer-low-4w-40tps-r5_retail-transfer-low_w2_r1_253],  with error: Error: Failed to submit trasaction with status code: 11
2026.09.17-14:51:41.048[31m error[39m [caliper] [connectors/peer-gateway/PeerGateway] 	Failed to perform submit transaction [Transfer] using arguments [wlt_c_20260917-pilot6_calibration-retail-transfer-low-4w-40tps-r5_retail-transfer-low_w2_4,wlt_c_20260917-pilot6_calibration-retail-transfer-low-4w-40tps-r5_retail-transfer-low_w2_29,1000,transfer_20260917-pilot6_calibration-retail-transfer-low-4w-40tps-r5_retail-transfer-low_w2_r1_243],  with error: Error: Failed to submit trasaction with status code: 11
2026.09.17-14:51:41.048[31m error[39m [caliper] [connectors/peer-gateway/PeerGateway] 	Failed to perform submit transaction [Transfer] using arguments [wlt_c_20260917-pilot6_calibration-retail-transfer-low-4w-40tps-r5_retail-transfer-low_w2_8,wlt_c_20260917-pilot6_calibration-retail-transfer-low-4w-40tps-r5_retail-transfer-low_w2_33,1000,transfer_20260917-pilot6_calibration-retail-transfer-low-4w-40tps-r5_retail-transfer-low_w2_r1_246],  with error: Error: Failed to submit trasaction with status code: 11
2026.09.17-14:51:41.049[31m error[39m [caliper] [connectors/peer-gateway/PeerGateway] 	Failed to perform submit transaction [Transfer] using arguments [wlt_c_20260917-pilot6_calibration-retail-transfer-low-4w-40tps-r5_retail-transfer-low_w2_7,wlt_c_20260917-pilot6_calibration-retail-transfer-low-4w-40tps-r5_retail-transfer-low_w2_32,1000,transfer_20260917-pilot6_calibration-retail-transfer-low-4w-40tps-r5_retail-transfer-low_w2_r1_245],  with error: Error: Failed to submit trasaction with status code: 11
2026.09.17-14:51:41.049[31m error[39m [caliper] [connectors/peer-gateway/PeerGateway] 	Failed to perform submit transaction [Transfer] using arguments [wlt_c_20260917-pilot6_calibration-retail-transfer-low-4w-40tps-r5_retail-transfer-low_w0_4,wlt_c_20260917-pilot6_calibration-retail-transfer-low-4w-40tps-r5_retail-transfer-low_w0_29,1000,transfer_20260917-pilot6_calibration-retail-transfer-low-4w-40tps-r5_retail-transfer-low_w0_r1_243],  with error: Error: Failed to submit trasaction with status code: 11
2026.09.17-14:51:41.183[31m error[39m [caliper] [connectors/peer-gateway/PeerGateway] 	Failed to perform submit transaction [Transfer] using arguments [wlt_c_20260917-pilot6_calibration-retail-transfer-low-4w-40tps-r5_retail-transfer-low_w3_7,wlt_c_20260917-pilot6_calibration-retail-transfer-low-4w-40tps-r5_retail-transfer-low_w3_32,1000,transfer_20260917-pilot6_calibration-retail-transfer-low-4w-40tps-r5_retail-transfer-low_w3_r1_245],  with error: Error: Failed to submit trasaction with status code: 11
2026.09.17-14:51:41.188[31m error[39m [caliper] [connectors/peer-gateway/PeerGateway] 	Failed to perform submit transaction [Transfer] using arguments [wlt_c_20260917-pilot6_calibration-retail-transfer-low-4w-40tps-r5_retail-transfer-low_w3_6,wlt_c_20260917-pilot6_calibration-retail-transfer-low-4w-40tps-r5_retail-transfer-low_w3_31,1000,transfer_20260917-pilot6_calibration-retail-transfer-low-4w-40tps-r5_retail-transfer-low_w3_r1_244],  with error: Error: Failed to submit trasaction with status code: 11
2026.09.17-14:51:41.199[31m error[39m [caliper] [connectors/peer-gateway/PeerGateway] 	Failed to perform submit transaction [Transfer] using arguments [wlt_c_20260917-pilot6_calibration-retail-transfer-low-4w-40tps-r5_retail-transfer-low_w3_14,wlt_c_20260917-pilot6_calibration-retail-transfer-low-4w-40tps-r5_retail-transfer-low_w3_39,1000,transfer_20260917-pilot6_calibration-retail-transfer-low-4w-40tps-r5_retail-transfer-low_w3_r1_251],  with error: Error: Failed to submit trasaction with status code: 11
2026.09.17-14:51:41.209[31m error[39m [caliper] [connectors/peer-gateway/PeerGateway] 	Failed to perform submit transaction [Transfer] using arguments [wlt_c_20260917-pilot6_calibration-retail-transfer-low-4w-40tps-r5_retail-transfer-low_w3_8,wlt_c_20260917-pilot6_calibration-retail-transfer-low-4w-40tps-r5_retail-transfer-low_w3_33,1000,transfer_20260917-pilot6_calibration-retail-transfer-low-4w-40tps-r5_retail-transfer-low_w3_r1_246],  with error: Error: Failed to submit trasaction with status code: 11
2026.09.17-14:51:41.211[31m error[39m [caliper] [connectors/peer-gateway/PeerGateway] 	Failed to perform submit transaction [Transfer] using arguments [wlt_c_20260917-pilot6_calibration-retail-transfer-low-4w-40tps-r5_retail-transfer-low_w3_17,wlt_c_20260917-pilot6_calibration-retail-transfer-low-4w-40tps-r5_retail-transfer-low_w3_42,1000,transfer_20260917-pilot6_calibration-retail-transfer-low-4w-40tps-r5_retail-transfer-low_w3_r1_253],  with error: Error: Failed to submit trasaction with status code: 11
2026.09.17-14:51:41.211[31m error[39m [caliper] [connectors/peer-gateway/PeerGateway] 	Failed to perform submit transaction [Transfer] using arguments [wlt_c_20260917-pilot6_calibration-retail-transfer-low-4w-40tps-r5_retail-transfer-low_w3_16,wlt_c_20260917-pilot6_calibration-retail-transfer-low-4w-40tps-r5_retail-transfer-low_w3_41,1000,transfer_20260917-pilot6_calibration-retail-transfer-low-4w-40tps-r5_retail-transfer-low_w3_r1_252],  with error: Error: Failed to submit trasaction with status code: 11
2026.09.17-14:51:41.217[31m error[39m [caliper] [connectors/peer-gateway/PeerGateway] 	Failed to perform submit transaction [Transfer] using arguments [wlt_c_20260917-pilot6_calibration-retail-transfer-low-4w-40tps-r5_retail-transfer-low_w3_18,wlt_c_20260917-pilot6_calibration-retail-transfer-low-4w-40tps-r5_retail-transfer-low_w3_43,1000,transfer_20260917-pilot6_calibration-retail-transfer-low-4w-40tps-r5_retail-transfer-low_w3_r1_254],  with error: Error: Failed to submit trasaction with status code: 11
2026.09.17-14:51:41.371[31m error[39m [caliper] [connectors/peer-gateway/PeerGateway] 	Failed to perform submit transaction [Transfer] using arguments [wlt_c_20260917-pilot6_calibration-retail-transfer-low-4w-40tps-r5_retail-transfer-low_w0_22,wlt_c_20260917-pilot6_calibration-retail-transfer-low-4w-40tps-r5_retail-transfer-low_w0_47,1000,transfer_20260917-pilot6_calibration-retail-transfer-low-4w-40tps-r5_retail-transfer-low_w0_r1_257],  with error: Error: Failed to submit trasaction with status code: 11
2026.09.17-14:51:41.376[31m error[39m [caliper] [connectors/peer-gateway/PeerGateway] 	Failed to perform submit transaction [Transfer] using arguments [wlt_c_20260917-pilot6_calibration-retail-transfer-low-4w-40tps-r5_retail-transfer-low_w1_18,wlt_c_20260917-pilot6_calibration-retail-transfer-low-4w-40tps-r5_retail-transfer-low_w1_43,1000,transfer_20260917-pilot6_calibration-retail-transfer-low-4w-40tps-r5_retail-transfer-low_w1_r1_254],  with error: Error: Failed to submit trasaction with status code: 11
2026.09.17-14:51:41.378[31m error[39m [caliper] [connectors/peer-gateway/PeerGateway] 	Failed to perform submit transaction [Transfer] using arguments [wlt_c_20260917-pilot6_calibration-retail-transfer-low-4w-40tps-r5_retail-transfer-low_w1_19,wlt_c_20260917-pilot6_calibration-retail-transfer-low-4w-40tps-r5_retail-transfer-low_w1_44,1000,transfer_20260917-pilot6_calibration-retail-transfer-low-4w-40tps-r5_retail-transfer-low_w1_r1_255],  with error: Error: Failed to submit trasaction with status code: 11
2026.09.17-14:51:41.380[31m error[39m [caliper] [connectors/peer-gateway/PeerGateway] 	Failed to perform submit transaction [Transfer] using arguments [wlt_c_20260917-pilot6_calibration-retail-transfer-low-4w-40tps-r5_retail-transfer-low_w3_21,wlt_c_20260917-pilot6_calibration-retail-transfer-low-4w-40tps-r5_retail-transfer-low_w3_46,1000,transfer_20260917-pilot6_calibration-retail-transfer-low-4w-40tps-r5_retail-transfer-low_w3_r1_256],  with error: Error: Failed to submit trasaction with status code: 11
2026.09.17-14:51:41.384[31m error[39m [caliper] [connectors/peer-gateway/PeerGateway] 	Failed to perform submit transaction [Transfer] using arguments [wlt_c_20260917-pilot6_calibration-retail-transfer-low-4w-40tps-r5_retail-transfer-low_w2_24,wlt_c_20260917-pilot6_calibration-retail-transfer-low-4w-40tps-r5_retail-transfer-low_w2_49,1000,transfer_20260917-pilot6_calibration-retail-transfer-low-4w-40tps-r5_retail-transfer-low_w2_r1_259],  with error: Error: Failed to submit trasaction with status code: 11
2026.09.17-14:51:41.385[31m error[39m [caliper] [connectors/peer-gateway/PeerGateway] 	Failed to perform submit transaction [Transfer] using arguments [wlt_c_20260917-pilot6_calibration-retail-transfer-low-4w-40tps-r5_retail-transfer-low_w3_24,wlt_c_20260917-pilot6_calibration-retail-transfer-low-4w-40tps-r5_retail-transfer-low_w3_49,1000,transfer_20260917-pilot6_calibration-retail-transfer-low-4w-40tps-r5_retail-transfer-low_w3_r1_259],  with error: Error: Failed to submit trasaction with status code: 11
2026.09.17-14:51:41.386[31m error[39m [caliper] [connectors/peer-gateway/PeerGateway] 	Failed to perform submit transaction [Transfer] using arguments [wlt_c_20260917-pilot6_calibration-retail-transfer-low-4w-40tps-r5_retail-transfer-low_w2_22,wlt_c_20260917-pilot6_calibration-retail-transfer-low-4w-40tps-r5_retail-transfer-low_w2_47,1000,transfer_20260917-pilot6_calibration-retail-transfer-low-4w-40tps-r5_retail-transfer-low_w2_r1_257],  with error: Error: Failed to submit trasaction with status code: 11
2026.09.17-14:51:41.519[31m error[39m [caliper] [connectors/peer-gateway/PeerGateway] 	Failed to perform submit transaction [Transfer] using arguments [wlt_c_20260917-pilot6_calibration-retail-transfer-low-4w-40tps-r5_retail-transfer-low_w3_23,wlt_c_20260917-pilot6_calibration-retail-transfer-low-4w-40tps-r5_retail-transfer-low_w3_48,1000,transfer_20260917-pilot6_calibration-retail-transfer-low-4w-40tps-r5_retail-transfer-low_w3_r1_258],  with error: Error: Failed to submit trasaction with status code: 11
2026.09.17-14:51:41.526[31m error[39m [caliper] [connectors/peer-gateway/PeerGateway] 	Failed to perform submit transaction [Transfer] using arguments [wlt_c_20260917-pilot6_calibration-retail-transfer-low-4w-40tps-r5_retail-transfer-low_w3_22,wlt_c_20260917-pilot6_calibration-retail-transfer-low-4w-40tps-r5_retail-transfer-low_w3_47,1000,transfer_20260917-pilot6_calibration-retail-transfer-low-4w-40tps-r5_retail-transfer-low_w3_r1_257],  with error: Error: Failed to submit trasaction with status code: 11
2026.09.17-14:51:41.533[31m error[39m [caliper] [connectors/peer-gateway/PeerGateway] 	Failed to perform submit transaction [Transfer] using arguments [wlt_c_20260917-pilot6_calibration-retail-transfer-low-4w-40tps-r5_retail-transfer-low_w0_23,wlt_c_20260917-pilot6_calibration-retail-transfer-low-4w-40tps-r5_retail-transfer-low_w0_48,1000,transfer_20260917-pilot6_calibration-retail-transfer-low-4w-40tps-r5_retail-transfer-low_w0_r1_258],  with error: Error: Failed to submit trasaction with status code: 11
2026.09.17-14:51:41.537[31m error[39m [caliper] [connectors/peer-gateway/PeerGateway] 	Failed to perform submit transaction [Transfer] using arguments [wlt_c_20260917-pilot6_calibration-retail-transfer-low-4w-40tps-r5_retail-transfer-low_w0_24,wlt_c_20260917-pilot6_calibration-retail-transfer-low-4w-40tps-r5_retail-transfer-low_w0_49,1000,transfer_20260917-pilot6_calibration-retail-transfer-low-4w-40tps-r5_retail-transfer-low_w0_r1_259],  with error: Error: Failed to submit trasaction with status code: 11
2026.09.17-14:51:41.543[31m error[39m [caliper] [connectors/peer-gateway/PeerGateway] 	Failed to perform submit transaction [Transfer] using arguments [wlt_c_20260917-pilot6_calibration-retail-transfer-low-4w-40tps-r5_retail-transfer-low_w0_1,wlt_c_20260917-pilot6_calibration-retail-transfer-low-4w-40tps-r5_retail-transfer-low_w0_26,1000,transfer_20260917-pilot6_calibration-retail-transfer-low-4w-40tps-r5_retail-transfer-low_w0_r1_260],  with error: Error: Failed to submit trasaction with status code: 11
2026.09.17-14:51:41.542[31m error[39m [caliper] [connectors/peer-gateway/PeerGateway] 	Failed to perform submit transaction [Transfer] using arguments [wlt_c_20260917-pilot6_calibration-retail-transfer-low-4w-40tps-r5_retail-transfer-low_w1_24,wlt_c_20260917-pilot6_calibration-retail-transfer-low-4w-40tps-r5_retail-transfer-low_w1_49,1000,transfer_20260917-pilot6_calibration-retail-transfer-low-4w-40tps-r5_retail-transfer-low_w1_r1_259],  with error: Error: Failed to submit trasaction with status code: 11
2026.09.17-14:51:41.546[31m error[39m [caliper] [connectors/peer-gateway/PeerGateway] 	Failed to perform submit transaction [Transfer] using arguments [wlt_c_20260917-pilot6_calibration-retail-transfer-low-4w-40tps-r5_retail-transfer-low_w1_23,wlt_c_20260917-pilot6_calibration-retail-transfer-low-4w-40tps-r5_retail-transfer-low_w1_48,1000,transfer_20260917-pilot6_calibration-retail-transfer-low-4w-40tps-r5_retail-transfer-low_w1_r1_258],  with error: Error: Failed to submit trasaction with status code: 11
2026.09.17-14:51:41.565[31m error[39m [caliper] [connectors/peer-gateway/PeerGateway] 	Failed to perform submit transaction [Transfer] using arguments [wlt_c_20260917-pilot6_calibration-retail-transfer-low-4w-40tps-r5_retail-transfer-low_w2_21,wlt_c_20260917-pilot6_calibration-retail-transfer-low-4w-40tps-r5_retail-transfer-low_w2_46,1000,transfer_20260917-pilot6_calibration-retail-transfer-low-4w-40tps-r5_retail-transfer-low_w2_r1_256],  with error: Error: Failed to submit trasaction with status code: 11
2026.09.17-14:51:41.567[31m error[39m [caliper] [connectors/peer-gateway/PeerGateway] 	Failed to perform submit transaction [Transfer] using arguments [wlt_c_20260917-pilot6_calibration-retail-transfer-low-4w-40tps-r5_retail-transfer-low_w2_23,wlt_c_20260917-pilot6_calibration-retail-transfer-low-4w-40tps-r5_retail-transfer-low_w2_48,1000,transfer_20260917-pilot6_calibration-retail-transfer-low-4w-40tps-r5_retail-transfer-low_w2_r1_258],  with error: Error: Failed to submit trasaction with status code: 11
2026.09.17-14:51:41.569[31m error[39m [caliper] [connectors/peer-gateway/PeerGateway] 	Failed to perform submit transaction [Transfer] using arguments [wlt_c_20260917-pilot6_calibration-retail-transfer-low-4w-40tps-r5_retail-transfer-low_w2_1,wlt_c_20260917-pilot6_calibration-retail-transfer-low-4w-40tps-r5_retail-transfer-low_w2_26,1000,transfer_20260917-pilot6_calibration-retail-transfer-low-4w-40tps-r5_retail-transfer-low_w2_r1_260],  with error: Error: Failed to submit trasaction with status code: 11
2026.09.17-14:51:41.659[31m error[39m [caliper] [connectors/peer-gateway/PeerGateway] 	Failed to perform submit transaction [Transfer] using arguments [wlt_c_20260917-pilot6_calibration-retail-transfer-low-4w-40tps-r5_retail-transfer-low_w0_3,wlt_c_20260917-pilot6_calibration-retail-transfer-low-4w-40tps-r5_retail-transfer-low_w0_28,1000,transfer_20260917-pilot6_calibration-retail-transfer-low-4w-40tps-r5_retail-transfer-low_w0_r1_262],  with error: Error: Failed to submit trasaction with status code: 11
2026.09.17-14:51:41.668[31m error[39m [caliper] [connectors/peer-gateway/PeerGateway] 	Failed to perform submit transaction [Transfer] using arguments [wlt_c_20260917-pilot6_calibration-retail-transfer-low-4w-40tps-r5_retail-transfer-low_w0_2,wlt_c_20260917-pilot6_calibration-retail-transfer-low-4w-40tps-r5_retail-transfer-low_w0_27,1000,transfer_20260917-pilot6_calibration-retail-transfer-low-4w-40tps-r5_retail-transfer-low_w0_r1_261],  with error: Error: Failed to submit trasaction with status code: 11
2026.09.17-14:51:41.670[31m error[39m [caliper] [connectors/peer-gateway/PeerGateway] 	Failed to perform submit transaction [Transfer] using arguments [wlt_c_20260917-pilot6_calibration-retail-transfer-low-4w-40tps-r5_retail-transfer-low_w1_2,wlt_c_20260917-pilot6_calibration-retail-transfer-low-4w-40tps-r5_retail-transfer-low_w1_27,1000,transfer_20260917-pilot6_calibration-retail-transfer-low-4w-40tps-r5_retail-transfer-low_w1_r1_261],  with error: Error: Failed to submit trasaction with status code: 11
2026.09.17-14:51:41.671[31m error[39m [caliper] [connectors/peer-gateway/PeerGateway] 	Failed to perform submit transaction [Transfer] using arguments [wlt_c_20260917-pilot6_calibration-retail-transfer-low-4w-40tps-r5_retail-transfer-low_w1_22,wlt_c_20260917-pilot6_calibration-retail-transfer-low-4w-40tps-r5_retail-transfer-low_w1_47,1000,transfer_20260917-pilot6_calibration-retail-transfer-low-4w-40tps-r5_retail-transfer-low_w1_r1_257],  with error: Error: Failed to submit trasaction with status code: 11
2026.09.17-14:51:41.677[31m error[39m [caliper] [connectors/peer-gateway/PeerGateway] 	Failed to perform submit transaction [Transfer] using arguments [wlt_c_20260917-pilot6_calibration-retail-transfer-low-4w-40tps-r5_retail-transfer-low_w1_21,wlt_c_20260917-pilot6_calibration-retail-transfer-low-4w-40tps-r5_retail-transfer-low_w1_46,1000,transfer_20260917-pilot6_calibration-retail-transfer-low-4w-40tps-r5_retail-transfer-low_w1_r1_256],  with error: Error: Failed to submit trasaction with status code: 11
2026.09.17-14:51:41.677[31m error[39m [caliper] [connectors/peer-gateway/PeerGateway] 	Failed to perform submit transaction [Transfer] using arguments [wlt_c_20260917-pilot6_calibration-retail-transfer-low-4w-40tps-r5_retail-transfer-low_w1_3,wlt_c_20260917-pilot6_calibration-retail-transfer-low-4w-40tps-r5_retail-transfer-low_w1_28,1000,transfer_20260917-pilot6_calibration-retail-transfer-low-4w-40tps-r5_retail-transfer-low_w1_r1_262],  with error: Error: Failed to submit trasaction with status code: 11
2026.09.17-14:51:41.678[31m error[39m [caliper] [connectors/peer-gateway/PeerGateway] 	Failed to perform submit transaction [Transfer] using arguments [wlt_c_20260917-pilot6_calibration-retail-transfer-low-4w-40tps-r5_retail-transfer-low_w1_1,wlt_c_20260917-pilot6_calibration-retail-transfer-low-4w-40tps-r5_retail-transfer-low_w1_26,1000,transfer_20260917-pilot6_calibration-retail-transfer-low-4w-40tps-r5_retail-transfer-low_w1_r1_260],  with error: Error: Failed to submit trasaction with status code: 11
2026.09.17-14:51:41.680[31m error[39m [caliper] [connectors/peer-gateway/PeerGateway] 	Failed to perform submit transaction [Transfer] using arguments [wlt_c_20260917-pilot6_calibration-retail-transfer-low-4w-40tps-r5_retail-transfer-low_w3_2,wlt_c_20260917-pilot6_calibration-retail-transfer-low-4w-40tps-r5_retail-transfer-low_w3_27,1000,transfer_20260917-pilot6_calibration-retail-transfer-low-4w-40tps-r5_retail-transfer-low_w3_r1_261],  with error: Error: Failed to submit trasaction with status code: 11
2026.09.17-14:51:41.682[31m error[39m [caliper] [connectors/peer-gateway/PeerGateway] 	Failed to perform submit transaction [Transfer] using arguments [wlt_c_20260917-pilot6_calibration-retail-transfer-low-4w-40tps-r5_retail-transfer-low_w3_1,wlt_c_20260917-pilot6_calibration-retail-transfer-low-4w-40tps-r5_retail-transfer-low_w3_26,1000,transfer_20260917-pilot6_calibration-retail-transfer-low-4w-40tps-r5_retail-transfer-low_w3_r1_260],  with error: Error: Failed to submit trasaction with status code: 11
2026.09.17-14:51:41.683[31m error[39m [caliper] [connectors/peer-gateway/PeerGateway] 	Failed to perform submit transaction [Transfer] using arguments [wlt_c_20260917-pilot6_calibration-retail-transfer-low-4w-40tps-r5_retail-transfer-low_w3_3,wlt_c_20260917-pilot6_calibration-retail-transfer-low-4w-40tps-r5_retail-transfer-low_w3_28,1000,transfer_20260917-pilot6_calibration-retail-transfer-low-4w-40tps-r5_retail-transfer-low_w3_r1_262],  with error: Error: Failed to submit trasaction with status code: 11
2026.09.17-14:51:41.789[31m error[39m [caliper] [connectors/peer-gateway/PeerGateway] 	Failed to perform submit transaction [Transfer] using arguments [wlt_c_20260917-pilot6_calibration-retail-transfer-low-4w-40tps-r5_retail-transfer-low_w1_4,wlt_c_20260917-pilot6_calibration-retail-transfer-low-4w-40tps-r5_retail-transfer-low_w1_29,1000,transfer_20260917-pilot6_calibration-retail-transfer-low-4w-40tps-r5_retail-transfer-low_w1_r1_263],  with error: Error: Failed to submit trasaction with status code: 11
2026.09.17-14:51:41.796[31m error[39m [caliper] [connectors/peer-gateway/PeerGateway] 	Failed to perform submit transaction [Transfer] using arguments [wlt_c_20260917-pilot6_calibration-retail-transfer-low-4w-40tps-r5_retail-transfer-low_w1_6,wlt_c_20260917-pilot6_calibration-retail-transfer-low-4w-40tps-r5_retail-transfer-low_w1_31,1000,transfer_20260917-pilot6_calibration-retail-transfer-low-4w-40tps-r5_retail-transfer-low_w1_r1_264],  with error: Error: Failed to submit trasaction with status code: 11
2026.09.17-14:51:41.818[31m error[39m [caliper] [connectors/peer-gateway/PeerGateway] 	Failed to perform submit transaction [Transfer] using arguments [wlt_c_20260917-pilot6_calibration-retail-transfer-low-4w-40tps-r5_retail-transfer-low_w2_3,wlt_c_20260917-pilot6_calibration-retail-transfer-low-4w-40tps-r5_retail-transfer-low_w2_28,1000,transfer_20260917-pilot6_calibration-retail-transfer-low-4w-40tps-r5_retail-transfer-low_w2_r1_262],  with error: Error: Failed to submit trasaction with status code: 11
2026.09.17-14:51:41.821[31m error[39m [caliper] [connectors/peer-gateway/PeerGateway] 	Failed to perform submit transaction [Transfer] using arguments [wlt_c_20260917-pilot6_calibration-retail-transfer-low-4w-40tps-r5_retail-transfer-low_w2_2,wlt_c_20260917-pilot6_calibration-retail-transfer-low-4w-40tps-r5_retail-transfer-low_w2_27,1000,transfer_20260917-pilot6_calibration-retail-transfer-low-4w-40tps-r5_retail-transfer-low_w2_r1_261],  with error: Error: Failed to submit trasaction with status code: 11
2026.09.17-14:51:41.823[31m error[39m [caliper] [connectors/peer-gateway/PeerGateway] 	Failed to perform submit transaction [Transfer] using arguments [wlt_c_20260917-pilot6_calibration-retail-transfer-low-4w-40tps-r5_retail-transfer-low_w2_4,wlt_c_20260917-pilot6_calibration-retail-transfer-low-4w-40tps-r5_retail-transfer-low_w2_29,1000,transfer_20260917-pilot6_calibration-retail-transfer-low-4w-40tps-r5_retail-transfer-low_w2_r1_263],  with error: Error: Failed to submit trasaction with status code: 11
2026.09.17-14:51:41.850[31m error[39m [caliper] [connectors/peer-gateway/PeerGateway] 	Failed to perform submit transaction [Transfer] using arguments [wlt_c_20260917-pilot6_calibration-retail-transfer-low-4w-40tps-r5_retail-transfer-low_w3_4,wlt_c_20260917-pilot6_calibration-retail-transfer-low-4w-40tps-r5_retail-transfer-low_w3_29,1000,transfer_20260917-pilot6_calibration-retail-transfer-low-4w-40tps-r5_retail-transfer-low_w3_r1_263],  with error: Error: Failed to submit trasaction with status code: 11
2026.09.17-14:51:41.851[31m error[39m [caliper] [connectors/peer-gateway/PeerGateway] 	Failed to perform submit transaction [Transfer] using arguments [wlt_c_20260917-pilot6_calibration-retail-transfer-low-4w-40tps-r5_retail-transfer-low_w3_6,wlt_c_20260917-pilot6_calibration-retail-transfer-low-4w-40tps-r5_retail-transfer-low_w3_31,1000,transfer_20260917-pilot6_calibration-retail-transfer-low-4w-40tps-r5_retail-transfer-low_w3_r1_264],  with error: Error: Failed to submit trasaction with status code: 11
2026.09.17-14:51:41.869[31m error[39m [caliper] [connectors/peer-gateway/PeerGateway] 	Failed to perform submit transaction [Transfer] using arguments [wlt_c_20260917-pilot6_calibration-retail-transfer-low-4w-40tps-r5_retail-transfer-low_w2_6,wlt_c_20260917-pilot6_calibration-retail-transfer-low-4w-40tps-r5_retail-transfer-low_w2_31,1000,transfer_20260917-pilot6_calibration-retail-transfer-low-4w-40tps-r5_retail-transfer-low_w2_r1_264],  with error: Error: Failed to submit trasaction with status code: 11
2026.09.17-14:51:41.887[31m error[39m [caliper] [connectors/peer-gateway/PeerGateway] 	Failed to perform submit transaction [Transfer] using arguments [wlt_c_20260917-pilot6_calibration-retail-transfer-low-4w-40tps-r5_retail-transfer-low_w3_8,wlt_c_20260917-pilot6_calibration-retail-transfer-low-4w-40tps-r5_retail-transfer-low_w3_33,1000,transfer_20260917-pilot6_calibration-retail-transfer-low-4w-40tps-r5_retail-transfer-low_w3_r1_266],  with error: Error: Failed to submit trasaction with status code: 11
2026.09.17-14:51:41.892[31m error[39m [caliper] [connectors/peer-gateway/PeerGateway] 	Failed to perform submit transaction [Transfer] using arguments [wlt_c_20260917-pilot6_calibration-retail-transfer-low-4w-40tps-r5_retail-transfer-low_w0_6,wlt_c_20260917-pilot6_calibration-retail-transfer-low-4w-40tps-r5_retail-transfer-low_w0_31,1000,transfer_20260917-pilot6_calibration-retail-transfer-low-4w-40tps-r5_retail-transfer-low_w0_r1_264],  with error: Error: Failed to submit trasaction with status code: 11
2026.09.17-14:51:41.892[31m error[39m [caliper] [connectors/peer-gateway/PeerGateway] 	Failed to perform submit transaction [Transfer] using arguments [wlt_c_20260917-pilot6_calibration-retail-transfer-low-4w-40tps-r5_retail-transfer-low_w3_7,wlt_c_20260917-pilot6_calibration-retail-transfer-low-4w-40tps-r5_retail-transfer-low_w3_32,1000,transfer_20260917-pilot6_calibration-retail-transfer-low-4w-40tps-r5_retail-transfer-low_w3_r1_265],  with error: Error: Failed to submit trasaction with status code: 11
2026.09.17-14:51:41.892[31m error[39m [caliper] [connectors/peer-gateway/PeerGateway] 	Failed to perform submit transaction [Transfer] using arguments [wlt_c_20260917-pilot6_calibration-retail-transfer-low-4w-40tps-r5_retail-transfer-low_w0_4,wlt_c_20260917-pilot6_calibration-retail-transfer-low-4w-40tps-r5_retail-transfer-low_w0_29,1000,transfer_20260917-pilot6_calibration-retail-transfer-low-4w-40tps-r5_retail-transfer-low_w0_r1_263],  with error: Error: Failed to submit trasaction with status code: 11
2026.09.17-14:51:41.893[31m error[39m [caliper] [connectors/peer-gateway/PeerGateway] 	Failed to perform submit transaction [Transfer] using arguments [wlt_c_20260917-pilot6_calibration-retail-transfer-low-4w-40tps-r5_retail-transfer-low_w3_9,wlt_c_20260917-pilot6_calibration-retail-transfer-low-4w-40tps-r5_retail-transfer-low_w3_34,1000,transfer_20260917-pilot6_calibration-retail-transfer-low-4w-40tps-r5_retail-transfer-low_w3_r1_267],  with error: Error: Failed to submit trasaction with status code: 11
2026.09.17-14:51:41.918[31m error[39m [caliper] [connectors/peer-gateway/PeerGateway] 	Failed to perform submit transaction [Transfer] using arguments [wlt_c_20260917-pilot6_calibration-retail-transfer-low-4w-40tps-r5_retail-transfer-low_w1_7,wlt_c_20260917-pilot6_calibration-retail-transfer-low-4w-40tps-r5_retail-transfer-low_w1_32,1000,transfer_20260917-pilot6_calibration-retail-transfer-low-4w-40tps-r5_retail-transfer-low_w1_r1_265],  with error: Error: Failed to submit trasaction with status code: 11
2026.09.17-14:51:41.932[31m error[39m [caliper] [connectors/peer-gateway/PeerGateway] 	Failed to perform submit transaction [Transfer] using arguments [wlt_c_20260917-pilot6_calibration-retail-transfer-low-4w-40tps-r5_retail-transfer-low_w1_8,wlt_c_20260917-pilot6_calibration-retail-transfer-low-4w-40tps-r5_retail-transfer-low_w1_33,1000,transfer_20260917-pilot6_calibration-retail-transfer-low-4w-40tps-r5_retail-transfer-low_w1_r1_266],  with error: Error: Failed to submit trasaction with status code: 11
2026.09.17-14:51:41.937[31m error[39m [caliper] [connectors/peer-gateway/PeerGateway] 	Failed to perform submit transaction [Transfer] using arguments [wlt_c_20260917-pilot6_calibration-retail-transfer-low-4w-40tps-r5_retail-transfer-low_w2_7,wlt_c_20260917-pilot6_calibration-retail-transfer-low-4w-40tps-r5_retail-transfer-low_w2_32,1000,transfer_20260917-pilot6_calibration-retail-transfer-low-4w-40tps-r5_retail-transfer-low_w2_r1_265],  with error: Error: Failed to submit trasaction with status code: 11
2026.09.17-14:51:41.938[31m error[39m [caliper] [connectors/peer-gateway/PeerGateway] 	Failed to perform submit transaction [Transfer] using arguments [wlt_c_20260917-pilot6_calibration-retail-transfer-low-4w-40tps-r5_retail-transfer-low_w2_8,wlt_c_20260917-pilot6_calibration-retail-transfer-low-4w-40tps-r5_retail-transfer-low_w2_33,1000,transfer_20260917-pilot6_calibration-retail-transfer-low-4w-40tps-r5_retail-transfer-low_w2_r1_266],  with error: Error: Failed to submit trasaction with status code: 11
2026.09.17-14:51:42.047[31m error[39m [caliper] [connectors/peer-gateway/PeerGateway] 	Failed to perform submit transaction [Transfer] using arguments [wlt_c_20260917-pilot6_calibration-retail-transfer-low-4w-40tps-r5_retail-transfer-low_w0_7,wlt_c_20260917-pilot6_calibration-retail-transfer-low-4w-40tps-r5_retail-transfer-low_w0_32,1000,transfer_20260917-pilot6_calibration-retail-transfer-low-4w-40tps-r5_retail-transfer-low_w0_r1_265],  with error: Error: Failed to submit trasaction with status code: 11
2026.09.17-14:51:42.048[31m error[39m [caliper] [connectors/peer-gateway/PeerGateway] 	Failed to perform submit transaction [Transfer] using arguments [wlt_c_20260917-pilot6_calibration-retail-transfer-low-4w-40tps-r5_retail-transfer-low_w0_8,wlt_c_20260917-pilot6_calibration-retail-transfer-low-4w-40tps-r5_retail-transfer-low_w0_33,1000,transfer_20260917-pilot6_calibration-retail-transfer-low-4w-40tps-r5_retail-transfer-low_w0_r1_266],  with error: Error: Failed to submit trasaction with status code: 11
2026.09.17-14:51:42.067[31m error[39m [caliper] [connectors/peer-gateway/PeerGateway] 	Failed to perform submit transaction [Transfer] using arguments [wlt_c_20260917-pilot6_calibration-retail-transfer-low-4w-40tps-r5_retail-transfer-low_w0_9,wlt_c_20260917-pilot6_calibration-retail-transfer-low-4w-40tps-r5_retail-transfer-low_w0_34,1000,transfer_20260917-pilot6_calibration-retail-transfer-low-4w-40tps-r5_retail-transfer-low_w0_r1_267],  with error: Error: Failed to submit trasaction with status code: 11
2026.09.17-14:51:42.083[31m error[39m [caliper] [connectors/peer-gateway/PeerGateway] 	Failed to perform submit transaction [Transfer] using arguments [wlt_c_20260917-pilot6_calibration-retail-transfer-low-4w-40tps-r5_retail-transfer-low_w0_13,wlt_c_20260917-pilot6_calibration-retail-transfer-low-4w-40tps-r5_retail-transfer-low_w0_38,1000,transfer_20260917-pilot6_calibration-retail-transfer-low-4w-40tps-r5_retail-transfer-low_w0_r1_270],  with error: Error: Failed to submit trasaction with status code: 11
2026.09.17-14:51:42.120[31m error[39m [caliper] [connectors/peer-gateway/PeerGateway] 	Failed to perform submit transaction [Transfer] using arguments [wlt_c_20260917-pilot6_calibration-retail-transfer-low-4w-40tps-r5_retail-transfer-low_w1_9,wlt_c_20260917-pilot6_calibration-retail-transfer-low-4w-40tps-r5_retail-transfer-low_w1_34,1000,transfer_20260917-pilot6_calibration-retail-transfer-low-4w-40tps-r5_retail-transfer-low_w1_r1_267],  with error: Error: Failed to submit trasaction with status code: 11
2026.09.17-14:51:42.127[31m error[39m [caliper] [connectors/peer-gateway/PeerGateway] 	Failed to perform submit transaction [Transfer] using arguments [wlt_c_20260917-pilot6_calibration-retail-transfer-low-4w-40tps-r5_retail-transfer-low_w1_13,wlt_c_20260917-pilot6_calibration-retail-transfer-low-4w-40tps-r5_retail-transfer-low_w1_38,1000,transfer_20260917-pilot6_calibration-retail-transfer-low-4w-40tps-r5_retail-transfer-low_w1_r1_270],  with error: Error: Failed to submit trasaction with status code: 11
2026.09.17-14:51:42.138[31m error[39m [caliper] [connectors/peer-gateway/PeerGateway] 	Failed to perform submit transaction [Transfer] using arguments [wlt_c_20260917-pilot6_calibration-retail-transfer-low-4w-40tps-r5_retail-transfer-low_w1_12,wlt_c_20260917-pilot6_calibration-retail-transfer-low-4w-40tps-r5_retail-transfer-low_w1_37,1000,transfer_20260917-pilot6_calibration-retail-transfer-low-4w-40tps-r5_retail-transfer-low_w1_r1_269],  with error: Error: Failed to submit trasaction with status code: 11
2026.09.17-14:51:42.141[31m error[39m [caliper] [connectors/peer-gateway/PeerGateway] 	Failed to perform submit transaction [Transfer] using arguments [wlt_c_20260917-pilot6_calibration-retail-transfer-low-4w-40tps-r5_retail-transfer-low_w2_9,wlt_c_20260917-pilot6_calibration-retail-transfer-low-4w-40tps-r5_retail-transfer-low_w2_34,1000,transfer_20260917-pilot6_calibration-retail-transfer-low-4w-40tps-r5_retail-transfer-low_w2_r1_267],  with error: Error: Failed to submit trasaction with status code: 11
2026.09.17-14:51:42.141[31m error[39m [caliper] [connectors/peer-gateway/PeerGateway] 	Failed to perform submit transaction [Transfer] using arguments [wlt_c_20260917-pilot6_calibration-retail-transfer-low-4w-40tps-r5_retail-transfer-low_w1_11,wlt_c_20260917-pilot6_calibration-retail-transfer-low-4w-40tps-r5_retail-transfer-low_w1_36,1000,transfer_20260917-pilot6_calibration-retail-transfer-low-4w-40tps-r5_retail-transfer-low_w1_r1_268],  with error: Error: Failed to submit trasaction with status code: 11
2026.09.17-14:51:42.141[31m error[39m [caliper] [connectors/peer-gateway/PeerGateway] 	Failed to perform submit transaction [Transfer] using arguments [wlt_c_20260917-pilot6_calibration-retail-transfer-low-4w-40tps-r5_retail-transfer-low_w2_12,wlt_c_20260917-pilot6_calibration-retail-transfer-low-4w-40tps-r5_retail-transfer-low_w2_37,1000,transfer_20260917-pilot6_calibration-retail-transfer-low-4w-40tps-r5_retail-transfer-low_w2_r1_269],  with error: Error: Failed to submit trasaction with status code: 11
2026.09.17-14:51:42.143[31m error[39m [caliper] [connectors/peer-gateway/PeerGateway] 	Failed to perform submit transaction [Transfer] using arguments [wlt_c_20260917-pilot6_calibration-retail-transfer-low-4w-40tps-r5_retail-transfer-low_w3_13,wlt_c_20260917-pilot6_calibration-retail-transfer-low-4w-40tps-r5_retail-transfer-low_w3_38,1000,transfer_20260917-pilot6_calibration-retail-transfer-low-4w-40tps-r5_retail-transfer-low_w3_r1_270],  with error: Error: Failed to submit trasaction with status code: 11
2026.09.17-14:51:42.147[31m error[39m [caliper] [connectors/peer-gateway/PeerGateway] 	Failed to perform submit transaction [Transfer] using arguments [wlt_c_20260917-pilot6_calibration-retail-transfer-low-4w-40tps-r5_retail-transfer-low_w3_12,wlt_c_20260917-pilot6_calibration-retail-transfer-low-4w-40tps-r5_retail-transfer-low_w3_37,1000,transfer_20260917-pilot6_calibration-retail-transfer-low-4w-40tps-r5_retail-transfer-low_w3_r1_269],  with error: Error: Failed to submit trasaction with status code: 11
2026.09.17-14:51:42.315[31m error[39m [caliper] [connectors/peer-gateway/PeerGateway] 	Failed to perform submit transaction [Transfer] using arguments [wlt_c_20260917-pilot6_calibration-retail-transfer-low-4w-40tps-r5_retail-transfer-low_w0_11,wlt_c_20260917-pilot6_calibration-retail-transfer-low-4w-40tps-r5_retail-transfer-low_w0_36,1000,transfer_20260917-pilot6_calibration-retail-transfer-low-4w-40tps-r5_retail-transfer-low_w0_r1_268],  with error: Error: Failed to submit trasaction with status code: 11
2026.09.17-14:51:42.316[31m error[39m [caliper] [connectors/peer-gateway/PeerGateway] 	Failed to perform submit transaction [Transfer] using arguments [wlt_c_20260917-pilot6_calibration-retail-transfer-low-4w-40tps-r5_retail-transfer-low_w0_12,wlt_c_20260917-pilot6_calibration-retail-transfer-low-4w-40tps-r5_retail-transfer-low_w0_37,1000,transfer_20260917-pilot6_calibration-retail-transfer-low-4w-40tps-r5_retail-transfer-low_w0_r1_269],  with error: Error: Failed to submit trasaction with status code: 11
2026.09.17-14:51:42.316[31m error[39m [caliper] [connectors/peer-gateway/PeerGateway] 	Failed to perform submit transaction [Transfer] using arguments [wlt_c_20260917-pilot6_calibration-retail-transfer-low-4w-40tps-r5_retail-transfer-low_w0_18,wlt_c_20260917-pilot6_calibration-retail-transfer-low-4w-40tps-r5_retail-transfer-low_w0_43,1000,transfer_20260917-pilot6_calibration-retail-transfer-low-4w-40tps-r5_retail-transfer-low_w0_r1_274],  with error: Error: Failed to submit trasaction with status code: 11
2026.09.17-14:51:42.317[31m error[39m [caliper] [connectors/peer-gateway/PeerGateway] 	Failed to perform submit transaction [Transfer] using arguments [wlt_c_20260917-pilot6_calibration-retail-transfer-low-4w-40tps-r5_retail-transfer-low_w0_19,wlt_c_20260917-pilot6_calibration-retail-transfer-low-4w-40tps-r5_retail-transfer-low_w0_44,1000,transfer_20260917-pilot6_calibration-retail-transfer-low-4w-40tps-r5_retail-transfer-low_w0_r1_275],  with error: Error: Failed to submit trasaction with status code: 11
2026.09.17-14:51:42.321[31m error[39m [caliper] [connectors/peer-gateway/PeerGateway] 	Failed to perform submit transaction [Transfer] using arguments [wlt_c_20260917-pilot6_calibration-retail-transfer-low-4w-40tps-r5_retail-transfer-low_w3_14,wlt_c_20260917-pilot6_calibration-retail-transfer-low-4w-40tps-r5_retail-transfer-low_w3_39,1000,transfer_20260917-pilot6_calibration-retail-transfer-low-4w-40tps-r5_retail-transfer-low_w3_r1_271],  with error: Error: Failed to submit trasaction with status code: 11
2026.09.17-14:51:42.338[31m error[39m [caliper] [connectors/peer-gateway/PeerGateway] 	Failed to perform submit transaction [Transfer] using arguments [wlt_c_20260917-pilot6_calibration-retail-transfer-low-4w-40tps-r5_retail-transfer-low_w2_13,wlt_c_20260917-pilot6_calibration-retail-transfer-low-4w-40tps-r5_retail-transfer-low_w2_38,1000,transfer_20260917-pilot6_calibration-retail-transfer-low-4w-40tps-r5_retail-transfer-low_w2_r1_270],  with error: Error: Failed to submit trasaction with status code: 11
2026.09.17-14:51:42.344[31m error[39m [caliper] [connectors/peer-gateway/PeerGateway] 	Failed to perform submit transaction [Transfer] using arguments [wlt_c_20260917-pilot6_calibration-retail-transfer-low-4w-40tps-r5_retail-transfer-low_w2_11,wlt_c_20260917-pilot6_calibration-retail-transfer-low-4w-40tps-r5_retail-transfer-low_w2_36,1000,transfer_20260917-pilot6_calibration-retail-transfer-low-4w-40tps-r5_retail-transfer-low_w2_r1_268],  with error: Error: Failed to submit trasaction with status code: 11
2026.09.17-14:51:42.345[31m error[39m [caliper] [connectors/peer-gateway/PeerGateway] 	Failed to perform submit transaction [Transfer] using arguments [wlt_c_20260917-pilot6_calibration-retail-transfer-low-4w-40tps-r5_retail-transfer-low_w2_14,wlt_c_20260917-pilot6_calibration-retail-transfer-low-4w-40tps-r5_retail-transfer-low_w2_39,1000,transfer_20260917-pilot6_calibration-retail-transfer-low-4w-40tps-r5_retail-transfer-low_w2_r1_271],  with error: Error: Failed to submit trasaction with status code: 11
2026.09.17-14:51:42.541[31m error[39m [caliper] [connectors/peer-gateway/PeerGateway] 	Failed to perform submit transaction [Transfer] using arguments [wlt_c_20260917-pilot6_calibration-retail-transfer-low-4w-40tps-r5_retail-transfer-low_w0_16,wlt_c_20260917-pilot6_calibration-retail-transfer-low-4w-40tps-r5_retail-transfer-low_w0_41,1000,transfer_20260917-pilot6_calibration-retail-transfer-low-4w-40tps-r5_retail-transfer-low_w0_r1_272],  with error: Error: Failed to submit trasaction with status code: 11
2026.09.17-14:51:42.548[31m error[39m [caliper] [connectors/peer-gateway/PeerGateway] 	Failed to perform submit transaction [Transfer] using arguments [wlt_c_20260917-pilot6_calibration-retail-transfer-low-4w-40tps-r5_retail-transfer-low_w0_17,wlt_c_20260917-pilot6_calibration-retail-transfer-low-4w-40tps-r5_retail-transfer-low_w0_42,1000,transfer_20260917-pilot6_calibration-retail-transfer-low-4w-40tps-r5_retail-transfer-low_w0_r1_273],  with error: Error: Failed to submit trasaction with status code: 11
2026.09.17-14:51:42.576[31m error[39m [caliper] [connectors/peer-gateway/PeerGateway] 	Failed to perform submit transaction [Transfer] using arguments [wlt_c_20260917-pilot6_calibration-retail-transfer-low-4w-40tps-r5_retail-transfer-low_w3_16,wlt_c_20260917-pilot6_calibration-retail-transfer-low-4w-40tps-r5_retail-transfer-low_w3_41,1000,transfer_20260917-pilot6_calibration-retail-transfer-low-4w-40tps-r5_retail-transfer-low_w3_r1_272],  with error: Error: Failed to submit trasaction with status code: 11
2026.09.17-14:51:42.592[31m error[39m [caliper] [connectors/peer-gateway/PeerGateway] 	Failed to perform submit transaction [Transfer] using arguments [wlt_c_20260917-pilot6_calibration-retail-transfer-low-4w-40tps-r5_retail-transfer-low_w1_18,wlt_c_20260917-pilot6_calibration-retail-transfer-low-4w-40tps-r5_retail-transfer-low_w1_43,1000,transfer_20260917-pilot6_calibration-retail-transfer-low-4w-40tps-r5_retail-transfer-low_w1_r1_274],  with error: Error: Failed to submit trasaction with status code: 11
2026.09.17-14:51:42.604[31m error[39m [caliper] [connectors/peer-gateway/PeerGateway] 	Failed to perform submit transaction [Transfer] using arguments [wlt_c_20260917-pilot6_calibration-retail-transfer-low-4w-40tps-r5_retail-transfer-low_w2_18,wlt_c_20260917-pilot6_calibration-retail-transfer-low-4w-40tps-r5_retail-transfer-low_w2_43,1000,transfer_20260917-pilot6_calibration-retail-transfer-low-4w-40tps-r5_retail-transfer-low_w2_r1_274],  with error: Error: Failed to submit trasaction with status code: 11
2026.09.17-14:51:42.609[31m error[39m [caliper] [connectors/peer-gateway/PeerGateway] 	Failed to perform submit transaction [Transfer] using arguments [wlt_c_20260917-pilot6_calibration-retail-transfer-low-4w-40tps-r5_retail-transfer-low_w1_19,wlt_c_20260917-pilot6_calibration-retail-transfer-low-4w-40tps-r5_retail-transfer-low_w1_44,1000,transfer_20260917-pilot6_calibration-retail-transfer-low-4w-40tps-r5_retail-transfer-low_w1_r1_275],  with error: Error: Failed to submit trasaction with status code: 11
2026.09.17-14:51:42.609[31m error[39m [caliper] [connectors/peer-gateway/PeerGateway] 	Failed to perform submit transaction [Transfer] using arguments [wlt_c_20260917-pilot6_calibration-retail-transfer-low-4w-40tps-r5_retail-transfer-low_w1_21,wlt_c_20260917-pilot6_calibration-retail-transfer-low-4w-40tps-r5_retail-transfer-low_w1_46,1000,transfer_20260917-pilot6_calibration-retail-transfer-low-4w-40tps-r5_retail-transfer-low_w1_r1_276],  with error: Error: Failed to submit trasaction with status code: 11
2026.09.17-14:51:42.787[31m error[39m [caliper] [connectors/peer-gateway/PeerGateway] 	Failed to perform submit transaction [Transfer] using arguments [wlt_c_20260917-pilot6_calibration-retail-transfer-low-4w-40tps-r5_retail-transfer-low_w3_21,wlt_c_20260917-pilot6_calibration-retail-transfer-low-4w-40tps-r5_retail-transfer-low_w3_46,1000,transfer_20260917-pilot6_calibration-retail-transfer-low-4w-40tps-r5_retail-transfer-low_w3_r1_276],  with error: Error: Failed to submit trasaction with status code: 11
2026.09.17-14:51:42.788[31m error[39m [caliper] [connectors/peer-gateway/PeerGateway] 	Failed to perform submit transaction [Transfer] using arguments [wlt_c_20260917-pilot6_calibration-retail-transfer-low-4w-40tps-r5_retail-transfer-low_w1_22,wlt_c_20260917-pilot6_calibration-retail-transfer-low-4w-40tps-r5_retail-transfer-low_w1_47,1000,transfer_20260917-pilot6_calibration-retail-transfer-low-4w-40tps-r5_retail-transfer-low_w1_r1_277],  with error: Error: Failed to submit trasaction with status code: 11
2026.09.17-14:51:42.789[31m error[39m [caliper] [connectors/peer-gateway/PeerGateway] 	Failed to perform submit transaction [Transfer] using arguments [wlt_c_20260917-pilot6_calibration-retail-transfer-low-4w-40tps-r5_retail-transfer-low_w0_14,wlt_c_20260917-pilot6_calibration-retail-transfer-low-4w-40tps-r5_retail-transfer-low_w0_39,1000,transfer_20260917-pilot6_calibration-retail-transfer-low-4w-40tps-r5_retail-transfer-low_w0_r1_271],  with error: Error: Failed to submit trasaction with status code: 11
2026.09.17-14:51:42.792[31m error[39m [caliper] [connectors/peer-gateway/PeerGateway] 	Failed to perform submit transaction [Transfer] using arguments [wlt_c_20260917-pilot6_calibration-retail-transfer-low-4w-40tps-r5_retail-transfer-low_w2_19,wlt_c_20260917-pilot6_calibration-retail-transfer-low-4w-40tps-r5_retail-transfer-low_w2_44,1000,transfer_20260917-pilot6_calibration-retail-transfer-low-4w-40tps-r5_retail-transfer-low_w2_r1_275],  with error: Error: Failed to submit trasaction with status code: 11
2026.09.17-14:51:42.793[31m error[39m [caliper] [connectors/peer-gateway/PeerGateway] 	Failed to perform submit transaction [Transfer] using arguments [wlt_c_20260917-pilot6_calibration-retail-transfer-low-4w-40tps-r5_retail-transfer-low_w2_16,wlt_c_20260917-pilot6_calibration-retail-transfer-low-4w-40tps-r5_retail-transfer-low_w2_41,1000,transfer_20260917-pilot6_calibration-retail-transfer-low-4w-40tps-r5_retail-transfer-low_w2_r1_272],  with error: Error: Failed to submit trasaction with status code: 11
2026.09.17-14:51:42.800[31m error[39m [caliper] [connectors/peer-gateway/PeerGateway] 	Failed to perform submit transaction [Transfer] using arguments [wlt_c_20260917-pilot6_calibration-retail-transfer-low-4w-40tps-r5_retail-transfer-low_w3_19,wlt_c_20260917-pilot6_calibration-retail-transfer-low-4w-40tps-r5_retail-transfer-low_w3_44,1000,transfer_20260917-pilot6_calibration-retail-transfer-low-4w-40tps-r5_retail-transfer-low_w3_r1_275],  with error: Error: Failed to submit trasaction with status code: 11
2026.09.17-14:51:43.096[31m error[39m [caliper] [connectors/peer-gateway/PeerGateway] 	Failed to perform submit transaction [Transfer] using arguments [wlt_c_20260917-pilot6_calibration-retail-transfer-low-4w-40tps-r5_retail-transfer-low_w2_2,wlt_c_20260917-pilot6_calibration-retail-transfer-low-4w-40tps-r5_retail-transfer-low_w2_27,1000,transfer_20260917-pilot6_calibration-retail-transfer-low-4w-40tps-r5_retail-transfer-low_w2_r1_281],  with error: Error: Failed to submit trasaction with status code: 11
2026.09.17-14:51:43.096[31m error[39m [caliper] [connectors/peer-gateway/PeerGateway] 	Failed to perform submit transaction [Transfer] using arguments [wlt_c_20260917-pilot6_calibration-retail-transfer-low-4w-40tps-r5_retail-transfer-low_w0_21,wlt_c_20260917-pilot6_calibration-retail-transfer-low-4w-40tps-r5_retail-transfer-low_w0_46,1000,transfer_20260917-pilot6_calibration-retail-transfer-low-4w-40tps-r5_retail-transfer-low_w0_r1_276],  with error: Error: Failed to submit trasaction with status code: 11
2026.09.17-14:51:43.101[31m error[39m [caliper] [connectors/peer-gateway/PeerGateway] 	Failed to perform submit transaction [Transfer] using arguments [wlt_c_20260917-pilot6_calibration-retail-transfer-low-4w-40tps-r5_retail-transfer-low_w2_3,wlt_c_20260917-pilot6_calibration-retail-transfer-low-4w-40tps-r5_retail-transfer-low_w2_28,1000,transfer_20260917-pilot6_calibration-retail-transfer-low-4w-40tps-r5_retail-transfer-low_w2_r1_282],  with error: Error: Failed to submit trasaction with status code: 11
2026.09.17-14:51:43.092[31m error[39m [caliper] [connectors/peer-gateway/PeerGateway] 	Failed to perform submit transaction [Transfer] using arguments [wlt_c_20260917-pilot6_calibration-retail-transfer-low-4w-40tps-r5_retail-transfer-low_w1_2,wlt_c_20260917-pilot6_calibration-retail-transfer-low-4w-40tps-r5_retail-transfer-low_w1_27,1000,transfer_20260917-pilot6_calibration-retail-transfer-low-4w-40tps-r5_retail-transfer-low_w1_r1_281],  with error: Error: Failed to submit trasaction with status code: 11
2026.09.17-14:51:43.438[31m error[39m [caliper] [connectors/peer-gateway/PeerGateway] 	Failed to perform submit transaction [Transfer] using arguments [wlt_c_20260917-pilot6_calibration-retail-transfer-low-4w-40tps-r5_retail-transfer-low_w1_1,wlt_c_20260917-pilot6_calibration-retail-transfer-low-4w-40tps-r5_retail-transfer-low_w1_26,1000,transfer_20260917-pilot6_calibration-retail-transfer-low-4w-40tps-r5_retail-transfer-low_w1_r1_280],  with error: Error: Failed to submit trasaction with status code: 11
2026.09.17-14:51:43.440[31m error[39m [caliper] [connectors/peer-gateway/PeerGateway] 	Failed to perform submit transaction [Transfer] using arguments [wlt_c_20260917-pilot6_calibration-retail-transfer-low-4w-40tps-r5_retail-transfer-low_w2_1,wlt_c_20260917-pilot6_calibration-retail-transfer-low-4w-40tps-r5_retail-transfer-low_w2_26,1000,transfer_20260917-pilot6_calibration-retail-transfer-low-4w-40tps-r5_retail-transfer-low_w2_r1_280],  with error: Error: Failed to submit trasaction with status code: 11
2026.09.17-14:51:43.441[31m error[39m [caliper] [connectors/peer-gateway/PeerGateway] 	Failed to perform submit transaction [Transfer] using arguments [wlt_c_20260917-pilot6_calibration-retail-transfer-low-4w-40tps-r5_retail-transfer-low_w3_1,wlt_c_20260917-pilot6_calibration-retail-transfer-low-4w-40tps-r5_retail-transfer-low_w3_26,1000,transfer_20260917-pilot6_calibration-retail-transfer-low-4w-40tps-r5_retail-transfer-low_w3_r1_280],  with error: Error: Failed to submit trasaction with status code: 11
2026.09.17-14:51:43.444[31m error[39m [caliper] [connectors/peer-gateway/PeerGateway] 	Failed to perform submit transaction [Transfer] using arguments [wlt_c_20260917-pilot6_calibration-retail-transfer-low-4w-40tps-r5_retail-transfer-low_w0_3,wlt_c_20260917-pilot6_calibration-retail-transfer-low-4w-40tps-r5_retail-transfer-low_w0_28,1000,transfer_20260917-pilot6_calibration-retail-transfer-low-4w-40tps-r5_retail-transfer-low_w0_r1_282],  with error: Error: Failed to submit trasaction with status code: 11
2026.09.17-14:51:43.801[32m info [39m [caliper] [default-observer] 	[retail-transfer-low-40tps Round 1 Transaction Info] - Submitted: 1515 Succ: 475 Fail:655 Unfinished:385
2026.09.17-14:51:43.998[31m error[39m [caliper] [connectors/peer-gateway/PeerGateway] 	Failed to perform submit transaction [Transfer] using arguments [wlt_c_20260917-pilot6_calibration-retail-transfer-low-4w-40tps-r5_retail-transfer-low_w1_4,wlt_c_20260917-pilot6_calibration-retail-transfer-low-4w-40tps-r5_retail-transfer-low_w1_29,1000,transfer_20260917-pilot6_calibration-retail-transfer-low-4w-40tps-r5_retail-transfer-low_w1_r1_283],  with error: Error: Failed to submit trasaction with status code: 11
2026.09.17-14:51:44.016[31m error[39m [caliper] [connectors/peer-gateway/PeerGateway] 	Failed to perform submit transaction [Transfer] using arguments [wlt_c_20260917-pilot6_calibration-retail-transfer-low-4w-40tps-r5_retail-transfer-low_w0_4,wlt_c_20260917-pilot6_calibration-retail-transfer-low-4w-40tps-r5_retail-transfer-low_w0_29,1000,transfer_20260917-pilot6_calibration-retail-transfer-low-4w-40tps-r5_retail-transfer-low_w0_r1_283],  with error: Error: Failed to submit trasaction with status code: 11
2026.09.17-14:51:44.016[31m error[39m [caliper] [connectors/peer-gateway/PeerGateway] 	Failed to perform submit transaction [Transfer] using arguments [wlt_c_20260917-pilot6_calibration-retail-transfer-low-4w-40tps-r5_retail-transfer-low_w0_6,wlt_c_20260917-pilot6_calibration-retail-transfer-low-4w-40tps-r5_retail-transfer-low_w0_31,1000,transfer_20260917-pilot6_calibration-retail-transfer-low-4w-40tps-r5_retail-transfer-low_w0_r1_284],  with error: Error: Failed to submit trasaction with status code: 11
2026.09.17-14:51:44.017[31m error[39m [caliper] [connectors/peer-gateway/PeerGateway] 	Failed to perform submit transaction [Transfer] using arguments [wlt_c_20260917-pilot6_calibration-retail-transfer-low-4w-40tps-r5_retail-transfer-low_w0_8,wlt_c_20260917-pilot6_calibration-retail-transfer-low-4w-40tps-r5_retail-transfer-low_w0_33,1000,transfer_20260917-pilot6_calibration-retail-transfer-low-4w-40tps-r5_retail-transfer-low_w0_r1_286],  with error: Error: Failed to submit trasaction with status code: 11
2026.09.17-14:51:44.020[31m error[39m [caliper] [connectors/peer-gateway/PeerGateway] 	Failed to perform submit transaction [Transfer] using arguments [wlt_c_20260917-pilot6_calibration-retail-transfer-low-4w-40tps-r5_retail-transfer-low_w1_3,wlt_c_20260917-pilot6_calibration-retail-transfer-low-4w-40tps-r5_retail-transfer-low_w1_28,1000,transfer_20260917-pilot6_calibration-retail-transfer-low-4w-40tps-r5_retail-transfer-low_w1_r1_282],  with error: Error: Failed to submit trasaction with status code: 11
2026.09.17-14:51:44.020[31m error[39m [caliper] [connectors/peer-gateway/PeerGateway] 	Failed to perform submit transaction [Transfer] using arguments [wlt_c_20260917-pilot6_calibration-retail-transfer-low-4w-40tps-r5_retail-transfer-low_w3_4,wlt_c_20260917-pilot6_calibration-retail-transfer-low-4w-40tps-r5_retail-transfer-low_w3_29,1000,transfer_20260917-pilot6_calibration-retail-transfer-low-4w-40tps-r5_retail-transfer-low_w3_r1_283],  with error: Error: Failed to submit trasaction with status code: 11
2026.09.17-14:51:44.020[31m error[39m [caliper] [connectors/peer-gateway/PeerGateway] 	Failed to perform submit transaction [Transfer] using arguments [wlt_c_20260917-pilot6_calibration-retail-transfer-low-4w-40tps-r5_retail-transfer-low_w1_6,wlt_c_20260917-pilot6_calibration-retail-transfer-low-4w-40tps-r5_retail-transfer-low_w1_31,1000,transfer_20260917-pilot6_calibration-retail-transfer-low-4w-40tps-r5_retail-transfer-low_w1_r1_284],  with error: Error: Failed to submit trasaction with status code: 11
2026.09.17-14:51:44.022[31m error[39m [caliper] [connectors/peer-gateway/PeerGateway] 	Failed to perform submit transaction [Transfer] using arguments [wlt_c_20260917-pilot6_calibration-retail-transfer-low-4w-40tps-r5_retail-transfer-low_w3_7,wlt_c_20260917-pilot6_calibration-retail-transfer-low-4w-40tps-r5_retail-transfer-low_w3_32,1000,transfer_20260917-pilot6_calibration-retail-transfer-low-4w-40tps-r5_retail-transfer-low_w3_r1_285],  with error: Error: Failed to submit trasaction with status code: 11
2026.09.17-14:51:44.022[31m error[39m [caliper] [connectors/peer-gateway/PeerGateway] 	Failed to perform submit transaction [Transfer] using arguments [wlt_c_20260917-pilot6_calibration-retail-transfer-low-4w-40tps-r5_retail-transfer-low_w2_4,wlt_c_20260917-pilot6_calibration-retail-transfer-low-4w-40tps-r5_retail-transfer-low_w2_29,1000,transfer_20260917-pilot6_calibration-retail-transfer-low-4w-40tps-r5_retail-transfer-low_w2_r1_283],  with error: Error: Failed to submit trasaction with status code: 11
2026.09.17-14:51:44.030[31m error[39m [caliper] [connectors/peer-gateway/PeerGateway] 	Failed to perform submit transaction [Transfer] using arguments [wlt_c_20260917-pilot6_calibration-retail-transfer-low-4w-40tps-r5_retail-transfer-low_w2_6,wlt_c_20260917-pilot6_calibration-retail-transfer-low-4w-40tps-r5_retail-transfer-low_w2_31,1000,transfer_20260917-pilot6_calibration-retail-transfer-low-4w-40tps-r5_retail-transfer-low_w2_r1_284],  with error: Error: Failed to submit trasaction with status code: 11
2026.09.17-14:51:44.383[31m error[39m [caliper] [connectors/peer-gateway/PeerGateway] 	Failed to perform submit transaction [Transfer] using arguments [wlt_c_20260917-pilot6_calibration-retail-transfer-low-4w-40tps-r5_retail-transfer-low_w1_9,wlt_c_20260917-pilot6_calibration-retail-transfer-low-4w-40tps-r5_retail-transfer-low_w1_34,1000,transfer_20260917-pilot6_calibration-retail-transfer-low-4w-40tps-r5_retail-transfer-low_w1_r1_287],  with error: Error: Failed to submit trasaction with status code: 11
2026.09.17-14:51:44.384[31m error[39m [caliper] [connectors/peer-gateway/PeerGateway] 	Failed to perform submit transaction [Transfer] using arguments [wlt_c_20260917-pilot6_calibration-retail-transfer-low-4w-40tps-r5_retail-transfer-low_w1_8,wlt_c_20260917-pilot6_calibration-retail-transfer-low-4w-40tps-r5_retail-transfer-low_w1_33,1000,transfer_20260917-pilot6_calibration-retail-transfer-low-4w-40tps-r5_retail-transfer-low_w1_r1_286],  with error: Error: Failed to submit trasaction with status code: 11
2026.09.17-14:51:44.393[31m error[39m [caliper] [connectors/peer-gateway/PeerGateway] 	Failed to perform submit transaction [Transfer] using arguments [wlt_c_20260917-pilot6_calibration-retail-transfer-low-4w-40tps-r5_retail-transfer-low_w0_11,wlt_c_20260917-pilot6_calibration-retail-transfer-low-4w-40tps-r5_retail-transfer-low_w0_36,1000,transfer_20260917-pilot6_calibration-retail-transfer-low-4w-40tps-r5_retail-transfer-low_w0_r1_288],  with error: Error: Failed to submit trasaction with status code: 11
2026.09.17-14:51:44.397[31m error[39m [caliper] [connectors/peer-gateway/PeerGateway] 	Failed to perform submit transaction [Transfer] using arguments [wlt_c_20260917-pilot6_calibration-retail-transfer-low-4w-40tps-r5_retail-transfer-low_w0_9,wlt_c_20260917-pilot6_calibration-retail-transfer-low-4w-40tps-r5_retail-transfer-low_w0_34,1000,transfer_20260917-pilot6_calibration-retail-transfer-low-4w-40tps-r5_retail-transfer-low_w0_r1_287],  with error: Error: Failed to submit trasaction with status code: 11
2026.09.17-14:51:44.402[31m error[39m [caliper] [connectors/peer-gateway/PeerGateway] 	Failed to perform submit transaction [Transfer] using arguments [wlt_c_20260917-pilot6_calibration-retail-transfer-low-4w-40tps-r5_retail-transfer-low_w2_8,wlt_c_20260917-pilot6_calibration-retail-transfer-low-4w-40tps-r5_retail-transfer-low_w2_33,1000,transfer_20260917-pilot6_calibration-retail-transfer-low-4w-40tps-r5_retail-transfer-low_w2_r1_286],  with error: Error: Failed to submit trasaction with status code: 11
2026.09.17-14:51:44.403[31m error[39m [caliper] [connectors/peer-gateway/PeerGateway] 	Failed to perform submit transaction [Transfer] using arguments [wlt_c_20260917-pilot6_calibration-retail-transfer-low-4w-40tps-r5_retail-transfer-low_w2_9,wlt_c_20260917-pilot6_calibration-retail-transfer-low-4w-40tps-r5_retail-transfer-low_w2_34,1000,transfer_20260917-pilot6_calibration-retail-transfer-low-4w-40tps-r5_retail-transfer-low_w2_r1_287],  with error: Error: Failed to submit trasaction with status code: 11
2026.09.17-14:51:44.440[31m error[39m [caliper] [connectors/peer-gateway/PeerGateway] 	Failed to perform submit transaction [Transfer] using arguments [wlt_c_20260917-pilot6_calibration-retail-transfer-low-4w-40tps-r5_retail-transfer-low_w3_8,wlt_c_20260917-pilot6_calibration-retail-transfer-low-4w-40tps-r5_retail-transfer-low_w3_33,1000,transfer_20260917-pilot6_calibration-retail-transfer-low-4w-40tps-r5_retail-transfer-low_w3_r1_286],  with error: Error: Failed to submit trasaction with status code: 11
2026.09.17-14:51:44.442[31m error[39m [caliper] [connectors/peer-gateway/PeerGateway] 	Failed to perform submit transaction [Transfer] using arguments [wlt_c_20260917-pilot6_calibration-retail-transfer-low-4w-40tps-r5_retail-transfer-low_w3_6,wlt_c_20260917-pilot6_calibration-retail-transfer-low-4w-40tps-r5_retail-transfer-low_w3_31,1000,transfer_20260917-pilot6_calibration-retail-transfer-low-4w-40tps-r5_retail-transfer-low_w3_r1_284],  with error: Error: Failed to submit trasaction with status code: 11
2026.09.17-14:51:44.443[31m error[39m [caliper] [connectors/peer-gateway/PeerGateway] 	Failed to perform submit transaction [Transfer] using arguments [wlt_c_20260917-pilot6_calibration-retail-transfer-low-4w-40tps-r5_retail-transfer-low_w3_9,wlt_c_20260917-pilot6_calibration-retail-transfer-low-4w-40tps-r5_retail-transfer-low_w3_34,1000,transfer_20260917-pilot6_calibration-retail-transfer-low-4w-40tps-r5_retail-transfer-low_w3_r1_287],  with error: Error: Failed to submit trasaction with status code: 11
2026.09.17-14:51:44.454[31m error[39m [caliper] [connectors/peer-gateway/PeerGateway] 	Failed to perform submit transaction [Transfer] using arguments [wlt_c_20260917-pilot6_calibration-retail-transfer-low-4w-40tps-r5_retail-transfer-low_w1_11,wlt_c_20260917-pilot6_calibration-retail-transfer-low-4w-40tps-r5_retail-transfer-low_w1_36,1000,transfer_20260917-pilot6_calibration-retail-transfer-low-4w-40tps-r5_retail-transfer-low_w1_r1_288],  with error: Error: Failed to submit trasaction with status code: 11
2026.09.17-14:51:44.453[31m error[39m [caliper] [connectors/peer-gateway/PeerGateway] 	Failed to perform submit transaction [Transfer] using arguments [wlt_c_20260917-pilot6_calibration-retail-transfer-low-4w-40tps-r5_retail-transfer-low_w2_13,wlt_c_20260917-pilot6_calibration-retail-transfer-low-4w-40tps-r5_retail-transfer-low_w2_38,1000,transfer_20260917-pilot6_calibration-retail-transfer-low-4w-40tps-r5_retail-transfer-low_w2_r1_290],  with error: Error: Failed to submit trasaction with status code: 11
2026.09.17-14:51:44.458[31m error[39m [caliper] [connectors/peer-gateway/PeerGateway] 	Failed to perform submit transaction [Transfer] using arguments [wlt_c_20260917-pilot6_calibration-retail-transfer-low-4w-40tps-r5_retail-transfer-low_w2_11,wlt_c_20260917-pilot6_calibration-retail-transfer-low-4w-40tps-r5_retail-transfer-low_w2_36,1000,transfer_20260917-pilot6_calibration-retail-transfer-low-4w-40tps-r5_retail-transfer-low_w2_r1_288],  with error: Error: Failed to submit trasaction with status code: 11
2026.09.17-14:51:44.459[31m error[39m [caliper] [connectors/peer-gateway/PeerGateway] 	Failed to perform submit transaction [Transfer] using arguments [wlt_c_20260917-pilot6_calibration-retail-transfer-low-4w-40tps-r5_retail-transfer-low_w1_12,wlt_c_20260917-pilot6_calibration-retail-transfer-low-4w-40tps-r5_retail-transfer-low_w1_37,1000,transfer_20260917-pilot6_calibration-retail-transfer-low-4w-40tps-r5_retail-transfer-low_w1_r1_289],  with error: Error: Failed to submit trasaction with status code: 11
2026.09.17-14:51:44.459[31m error[39m [caliper] [connectors/peer-gateway/PeerGateway] 	Failed to perform submit transaction [Transfer] using arguments [wlt_c_20260917-pilot6_calibration-retail-transfer-low-4w-40tps-r5_retail-transfer-low_w1_13,wlt_c_20260917-pilot6_calibration-retail-transfer-low-4w-40tps-r5_retail-transfer-low_w1_38,1000,transfer_20260917-pilot6_calibration-retail-transfer-low-4w-40tps-r5_retail-transfer-low_w1_r1_290],  with error: Error: Failed to submit trasaction with status code: 11
2026.09.17-14:51:44.466[31m error[39m [caliper] [connectors/peer-gateway/PeerGateway] 	Failed to perform submit transaction [Transfer] using arguments [wlt_c_20260917-pilot6_calibration-retail-transfer-low-4w-40tps-r5_retail-transfer-low_w3_12,wlt_c_20260917-pilot6_calibration-retail-transfer-low-4w-40tps-r5_retail-transfer-low_w3_37,1000,transfer_20260917-pilot6_calibration-retail-transfer-low-4w-40tps-r5_retail-transfer-low_w3_r1_289],  with error: Error: Failed to submit trasaction with status code: 11
2026.09.17-14:51:44.467[31m error[39m [caliper] [connectors/peer-gateway/PeerGateway] 	Failed to perform submit transaction [Transfer] using arguments [wlt_c_20260917-pilot6_calibration-retail-transfer-low-4w-40tps-r5_retail-transfer-low_w3_13,wlt_c_20260917-pilot6_calibration-retail-transfer-low-4w-40tps-r5_retail-transfer-low_w3_38,1000,transfer_20260917-pilot6_calibration-retail-transfer-low-4w-40tps-r5_retail-transfer-low_w3_r1_290],  with error: Error: Failed to submit trasaction with status code: 11
2026.09.17-14:51:44.469[31m error[39m [caliper] [connectors/peer-gateway/PeerGateway] 	Failed to perform submit transaction [Transfer] using arguments [wlt_c_20260917-pilot6_calibration-retail-transfer-low-4w-40tps-r5_retail-transfer-low_w3_11,wlt_c_20260917-pilot6_calibration-retail-transfer-low-4w-40tps-r5_retail-transfer-low_w3_36,1000,transfer_20260917-pilot6_calibration-retail-transfer-low-4w-40tps-r5_retail-transfer-low_w3_r1_288],  with error: Error: Failed to submit trasaction with status code: 11
2026.09.17-14:51:44.469[31m error[39m [caliper] [connectors/peer-gateway/PeerGateway] 	Failed to perform submit transaction [Transfer] using arguments [wlt_c_20260917-pilot6_calibration-retail-transfer-low-4w-40tps-r5_retail-transfer-low_w0_13,wlt_c_20260917-pilot6_calibration-retail-transfer-low-4w-40tps-r5_retail-transfer-low_w0_38,1000,transfer_20260917-pilot6_calibration-retail-transfer-low-4w-40tps-r5_retail-transfer-low_w0_r1_290],  with error: Error: Failed to submit trasaction with status code: 11
2026.09.17-14:51:44.477[31m error[39m [caliper] [connectors/peer-gateway/PeerGateway] 	Failed to perform submit transaction [Transfer] using arguments [wlt_c_20260917-pilot6_calibration-retail-transfer-low-4w-40tps-r5_retail-transfer-low_w0_12,wlt_c_20260917-pilot6_calibration-retail-transfer-low-4w-40tps-r5_retail-transfer-low_w0_37,1000,transfer_20260917-pilot6_calibration-retail-transfer-low-4w-40tps-r5_retail-transfer-low_w0_r1_289],  with error: Error: Failed to submit trasaction with status code: 11
2026.09.17-14:51:44.785[31m error[39m [caliper] [connectors/peer-gateway/PeerGateway] 	Failed to perform submit transaction [Transfer] using arguments [wlt_c_20260917-pilot6_calibration-retail-transfer-low-4w-40tps-r5_retail-transfer-low_w2_12,wlt_c_20260917-pilot6_calibration-retail-transfer-low-4w-40tps-r5_retail-transfer-low_w2_37,1000,transfer_20260917-pilot6_calibration-retail-transfer-low-4w-40tps-r5_retail-transfer-low_w2_r1_289],  with error: Error: Failed to submit trasaction with status code: 11
2026.09.17-14:51:44.786[31m error[39m [caliper] [connectors/peer-gateway/PeerGateway] 	Failed to perform submit transaction [Transfer] using arguments [wlt_c_20260917-pilot6_calibration-retail-transfer-low-4w-40tps-r5_retail-transfer-low_w3_14,wlt_c_20260917-pilot6_calibration-retail-transfer-low-4w-40tps-r5_retail-transfer-low_w3_39,1000,transfer_20260917-pilot6_calibration-retail-transfer-low-4w-40tps-r5_retail-transfer-low_w3_r1_291],  with error: Error: Failed to submit trasaction with status code: 11
2026.09.17-14:51:44.792[31m error[39m [caliper] [connectors/peer-gateway/PeerGateway] 	Failed to perform submit transaction [Transfer] using arguments [wlt_c_20260917-pilot6_calibration-retail-transfer-low-4w-40tps-r5_retail-transfer-low_w2_16,wlt_c_20260917-pilot6_calibration-retail-transfer-low-4w-40tps-r5_retail-transfer-low_w2_41,1000,transfer_20260917-pilot6_calibration-retail-transfer-low-4w-40tps-r5_retail-transfer-low_w2_r1_292],  with error: Error: Failed to submit trasaction with status code: 11
2026.09.17-14:51:44.797[31m error[39m [caliper] [connectors/peer-gateway/PeerGateway] 	Failed to perform submit transaction [Transfer] using arguments [wlt_c_20260917-pilot6_calibration-retail-transfer-low-4w-40tps-r5_retail-transfer-low_w3_17,wlt_c_20260917-pilot6_calibration-retail-transfer-low-4w-40tps-r5_retail-transfer-low_w3_42,1000,transfer_20260917-pilot6_calibration-retail-transfer-low-4w-40tps-r5_retail-transfer-low_w3_r1_293],  with error: Error: Failed to submit trasaction with status code: 11
2026.09.17-14:51:44.798[31m error[39m [caliper] [connectors/peer-gateway/PeerGateway] 	Failed to perform submit transaction [Transfer] using arguments [wlt_c_20260917-pilot6_calibration-retail-transfer-low-4w-40tps-r5_retail-transfer-low_w3_16,wlt_c_20260917-pilot6_calibration-retail-transfer-low-4w-40tps-r5_retail-transfer-low_w3_41,1000,transfer_20260917-pilot6_calibration-retail-transfer-low-4w-40tps-r5_retail-transfer-low_w3_r1_292],  with error: Error: Failed to submit trasaction with status code: 11
2026.09.17-14:51:44.786[31m error[39m [caliper] [connectors/peer-gateway/PeerGateway] 	Failed to perform submit transaction [Transfer] using arguments [wlt_c_20260917-pilot6_calibration-retail-transfer-low-4w-40tps-r5_retail-transfer-low_w1_14,wlt_c_20260917-pilot6_calibration-retail-transfer-low-4w-40tps-r5_retail-transfer-low_w1_39,1000,transfer_20260917-pilot6_calibration-retail-transfer-low-4w-40tps-r5_retail-transfer-low_w1_r1_291],  with error: Error: Failed to submit trasaction with status code: 11
2026.09.17-14:51:44.810[31m error[39m [caliper] [connectors/peer-gateway/PeerGateway] 	Failed to perform submit transaction [Transfer] using arguments [wlt_c_20260917-pilot6_calibration-retail-transfer-low-4w-40tps-r5_retail-transfer-low_w2_14,wlt_c_20260917-pilot6_calibration-retail-transfer-low-4w-40tps-r5_retail-transfer-low_w2_39,1000,transfer_20260917-pilot6_calibration-retail-transfer-low-4w-40tps-r5_retail-transfer-low_w2_r1_291],  with error: Error: Failed to submit trasaction with status code: 11
2026.09.17-14:51:44.811[31m error[39m [caliper] [connectors/peer-gateway/PeerGateway] 	Failed to perform submit transaction [Transfer] using arguments [wlt_c_20260917-pilot6_calibration-retail-transfer-low-4w-40tps-r5_retail-transfer-low_w1_16,wlt_c_20260917-pilot6_calibration-retail-transfer-low-4w-40tps-r5_retail-transfer-low_w1_41,1000,transfer_20260917-pilot6_calibration-retail-transfer-low-4w-40tps-r5_retail-transfer-low_w1_r1_292],  with error: Error: Failed to submit trasaction with status code: 11
2026.09.17-14:51:44.838[31m error[39m [caliper] [connectors/peer-gateway/PeerGateway] 	Failed to perform submit transaction [Transfer] using arguments [wlt_c_20260917-pilot6_calibration-retail-transfer-low-4w-40tps-r5_retail-transfer-low_w0_14,wlt_c_20260917-pilot6_calibration-retail-transfer-low-4w-40tps-r5_retail-transfer-low_w0_39,1000,transfer_20260917-pilot6_calibration-retail-transfer-low-4w-40tps-r5_retail-transfer-low_w0_r1_291],  with error: Error: Failed to submit trasaction with status code: 11
2026.09.17-14:51:44.842[31m error[39m [caliper] [connectors/peer-gateway/PeerGateway] 	Failed to perform submit transaction [Transfer] using arguments [wlt_c_20260917-pilot6_calibration-retail-transfer-low-4w-40tps-r5_retail-transfer-low_w0_16,wlt_c_20260917-pilot6_calibration-retail-transfer-low-4w-40tps-r5_retail-transfer-low_w0_41,1000,transfer_20260917-pilot6_calibration-retail-transfer-low-4w-40tps-r5_retail-transfer-low_w0_r1_292],  with error: Error: Failed to submit trasaction with status code: 11
2026.09.17-14:51:45.045[31m error[39m [caliper] [connectors/peer-gateway/PeerGateway] 	Failed to perform submit transaction [Transfer] using arguments [wlt_c_20260917-pilot6_calibration-retail-transfer-low-4w-40tps-r5_retail-transfer-low_w1_17,wlt_c_20260917-pilot6_calibration-retail-transfer-low-4w-40tps-r5_retail-transfer-low_w1_42,1000,transfer_20260917-pilot6_calibration-retail-transfer-low-4w-40tps-r5_retail-transfer-low_w1_r1_293],  with error: Error: Failed to submit trasaction with status code: 11
2026.09.17-14:51:45.070[31m error[39m [caliper] [connectors/peer-gateway/PeerGateway] 	Failed to perform submit transaction [Transfer] using arguments [wlt_c_20260917-pilot6_calibration-retail-transfer-low-4w-40tps-r5_retail-transfer-low_w3_18,wlt_c_20260917-pilot6_calibration-retail-transfer-low-4w-40tps-r5_retail-transfer-low_w3_43,1000,transfer_20260917-pilot6_calibration-retail-transfer-low-4w-40tps-r5_retail-transfer-low_w3_r1_294],  with error: Error: Failed to submit trasaction with status code: 11
2026.09.17-14:51:45.075[31m error[39m [caliper] [connectors/peer-gateway/PeerGateway] 	Failed to perform submit transaction [Transfer] using arguments [wlt_c_20260917-pilot6_calibration-retail-transfer-low-4w-40tps-r5_retail-transfer-low_w2_17,wlt_c_20260917-pilot6_calibration-retail-transfer-low-4w-40tps-r5_retail-transfer-low_w2_42,1000,transfer_20260917-pilot6_calibration-retail-transfer-low-4w-40tps-r5_retail-transfer-low_w2_r1_293],  with error: Error: Failed to submit trasaction with status code: 11
2026.09.17-14:51:45.079[31m error[39m [caliper] [connectors/peer-gateway/PeerGateway] 	Failed to perform submit transaction [Transfer] using arguments [wlt_c_20260917-pilot6_calibration-retail-transfer-low-4w-40tps-r5_retail-transfer-low_w0_18,wlt_c_20260917-pilot6_calibration-retail-transfer-low-4w-40tps-r5_retail-transfer-low_w0_43,1000,transfer_20260917-pilot6_calibration-retail-transfer-low-4w-40tps-r5_retail-transfer-low_w0_r1_294],  with error: Error: Failed to submit trasaction with status code: 11
2026.09.17-14:51:45.080[31m error[39m [caliper] [connectors/peer-gateway/PeerGateway] 	Failed to perform submit transaction [Transfer] using arguments [wlt_c_20260917-pilot6_calibration-retail-transfer-low-4w-40tps-r5_retail-transfer-low_w0_19,wlt_c_20260917-pilot6_calibration-retail-transfer-low-4w-40tps-r5_retail-transfer-low_w0_44,1000,transfer_20260917-pilot6_calibration-retail-transfer-low-4w-40tps-r5_retail-transfer-low_w0_r1_295],  with error: Error: Failed to submit trasaction with status code: 11
2026.09.17-14:51:45.086[31m error[39m [caliper] [connectors/peer-gateway/PeerGateway] 	Failed to perform submit transaction [Transfer] using arguments [wlt_c_20260917-pilot6_calibration-retail-transfer-low-4w-40tps-r5_retail-transfer-low_w2_18,wlt_c_20260917-pilot6_calibration-retail-transfer-low-4w-40tps-r5_retail-transfer-low_w2_43,1000,transfer_20260917-pilot6_calibration-retail-transfer-low-4w-40tps-r5_retail-transfer-low_w2_r1_294],  with error: Error: Failed to submit trasaction with status code: 11
2026.09.17-14:51:45.105[31m error[39m [caliper] [connectors/peer-gateway/PeerGateway] 	Failed to perform submit transaction [Transfer] using arguments [wlt_c_20260917-pilot6_calibration-retail-transfer-low-4w-40tps-r5_retail-transfer-low_w2_19,wlt_c_20260917-pilot6_calibration-retail-transfer-low-4w-40tps-r5_retail-transfer-low_w2_44,1000,transfer_20260917-pilot6_calibration-retail-transfer-low-4w-40tps-r5_retail-transfer-low_w2_r1_295],  with error: Error: Failed to submit trasaction with status code: 11
2026.09.17-14:51:45.306[31m error[39m [caliper] [connectors/peer-gateway/PeerGateway] 	Failed to perform submit transaction [Transfer] using arguments [wlt_c_20260917-pilot6_calibration-retail-transfer-low-4w-40tps-r5_retail-transfer-low_w0_23,wlt_c_20260917-pilot6_calibration-retail-transfer-low-4w-40tps-r5_retail-transfer-low_w0_48,1000,transfer_20260917-pilot6_calibration-retail-transfer-low-4w-40tps-r5_retail-transfer-low_w0_r1_298],  with error: Error: Failed to submit trasaction with status code: 11
2026.09.17-14:51:45.299[31m error[39m [caliper] [connectors/peer-gateway/PeerGateway] 	Failed to perform submit transaction [Transfer] using arguments [wlt_c_20260917-pilot6_calibration-retail-transfer-low-4w-40tps-r5_retail-transfer-low_w3_19,wlt_c_20260917-pilot6_calibration-retail-transfer-low-4w-40tps-r5_retail-transfer-low_w3_44,1000,transfer_20260917-pilot6_calibration-retail-transfer-low-4w-40tps-r5_retail-transfer-low_w3_r1_295],  with error: Error: Failed to submit trasaction with status code: 11
2026.09.17-14:51:45.309[31m error[39m [caliper] [connectors/peer-gateway/PeerGateway] 	Failed to perform submit transaction [Transfer] using arguments [wlt_c_20260917-pilot6_calibration-retail-transfer-low-4w-40tps-r5_retail-transfer-low_w3_22,wlt_c_20260917-pilot6_calibration-retail-transfer-low-4w-40tps-r5_retail-transfer-low_w3_47,1000,transfer_20260917-pilot6_calibration-retail-transfer-low-4w-40tps-r5_retail-transfer-low_w3_r1_297],  with error: Error: Failed to submit trasaction with status code: 11
2026.09.17-14:51:45.308[31m error[39m [caliper] [connectors/peer-gateway/PeerGateway] 	Failed to perform submit transaction [Transfer] using arguments [wlt_c_20260917-pilot6_calibration-retail-transfer-low-4w-40tps-r5_retail-transfer-low_w2_21,wlt_c_20260917-pilot6_calibration-retail-transfer-low-4w-40tps-r5_retail-transfer-low_w2_46,1000,transfer_20260917-pilot6_calibration-retail-transfer-low-4w-40tps-r5_retail-transfer-low_w2_r1_296],  with error: Error: Failed to submit trasaction with status code: 11
2026.09.17-14:51:45.313[31m error[39m [caliper] [connectors/peer-gateway/PeerGateway] 	Failed to perform submit transaction [Transfer] using arguments [wlt_c_20260917-pilot6_calibration-retail-transfer-low-4w-40tps-r5_retail-transfer-low_w2_22,wlt_c_20260917-pilot6_calibration-retail-transfer-low-4w-40tps-r5_retail-transfer-low_w2_47,1000,transfer_20260917-pilot6_calibration-retail-transfer-low-4w-40tps-r5_retail-transfer-low_w2_r1_297],  with error: Error: Failed to submit trasaction with status code: 11
2026.09.17-14:51:45.313[31m error[39m [caliper] [connectors/peer-gateway/PeerGateway] 	Failed to perform submit transaction [Transfer] using arguments [wlt_c_20260917-pilot6_calibration-retail-transfer-low-4w-40tps-r5_retail-transfer-low_w2_23,wlt_c_20260917-pilot6_calibration-retail-transfer-low-4w-40tps-r5_retail-transfer-low_w2_48,1000,transfer_20260917-pilot6_calibration-retail-transfer-low-4w-40tps-r5_retail-transfer-low_w2_r1_298],  with error: Error: Failed to submit trasaction with status code: 11
2026.09.17-14:51:45.316[31m error[39m [caliper] [connectors/peer-gateway/PeerGateway] 	Failed to perform submit transaction [Transfer] using arguments [wlt_c_20260917-pilot6_calibration-retail-transfer-low-4w-40tps-r5_retail-transfer-low_w0_22,wlt_c_20260917-pilot6_calibration-retail-transfer-low-4w-40tps-r5_retail-transfer-low_w0_47,1000,transfer_20260917-pilot6_calibration-retail-transfer-low-4w-40tps-r5_retail-transfer-low_w0_r1_297],  with error: Error: Failed to submit trasaction with status code: 11
2026.09.17-14:51:45.317[31m error[39m [caliper] [connectors/peer-gateway/PeerGateway] 	Failed to perform submit transaction [Transfer] using arguments [wlt_c_20260917-pilot6_calibration-retail-transfer-low-4w-40tps-r5_retail-transfer-low_w0_21,wlt_c_20260917-pilot6_calibration-retail-transfer-low-4w-40tps-r5_retail-transfer-low_w0_46,1000,transfer_20260917-pilot6_calibration-retail-transfer-low-4w-40tps-r5_retail-transfer-low_w0_r1_296],  with error: Error: Failed to submit trasaction with status code: 11
2026.09.17-14:51:45.567[31m error[39m [caliper] [connectors/peer-gateway/PeerGateway] 	Failed to perform submit transaction [Transfer] using arguments [wlt_c_20260917-pilot6_calibration-retail-transfer-low-4w-40tps-r5_retail-transfer-low_w1_23,wlt_c_20260917-pilot6_calibration-retail-transfer-low-4w-40tps-r5_retail-transfer-low_w1_48,1000,transfer_20260917-pilot6_calibration-retail-transfer-low-4w-40tps-r5_retail-transfer-low_w1_r1_298],  with error: Error: Failed to submit trasaction with status code: 11
2026.09.17-14:51:45.567[31m error[39m [caliper] [connectors/peer-gateway/PeerGateway] 	Failed to perform submit transaction [Transfer] using arguments [wlt_c_20260917-pilot6_calibration-retail-transfer-low-4w-40tps-r5_retail-transfer-low_w1_24,wlt_c_20260917-pilot6_calibration-retail-transfer-low-4w-40tps-r5_retail-transfer-low_w1_49,1000,transfer_20260917-pilot6_calibration-retail-transfer-low-4w-40tps-r5_retail-transfer-low_w1_r1_299],  with error: Error: Failed to submit trasaction with status code: 11
2026.09.17-14:51:45.570[31m error[39m [caliper] [connectors/peer-gateway/PeerGateway] 	Failed to perform submit transaction [Transfer] using arguments [wlt_c_20260917-pilot6_calibration-retail-transfer-low-4w-40tps-r5_retail-transfer-low_w2_24,wlt_c_20260917-pilot6_calibration-retail-transfer-low-4w-40tps-r5_retail-transfer-low_w2_49,1000,transfer_20260917-pilot6_calibration-retail-transfer-low-4w-40tps-r5_retail-transfer-low_w2_r1_299],  with error: Error: Failed to submit trasaction with status code: 11
2026.09.17-14:51:45.574[31m error[39m [caliper] [connectors/peer-gateway/PeerGateway] 	Failed to perform submit transaction [Transfer] using arguments [wlt_c_20260917-pilot6_calibration-retail-transfer-low-4w-40tps-r5_retail-transfer-low_w0_1,wlt_c_20260917-pilot6_calibration-retail-transfer-low-4w-40tps-r5_retail-transfer-low_w0_26,1000,transfer_20260917-pilot6_calibration-retail-transfer-low-4w-40tps-r5_retail-transfer-low_w0_r1_300],  with error: Error: Failed to submit trasaction with status code: 11
2026.09.17-14:51:45.580[31m error[39m [caliper] [connectors/peer-gateway/PeerGateway] 	Failed to perform submit transaction [Transfer] using arguments [wlt_c_20260917-pilot6_calibration-retail-transfer-low-4w-40tps-r5_retail-transfer-low_w0_24,wlt_c_20260917-pilot6_calibration-retail-transfer-low-4w-40tps-r5_retail-transfer-low_w0_49,1000,transfer_20260917-pilot6_calibration-retail-transfer-low-4w-40tps-r5_retail-transfer-low_w0_r1_299],  with error: Error: Failed to submit trasaction with status code: 11
2026.09.17-14:51:45.578[31m error[39m [caliper] [connectors/peer-gateway/PeerGateway] 	Failed to perform submit transaction [Transfer] using arguments [wlt_c_20260917-pilot6_calibration-retail-transfer-low-4w-40tps-r5_retail-transfer-low_w3_23,wlt_c_20260917-pilot6_calibration-retail-transfer-low-4w-40tps-r5_retail-transfer-low_w3_48,1000,transfer_20260917-pilot6_calibration-retail-transfer-low-4w-40tps-r5_retail-transfer-low_w3_r1_298],  with error: Error: Failed to submit trasaction with status code: 11
2026.09.17-14:51:45.585[31m error[39m [caliper] [connectors/peer-gateway/PeerGateway] 	Failed to perform submit transaction [Transfer] using arguments [wlt_c_20260917-pilot6_calibration-retail-transfer-low-4w-40tps-r5_retail-transfer-low_w3_24,wlt_c_20260917-pilot6_calibration-retail-transfer-low-4w-40tps-r5_retail-transfer-low_w3_49,1000,transfer_20260917-pilot6_calibration-retail-transfer-low-4w-40tps-r5_retail-transfer-low_w3_r1_299],  with error: Error: Failed to submit trasaction with status code: 11
2026.09.17-14:51:46.009[31m error[39m [caliper] [connectors/peer-gateway/PeerGateway] 	Failed to perform submit transaction [Transfer] using arguments [wlt_c_20260917-pilot6_calibration-retail-transfer-low-4w-40tps-r5_retail-transfer-low_w2_2,wlt_c_20260917-pilot6_calibration-retail-transfer-low-4w-40tps-r5_retail-transfer-low_w2_27,1000,transfer_20260917-pilot6_calibration-retail-transfer-low-4w-40tps-r5_retail-transfer-low_w2_r1_301],  with error: Error: Failed to submit trasaction with status code: 11
2026.09.17-14:51:46.010[31m error[39m [caliper] [connectors/peer-gateway/PeerGateway] 	Failed to perform submit transaction [Transfer] using arguments [wlt_c_20260917-pilot6_calibration-retail-transfer-low-4w-40tps-r5_retail-transfer-low_w1_4,wlt_c_20260917-pilot6_calibration-retail-transfer-low-4w-40tps-r5_retail-transfer-low_w1_29,1000,transfer_20260917-pilot6_calibration-retail-transfer-low-4w-40tps-r5_retail-transfer-low_w1_r1_303],  with error: Error: Failed to submit trasaction with status code: 11
2026.09.17-14:51:46.026[31m error[39m [caliper] [connectors/peer-gateway/PeerGateway] 	Failed to perform submit transaction [Transfer] using arguments [wlt_c_20260917-pilot6_calibration-retail-transfer-low-4w-40tps-r5_retail-transfer-low_w0_2,wlt_c_20260917-pilot6_calibration-retail-transfer-low-4w-40tps-r5_retail-transfer-low_w0_27,1000,transfer_20260917-pilot6_calibration-retail-transfer-low-4w-40tps-r5_retail-transfer-low_w0_r1_301],  with error: Error: Failed to submit trasaction with status code: 11
2026.09.17-14:51:46.054[31m error[39m [caliper] [connectors/peer-gateway/PeerGateway] 	Failed to perform submit transaction [Transfer] using arguments [wlt_c_20260917-pilot6_calibration-retail-transfer-low-4w-40tps-r5_retail-transfer-low_w3_2,wlt_c_20260917-pilot6_calibration-retail-transfer-low-4w-40tps-r5_retail-transfer-low_w3_27,1000,transfer_20260917-pilot6_calibration-retail-transfer-low-4w-40tps-r5_retail-transfer-low_w3_r1_301],  with error: Error: Failed to submit trasaction with status code: 11
2026.09.17-14:51:46.057[31m error[39m [caliper] [connectors/peer-gateway/PeerGateway] 	Failed to perform submit transaction [Transfer] using arguments [wlt_c_20260917-pilot6_calibration-retail-transfer-low-4w-40tps-r5_retail-transfer-low_w3_3,wlt_c_20260917-pilot6_calibration-retail-transfer-low-4w-40tps-r5_retail-transfer-low_w3_28,1000,transfer_20260917-pilot6_calibration-retail-transfer-low-4w-40tps-r5_retail-transfer-low_w3_r1_302],  with error: Error: Failed to submit trasaction with status code: 11
2026.09.17-14:51:46.387[31m error[39m [caliper] [connectors/peer-gateway/PeerGateway] 	Failed to perform submit transaction [Transfer] using arguments [wlt_c_20260917-pilot6_calibration-retail-transfer-low-4w-40tps-r5_retail-transfer-low_w3_7,wlt_c_20260917-pilot6_calibration-retail-transfer-low-4w-40tps-r5_retail-transfer-low_w3_32,1000,transfer_20260917-pilot6_calibration-retail-transfer-low-4w-40tps-r5_retail-transfer-low_w3_r1_305],  with error: Error: Failed to submit trasaction with status code: 11
2026.09.17-14:51:46.393[31m error[39m [caliper] [connectors/peer-gateway/PeerGateway] 	Failed to perform submit transaction [Transfer] using arguments [wlt_c_20260917-pilot6_calibration-retail-transfer-low-4w-40tps-r5_retail-transfer-low_w1_3,wlt_c_20260917-pilot6_calibration-retail-transfer-low-4w-40tps-r5_retail-transfer-low_w1_28,1000,transfer_20260917-pilot6_calibration-retail-transfer-low-4w-40tps-r5_retail-transfer-low_w1_r1_302],  with error: Error: Failed to submit trasaction with status code: 11
2026.09.17-14:51:46.398[31m error[39m [caliper] [connectors/peer-gateway/PeerGateway] 	Failed to perform submit transaction [Transfer] using arguments [wlt_c_20260917-pilot6_calibration-retail-transfer-low-4w-40tps-r5_retail-transfer-low_w1_2,wlt_c_20260917-pilot6_calibration-retail-transfer-low-4w-40tps-r5_retail-transfer-low_w1_27,1000,transfer_20260917-pilot6_calibration-retail-transfer-low-4w-40tps-r5_retail-transfer-low_w1_r1_301],  with error: Error: Failed to submit trasaction with status code: 11
2026.09.17-14:51:46.407[31m error[39m [caliper] [connectors/peer-gateway/PeerGateway] 	Failed to perform submit transaction [Transfer] using arguments [wlt_c_20260917-pilot6_calibration-retail-transfer-low-4w-40tps-r5_retail-transfer-low_w1_6,wlt_c_20260917-pilot6_calibration-retail-transfer-low-4w-40tps-r5_retail-transfer-low_w1_31,1000,transfer_20260917-pilot6_calibration-retail-transfer-low-4w-40tps-r5_retail-transfer-low_w1_r1_304],  with error: Error: Failed to submit trasaction with status code: 11
2026.09.17-14:51:46.408[31m error[39m [caliper] [connectors/peer-gateway/PeerGateway] 	Failed to perform submit transaction [Transfer] using arguments [wlt_c_20260917-pilot6_calibration-retail-transfer-low-4w-40tps-r5_retail-transfer-low_w1_7,wlt_c_20260917-pilot6_calibration-retail-transfer-low-4w-40tps-r5_retail-transfer-low_w1_32,1000,transfer_20260917-pilot6_calibration-retail-transfer-low-4w-40tps-r5_retail-transfer-low_w1_r1_305],  with error: Error: Failed to submit trasaction with status code: 11
2026.09.17-14:51:46.413[31m error[39m [caliper] [connectors/peer-gateway/PeerGateway] 	Failed to perform submit transaction [Transfer] using arguments [wlt_c_20260917-pilot6_calibration-retail-transfer-low-4w-40tps-r5_retail-transfer-low_w3_6,wlt_c_20260917-pilot6_calibration-retail-transfer-low-4w-40tps-r5_retail-transfer-low_w3_31,1000,transfer_20260917-pilot6_calibration-retail-transfer-low-4w-40tps-r5_retail-transfer-low_w3_r1_304],  with error: Error: Failed to submit trasaction with status code: 11
2026.09.17-14:51:46.724[31m error[39m [caliper] [connectors/peer-gateway/PeerGateway] 	Failed to perform submit transaction [Transfer] using arguments [wlt_c_20260917-pilot6_calibration-retail-transfer-low-4w-40tps-r5_retail-transfer-low_w3_11,wlt_c_20260917-pilot6_calibration-retail-transfer-low-4w-40tps-r5_retail-transfer-low_w3_36,1000,transfer_20260917-pilot6_calibration-retail-transfer-low-4w-40tps-r5_retail-transfer-low_w3_r1_308],  with error: Error: Failed to submit trasaction with status code: 11
2026.09.17-14:51:46.725[31m error[39m [caliper] [connectors/peer-gateway/PeerGateway] 	Failed to perform submit transaction [Transfer] using arguments [wlt_c_20260917-pilot6_calibration-retail-transfer-low-4w-40tps-r5_retail-transfer-low_w3_8,wlt_c_20260917-pilot6_calibration-retail-transfer-low-4w-40tps-r5_retail-transfer-low_w3_33,1000,transfer_20260917-pilot6_calibration-retail-transfer-low-4w-40tps-r5_retail-transfer-low_w3_r1_306],  with error: Error: Failed to submit trasaction with status code: 11
2026.09.17-14:51:46.725[31m error[39m [caliper] [connectors/peer-gateway/PeerGateway] 	Failed to perform submit transaction [Transfer] using arguments [wlt_c_20260917-pilot6_calibration-retail-transfer-low-4w-40tps-r5_retail-transfer-low_w3_9,wlt_c_20260917-pilot6_calibration-retail-transfer-low-4w-40tps-r5_retail-transfer-low_w3_34,1000,transfer_20260917-pilot6_calibration-retail-transfer-low-4w-40tps-r5_retail-transfer-low_w3_r1_307],  with error: Error: Failed to submit trasaction with status code: 11
2026.09.17-14:51:46.752[31m error[39m [caliper] [connectors/peer-gateway/PeerGateway] 	Failed to perform submit transaction [Transfer] using arguments [wlt_c_20260917-pilot6_calibration-retail-transfer-low-4w-40tps-r5_retail-transfer-low_w2_8,wlt_c_20260917-pilot6_calibration-retail-transfer-low-4w-40tps-r5_retail-transfer-low_w2_33,1000,transfer_20260917-pilot6_calibration-retail-transfer-low-4w-40tps-r5_retail-transfer-low_w2_r1_306],  with error: Error: Failed to submit trasaction with status code: 11
2026.09.17-14:51:46.752[31m error[39m [caliper] [connectors/peer-gateway/PeerGateway] 	Failed to perform submit transaction [Transfer] using arguments [wlt_c_20260917-pilot6_calibration-retail-transfer-low-4w-40tps-r5_retail-transfer-low_w2_9,wlt_c_20260917-pilot6_calibration-retail-transfer-low-4w-40tps-r5_retail-transfer-low_w2_34,1000,transfer_20260917-pilot6_calibration-retail-transfer-low-4w-40tps-r5_retail-transfer-low_w2_r1_307],  with error: Error: Failed to submit trasaction with status code: 11
2026.09.17-14:51:46.770[31m error[39m [caliper] [connectors/peer-gateway/PeerGateway] 	Failed to perform submit transaction [Transfer] using arguments [wlt_c_20260917-pilot6_calibration-retail-transfer-low-4w-40tps-r5_retail-transfer-low_w0_9,wlt_c_20260917-pilot6_calibration-retail-transfer-low-4w-40tps-r5_retail-transfer-low_w0_34,1000,transfer_20260917-pilot6_calibration-retail-transfer-low-4w-40tps-r5_retail-transfer-low_w0_r1_307],  with error: Error: Failed to submit trasaction with status code: 11
2026.09.17-14:51:46.776[31m error[39m [caliper] [connectors/peer-gateway/PeerGateway] 	Failed to perform submit transaction [Transfer] using arguments [wlt_c_20260917-pilot6_calibration-retail-transfer-low-4w-40tps-r5_retail-transfer-low_w1_8,wlt_c_20260917-pilot6_calibration-retail-transfer-low-4w-40tps-r5_retail-transfer-low_w1_33,1000,transfer_20260917-pilot6_calibration-retail-transfer-low-4w-40tps-r5_retail-transfer-low_w1_r1_306],  with error: Error: Failed to submit trasaction with status code: 11
2026.09.17-14:51:46.777[31m error[39m [caliper] [connectors/peer-gateway/PeerGateway] 	Failed to perform submit transaction [Transfer] using arguments [wlt_c_20260917-pilot6_calibration-retail-transfer-low-4w-40tps-r5_retail-transfer-low_w1_9,wlt_c_20260917-pilot6_calibration-retail-transfer-low-4w-40tps-r5_retail-transfer-low_w1_34,1000,transfer_20260917-pilot6_calibration-retail-transfer-low-4w-40tps-r5_retail-transfer-low_w1_r1_307],  with error: Error: Failed to submit trasaction with status code: 11
2026.09.17-14:51:46.912[31m error[39m [caliper] [connectors/peer-gateway/PeerGateway] 	Failed to perform submit transaction [Transfer] using arguments [wlt_c_20260917-pilot6_calibration-retail-transfer-low-4w-40tps-r5_retail-transfer-low_w1_12,wlt_c_20260917-pilot6_calibration-retail-transfer-low-4w-40tps-r5_retail-transfer-low_w1_37,1000,transfer_20260917-pilot6_calibration-retail-transfer-low-4w-40tps-r5_retail-transfer-low_w1_r1_309],  with error: Error: Failed to submit trasaction with status code: 11
2026.09.17-14:51:46.913[31m error[39m [caliper] [connectors/peer-gateway/PeerGateway] 	Failed to perform submit transaction [Transfer] using arguments [wlt_c_20260917-pilot6_calibration-retail-transfer-low-4w-40tps-r5_retail-transfer-low_w1_11,wlt_c_20260917-pilot6_calibration-retail-transfer-low-4w-40tps-r5_retail-transfer-low_w1_36,1000,transfer_20260917-pilot6_calibration-retail-transfer-low-4w-40tps-r5_retail-transfer-low_w1_r1_308],  with error: Error: Failed to submit trasaction with status code: 11
2026.09.17-14:51:46.920[31m error[39m [caliper] [connectors/peer-gateway/PeerGateway] 	Failed to perform submit transaction [Transfer] using arguments [wlt_c_20260917-pilot6_calibration-retail-transfer-low-4w-40tps-r5_retail-transfer-low_w1_13,wlt_c_20260917-pilot6_calibration-retail-transfer-low-4w-40tps-r5_retail-transfer-low_w1_38,1000,transfer_20260917-pilot6_calibration-retail-transfer-low-4w-40tps-r5_retail-transfer-low_w1_r1_310],  with error: Error: Failed to submit trasaction with status code: 11
2026.09.17-14:51:46.924[31m error[39m [caliper] [connectors/peer-gateway/PeerGateway] 	Failed to perform submit transaction [Transfer] using arguments [wlt_c_20260917-pilot6_calibration-retail-transfer-low-4w-40tps-r5_retail-transfer-low_w1_14,wlt_c_20260917-pilot6_calibration-retail-transfer-low-4w-40tps-r5_retail-transfer-low_w1_39,1000,transfer_20260917-pilot6_calibration-retail-transfer-low-4w-40tps-r5_retail-transfer-low_w1_r1_311],  with error: Error: Failed to submit trasaction with status code: 11
2026.09.17-14:51:46.935[31m error[39m [caliper] [connectors/peer-gateway/PeerGateway] 	Failed to perform submit transaction [Transfer] using arguments [wlt_c_20260917-pilot6_calibration-retail-transfer-low-4w-40tps-r5_retail-transfer-low_w2_13,wlt_c_20260917-pilot6_calibration-retail-transfer-low-4w-40tps-r5_retail-transfer-low_w2_38,1000,transfer_20260917-pilot6_calibration-retail-transfer-low-4w-40tps-r5_retail-transfer-low_w2_r1_310],  with error: Error: Failed to submit trasaction with status code: 11
2026.09.17-14:51:46.936[31m error[39m [caliper] [connectors/peer-gateway/PeerGateway] 	Failed to perform submit transaction [Transfer] using arguments [wlt_c_20260917-pilot6_calibration-retail-transfer-low-4w-40tps-r5_retail-transfer-low_w2_12,wlt_c_20260917-pilot6_calibration-retail-transfer-low-4w-40tps-r5_retail-transfer-low_w2_37,1000,transfer_20260917-pilot6_calibration-retail-transfer-low-4w-40tps-r5_retail-transfer-low_w2_r1_309],  with error: Error: Failed to submit trasaction with status code: 11
2026.09.17-14:51:46.930[31m error[39m [caliper] [connectors/peer-gateway/PeerGateway] 	Failed to perform submit transaction [Transfer] using arguments [wlt_c_20260917-pilot6_calibration-retail-transfer-low-4w-40tps-r5_retail-transfer-low_w3_13,wlt_c_20260917-pilot6_calibration-retail-transfer-low-4w-40tps-r5_retail-transfer-low_w3_38,1000,transfer_20260917-pilot6_calibration-retail-transfer-low-4w-40tps-r5_retail-transfer-low_w3_r1_310],  with error: Error: Failed to submit trasaction with status code: 11
2026.09.17-14:51:46.939[31m error[39m [caliper] [connectors/peer-gateway/PeerGateway] 	Failed to perform submit transaction [Transfer] using arguments [wlt_c_20260917-pilot6_calibration-retail-transfer-low-4w-40tps-r5_retail-transfer-low_w3_12,wlt_c_20260917-pilot6_calibration-retail-transfer-low-4w-40tps-r5_retail-transfer-low_w3_37,1000,transfer_20260917-pilot6_calibration-retail-transfer-low-4w-40tps-r5_retail-transfer-low_w3_r1_309],  with error: Error: Failed to submit trasaction with status code: 11
2026.09.17-14:51:47.068[31m error[39m [caliper] [connectors/peer-gateway/PeerGateway] 	Failed to perform submit transaction [Transfer] using arguments [wlt_c_20260917-pilot6_calibration-retail-transfer-low-4w-40tps-r5_retail-transfer-low_w3_14,wlt_c_20260917-pilot6_calibration-retail-transfer-low-4w-40tps-r5_retail-transfer-low_w3_39,1000,transfer_20260917-pilot6_calibration-retail-transfer-low-4w-40tps-r5_retail-transfer-low_w3_r1_311],  with error: Error: Failed to submit trasaction with status code: 11
2026.09.17-14:51:47.070[31m error[39m [caliper] [connectors/peer-gateway/PeerGateway] 	Failed to perform submit transaction [Transfer] using arguments [wlt_c_20260917-pilot6_calibration-retail-transfer-low-4w-40tps-r5_retail-transfer-low_w3_16,wlt_c_20260917-pilot6_calibration-retail-transfer-low-4w-40tps-r5_retail-transfer-low_w3_41,1000,transfer_20260917-pilot6_calibration-retail-transfer-low-4w-40tps-r5_retail-transfer-low_w3_r1_312],  with error: Error: Failed to submit trasaction with status code: 11
2026.09.17-14:51:47.074[31m error[39m [caliper] [connectors/peer-gateway/PeerGateway] 	Failed to perform submit transaction [Transfer] using arguments [wlt_c_20260917-pilot6_calibration-retail-transfer-low-4w-40tps-r5_retail-transfer-low_w0_12,wlt_c_20260917-pilot6_calibration-retail-transfer-low-4w-40tps-r5_retail-transfer-low_w0_37,1000,transfer_20260917-pilot6_calibration-retail-transfer-low-4w-40tps-r5_retail-transfer-low_w0_r1_309],  with error: Error: Failed to submit trasaction with status code: 11
2026.09.17-14:51:47.075[31m error[39m [caliper] [connectors/peer-gateway/PeerGateway] 	Failed to perform submit transaction [Transfer] using arguments [wlt_c_20260917-pilot6_calibration-retail-transfer-low-4w-40tps-r5_retail-transfer-low_w0_13,wlt_c_20260917-pilot6_calibration-retail-transfer-low-4w-40tps-r5_retail-transfer-low_w0_38,1000,transfer_20260917-pilot6_calibration-retail-transfer-low-4w-40tps-r5_retail-transfer-low_w0_r1_310],  with error: Error: Failed to submit trasaction with status code: 11
2026.09.17-14:51:47.075[31m error[39m [caliper] [connectors/peer-gateway/PeerGateway] 	Failed to perform submit transaction [Transfer] using arguments [wlt_c_20260917-pilot6_calibration-retail-transfer-low-4w-40tps-r5_retail-transfer-low_w0_14,wlt_c_20260917-pilot6_calibration-retail-transfer-low-4w-40tps-r5_retail-transfer-low_w0_39,1000,transfer_20260917-pilot6_calibration-retail-transfer-low-4w-40tps-r5_retail-transfer-low_w0_r1_311],  with error: Error: Failed to submit trasaction with status code: 11
2026.09.17-14:51:47.076[31m error[39m [caliper] [connectors/peer-gateway/PeerGateway] 	Failed to perform submit transaction [Transfer] using arguments [wlt_c_20260917-pilot6_calibration-retail-transfer-low-4w-40tps-r5_retail-transfer-low_w0_16,wlt_c_20260917-pilot6_calibration-retail-transfer-low-4w-40tps-r5_retail-transfer-low_w0_41,1000,transfer_20260917-pilot6_calibration-retail-transfer-low-4w-40tps-r5_retail-transfer-low_w0_r1_312],  with error: Error: Failed to submit trasaction with status code: 11
2026.09.17-14:51:47.076[31m error[39m [caliper] [connectors/peer-gateway/PeerGateway] 	Failed to perform submit transaction [Transfer] using arguments [wlt_c_20260917-pilot6_calibration-retail-transfer-low-4w-40tps-r5_retail-transfer-low_w0_19,wlt_c_20260917-pilot6_calibration-retail-transfer-low-4w-40tps-r5_retail-transfer-low_w0_44,1000,transfer_20260917-pilot6_calibration-retail-transfer-low-4w-40tps-r5_retail-transfer-low_w0_r1_315],  with error: Error: Failed to submit trasaction with status code: 11
2026.09.17-14:51:47.071[31m error[39m [caliper] [connectors/peer-gateway/PeerGateway] 	Failed to perform submit transaction [Transfer] using arguments [wlt_c_20260917-pilot6_calibration-retail-transfer-low-4w-40tps-r5_retail-transfer-low_w3_17,wlt_c_20260917-pilot6_calibration-retail-transfer-low-4w-40tps-r5_retail-transfer-low_w3_42,1000,transfer_20260917-pilot6_calibration-retail-transfer-low-4w-40tps-r5_retail-transfer-low_w3_r1_313],  with error: Error: Failed to submit trasaction with status code: 11
2026.09.17-14:51:47.085[31m error[39m [caliper] [connectors/peer-gateway/PeerGateway] 	Failed to perform submit transaction [Transfer] using arguments [wlt_c_20260917-pilot6_calibration-retail-transfer-low-4w-40tps-r5_retail-transfer-low_w1_17,wlt_c_20260917-pilot6_calibration-retail-transfer-low-4w-40tps-r5_retail-transfer-low_w1_42,1000,transfer_20260917-pilot6_calibration-retail-transfer-low-4w-40tps-r5_retail-transfer-low_w1_r1_313],  with error: Error: Failed to submit trasaction with status code: 11
2026.09.17-14:51:47.087[31m error[39m [caliper] [connectors/peer-gateway/PeerGateway] 	Failed to perform submit transaction [Transfer] using arguments [wlt_c_20260917-pilot6_calibration-retail-transfer-low-4w-40tps-r5_retail-transfer-low_w2_14,wlt_c_20260917-pilot6_calibration-retail-transfer-low-4w-40tps-r5_retail-transfer-low_w2_39,1000,transfer_20260917-pilot6_calibration-retail-transfer-low-4w-40tps-r5_retail-transfer-low_w2_r1_311],  with error: Error: Failed to submit trasaction with status code: 11
2026.09.17-14:51:47.216[31m error[39m [caliper] [connectors/peer-gateway/PeerGateway] 	Failed to perform submit transaction [Transfer] using arguments [wlt_c_20260917-pilot6_calibration-retail-transfer-low-4w-40tps-r5_retail-transfer-low_w0_18,wlt_c_20260917-pilot6_calibration-retail-transfer-low-4w-40tps-r5_retail-transfer-low_w0_43,1000,transfer_20260917-pilot6_calibration-retail-transfer-low-4w-40tps-r5_retail-transfer-low_w0_r1_314],  with error: Error: Failed to submit trasaction with status code: 11
2026.09.17-14:51:47.216[31m error[39m [caliper] [connectors/peer-gateway/PeerGateway] 	Failed to perform submit transaction [Transfer] using arguments [wlt_c_20260917-pilot6_calibration-retail-transfer-low-4w-40tps-r5_retail-transfer-low_w0_17,wlt_c_20260917-pilot6_calibration-retail-transfer-low-4w-40tps-r5_retail-transfer-low_w0_42,1000,transfer_20260917-pilot6_calibration-retail-transfer-low-4w-40tps-r5_retail-transfer-low_w0_r1_313],  with error: Error: Failed to submit trasaction with status code: 11
2026.09.17-14:51:47.219[31m error[39m [caliper] [connectors/peer-gateway/PeerGateway] 	Failed to perform submit transaction [Transfer] using arguments [wlt_c_20260917-pilot6_calibration-retail-transfer-low-4w-40tps-r5_retail-transfer-low_w3_18,wlt_c_20260917-pilot6_calibration-retail-transfer-low-4w-40tps-r5_retail-transfer-low_w3_43,1000,transfer_20260917-pilot6_calibration-retail-transfer-low-4w-40tps-r5_retail-transfer-low_w3_r1_314],  with error: Error: Failed to submit trasaction with status code: 11
2026.09.17-14:51:47.222[31m error[39m [caliper] [connectors/peer-gateway/PeerGateway] 	Failed to perform submit transaction [Transfer] using arguments [wlt_c_20260917-pilot6_calibration-retail-transfer-low-4w-40tps-r5_retail-transfer-low_w2_17,wlt_c_20260917-pilot6_calibration-retail-transfer-low-4w-40tps-r5_retail-transfer-low_w2_42,1000,transfer_20260917-pilot6_calibration-retail-transfer-low-4w-40tps-r5_retail-transfer-low_w2_r1_313],  with error: Error: Failed to submit trasaction with status code: 11
2026.09.17-14:51:47.223[31m error[39m [caliper] [connectors/peer-gateway/PeerGateway] 	Failed to perform submit transaction [Transfer] using arguments [wlt_c_20260917-pilot6_calibration-retail-transfer-low-4w-40tps-r5_retail-transfer-low_w1_16,wlt_c_20260917-pilot6_calibration-retail-transfer-low-4w-40tps-r5_retail-transfer-low_w1_41,1000,transfer_20260917-pilot6_calibration-retail-transfer-low-4w-40tps-r5_retail-transfer-low_w1_r1_312],  with error: Error: Failed to submit trasaction with status code: 11
2026.09.17-14:51:47.226[31m error[39m [caliper] [connectors/peer-gateway/PeerGateway] 	Failed to perform submit transaction [Transfer] using arguments [wlt_c_20260917-pilot6_calibration-retail-transfer-low-4w-40tps-r5_retail-transfer-low_w2_16,wlt_c_20260917-pilot6_calibration-retail-transfer-low-4w-40tps-r5_retail-transfer-low_w2_41,1000,transfer_20260917-pilot6_calibration-retail-transfer-low-4w-40tps-r5_retail-transfer-low_w2_r1_312],  with error: Error: Failed to submit trasaction with status code: 11
2026.09.17-14:51:47.230[31m error[39m [caliper] [connectors/peer-gateway/PeerGateway] 	Failed to perform submit transaction [Transfer] using arguments [wlt_c_20260917-pilot6_calibration-retail-transfer-low-4w-40tps-r5_retail-transfer-low_w3_19,wlt_c_20260917-pilot6_calibration-retail-transfer-low-4w-40tps-r5_retail-transfer-low_w3_44,1000,transfer_20260917-pilot6_calibration-retail-transfer-low-4w-40tps-r5_retail-transfer-low_w3_r1_315],  with error: Error: Failed to submit trasaction with status code: 11
2026.09.17-14:51:47.231[31m error[39m [caliper] [connectors/peer-gateway/PeerGateway] 	Failed to perform submit transaction [Transfer] using arguments [wlt_c_20260917-pilot6_calibration-retail-transfer-low-4w-40tps-r5_retail-transfer-low_w2_18,wlt_c_20260917-pilot6_calibration-retail-transfer-low-4w-40tps-r5_retail-transfer-low_w2_43,1000,transfer_20260917-pilot6_calibration-retail-transfer-low-4w-40tps-r5_retail-transfer-low_w2_r1_314],  with error: Error: Failed to submit trasaction with status code: 11
2026.09.17-14:51:47.232[31m error[39m [caliper] [connectors/peer-gateway/PeerGateway] 	Failed to perform submit transaction [Transfer] using arguments [wlt_c_20260917-pilot6_calibration-retail-transfer-low-4w-40tps-r5_retail-transfer-low_w1_18,wlt_c_20260917-pilot6_calibration-retail-transfer-low-4w-40tps-r5_retail-transfer-low_w1_43,1000,transfer_20260917-pilot6_calibration-retail-transfer-low-4w-40tps-r5_retail-transfer-low_w1_r1_314],  with error: Error: Failed to submit trasaction with status code: 11
2026.09.17-14:51:47.233[31m error[39m [caliper] [connectors/peer-gateway/PeerGateway] 	Failed to perform submit transaction [Transfer] using arguments [wlt_c_20260917-pilot6_calibration-retail-transfer-low-4w-40tps-r5_retail-transfer-low_w1_19,wlt_c_20260917-pilot6_calibration-retail-transfer-low-4w-40tps-r5_retail-transfer-low_w1_44,1000,transfer_20260917-pilot6_calibration-retail-transfer-low-4w-40tps-r5_retail-transfer-low_w1_r1_315],  with error: Error: Failed to submit trasaction with status code: 11
2026.09.17-14:51:47.366[31m error[39m [caliper] [connectors/peer-gateway/PeerGateway] 	Failed to perform submit transaction [Transfer] using arguments [wlt_c_20260917-pilot6_calibration-retail-transfer-low-4w-40tps-r5_retail-transfer-low_w1_21,wlt_c_20260917-pilot6_calibration-retail-transfer-low-4w-40tps-r5_retail-transfer-low_w1_46,1000,transfer_20260917-pilot6_calibration-retail-transfer-low-4w-40tps-r5_retail-transfer-low_w1_r1_316],  with error: Error: Failed to submit trasaction with status code: 11
2026.09.17-14:51:47.367[31m error[39m [caliper] [connectors/peer-gateway/PeerGateway] 	Failed to perform submit transaction [Transfer] using arguments [wlt_c_20260917-pilot6_calibration-retail-transfer-low-4w-40tps-r5_retail-transfer-low_w3_21,wlt_c_20260917-pilot6_calibration-retail-transfer-low-4w-40tps-r5_retail-transfer-low_w3_46,1000,transfer_20260917-pilot6_calibration-retail-transfer-low-4w-40tps-r5_retail-transfer-low_w3_r1_316],  with error: Error: Failed to submit trasaction with status code: 11
2026.09.17-14:51:47.367[31m error[39m [caliper] [connectors/peer-gateway/PeerGateway] 	Failed to perform submit transaction [Transfer] using arguments [wlt_c_20260917-pilot6_calibration-retail-transfer-low-4w-40tps-r5_retail-transfer-low_w0_23,wlt_c_20260917-pilot6_calibration-retail-transfer-low-4w-40tps-r5_retail-transfer-low_w0_48,1000,transfer_20260917-pilot6_calibration-retail-transfer-low-4w-40tps-r5_retail-transfer-low_w0_r1_318],  with error: Error: Failed to submit trasaction with status code: 11
2026.09.17-14:51:47.368[31m error[39m [caliper] [connectors/peer-gateway/PeerGateway] 	Failed to perform submit transaction [Transfer] using arguments [wlt_c_20260917-pilot6_calibration-retail-transfer-low-4w-40tps-r5_retail-transfer-low_w3_23,wlt_c_20260917-pilot6_calibration-retail-transfer-low-4w-40tps-r5_retail-transfer-low_w3_48,1000,transfer_20260917-pilot6_calibration-retail-transfer-low-4w-40tps-r5_retail-transfer-low_w3_r1_318],  with error: Error: Failed to submit trasaction with status code: 11
2026.09.17-14:51:47.371[31m error[39m [caliper] [connectors/peer-gateway/PeerGateway] 	Failed to perform submit transaction [Transfer] using arguments [wlt_c_20260917-pilot6_calibration-retail-transfer-low-4w-40tps-r5_retail-transfer-low_w0_21,wlt_c_20260917-pilot6_calibration-retail-transfer-low-4w-40tps-r5_retail-transfer-low_w0_46,1000,transfer_20260917-pilot6_calibration-retail-transfer-low-4w-40tps-r5_retail-transfer-low_w0_r1_316],  with error: Error: Failed to submit trasaction with status code: 11
2026.09.17-14:51:47.373[31m error[39m [caliper] [connectors/peer-gateway/PeerGateway] 	Failed to perform submit transaction [Transfer] using arguments [wlt_c_20260917-pilot6_calibration-retail-transfer-low-4w-40tps-r5_retail-transfer-low_w1_22,wlt_c_20260917-pilot6_calibration-retail-transfer-low-4w-40tps-r5_retail-transfer-low_w1_47,1000,transfer_20260917-pilot6_calibration-retail-transfer-low-4w-40tps-r5_retail-transfer-low_w1_r1_317],  with error: Error: Failed to submit trasaction with status code: 11
2026.09.17-14:51:47.376[31m error[39m [caliper] [connectors/peer-gateway/PeerGateway] 	Failed to perform submit transaction [Transfer] using arguments [wlt_c_20260917-pilot6_calibration-retail-transfer-low-4w-40tps-r5_retail-transfer-low_w2_22,wlt_c_20260917-pilot6_calibration-retail-transfer-low-4w-40tps-r5_retail-transfer-low_w2_47,1000,transfer_20260917-pilot6_calibration-retail-transfer-low-4w-40tps-r5_retail-transfer-low_w2_r1_317],  with error: Error: Failed to submit trasaction with status code: 11
2026.09.17-14:51:47.376[31m error[39m [caliper] [connectors/peer-gateway/PeerGateway] 	Failed to perform submit transaction [Transfer] using arguments [wlt_c_20260917-pilot6_calibration-retail-transfer-low-4w-40tps-r5_retail-transfer-low_w2_23,wlt_c_20260917-pilot6_calibration-retail-transfer-low-4w-40tps-r5_retail-transfer-low_w2_48,1000,transfer_20260917-pilot6_calibration-retail-transfer-low-4w-40tps-r5_retail-transfer-low_w2_r1_318],  with error: Error: Failed to submit trasaction with status code: 11
2026.09.17-14:51:47.382[31m error[39m [caliper] [connectors/peer-gateway/PeerGateway] 	Failed to perform submit transaction [Transfer] using arguments [wlt_c_20260917-pilot6_calibration-retail-transfer-low-4w-40tps-r5_retail-transfer-low_w0_22,wlt_c_20260917-pilot6_calibration-retail-transfer-low-4w-40tps-r5_retail-transfer-low_w0_47,1000,transfer_20260917-pilot6_calibration-retail-transfer-low-4w-40tps-r5_retail-transfer-low_w0_r1_317],  with error: Error: Failed to submit trasaction with status code: 11
2026.09.17-14:51:47.390[31m error[39m [caliper] [connectors/peer-gateway/PeerGateway] 	Failed to perform submit transaction [Transfer] using arguments [wlt_c_20260917-pilot6_calibration-retail-transfer-low-4w-40tps-r5_retail-transfer-low_w0_24,wlt_c_20260917-pilot6_calibration-retail-transfer-low-4w-40tps-r5_retail-transfer-low_w0_49,1000,transfer_20260917-pilot6_calibration-retail-transfer-low-4w-40tps-r5_retail-transfer-low_w0_r1_319],  with error: Error: Failed to submit trasaction with status code: 11
2026.09.17-14:51:47.510[31m error[39m [caliper] [connectors/peer-gateway/PeerGateway] 	Failed to perform submit transaction [Transfer] using arguments [wlt_c_20260917-pilot6_calibration-retail-transfer-low-4w-40tps-r5_retail-transfer-low_w1_1,wlt_c_20260917-pilot6_calibration-retail-transfer-low-4w-40tps-r5_retail-transfer-low_w1_26,1000,transfer_20260917-pilot6_calibration-retail-transfer-low-4w-40tps-r5_retail-transfer-low_w1_r1_320],  with error: Error: Failed to submit trasaction with status code: 11
2026.09.17-14:51:47.511[31m error[39m [caliper] [connectors/peer-gateway/PeerGateway] 	Failed to perform submit transaction [Transfer] using arguments [wlt_c_20260917-pilot6_calibration-retail-transfer-low-4w-40tps-r5_retail-transfer-low_w1_23,wlt_c_20260917-pilot6_calibration-retail-transfer-low-4w-40tps-r5_retail-transfer-low_w1_48,1000,transfer_20260917-pilot6_calibration-retail-transfer-low-4w-40tps-r5_retail-transfer-low_w1_r1_318],  with error: Error: Failed to submit trasaction with status code: 11
2026.09.17-14:51:47.511[31m error[39m [caliper] [connectors/peer-gateway/PeerGateway] 	Failed to perform submit transaction [Transfer] using arguments [wlt_c_20260917-pilot6_calibration-retail-transfer-low-4w-40tps-r5_retail-transfer-low_w1_24,wlt_c_20260917-pilot6_calibration-retail-transfer-low-4w-40tps-r5_retail-transfer-low_w1_49,1000,transfer_20260917-pilot6_calibration-retail-transfer-low-4w-40tps-r5_retail-transfer-low_w1_r1_319],  with error: Error: Failed to submit trasaction with status code: 11
2026.09.17-14:51:47.511[31m error[39m [caliper] [connectors/peer-gateway/PeerGateway] 	Failed to perform submit transaction [Transfer] using arguments [wlt_c_20260917-pilot6_calibration-retail-transfer-low-4w-40tps-r5_retail-transfer-low_w0_1,wlt_c_20260917-pilot6_calibration-retail-transfer-low-4w-40tps-r5_retail-transfer-low_w0_26,1000,transfer_20260917-pilot6_calibration-retail-transfer-low-4w-40tps-r5_retail-transfer-low_w0_r1_320],  with error: Error: Failed to submit trasaction with status code: 11
2026.09.17-14:51:47.521[31m error[39m [caliper] [connectors/peer-gateway/PeerGateway] 	Failed to perform submit transaction [Transfer] using arguments [wlt_c_20260917-pilot6_calibration-retail-transfer-low-4w-40tps-r5_retail-transfer-low_w2_1,wlt_c_20260917-pilot6_calibration-retail-transfer-low-4w-40tps-r5_retail-transfer-low_w2_26,1000,transfer_20260917-pilot6_calibration-retail-transfer-low-4w-40tps-r5_retail-transfer-low_w2_r1_320],  with error: Error: Failed to submit trasaction with status code: 11
2026.09.17-14:51:47.522[31m error[39m [caliper] [connectors/peer-gateway/PeerGateway] 	Failed to perform submit transaction [Transfer] using arguments [wlt_c_20260917-pilot6_calibration-retail-transfer-low-4w-40tps-r5_retail-transfer-low_w2_19,wlt_c_20260917-pilot6_calibration-retail-transfer-low-4w-40tps-r5_retail-transfer-low_w2_44,1000,transfer_20260917-pilot6_calibration-retail-transfer-low-4w-40tps-r5_retail-transfer-low_w2_r1_315],  with error: Error: Failed to submit trasaction with status code: 11
2026.09.17-14:51:47.522[31m error[39m [caliper] [connectors/peer-gateway/PeerGateway] 	Failed to perform submit transaction [Transfer] using arguments [wlt_c_20260917-pilot6_calibration-retail-transfer-low-4w-40tps-r5_retail-transfer-low_w2_24,wlt_c_20260917-pilot6_calibration-retail-transfer-low-4w-40tps-r5_retail-transfer-low_w2_49,1000,transfer_20260917-pilot6_calibration-retail-transfer-low-4w-40tps-r5_retail-transfer-low_w2_r1_319],  with error: Error: Failed to submit trasaction with status code: 11
2026.09.17-14:51:47.522[31m error[39m [caliper] [connectors/peer-gateway/PeerGateway] 	Failed to perform submit transaction [Transfer] using arguments [wlt_c_20260917-pilot6_calibration-retail-transfer-low-4w-40tps-r5_retail-transfer-low_w2_21,wlt_c_20260917-pilot6_calibration-retail-transfer-low-4w-40tps-r5_retail-transfer-low_w2_46,1000,transfer_20260917-pilot6_calibration-retail-transfer-low-4w-40tps-r5_retail-transfer-low_w2_r1_316],  with error: Error: Failed to submit trasaction with status code: 11
2026.09.17-14:51:47.558[31m error[39m [caliper] [connectors/peer-gateway/PeerGateway] 	Failed to perform submit transaction [Transfer] using arguments [wlt_c_20260917-pilot6_calibration-retail-transfer-low-4w-40tps-r5_retail-transfer-low_w3_22,wlt_c_20260917-pilot6_calibration-retail-transfer-low-4w-40tps-r5_retail-transfer-low_w3_47,1000,transfer_20260917-pilot6_calibration-retail-transfer-low-4w-40tps-r5_retail-transfer-low_w3_r1_317],  with error: Error: Failed to submit trasaction with status code: 11
2026.09.17-14:51:47.564[31m error[39m [caliper] [connectors/peer-gateway/PeerGateway] 	Failed to perform submit transaction [Transfer] using arguments [wlt_c_20260917-pilot6_calibration-retail-transfer-low-4w-40tps-r5_retail-transfer-low_w3_24,wlt_c_20260917-pilot6_calibration-retail-transfer-low-4w-40tps-r5_retail-transfer-low_w3_49,1000,transfer_20260917-pilot6_calibration-retail-transfer-low-4w-40tps-r5_retail-transfer-low_w3_r1_319],  with error: Error: Failed to submit trasaction with status code: 11
2026.09.17-14:51:47.878[31m error[39m [caliper] [connectors/peer-gateway/PeerGateway] 	Failed to perform submit transaction [Transfer] using arguments [wlt_c_20260917-pilot6_calibration-retail-transfer-low-4w-40tps-r5_retail-transfer-low_w0_2,wlt_c_20260917-pilot6_calibration-retail-transfer-low-4w-40tps-r5_retail-transfer-low_w0_27,1000,transfer_20260917-pilot6_calibration-retail-transfer-low-4w-40tps-r5_retail-transfer-low_w0_r1_321],  with error: Error: Failed to submit trasaction with status code: 11
2026.09.17-14:51:47.879[31m error[39m [caliper] [connectors/peer-gateway/PeerGateway] 	Failed to perform submit transaction [Transfer] using arguments [wlt_c_20260917-pilot6_calibration-retail-transfer-low-4w-40tps-r5_retail-transfer-low_w3_2,wlt_c_20260917-pilot6_calibration-retail-transfer-low-4w-40tps-r5_retail-transfer-low_w3_27,1000,transfer_20260917-pilot6_calibration-retail-transfer-low-4w-40tps-r5_retail-transfer-low_w3_r1_321],  with error: Error: Failed to submit trasaction with status code: 11
2026.09.17-14:51:47.880[31m error[39m [caliper] [connectors/peer-gateway/PeerGateway] 	Failed to perform submit transaction [Transfer] using arguments [wlt_c_20260917-pilot6_calibration-retail-transfer-low-4w-40tps-r5_retail-transfer-low_w3_1,wlt_c_20260917-pilot6_calibration-retail-transfer-low-4w-40tps-r5_retail-transfer-low_w3_26,1000,transfer_20260917-pilot6_calibration-retail-transfer-low-4w-40tps-r5_retail-transfer-low_w3_r1_320],  with error: Error: Failed to submit trasaction with status code: 11
2026.09.17-14:51:47.894[31m error[39m [caliper] [connectors/peer-gateway/PeerGateway] 	Failed to perform submit transaction [Transfer] using arguments [wlt_c_20260917-pilot6_calibration-retail-transfer-low-4w-40tps-r5_retail-transfer-low_w3_4,wlt_c_20260917-pilot6_calibration-retail-transfer-low-4w-40tps-r5_retail-transfer-low_w3_29,1000,transfer_20260917-pilot6_calibration-retail-transfer-low-4w-40tps-r5_retail-transfer-low_w3_r1_323],  with error: Error: Failed to submit trasaction with status code: 11
2026.09.17-14:51:47.895[31m error[39m [caliper] [connectors/peer-gateway/PeerGateway] 	Failed to perform submit transaction [Transfer] using arguments [wlt_c_20260917-pilot6_calibration-retail-transfer-low-4w-40tps-r5_retail-transfer-low_w3_3,wlt_c_20260917-pilot6_calibration-retail-transfer-low-4w-40tps-r5_retail-transfer-low_w3_28,1000,transfer_20260917-pilot6_calibration-retail-transfer-low-4w-40tps-r5_retail-transfer-low_w3_r1_322],  with error: Error: Failed to submit trasaction with status code: 11
2026.09.17-14:51:47.900[31m error[39m [caliper] [connectors/peer-gateway/PeerGateway] 	Failed to perform submit transaction [Transfer] using arguments [wlt_c_20260917-pilot6_calibration-retail-transfer-low-4w-40tps-r5_retail-transfer-low_w2_3,wlt_c_20260917-pilot6_calibration-retail-transfer-low-4w-40tps-r5_retail-transfer-low_w2_28,1000,transfer_20260917-pilot6_calibration-retail-transfer-low-4w-40tps-r5_retail-transfer-low_w2_r1_322],  with error: Error: Failed to submit trasaction with status code: 11
2026.09.17-14:51:48.224[31m error[39m [caliper] [connectors/peer-gateway/PeerGateway] 	Failed to perform submit transaction [Transfer] using arguments [wlt_c_20260917-pilot6_calibration-retail-transfer-low-4w-40tps-r5_retail-transfer-low_w1_6,wlt_c_20260917-pilot6_calibration-retail-transfer-low-4w-40tps-r5_retail-transfer-low_w1_31,1000,transfer_20260917-pilot6_calibration-retail-transfer-low-4w-40tps-r5_retail-transfer-low_w1_r1_324],  with error: Error: Failed to submit trasaction with status code: 11
2026.09.17-14:51:48.225[31m error[39m [caliper] [connectors/peer-gateway/PeerGateway] 	Failed to perform submit transaction [Transfer] using arguments [wlt_c_20260917-pilot6_calibration-retail-transfer-low-4w-40tps-r5_retail-transfer-low_w0_3,wlt_c_20260917-pilot6_calibration-retail-transfer-low-4w-40tps-r5_retail-transfer-low_w0_28,1000,transfer_20260917-pilot6_calibration-retail-transfer-low-4w-40tps-r5_retail-transfer-low_w0_r1_322],  with error: Error: Failed to submit trasaction with status code: 11
2026.09.17-14:51:48.226[31m error[39m [caliper] [connectors/peer-gateway/PeerGateway] 	Failed to perform submit transaction [Transfer] using arguments [wlt_c_20260917-pilot6_calibration-retail-transfer-low-4w-40tps-r5_retail-transfer-low_w0_4,wlt_c_20260917-pilot6_calibration-retail-transfer-low-4w-40tps-r5_retail-transfer-low_w0_29,1000,transfer_20260917-pilot6_calibration-retail-transfer-low-4w-40tps-r5_retail-transfer-low_w0_r1_323],  with error: Error: Failed to submit trasaction with status code: 11
2026.09.17-14:51:48.226[31m error[39m [caliper] [connectors/peer-gateway/PeerGateway] 	Failed to perform submit transaction [Transfer] using arguments [wlt_c_20260917-pilot6_calibration-retail-transfer-low-4w-40tps-r5_retail-transfer-low_w0_6,wlt_c_20260917-pilot6_calibration-retail-transfer-low-4w-40tps-r5_retail-transfer-low_w0_31,1000,transfer_20260917-pilot6_calibration-retail-transfer-low-4w-40tps-r5_retail-transfer-low_w0_r1_324],  with error: Error: Failed to submit trasaction with status code: 11
2026.09.17-14:51:48.227[31m error[39m [caliper] [connectors/peer-gateway/PeerGateway] 	Failed to perform submit transaction [Transfer] using arguments [wlt_c_20260917-pilot6_calibration-retail-transfer-low-4w-40tps-r5_retail-transfer-low_w0_7,wlt_c_20260917-pilot6_calibration-retail-transfer-low-4w-40tps-r5_retail-transfer-low_w0_32,1000,transfer_20260917-pilot6_calibration-retail-transfer-low-4w-40tps-r5_retail-transfer-low_w0_r1_325],  with error: Error: Failed to submit trasaction with status code: 11
2026.09.17-14:51:48.227[31m error[39m [caliper] [connectors/peer-gateway/PeerGateway] 	Failed to perform submit transaction [Transfer] using arguments [wlt_c_20260917-pilot6_calibration-retail-transfer-low-4w-40tps-r5_retail-transfer-low_w2_7,wlt_c_20260917-pilot6_calibration-retail-transfer-low-4w-40tps-r5_retail-transfer-low_w2_32,1000,transfer_20260917-pilot6_calibration-retail-transfer-low-4w-40tps-r5_retail-transfer-low_w2_r1_325],  with error: Error: Failed to submit trasaction with status code: 11
2026.09.17-14:51:48.231[31m error[39m [caliper] [connectors/peer-gateway/PeerGateway] 	Failed to perform submit transaction [Transfer] using arguments [wlt_c_20260917-pilot6_calibration-retail-transfer-low-4w-40tps-r5_retail-transfer-low_w2_4,wlt_c_20260917-pilot6_calibration-retail-transfer-low-4w-40tps-r5_retail-transfer-low_w2_29,1000,transfer_20260917-pilot6_calibration-retail-transfer-low-4w-40tps-r5_retail-transfer-low_w2_r1_323],  with error: Error: Failed to submit trasaction with status code: 11
2026.09.17-14:51:48.232[31m error[39m [caliper] [connectors/peer-gateway/PeerGateway] 	Failed to perform submit transaction [Transfer] using arguments [wlt_c_20260917-pilot6_calibration-retail-transfer-low-4w-40tps-r5_retail-transfer-low_w2_6,wlt_c_20260917-pilot6_calibration-retail-transfer-low-4w-40tps-r5_retail-transfer-low_w2_31,1000,transfer_20260917-pilot6_calibration-retail-transfer-low-4w-40tps-r5_retail-transfer-low_w2_r1_324],  with error: Error: Failed to submit trasaction with status code: 11
2026.09.17-14:51:48.248[31m error[39m [caliper] [connectors/peer-gateway/PeerGateway] 	Failed to perform submit transaction [Transfer] using arguments [wlt_c_20260917-pilot6_calibration-retail-transfer-low-4w-40tps-r5_retail-transfer-low_w3_7,wlt_c_20260917-pilot6_calibration-retail-transfer-low-4w-40tps-r5_retail-transfer-low_w3_32,1000,transfer_20260917-pilot6_calibration-retail-transfer-low-4w-40tps-r5_retail-transfer-low_w3_r1_325],  with error: Error: Failed to submit trasaction with status code: 11
2026.09.17-14:51:48.615[31m error[39m [caliper] [connectors/peer-gateway/PeerGateway] 	Failed to perform submit transaction [Transfer] using arguments [wlt_c_20260917-pilot6_calibration-retail-transfer-low-4w-40tps-r5_retail-transfer-low_w2_9,wlt_c_20260917-pilot6_calibration-retail-transfer-low-4w-40tps-r5_retail-transfer-low_w2_34,1000,transfer_20260917-pilot6_calibration-retail-transfer-low-4w-40tps-r5_retail-transfer-low_w2_r1_327],  with error: Error: Failed to submit trasaction with status code: 11
2026.09.17-14:51:48.618[31m error[39m [caliper] [connectors/peer-gateway/PeerGateway] 	Failed to perform submit transaction [Transfer] using arguments [wlt_c_20260917-pilot6_calibration-retail-transfer-low-4w-40tps-r5_retail-transfer-low_w2_8,wlt_c_20260917-pilot6_calibration-retail-transfer-low-4w-40tps-r5_retail-transfer-low_w2_33,1000,transfer_20260917-pilot6_calibration-retail-transfer-low-4w-40tps-r5_retail-transfer-low_w2_r1_326],  with error: Error: Failed to submit trasaction with status code: 11
2026.09.17-14:51:48.626[31m error[39m [caliper] [connectors/peer-gateway/PeerGateway] 	Failed to perform submit transaction [Transfer] using arguments [wlt_c_20260917-pilot6_calibration-retail-transfer-low-4w-40tps-r5_retail-transfer-low_w0_8,wlt_c_20260917-pilot6_calibration-retail-transfer-low-4w-40tps-r5_retail-transfer-low_w0_33,1000,transfer_20260917-pilot6_calibration-retail-transfer-low-4w-40tps-r5_retail-transfer-low_w0_r1_326],  with error: Error: Failed to submit trasaction with status code: 11
2026.09.17-14:51:48.627[31m error[39m [caliper] [connectors/peer-gateway/PeerGateway] 	Failed to perform submit transaction [Transfer] using arguments [wlt_c_20260917-pilot6_calibration-retail-transfer-low-4w-40tps-r5_retail-transfer-low_w0_9,wlt_c_20260917-pilot6_calibration-retail-transfer-low-4w-40tps-r5_retail-transfer-low_w0_34,1000,transfer_20260917-pilot6_calibration-retail-transfer-low-4w-40tps-r5_retail-transfer-low_w0_r1_327],  with error: Error: Failed to submit trasaction with status code: 11
2026.09.17-14:51:48.643[31m error[39m [caliper] [connectors/peer-gateway/PeerGateway] 	Failed to perform submit transaction [Transfer] using arguments [wlt_c_20260917-pilot6_calibration-retail-transfer-low-4w-40tps-r5_retail-transfer-low_w3_9,wlt_c_20260917-pilot6_calibration-retail-transfer-low-4w-40tps-r5_retail-transfer-low_w3_34,1000,transfer_20260917-pilot6_calibration-retail-transfer-low-4w-40tps-r5_retail-transfer-low_w3_r1_327],  with error: Error: Failed to submit trasaction with status code: 11
2026.09.17-14:51:48.644[31m error[39m [caliper] [connectors/peer-gateway/PeerGateway] 	Failed to perform submit transaction [Transfer] using arguments [wlt_c_20260917-pilot6_calibration-retail-transfer-low-4w-40tps-r5_retail-transfer-low_w3_8,wlt_c_20260917-pilot6_calibration-retail-transfer-low-4w-40tps-r5_retail-transfer-low_w3_33,1000,transfer_20260917-pilot6_calibration-retail-transfer-low-4w-40tps-r5_retail-transfer-low_w3_r1_326],  with error: Error: Failed to submit trasaction with status code: 11
2026.09.17-14:51:48.661[31m error[39m [caliper] [connectors/peer-gateway/PeerGateway] 	Failed to perform submit transaction [Transfer] using arguments [wlt_c_20260917-pilot6_calibration-retail-transfer-low-4w-40tps-r5_retail-transfer-low_w1_8,wlt_c_20260917-pilot6_calibration-retail-transfer-low-4w-40tps-r5_retail-transfer-low_w1_33,1000,transfer_20260917-pilot6_calibration-retail-transfer-low-4w-40tps-r5_retail-transfer-low_w1_r1_326],  with error: Error: Failed to submit trasaction with status code: 11
2026.09.17-14:51:48.951[31m error[39m [caliper] [connectors/peer-gateway/PeerGateway] 	Failed to perform submit transaction [Transfer] using arguments [wlt_c_20260917-pilot6_calibration-retail-transfer-low-4w-40tps-r5_retail-transfer-low_w3_11,wlt_c_20260917-pilot6_calibration-retail-transfer-low-4w-40tps-r5_retail-transfer-low_w3_36,1000,transfer_20260917-pilot6_calibration-retail-transfer-low-4w-40tps-r5_retail-transfer-low_w3_r1_328],  with error: Error: Failed to submit trasaction with status code: 11
2026.09.17-14:51:48.955[31m error[39m [caliper] [connectors/peer-gateway/PeerGateway] 	Failed to perform submit transaction [Transfer] using arguments [wlt_c_20260917-pilot6_calibration-retail-transfer-low-4w-40tps-r5_retail-transfer-low_w2_11,wlt_c_20260917-pilot6_calibration-retail-transfer-low-4w-40tps-r5_retail-transfer-low_w2_36,1000,transfer_20260917-pilot6_calibration-retail-transfer-low-4w-40tps-r5_retail-transfer-low_w2_r1_328],  with error: Error: Failed to submit trasaction with status code: 11
2026.09.17-14:51:48.956[31m error[39m [caliper] [connectors/peer-gateway/PeerGateway] 	Failed to perform submit transaction [Transfer] using arguments [wlt_c_20260917-pilot6_calibration-retail-transfer-low-4w-40tps-r5_retail-transfer-low_w2_12,wlt_c_20260917-pilot6_calibration-retail-transfer-low-4w-40tps-r5_retail-transfer-low_w2_37,1000,transfer_20260917-pilot6_calibration-retail-transfer-low-4w-40tps-r5_retail-transfer-low_w2_r1_329],  with error: Error: Failed to submit trasaction with status code: 11
2026.09.17-14:51:48.963[31m error[39m [caliper] [connectors/peer-gateway/PeerGateway] 	Failed to perform submit transaction [Transfer] using arguments [wlt_c_20260917-pilot6_calibration-retail-transfer-low-4w-40tps-r5_retail-transfer-low_w3_12,wlt_c_20260917-pilot6_calibration-retail-transfer-low-4w-40tps-r5_retail-transfer-low_w3_37,1000,transfer_20260917-pilot6_calibration-retail-transfer-low-4w-40tps-r5_retail-transfer-low_w3_r1_329],  with error: Error: Failed to submit trasaction with status code: 11
2026.09.17-14:51:48.964[31m error[39m [caliper] [connectors/peer-gateway/PeerGateway] 	Failed to perform submit transaction [Transfer] using arguments [wlt_c_20260917-pilot6_calibration-retail-transfer-low-4w-40tps-r5_retail-transfer-low_w3_13,wlt_c_20260917-pilot6_calibration-retail-transfer-low-4w-40tps-r5_retail-transfer-low_w3_38,1000,transfer_20260917-pilot6_calibration-retail-transfer-low-4w-40tps-r5_retail-transfer-low_w3_r1_330],  with error: Error: Failed to submit trasaction with status code: 11
2026.09.17-14:51:48.957[31m error[39m [caliper] [connectors/peer-gateway/PeerGateway] 	Failed to perform submit transaction [Transfer] using arguments [wlt_c_20260917-pilot6_calibration-retail-transfer-low-4w-40tps-r5_retail-transfer-low_w1_12,wlt_c_20260917-pilot6_calibration-retail-transfer-low-4w-40tps-r5_retail-transfer-low_w1_37,1000,transfer_20260917-pilot6_calibration-retail-transfer-low-4w-40tps-r5_retail-transfer-low_w1_r1_329],  with error: Error: Failed to submit trasaction with status code: 11
2026.09.17-14:51:48.983[31m error[39m [caliper] [connectors/peer-gateway/PeerGateway] 	Failed to perform submit transaction [Transfer] using arguments [wlt_c_20260917-pilot6_calibration-retail-transfer-low-4w-40tps-r5_retail-transfer-low_w1_13,wlt_c_20260917-pilot6_calibration-retail-transfer-low-4w-40tps-r5_retail-transfer-low_w1_38,1000,transfer_20260917-pilot6_calibration-retail-transfer-low-4w-40tps-r5_retail-transfer-low_w1_r1_330],  with error: Error: Failed to submit trasaction with status code: 11
2026.09.17-14:51:49.006[31m error[39m [caliper] [connectors/peer-gateway/PeerGateway] 	Failed to perform submit transaction [Transfer] using arguments [wlt_c_20260917-pilot6_calibration-retail-transfer-low-4w-40tps-r5_retail-transfer-low_w0_13,wlt_c_20260917-pilot6_calibration-retail-transfer-low-4w-40tps-r5_retail-transfer-low_w0_38,1000,transfer_20260917-pilot6_calibration-retail-transfer-low-4w-40tps-r5_retail-transfer-low_w0_r1_330],  with error: Error: Failed to submit trasaction with status code: 11
2026.09.17-14:51:49.017[31m error[39m [caliper] [connectors/peer-gateway/PeerGateway] 	Failed to perform submit transaction [Transfer] using arguments [wlt_c_20260917-pilot6_calibration-retail-transfer-low-4w-40tps-r5_retail-transfer-low_w0_11,wlt_c_20260917-pilot6_calibration-retail-transfer-low-4w-40tps-r5_retail-transfer-low_w0_36,1000,transfer_20260917-pilot6_calibration-retail-transfer-low-4w-40tps-r5_retail-transfer-low_w0_r1_328],  with error: Error: Failed to submit trasaction with status code: 11
2026.09.17-14:51:49.017[31m error[39m [caliper] [connectors/peer-gateway/PeerGateway] 	Failed to perform submit transaction [Transfer] using arguments [wlt_c_20260917-pilot6_calibration-retail-transfer-low-4w-40tps-r5_retail-transfer-low_w0_12,wlt_c_20260917-pilot6_calibration-retail-transfer-low-4w-40tps-r5_retail-transfer-low_w0_37,1000,transfer_20260917-pilot6_calibration-retail-transfer-low-4w-40tps-r5_retail-transfer-low_w0_r1_329],  with error: Error: Failed to submit trasaction with status code: 11
2026.09.17-14:51:49.038[32m info [39m [caliper] [default-observer] 	[retail-transfer-low-40tps Round 1 Transaction Info] - Submitted: 1676 Succ: 499 Fail:779 Unfinished:398
2026.09.17-14:51:49.260[31m error[39m [caliper] [connectors/peer-gateway/PeerGateway] 	Failed to perform submit transaction [Transfer] using arguments [wlt_c_20260917-pilot6_calibration-retail-transfer-low-4w-40tps-r5_retail-transfer-low_w3_14,wlt_c_20260917-pilot6_calibration-retail-transfer-low-4w-40tps-r5_retail-transfer-low_w3_39,1000,transfer_20260917-pilot6_calibration-retail-transfer-low-4w-40tps-r5_retail-transfer-low_w3_r1_331],  with error: Error: Failed to submit trasaction with status code: 11
2026.09.17-14:51:49.260[31m error[39m [caliper] [connectors/peer-gateway/PeerGateway] 	Failed to perform submit transaction [Transfer] using arguments [wlt_c_20260917-pilot6_calibration-retail-transfer-low-4w-40tps-r5_retail-transfer-low_w3_17,wlt_c_20260917-pilot6_calibration-retail-transfer-low-4w-40tps-r5_retail-transfer-low_w3_42,1000,transfer_20260917-pilot6_calibration-retail-transfer-low-4w-40tps-r5_retail-transfer-low_w3_r1_333],  with error: Error: Failed to submit trasaction with status code: 11
2026.09.17-14:51:49.285[31m error[39m [caliper] [connectors/peer-gateway/PeerGateway] 	Failed to perform submit transaction [Transfer] using arguments [wlt_c_20260917-pilot6_calibration-retail-transfer-low-4w-40tps-r5_retail-transfer-low_w1_17,wlt_c_20260917-pilot6_calibration-retail-transfer-low-4w-40tps-r5_retail-transfer-low_w1_42,1000,transfer_20260917-pilot6_calibration-retail-transfer-low-4w-40tps-r5_retail-transfer-low_w1_r1_333],  with error: Error: Failed to submit trasaction with status code: 11
2026.09.17-14:51:49.306[31m error[39m [caliper] [connectors/peer-gateway/PeerGateway] 	Failed to perform submit transaction [Transfer] using arguments [wlt_c_20260917-pilot6_calibration-retail-transfer-low-4w-40tps-r5_retail-transfer-low_w0_14,wlt_c_20260917-pilot6_calibration-retail-transfer-low-4w-40tps-r5_retail-transfer-low_w0_39,1000,transfer_20260917-pilot6_calibration-retail-transfer-low-4w-40tps-r5_retail-transfer-low_w0_r1_331],  with error: Error: Failed to submit trasaction with status code: 11
2026.09.17-14:51:49.299[31m error[39m [caliper] [connectors/peer-gateway/PeerGateway] 	Failed to perform submit transaction [Transfer] using arguments [wlt_c_20260917-pilot6_calibration-retail-transfer-low-4w-40tps-r5_retail-transfer-low_w2_16,wlt_c_20260917-pilot6_calibration-retail-transfer-low-4w-40tps-r5_retail-transfer-low_w2_41,1000,transfer_20260917-pilot6_calibration-retail-transfer-low-4w-40tps-r5_retail-transfer-low_w2_r1_332],  with error: Error: Failed to submit trasaction with status code: 11
2026.09.17-14:51:49.313[31m error[39m [caliper] [connectors/peer-gateway/PeerGateway] 	Failed to perform submit transaction [Transfer] using arguments [wlt_c_20260917-pilot6_calibration-retail-transfer-low-4w-40tps-r5_retail-transfer-low_w2_13,wlt_c_20260917-pilot6_calibration-retail-transfer-low-4w-40tps-r5_retail-transfer-low_w2_38,1000,transfer_20260917-pilot6_calibration-retail-transfer-low-4w-40tps-r5_retail-transfer-low_w2_r1_330],  with error: Error: Failed to submit trasaction with status code: 11
2026.09.17-14:51:49.313[31m error[39m [caliper] [connectors/peer-gateway/PeerGateway] 	Failed to perform submit transaction [Transfer] using arguments [wlt_c_20260917-pilot6_calibration-retail-transfer-low-4w-40tps-r5_retail-transfer-low_w2_14,wlt_c_20260917-pilot6_calibration-retail-transfer-low-4w-40tps-r5_retail-transfer-low_w2_39,1000,transfer_20260917-pilot6_calibration-retail-transfer-low-4w-40tps-r5_retail-transfer-low_w2_r1_331],  with error: Error: Failed to submit trasaction with status code: 11
2026.09.17-14:51:49.313[31m error[39m [caliper] [connectors/peer-gateway/PeerGateway] 	Failed to perform submit transaction [Transfer] using arguments [wlt_c_20260917-pilot6_calibration-retail-transfer-low-4w-40tps-r5_retail-transfer-low_w2_18,wlt_c_20260917-pilot6_calibration-retail-transfer-low-4w-40tps-r5_retail-transfer-low_w2_43,1000,transfer_20260917-pilot6_calibration-retail-transfer-low-4w-40tps-r5_retail-transfer-low_w2_r1_334],  with error: Error: Failed to submit trasaction with status code: 11
2026.09.17-14:51:49.318[31m error[39m [caliper] [connectors/peer-gateway/PeerGateway] 	Failed to perform submit transaction [Transfer] using arguments [wlt_c_20260917-pilot6_calibration-retail-transfer-low-4w-40tps-r5_retail-transfer-low_w0_16,wlt_c_20260917-pilot6_calibration-retail-transfer-low-4w-40tps-r5_retail-transfer-low_w0_41,1000,transfer_20260917-pilot6_calibration-retail-transfer-low-4w-40tps-r5_retail-transfer-low_w0_r1_332],  with error: Error: Failed to submit trasaction with status code: 11
2026.09.17-14:51:49.320[31m error[39m [caliper] [connectors/peer-gateway/PeerGateway] 	Failed to perform submit transaction [Transfer] using arguments [wlt_c_20260917-pilot6_calibration-retail-transfer-low-4w-40tps-r5_retail-transfer-low_w0_17,wlt_c_20260917-pilot6_calibration-retail-transfer-low-4w-40tps-r5_retail-transfer-low_w0_42,1000,transfer_20260917-pilot6_calibration-retail-transfer-low-4w-40tps-r5_retail-transfer-low_w0_r1_333],  with error: Error: Failed to submit trasaction with status code: 11
2026.09.17-14:51:49.461[31m error[39m [caliper] [connectors/peer-gateway/PeerGateway] 	Failed to perform submit transaction [Transfer] using arguments [wlt_c_20260917-pilot6_calibration-retail-transfer-low-4w-40tps-r5_retail-transfer-low_w3_19,wlt_c_20260917-pilot6_calibration-retail-transfer-low-4w-40tps-r5_retail-transfer-low_w3_44,1000,transfer_20260917-pilot6_calibration-retail-transfer-low-4w-40tps-r5_retail-transfer-low_w3_r1_335],  with error: Error: Failed to submit trasaction with status code: 11
2026.09.17-14:51:49.463[31m error[39m [caliper] [connectors/peer-gateway/PeerGateway] 	Failed to perform submit transaction [Transfer] using arguments [wlt_c_20260917-pilot6_calibration-retail-transfer-low-4w-40tps-r5_retail-transfer-low_w1_18,wlt_c_20260917-pilot6_calibration-retail-transfer-low-4w-40tps-r5_retail-transfer-low_w1_43,1000,transfer_20260917-pilot6_calibration-retail-transfer-low-4w-40tps-r5_retail-transfer-low_w1_r1_334],  with error: Error: Failed to submit trasaction with status code: 11
2026.09.17-14:51:49.465[31m error[39m [caliper] [connectors/peer-gateway/PeerGateway] 	Failed to perform submit transaction [Transfer] using arguments [wlt_c_20260917-pilot6_calibration-retail-transfer-low-4w-40tps-r5_retail-transfer-low_w0_18,wlt_c_20260917-pilot6_calibration-retail-transfer-low-4w-40tps-r5_retail-transfer-low_w0_43,1000,transfer_20260917-pilot6_calibration-retail-transfer-low-4w-40tps-r5_retail-transfer-low_w0_r1_334],  with error: Error: Failed to submit trasaction with status code: 11
2026.09.17-14:51:49.469[31m error[39m [caliper] [connectors/peer-gateway/PeerGateway] 	Failed to perform submit transaction [Transfer] using arguments [wlt_c_20260917-pilot6_calibration-retail-transfer-low-4w-40tps-r5_retail-transfer-low_w3_18,wlt_c_20260917-pilot6_calibration-retail-transfer-low-4w-40tps-r5_retail-transfer-low_w3_43,1000,transfer_20260917-pilot6_calibration-retail-transfer-low-4w-40tps-r5_retail-transfer-low_w3_r1_334],  with error: Error: Failed to submit trasaction with status code: 11
2026.09.17-14:51:49.472[31m error[39m [caliper] [connectors/peer-gateway/PeerGateway] 	Failed to perform submit transaction [Transfer] using arguments [wlt_c_20260917-pilot6_calibration-retail-transfer-low-4w-40tps-r5_retail-transfer-low_w1_16,wlt_c_20260917-pilot6_calibration-retail-transfer-low-4w-40tps-r5_retail-transfer-low_w1_41,1000,transfer_20260917-pilot6_calibration-retail-transfer-low-4w-40tps-r5_retail-transfer-low_w1_r1_332],  with error: Error: Failed to submit trasaction with status code: 11
2026.09.17-14:51:49.469[31m error[39m [caliper] [connectors/peer-gateway/PeerGateway] 	Failed to perform submit transaction [Transfer] using arguments [wlt_c_20260917-pilot6_calibration-retail-transfer-low-4w-40tps-r5_retail-transfer-low_w2_17,wlt_c_20260917-pilot6_calibration-retail-transfer-low-4w-40tps-r5_retail-transfer-low_w2_42,1000,transfer_20260917-pilot6_calibration-retail-transfer-low-4w-40tps-r5_retail-transfer-low_w2_r1_333],  with error: Error: Failed to submit trasaction with status code: 11
2026.09.17-14:51:49.473[31m error[39m [caliper] [connectors/peer-gateway/PeerGateway] 	Failed to perform submit transaction [Transfer] using arguments [wlt_c_20260917-pilot6_calibration-retail-transfer-low-4w-40tps-r5_retail-transfer-low_w2_21,wlt_c_20260917-pilot6_calibration-retail-transfer-low-4w-40tps-r5_retail-transfer-low_w2_46,1000,transfer_20260917-pilot6_calibration-retail-transfer-low-4w-40tps-r5_retail-transfer-low_w2_r1_336],  with error: Error: Failed to submit trasaction with status code: 11
2026.09.17-14:51:49.474[31m error[39m [caliper] [connectors/peer-gateway/PeerGateway] 	Failed to perform submit transaction [Transfer] using arguments [wlt_c_20260917-pilot6_calibration-retail-transfer-low-4w-40tps-r5_retail-transfer-low_w1_14,wlt_c_20260917-pilot6_calibration-retail-transfer-low-4w-40tps-r5_retail-transfer-low_w1_39,1000,transfer_20260917-pilot6_calibration-retail-transfer-low-4w-40tps-r5_retail-transfer-low_w1_r1_331],  with error: Error: Failed to submit trasaction with status code: 11
2026.09.17-14:51:49.474[31m error[39m [caliper] [connectors/peer-gateway/PeerGateway] 	Failed to perform submit transaction [Transfer] using arguments [wlt_c_20260917-pilot6_calibration-retail-transfer-low-4w-40tps-r5_retail-transfer-low_w1_21,wlt_c_20260917-pilot6_calibration-retail-transfer-low-4w-40tps-r5_retail-transfer-low_w1_46,1000,transfer_20260917-pilot6_calibration-retail-transfer-low-4w-40tps-r5_retail-transfer-low_w1_r1_336],  with error: Error: Failed to submit trasaction with status code: 11
2026.09.17-14:51:49.477[31m error[39m [caliper] [connectors/peer-gateway/PeerGateway] 	Failed to perform submit transaction [Transfer] using arguments [wlt_c_20260917-pilot6_calibration-retail-transfer-low-4w-40tps-r5_retail-transfer-low_w3_16,wlt_c_20260917-pilot6_calibration-retail-transfer-low-4w-40tps-r5_retail-transfer-low_w3_41,1000,transfer_20260917-pilot6_calibration-retail-transfer-low-4w-40tps-r5_retail-transfer-low_w3_r1_332],  with error: Error: Failed to submit trasaction with status code: 11
2026.09.17-14:51:49.632[31m error[39m [caliper] [connectors/peer-gateway/PeerGateway] 	Failed to perform submit transaction [Transfer] using arguments [wlt_c_20260917-pilot6_calibration-retail-transfer-low-4w-40tps-r5_retail-transfer-low_w1_23,wlt_c_20260917-pilot6_calibration-retail-transfer-low-4w-40tps-r5_retail-transfer-low_w1_48,1000,transfer_20260917-pilot6_calibration-retail-transfer-low-4w-40tps-r5_retail-transfer-low_w1_r1_338],  with error: Error: Failed to submit trasaction with status code: 11
2026.09.17-14:51:49.646[31m error[39m [caliper] [connectors/peer-gateway/PeerGateway] 	Failed to perform submit transaction [Transfer] using arguments [wlt_c_20260917-pilot6_calibration-retail-transfer-low-4w-40tps-r5_retail-transfer-low_w3_21,wlt_c_20260917-pilot6_calibration-retail-transfer-low-4w-40tps-r5_retail-transfer-low_w3_46,1000,transfer_20260917-pilot6_calibration-retail-transfer-low-4w-40tps-r5_retail-transfer-low_w3_r1_336],  with error: Error: Failed to submit trasaction with status code: 11
2026.09.17-14:51:49.647[31m error[39m [caliper] [connectors/peer-gateway/PeerGateway] 	Failed to perform submit transaction [Transfer] using arguments [wlt_c_20260917-pilot6_calibration-retail-transfer-low-4w-40tps-r5_retail-transfer-low_w1_19,wlt_c_20260917-pilot6_calibration-retail-transfer-low-4w-40tps-r5_retail-transfer-low_w1_44,1000,transfer_20260917-pilot6_calibration-retail-transfer-low-4w-40tps-r5_retail-transfer-low_w1_r1_335],  with error: Error: Failed to submit trasaction with status code: 11
2026.09.17-14:51:49.642[31m error[39m [caliper] [connectors/peer-gateway/PeerGateway] 	Failed to perform submit transaction [Transfer] using arguments [wlt_c_20260917-pilot6_calibration-retail-transfer-low-4w-40tps-r5_retail-transfer-low_w0_19,wlt_c_20260917-pilot6_calibration-retail-transfer-low-4w-40tps-r5_retail-transfer-low_w0_44,1000,transfer_20260917-pilot6_calibration-retail-transfer-low-4w-40tps-r5_retail-transfer-low_w0_r1_335],  with error: Error: Failed to submit trasaction with status code: 11
2026.09.17-14:51:49.652[31m error[39m [caliper] [connectors/peer-gateway/PeerGateway] 	Failed to perform submit transaction [Transfer] using arguments [wlt_c_20260917-pilot6_calibration-retail-transfer-low-4w-40tps-r5_retail-transfer-low_w0_21,wlt_c_20260917-pilot6_calibration-retail-transfer-low-4w-40tps-r5_retail-transfer-low_w0_46,1000,transfer_20260917-pilot6_calibration-retail-transfer-low-4w-40tps-r5_retail-transfer-low_w0_r1_336],  with error: Error: Failed to submit trasaction with status code: 11
2026.09.17-14:51:49.664[31m error[39m [caliper] [connectors/peer-gateway/PeerGateway] 	Failed to perform submit transaction [Transfer] using arguments [wlt_c_20260917-pilot6_calibration-retail-transfer-low-4w-40tps-r5_retail-transfer-low_w0_22,wlt_c_20260917-pilot6_calibration-retail-transfer-low-4w-40tps-r5_retail-transfer-low_w0_47,1000,transfer_20260917-pilot6_calibration-retail-transfer-low-4w-40tps-r5_retail-transfer-low_w0_r1_337],  with error: Error: Failed to submit trasaction with status code: 11
2026.09.17-14:51:49.667[31m error[39m [caliper] [connectors/peer-gateway/PeerGateway] 	Failed to perform submit transaction [Transfer] using arguments [wlt_c_20260917-pilot6_calibration-retail-transfer-low-4w-40tps-r5_retail-transfer-low_w2_19,wlt_c_20260917-pilot6_calibration-retail-transfer-low-4w-40tps-r5_retail-transfer-low_w2_44,1000,transfer_20260917-pilot6_calibration-retail-transfer-low-4w-40tps-r5_retail-transfer-low_w2_r1_335],  with error: Error: Failed to submit trasaction with status code: 11
2026.09.17-14:51:49.668[31m error[39m [caliper] [connectors/peer-gateway/PeerGateway] 	Failed to perform submit transaction [Transfer] using arguments [wlt_c_20260917-pilot6_calibration-retail-transfer-low-4w-40tps-r5_retail-transfer-low_w1_22,wlt_c_20260917-pilot6_calibration-retail-transfer-low-4w-40tps-r5_retail-transfer-low_w1_47,1000,transfer_20260917-pilot6_calibration-retail-transfer-low-4w-40tps-r5_retail-transfer-low_w1_r1_337],  with error: Error: Failed to submit trasaction with status code: 11
2026.09.17-14:51:49.670[31m error[39m [caliper] [connectors/peer-gateway/PeerGateway] 	Failed to perform submit transaction [Transfer] using arguments [wlt_c_20260917-pilot6_calibration-retail-transfer-low-4w-40tps-r5_retail-transfer-low_w0_23,wlt_c_20260917-pilot6_calibration-retail-transfer-low-4w-40tps-r5_retail-transfer-low_w0_48,1000,transfer_20260917-pilot6_calibration-retail-transfer-low-4w-40tps-r5_retail-transfer-low_w0_r1_338],  with error: Error: Failed to submit trasaction with status code: 11
2026.09.17-14:51:49.672[31m error[39m [caliper] [connectors/peer-gateway/PeerGateway] 	Failed to perform submit transaction [Transfer] using arguments [wlt_c_20260917-pilot6_calibration-retail-transfer-low-4w-40tps-r5_retail-transfer-low_w2_23,wlt_c_20260917-pilot6_calibration-retail-transfer-low-4w-40tps-r5_retail-transfer-low_w2_48,1000,transfer_20260917-pilot6_calibration-retail-transfer-low-4w-40tps-r5_retail-transfer-low_w2_r1_338],  with error: Error: Failed to submit trasaction with status code: 11
2026.09.17-14:51:49.788[31m error[39m [caliper] [connectors/peer-gateway/PeerGateway] 	Failed to perform submit transaction [Transfer] using arguments [wlt_c_20260917-pilot6_calibration-retail-transfer-low-4w-40tps-r5_retail-transfer-low_w0_1,wlt_c_20260917-pilot6_calibration-retail-transfer-low-4w-40tps-r5_retail-transfer-low_w0_26,1000,transfer_20260917-pilot6_calibration-retail-transfer-low-4w-40tps-r5_retail-transfer-low_w0_r1_340],  with error: Error: Failed to submit trasaction with status code: 11
2026.09.17-14:51:49.789[31m error[39m [caliper] [connectors/peer-gateway/PeerGateway] 	Failed to perform submit transaction [Transfer] using arguments [wlt_c_20260917-pilot6_calibration-retail-transfer-low-4w-40tps-r5_retail-transfer-low_w0_24,wlt_c_20260917-pilot6_calibration-retail-transfer-low-4w-40tps-r5_retail-transfer-low_w0_49,1000,transfer_20260917-pilot6_calibration-retail-transfer-low-4w-40tps-r5_retail-transfer-low_w0_r1_339],  with error: Error: Failed to submit trasaction with status code: 11
2026.09.17-14:51:49.790[31m error[39m [caliper] [connectors/peer-gateway/PeerGateway] 	Failed to perform submit transaction [Transfer] using arguments [wlt_c_20260917-pilot6_calibration-retail-transfer-low-4w-40tps-r5_retail-transfer-low_w1_24,wlt_c_20260917-pilot6_calibration-retail-transfer-low-4w-40tps-r5_retail-transfer-low_w1_49,1000,transfer_20260917-pilot6_calibration-retail-transfer-low-4w-40tps-r5_retail-transfer-low_w1_r1_339],  with error: Error: Failed to submit trasaction with status code: 11
2026.09.17-14:51:49.796[31m error[39m [caliper] [connectors/peer-gateway/PeerGateway] 	Failed to perform submit transaction [Transfer] using arguments [wlt_c_20260917-pilot6_calibration-retail-transfer-low-4w-40tps-r5_retail-transfer-low_w3_23,wlt_c_20260917-pilot6_calibration-retail-transfer-low-4w-40tps-r5_retail-transfer-low_w3_48,1000,transfer_20260917-pilot6_calibration-retail-transfer-low-4w-40tps-r5_retail-transfer-low_w3_r1_338],  with error: Error: Failed to submit trasaction with status code: 11
2026.09.17-14:51:49.798[31m error[39m [caliper] [connectors/peer-gateway/PeerGateway] 	Failed to perform submit transaction [Transfer] using arguments [wlt_c_20260917-pilot6_calibration-retail-transfer-low-4w-40tps-r5_retail-transfer-low_w3_22,wlt_c_20260917-pilot6_calibration-retail-transfer-low-4w-40tps-r5_retail-transfer-low_w3_47,1000,transfer_20260917-pilot6_calibration-retail-transfer-low-4w-40tps-r5_retail-transfer-low_w3_r1_337],  with error: Error: Failed to submit trasaction with status code: 11
2026.09.17-14:51:49.798[31m error[39m [caliper] [connectors/peer-gateway/PeerGateway] 	Failed to perform submit transaction [Transfer] using arguments [wlt_c_20260917-pilot6_calibration-retail-transfer-low-4w-40tps-r5_retail-transfer-low_w3_24,wlt_c_20260917-pilot6_calibration-retail-transfer-low-4w-40tps-r5_retail-transfer-low_w3_49,1000,transfer_20260917-pilot6_calibration-retail-transfer-low-4w-40tps-r5_retail-transfer-low_w3_r1_339],  with error: Error: Failed to submit trasaction with status code: 11
2026.09.17-14:51:49.799[31m error[39m [caliper] [connectors/peer-gateway/PeerGateway] 	Failed to perform submit transaction [Transfer] using arguments [wlt_c_20260917-pilot6_calibration-retail-transfer-low-4w-40tps-r5_retail-transfer-low_w3_1,wlt_c_20260917-pilot6_calibration-retail-transfer-low-4w-40tps-r5_retail-transfer-low_w3_26,1000,transfer_20260917-pilot6_calibration-retail-transfer-low-4w-40tps-r5_retail-transfer-low_w3_r1_340],  with error: Error: Failed to submit trasaction with status code: 11
2026.09.17-14:51:49.804[31m error[39m [caliper] [connectors/peer-gateway/PeerGateway] 	Failed to perform submit transaction [Transfer] using arguments [wlt_c_20260917-pilot6_calibration-retail-transfer-low-4w-40tps-r5_retail-transfer-low_w2_1,wlt_c_20260917-pilot6_calibration-retail-transfer-low-4w-40tps-r5_retail-transfer-low_w2_26,1000,transfer_20260917-pilot6_calibration-retail-transfer-low-4w-40tps-r5_retail-transfer-low_w2_r1_340],  with error: Error: Failed to submit trasaction with status code: 11
2026.09.17-14:51:49.805[31m error[39m [caliper] [connectors/peer-gateway/PeerGateway] 	Failed to perform submit transaction [Transfer] using arguments [wlt_c_20260917-pilot6_calibration-retail-transfer-low-4w-40tps-r5_retail-transfer-low_w2_22,wlt_c_20260917-pilot6_calibration-retail-transfer-low-4w-40tps-r5_retail-transfer-low_w2_47,1000,transfer_20260917-pilot6_calibration-retail-transfer-low-4w-40tps-r5_retail-transfer-low_w2_r1_337],  with error: Error: Failed to submit trasaction with status code: 11
2026.09.17-14:51:49.805[31m error[39m [caliper] [connectors/peer-gateway/PeerGateway] 	Failed to perform submit transaction [Transfer] using arguments [wlt_c_20260917-pilot6_calibration-retail-transfer-low-4w-40tps-r5_retail-transfer-low_w2_24,wlt_c_20260917-pilot6_calibration-retail-transfer-low-4w-40tps-r5_retail-transfer-low_w2_49,1000,transfer_20260917-pilot6_calibration-retail-transfer-low-4w-40tps-r5_retail-transfer-low_w2_r1_339],  with error: Error: Failed to submit trasaction with status code: 11
2026.09.17-14:51:49.944[31m error[39m [caliper] [connectors/peer-gateway/PeerGateway] 	Failed to perform submit transaction [Transfer] using arguments [wlt_c_20260917-pilot6_calibration-retail-transfer-low-4w-40tps-r5_retail-transfer-low_w2_2,wlt_c_20260917-pilot6_calibration-retail-transfer-low-4w-40tps-r5_retail-transfer-low_w2_27,1000,transfer_20260917-pilot6_calibration-retail-transfer-low-4w-40tps-r5_retail-transfer-low_w2_r1_341],  with error: Error: Failed to submit trasaction with status code: 11
2026.09.17-14:51:49.947[31m error[39m [caliper] [connectors/peer-gateway/PeerGateway] 	Failed to perform submit transaction [Transfer] using arguments [wlt_c_20260917-pilot6_calibration-retail-transfer-low-4w-40tps-r5_retail-transfer-low_w3_3,wlt_c_20260917-pilot6_calibration-retail-transfer-low-4w-40tps-r5_retail-transfer-low_w3_28,1000,transfer_20260917-pilot6_calibration-retail-transfer-low-4w-40tps-r5_retail-transfer-low_w3_r1_342],  with error: Error: Failed to submit trasaction with status code: 11
2026.09.17-14:51:49.956[31m error[39m [caliper] [connectors/peer-gateway/PeerGateway] 	Failed to perform submit transaction [Transfer] using arguments [wlt_c_20260917-pilot6_calibration-retail-transfer-low-4w-40tps-r5_retail-transfer-low_w3_4,wlt_c_20260917-pilot6_calibration-retail-transfer-low-4w-40tps-r5_retail-transfer-low_w3_29,1000,transfer_20260917-pilot6_calibration-retail-transfer-low-4w-40tps-r5_retail-transfer-low_w3_r1_343],  with error: Error: Failed to submit trasaction with status code: 11
2026.09.17-14:51:49.956[31m error[39m [caliper] [connectors/peer-gateway/PeerGateway] 	Failed to perform submit transaction [Transfer] using arguments [wlt_c_20260917-pilot6_calibration-retail-transfer-low-4w-40tps-r5_retail-transfer-low_w0_4,wlt_c_20260917-pilot6_calibration-retail-transfer-low-4w-40tps-r5_retail-transfer-low_w0_29,1000,transfer_20260917-pilot6_calibration-retail-transfer-low-4w-40tps-r5_retail-transfer-low_w0_r1_343],  with error: Error: Failed to submit trasaction with status code: 11
2026.09.17-14:51:49.957[31m error[39m [caliper] [connectors/peer-gateway/PeerGateway] 	Failed to perform submit transaction [Transfer] using arguments [wlt_c_20260917-pilot6_calibration-retail-transfer-low-4w-40tps-r5_retail-transfer-low_w0_3,wlt_c_20260917-pilot6_calibration-retail-transfer-low-4w-40tps-r5_retail-transfer-low_w0_28,1000,transfer_20260917-pilot6_calibration-retail-transfer-low-4w-40tps-r5_retail-transfer-low_w0_r1_342],  with error: Error: Failed to submit trasaction with status code: 11
2026.09.17-14:51:49.957[31m error[39m [caliper] [connectors/peer-gateway/PeerGateway] 	Failed to perform submit transaction [Transfer] using arguments [wlt_c_20260917-pilot6_calibration-retail-transfer-low-4w-40tps-r5_retail-transfer-low_w1_1,wlt_c_20260917-pilot6_calibration-retail-transfer-low-4w-40tps-r5_retail-transfer-low_w1_26,1000,transfer_20260917-pilot6_calibration-retail-transfer-low-4w-40tps-r5_retail-transfer-low_w1_r1_340],  with error: Error: Failed to submit trasaction with status code: 11
2026.09.17-14:51:49.957[31m error[39m [caliper] [connectors/peer-gateway/PeerGateway] 	Failed to perform submit transaction [Transfer] using arguments [wlt_c_20260917-pilot6_calibration-retail-transfer-low-4w-40tps-r5_retail-transfer-low_w0_2,wlt_c_20260917-pilot6_calibration-retail-transfer-low-4w-40tps-r5_retail-transfer-low_w0_27,1000,transfer_20260917-pilot6_calibration-retail-transfer-low-4w-40tps-r5_retail-transfer-low_w0_r1_341],  with error: Error: Failed to submit trasaction with status code: 11
2026.09.17-14:51:49.957[31m error[39m [caliper] [connectors/peer-gateway/PeerGateway] 	Failed to perform submit transaction [Transfer] using arguments [wlt_c_20260917-pilot6_calibration-retail-transfer-low-4w-40tps-r5_retail-transfer-low_w1_2,wlt_c_20260917-pilot6_calibration-retail-transfer-low-4w-40tps-r5_retail-transfer-low_w1_27,1000,transfer_20260917-pilot6_calibration-retail-transfer-low-4w-40tps-r5_retail-transfer-low_w1_r1_341],  with error: Error: Failed to submit trasaction with status code: 11
2026.09.17-14:51:49.964[31m error[39m [caliper] [connectors/peer-gateway/PeerGateway] 	Failed to perform submit transaction [Transfer] using arguments [wlt_c_20260917-pilot6_calibration-retail-transfer-low-4w-40tps-r5_retail-transfer-low_w1_3,wlt_c_20260917-pilot6_calibration-retail-transfer-low-4w-40tps-r5_retail-transfer-low_w1_28,1000,transfer_20260917-pilot6_calibration-retail-transfer-low-4w-40tps-r5_retail-transfer-low_w1_r1_342],  with error: Error: Failed to submit trasaction with status code: 11
2026.09.17-14:51:49.965[31m error[39m [caliper] [connectors/peer-gateway/PeerGateway] 	Failed to perform submit transaction [Transfer] using arguments [wlt_c_20260917-pilot6_calibration-retail-transfer-low-4w-40tps-r5_retail-transfer-low_w1_4,wlt_c_20260917-pilot6_calibration-retail-transfer-low-4w-40tps-r5_retail-transfer-low_w1_29,1000,transfer_20260917-pilot6_calibration-retail-transfer-low-4w-40tps-r5_retail-transfer-low_w1_r1_343],  with error: Error: Failed to submit trasaction with status code: 11
2026.09.17-14:51:50.174[31m error[39m [caliper] [connectors/peer-gateway/PeerGateway] 	Failed to perform submit transaction [Transfer] using arguments [wlt_c_20260917-pilot6_calibration-retail-transfer-low-4w-40tps-r5_retail-transfer-low_w3_2,wlt_c_20260917-pilot6_calibration-retail-transfer-low-4w-40tps-r5_retail-transfer-low_w3_27,1000,transfer_20260917-pilot6_calibration-retail-transfer-low-4w-40tps-r5_retail-transfer-low_w3_r1_341],  with error: Error: Failed to submit trasaction with status code: 11
2026.09.17-14:51:50.177[31m error[39m [caliper] [connectors/peer-gateway/PeerGateway] 	Failed to perform submit transaction [Transfer] using arguments [wlt_c_20260917-pilot6_calibration-retail-transfer-low-4w-40tps-r5_retail-transfer-low_w2_7,wlt_c_20260917-pilot6_calibration-retail-transfer-low-4w-40tps-r5_retail-transfer-low_w2_32,1000,transfer_20260917-pilot6_calibration-retail-transfer-low-4w-40tps-r5_retail-transfer-low_w2_r1_345],  with error: Error: Failed to submit trasaction with status code: 11
2026.09.17-14:51:50.191[31m error[39m [caliper] [connectors/peer-gateway/PeerGateway] 	Failed to perform submit transaction [Transfer] using arguments [wlt_c_20260917-pilot6_calibration-retail-transfer-low-4w-40tps-r5_retail-transfer-low_w0_6,wlt_c_20260917-pilot6_calibration-retail-transfer-low-4w-40tps-r5_retail-transfer-low_w0_31,1000,transfer_20260917-pilot6_calibration-retail-transfer-low-4w-40tps-r5_retail-transfer-low_w0_r1_344],  with error: Error: Failed to submit trasaction with status code: 11
2026.09.17-14:51:50.192[31m error[39m [caliper] [connectors/peer-gateway/PeerGateway] 	Failed to perform submit transaction [Transfer] using arguments [wlt_c_20260917-pilot6_calibration-retail-transfer-low-4w-40tps-r5_retail-transfer-low_w0_7,wlt_c_20260917-pilot6_calibration-retail-transfer-low-4w-40tps-r5_retail-transfer-low_w0_32,1000,transfer_20260917-pilot6_calibration-retail-transfer-low-4w-40tps-r5_retail-transfer-low_w0_r1_345],  with error: Error: Failed to submit trasaction with status code: 11
2026.09.17-14:51:50.193[31m error[39m [caliper] [connectors/peer-gateway/PeerGateway] 	Failed to perform submit transaction [Transfer] using arguments [wlt_c_20260917-pilot6_calibration-retail-transfer-low-4w-40tps-r5_retail-transfer-low_w2_3,wlt_c_20260917-pilot6_calibration-retail-transfer-low-4w-40tps-r5_retail-transfer-low_w2_28,1000,transfer_20260917-pilot6_calibration-retail-transfer-low-4w-40tps-r5_retail-transfer-low_w2_r1_342],  with error: Error: Failed to submit trasaction with status code: 11
2026.09.17-14:51:50.203[31m error[39m [caliper] [connectors/peer-gateway/PeerGateway] 	Failed to perform submit transaction [Transfer] using arguments [wlt_c_20260917-pilot6_calibration-retail-transfer-low-4w-40tps-r5_retail-transfer-low_w1_7,wlt_c_20260917-pilot6_calibration-retail-transfer-low-4w-40tps-r5_retail-transfer-low_w1_32,1000,transfer_20260917-pilot6_calibration-retail-transfer-low-4w-40tps-r5_retail-transfer-low_w1_r1_345],  with error: Error: Failed to submit trasaction with status code: 11
2026.09.17-14:51:50.207[31m error[39m [caliper] [connectors/peer-gateway/PeerGateway] 	Failed to perform submit transaction [Transfer] using arguments [wlt_c_20260917-pilot6_calibration-retail-transfer-low-4w-40tps-r5_retail-transfer-low_w3_6,wlt_c_20260917-pilot6_calibration-retail-transfer-low-4w-40tps-r5_retail-transfer-low_w3_31,1000,transfer_20260917-pilot6_calibration-retail-transfer-low-4w-40tps-r5_retail-transfer-low_w3_r1_344],  with error: Error: Failed to submit trasaction with status code: 11
2026.09.17-14:51:50.210[31m error[39m [caliper] [connectors/peer-gateway/PeerGateway] 	Failed to perform submit transaction [Transfer] using arguments [wlt_c_20260917-pilot6_calibration-retail-transfer-low-4w-40tps-r5_retail-transfer-low_w2_4,wlt_c_20260917-pilot6_calibration-retail-transfer-low-4w-40tps-r5_retail-transfer-low_w2_29,1000,transfer_20260917-pilot6_calibration-retail-transfer-low-4w-40tps-r5_retail-transfer-low_w2_r1_343],  with error: Error: Failed to submit trasaction with status code: 11
2026.09.17-14:51:50.210[31m error[39m [caliper] [connectors/peer-gateway/PeerGateway] 	Failed to perform submit transaction [Transfer] using arguments [wlt_c_20260917-pilot6_calibration-retail-transfer-low-4w-40tps-r5_retail-transfer-low_w2_6,wlt_c_20260917-pilot6_calibration-retail-transfer-low-4w-40tps-r5_retail-transfer-low_w2_31,1000,transfer_20260917-pilot6_calibration-retail-transfer-low-4w-40tps-r5_retail-transfer-low_w2_r1_344],  with error: Error: Failed to submit trasaction with status code: 11
2026.09.17-14:51:50.413[31m error[39m [caliper] [connectors/peer-gateway/PeerGateway] 	Failed to perform submit transaction [Transfer] using arguments [wlt_c_20260917-pilot6_calibration-retail-transfer-low-4w-40tps-r5_retail-transfer-low_w0_11,wlt_c_20260917-pilot6_calibration-retail-transfer-low-4w-40tps-r5_retail-transfer-low_w0_36,1000,transfer_20260917-pilot6_calibration-retail-transfer-low-4w-40tps-r5_retail-transfer-low_w0_r1_348],  with error: Error: Failed to submit trasaction with status code: 11
2026.09.17-14:51:50.415[31m error[39m [caliper] [connectors/peer-gateway/PeerGateway] 	Failed to perform submit transaction [Transfer] using arguments [wlt_c_20260917-pilot6_calibration-retail-transfer-low-4w-40tps-r5_retail-transfer-low_w1_9,wlt_c_20260917-pilot6_calibration-retail-transfer-low-4w-40tps-r5_retail-transfer-low_w1_34,1000,transfer_20260917-pilot6_calibration-retail-transfer-low-4w-40tps-r5_retail-transfer-low_w1_r1_347],  with error: Error: Failed to submit trasaction with status code: 11
2026.09.17-14:51:50.416[31m error[39m [caliper] [connectors/peer-gateway/PeerGateway] 	Failed to perform submit transaction [Transfer] using arguments [wlt_c_20260917-pilot6_calibration-retail-transfer-low-4w-40tps-r5_retail-transfer-low_w0_8,wlt_c_20260917-pilot6_calibration-retail-transfer-low-4w-40tps-r5_retail-transfer-low_w0_33,1000,transfer_20260917-pilot6_calibration-retail-transfer-low-4w-40tps-r5_retail-transfer-low_w0_r1_346],  with error: Error: Failed to submit trasaction with status code: 11
2026.09.17-14:51:50.803[31m error[39m [caliper] [connectors/peer-gateway/PeerGateway] 	Failed to perform submit transaction [Transfer] using arguments [wlt_c_20260917-pilot6_calibration-retail-transfer-low-4w-40tps-r5_retail-transfer-low_w2_11,wlt_c_20260917-pilot6_calibration-retail-transfer-low-4w-40tps-r5_retail-transfer-low_w2_36,1000,transfer_20260917-pilot6_calibration-retail-transfer-low-4w-40tps-r5_retail-transfer-low_w2_r1_348],  with error: Error: Failed to submit trasaction with status code: 11
2026.09.17-14:51:50.814[31m error[39m [caliper] [connectors/peer-gateway/PeerGateway] 	Failed to perform submit transaction [Transfer] using arguments [wlt_c_20260917-pilot6_calibration-retail-transfer-low-4w-40tps-r5_retail-transfer-low_w1_11,wlt_c_20260917-pilot6_calibration-retail-transfer-low-4w-40tps-r5_retail-transfer-low_w1_36,1000,transfer_20260917-pilot6_calibration-retail-transfer-low-4w-40tps-r5_retail-transfer-low_w1_r1_348],  with error: Error: Failed to submit trasaction with status code: 11
2026.09.17-14:51:50.821[31m error[39m [caliper] [connectors/peer-gateway/PeerGateway] 	Failed to perform submit transaction [Transfer] using arguments [wlt_c_20260917-pilot6_calibration-retail-transfer-low-4w-40tps-r5_retail-transfer-low_w3_11,wlt_c_20260917-pilot6_calibration-retail-transfer-low-4w-40tps-r5_retail-transfer-low_w3_36,1000,transfer_20260917-pilot6_calibration-retail-transfer-low-4w-40tps-r5_retail-transfer-low_w3_r1_348],  with error: Error: Failed to submit trasaction with status code: 11
2026.09.17-14:51:51.183[31m error[39m [caliper] [connectors/peer-gateway/PeerGateway] 	Failed to perform submit transaction [Transfer] using arguments [wlt_c_20260917-pilot6_calibration-retail-transfer-low-4w-40tps-r5_retail-transfer-low_w0_17,wlt_c_20260917-pilot6_calibration-retail-transfer-low-4w-40tps-r5_retail-transfer-low_w0_42,1000,transfer_20260917-pilot6_calibration-retail-transfer-low-4w-40tps-r5_retail-transfer-low_w0_r1_353],  with error: Error: Failed to submit trasaction with status code: 11
2026.09.17-14:51:51.224[31m error[39m [caliper] [connectors/peer-gateway/PeerGateway] 	Failed to perform submit transaction [Transfer] using arguments [wlt_c_20260917-pilot6_calibration-retail-transfer-low-4w-40tps-r5_retail-transfer-low_w1_14,wlt_c_20260917-pilot6_calibration-retail-transfer-low-4w-40tps-r5_retail-transfer-low_w1_39,1000,transfer_20260917-pilot6_calibration-retail-transfer-low-4w-40tps-r5_retail-transfer-low_w1_r1_351],  with error: Error: Failed to submit trasaction with status code: 11
2026.09.17-14:51:51.224[31m error[39m [caliper] [connectors/peer-gateway/PeerGateway] 	Failed to perform submit transaction [Transfer] using arguments [wlt_c_20260917-pilot6_calibration-retail-transfer-low-4w-40tps-r5_retail-transfer-low_w1_16,wlt_c_20260917-pilot6_calibration-retail-transfer-low-4w-40tps-r5_retail-transfer-low_w1_41,1000,transfer_20260917-pilot6_calibration-retail-transfer-low-4w-40tps-r5_retail-transfer-low_w1_r1_352],  with error: Error: Failed to submit trasaction with status code: 11
2026.09.17-14:51:51.529[31m error[39m [caliper] [connectors/peer-gateway/PeerGateway] 	Failed to perform submit transaction [Transfer] using arguments [wlt_c_20260917-pilot6_calibration-retail-transfer-low-4w-40tps-r5_retail-transfer-low_w2_18,wlt_c_20260917-pilot6_calibration-retail-transfer-low-4w-40tps-r5_retail-transfer-low_w2_43,1000,transfer_20260917-pilot6_calibration-retail-transfer-low-4w-40tps-r5_retail-transfer-low_w2_r1_354],  with error: Error: Failed to submit trasaction with status code: 11
2026.09.17-14:51:51.533[31m error[39m [caliper] [connectors/peer-gateway/PeerGateway] 	Failed to perform submit transaction [Transfer] using arguments [wlt_c_20260917-pilot6_calibration-retail-transfer-low-4w-40tps-r5_retail-transfer-low_w2_19,wlt_c_20260917-pilot6_calibration-retail-transfer-low-4w-40tps-r5_retail-transfer-low_w2_44,1000,transfer_20260917-pilot6_calibration-retail-transfer-low-4w-40tps-r5_retail-transfer-low_w2_r1_355],  with error: Error: Failed to submit trasaction with status code: 11
2026.09.17-14:51:51.534[31m error[39m [caliper] [connectors/peer-gateway/PeerGateway] 	Failed to perform submit transaction [Transfer] using arguments [wlt_c_20260917-pilot6_calibration-retail-transfer-low-4w-40tps-r5_retail-transfer-low_w2_17,wlt_c_20260917-pilot6_calibration-retail-transfer-low-4w-40tps-r5_retail-transfer-low_w2_42,1000,transfer_20260917-pilot6_calibration-retail-transfer-low-4w-40tps-r5_retail-transfer-low_w2_r1_353],  with error: Error: Failed to submit trasaction with status code: 11
2026.09.17-14:51:51.605[31m error[39m [caliper] [connectors/peer-gateway/PeerGateway] 	Failed to perform submit transaction [Transfer] using arguments [wlt_c_20260917-pilot6_calibration-retail-transfer-low-4w-40tps-r5_retail-transfer-low_w3_18,wlt_c_20260917-pilot6_calibration-retail-transfer-low-4w-40tps-r5_retail-transfer-low_w3_43,1000,transfer_20260917-pilot6_calibration-retail-transfer-low-4w-40tps-r5_retail-transfer-low_w3_r1_354],  with error: Error: Failed to submit trasaction with status code: 11
2026.09.17-14:51:51.612[31m error[39m [caliper] [connectors/peer-gateway/PeerGateway] 	Failed to perform submit transaction [Transfer] using arguments [wlt_c_20260917-pilot6_calibration-retail-transfer-low-4w-40tps-r5_retail-transfer-low_w3_17,wlt_c_20260917-pilot6_calibration-retail-transfer-low-4w-40tps-r5_retail-transfer-low_w3_42,1000,transfer_20260917-pilot6_calibration-retail-transfer-low-4w-40tps-r5_retail-transfer-low_w3_r1_353],  with error: Error: Failed to submit trasaction with status code: 11
2026.09.17-14:51:51.625[31m error[39m [caliper] [connectors/peer-gateway/PeerGateway] 	Failed to perform submit transaction [Transfer] using arguments [wlt_c_20260917-pilot6_calibration-retail-transfer-low-4w-40tps-r5_retail-transfer-low_w1_18,wlt_c_20260917-pilot6_calibration-retail-transfer-low-4w-40tps-r5_retail-transfer-low_w1_43,1000,transfer_20260917-pilot6_calibration-retail-transfer-low-4w-40tps-r5_retail-transfer-low_w1_r1_354],  with error: Error: Failed to submit trasaction with status code: 11
2026.09.17-14:51:51.625[31m error[39m [caliper] [connectors/peer-gateway/PeerGateway] 	Failed to perform submit transaction [Transfer] using arguments [wlt_c_20260917-pilot6_calibration-retail-transfer-low-4w-40tps-r5_retail-transfer-low_w1_19,wlt_c_20260917-pilot6_calibration-retail-transfer-low-4w-40tps-r5_retail-transfer-low_w1_44,1000,transfer_20260917-pilot6_calibration-retail-transfer-low-4w-40tps-r5_retail-transfer-low_w1_r1_355],  with error: Error: Failed to submit trasaction with status code: 11
2026.09.17-14:51:51.626[31m error[39m [caliper] [connectors/peer-gateway/PeerGateway] 	Failed to perform submit transaction [Transfer] using arguments [wlt_c_20260917-pilot6_calibration-retail-transfer-low-4w-40tps-r5_retail-transfer-low_w1_17,wlt_c_20260917-pilot6_calibration-retail-transfer-low-4w-40tps-r5_retail-transfer-low_w1_42,1000,transfer_20260917-pilot6_calibration-retail-transfer-low-4w-40tps-r5_retail-transfer-low_w1_r1_353],  with error: Error: Failed to submit trasaction with status code: 11
2026.09.17-14:51:51.826[31m error[39m [caliper] [connectors/peer-gateway/PeerGateway] 	Failed to perform submit transaction [Transfer] using arguments [wlt_c_20260917-pilot6_calibration-retail-transfer-low-4w-40tps-r5_retail-transfer-low_w1_21,wlt_c_20260917-pilot6_calibration-retail-transfer-low-4w-40tps-r5_retail-transfer-low_w1_46,1000,transfer_20260917-pilot6_calibration-retail-transfer-low-4w-40tps-r5_retail-transfer-low_w1_r1_356],  with error: Error: Failed to submit trasaction with status code: 11
2026.09.17-14:51:51.827[31m error[39m [caliper] [connectors/peer-gateway/PeerGateway] 	Failed to perform submit transaction [Transfer] using arguments [wlt_c_20260917-pilot6_calibration-retail-transfer-low-4w-40tps-r5_retail-transfer-low_w1_22,wlt_c_20260917-pilot6_calibration-retail-transfer-low-4w-40tps-r5_retail-transfer-low_w1_47,1000,transfer_20260917-pilot6_calibration-retail-transfer-low-4w-40tps-r5_retail-transfer-low_w1_r1_357],  with error: Error: Failed to submit trasaction with status code: 11
2026.09.17-14:51:51.844[31m error[39m [caliper] [connectors/peer-gateway/PeerGateway] 	Failed to perform submit transaction [Transfer] using arguments [wlt_c_20260917-pilot6_calibration-retail-transfer-low-4w-40tps-r5_retail-transfer-low_w0_23,wlt_c_20260917-pilot6_calibration-retail-transfer-low-4w-40tps-r5_retail-transfer-low_w0_48,1000,transfer_20260917-pilot6_calibration-retail-transfer-low-4w-40tps-r5_retail-transfer-low_w0_r1_358],  with error: Error: Failed to submit trasaction with status code: 11
2026.09.17-14:51:51.850[31m error[39m [caliper] [connectors/peer-gateway/PeerGateway] 	Failed to perform submit transaction [Transfer] using arguments [wlt_c_20260917-pilot6_calibration-retail-transfer-low-4w-40tps-r5_retail-transfer-low_w0_22,wlt_c_20260917-pilot6_calibration-retail-transfer-low-4w-40tps-r5_retail-transfer-low_w0_47,1000,transfer_20260917-pilot6_calibration-retail-transfer-low-4w-40tps-r5_retail-transfer-low_w0_r1_357],  with error: Error: Failed to submit trasaction with status code: 11
2026.09.17-14:51:51.864[31m error[39m [caliper] [connectors/peer-gateway/PeerGateway] 	Failed to perform submit transaction [Transfer] using arguments [wlt_c_20260917-pilot6_calibration-retail-transfer-low-4w-40tps-r5_retail-transfer-low_w3_21,wlt_c_20260917-pilot6_calibration-retail-transfer-low-4w-40tps-r5_retail-transfer-low_w3_46,1000,transfer_20260917-pilot6_calibration-retail-transfer-low-4w-40tps-r5_retail-transfer-low_w3_r1_356],  with error: Error: Failed to submit trasaction with status code: 11
2026.09.17-14:51:51.871[31m error[39m [caliper] [connectors/peer-gateway/PeerGateway] 	Failed to perform submit transaction [Transfer] using arguments [wlt_c_20260917-pilot6_calibration-retail-transfer-low-4w-40tps-r5_retail-transfer-low_w3_23,wlt_c_20260917-pilot6_calibration-retail-transfer-low-4w-40tps-r5_retail-transfer-low_w3_48,1000,transfer_20260917-pilot6_calibration-retail-transfer-low-4w-40tps-r5_retail-transfer-low_w3_r1_358],  with error: Error: Failed to submit trasaction with status code: 11
2026.09.17-14:51:51.906[31m error[39m [caliper] [connectors/peer-gateway/PeerGateway] 	Failed to perform submit transaction [Transfer] using arguments [wlt_c_20260917-pilot6_calibration-retail-transfer-low-4w-40tps-r5_retail-transfer-low_w2_21,wlt_c_20260917-pilot6_calibration-retail-transfer-low-4w-40tps-r5_retail-transfer-low_w2_46,1000,transfer_20260917-pilot6_calibration-retail-transfer-low-4w-40tps-r5_retail-transfer-low_w2_r1_356],  with error: Error: Failed to submit trasaction with status code: 11
2026.09.17-14:51:51.907[31m error[39m [caliper] [connectors/peer-gateway/PeerGateway] 	Failed to perform submit transaction [Transfer] using arguments [wlt_c_20260917-pilot6_calibration-retail-transfer-low-4w-40tps-r5_retail-transfer-low_w2_22,wlt_c_20260917-pilot6_calibration-retail-transfer-low-4w-40tps-r5_retail-transfer-low_w2_47,1000,transfer_20260917-pilot6_calibration-retail-transfer-low-4w-40tps-r5_retail-transfer-low_w2_r1_357],  with error: Error: Failed to submit trasaction with status code: 11
2026.09.17-14:51:51.930[31m error[39m [caliper] [connectors/peer-gateway/PeerGateway] 	Failed to perform submit transaction [Transfer] using arguments [wlt_c_20260917-pilot6_calibration-retail-transfer-low-4w-40tps-r5_retail-transfer-low_w1_23,wlt_c_20260917-pilot6_calibration-retail-transfer-low-4w-40tps-r5_retail-transfer-low_w1_48,1000,transfer_20260917-pilot6_calibration-retail-transfer-low-4w-40tps-r5_retail-transfer-low_w1_r1_358],  with error: Error: Failed to submit trasaction with status code: 11
2026.09.17-14:51:51.931[31m error[39m [caliper] [connectors/peer-gateway/PeerGateway] 	Failed to perform submit transaction [Transfer] using arguments [wlt_c_20260917-pilot6_calibration-retail-transfer-low-4w-40tps-r5_retail-transfer-low_w1_24,wlt_c_20260917-pilot6_calibration-retail-transfer-low-4w-40tps-r5_retail-transfer-low_w1_49,1000,transfer_20260917-pilot6_calibration-retail-transfer-low-4w-40tps-r5_retail-transfer-low_w1_r1_359],  with error: Error: Failed to submit trasaction with status code: 11
2026.09.17-14:51:51.932[31m error[39m [caliper] [connectors/peer-gateway/PeerGateway] 	Failed to perform submit transaction [Transfer] using arguments [wlt_c_20260917-pilot6_calibration-retail-transfer-low-4w-40tps-r5_retail-transfer-low_w1_1,wlt_c_20260917-pilot6_calibration-retail-transfer-low-4w-40tps-r5_retail-transfer-low_w1_26,1000,transfer_20260917-pilot6_calibration-retail-transfer-low-4w-40tps-r5_retail-transfer-low_w1_r1_360],  with error: Error: Failed to submit trasaction with status code: 11
2026.09.17-14:51:51.944[31m error[39m [caliper] [connectors/peer-gateway/PeerGateway] 	Failed to perform submit transaction [Transfer] using arguments [wlt_c_20260917-pilot6_calibration-retail-transfer-low-4w-40tps-r5_retail-transfer-low_w0_1,wlt_c_20260917-pilot6_calibration-retail-transfer-low-4w-40tps-r5_retail-transfer-low_w0_26,1000,transfer_20260917-pilot6_calibration-retail-transfer-low-4w-40tps-r5_retail-transfer-low_w0_r1_360],  with error: Error: Failed to submit trasaction with status code: 11
2026.09.17-14:51:51.945[31m error[39m [caliper] [connectors/peer-gateway/PeerGateway] 	Failed to perform submit transaction [Transfer] using arguments [wlt_c_20260917-pilot6_calibration-retail-transfer-low-4w-40tps-r5_retail-transfer-low_w0_24,wlt_c_20260917-pilot6_calibration-retail-transfer-low-4w-40tps-r5_retail-transfer-low_w0_49,1000,transfer_20260917-pilot6_calibration-retail-transfer-low-4w-40tps-r5_retail-transfer-low_w0_r1_359],  with error: Error: Failed to submit trasaction with status code: 11
2026.09.17-14:51:52.011[31m error[39m [caliper] [connectors/peer-gateway/PeerGateway] 	Failed to perform submit transaction [Transfer] using arguments [wlt_c_20260917-pilot6_calibration-retail-transfer-low-4w-40tps-r5_retail-transfer-low_w2_23,wlt_c_20260917-pilot6_calibration-retail-transfer-low-4w-40tps-r5_retail-transfer-low_w2_48,1000,transfer_20260917-pilot6_calibration-retail-transfer-low-4w-40tps-r5_retail-transfer-low_w2_r1_358],  with error: Error: Failed to submit trasaction with status code: 11
2026.09.17-14:51:52.035[31m error[39m [caliper] [connectors/peer-gateway/PeerGateway] 	Failed to perform submit transaction [Transfer] using arguments [wlt_c_20260917-pilot6_calibration-retail-transfer-low-4w-40tps-r5_retail-transfer-low_w2_24,wlt_c_20260917-pilot6_calibration-retail-transfer-low-4w-40tps-r5_retail-transfer-low_w2_49,1000,transfer_20260917-pilot6_calibration-retail-transfer-low-4w-40tps-r5_retail-transfer-low_w2_r1_359],  with error: Error: Failed to submit trasaction with status code: 11
2026.09.17-14:51:52.035[31m error[39m [caliper] [connectors/peer-gateway/PeerGateway] 	Failed to perform submit transaction [Transfer] using arguments [wlt_c_20260917-pilot6_calibration-retail-transfer-low-4w-40tps-r5_retail-transfer-low_w2_1,wlt_c_20260917-pilot6_calibration-retail-transfer-low-4w-40tps-r5_retail-transfer-low_w2_26,1000,transfer_20260917-pilot6_calibration-retail-transfer-low-4w-40tps-r5_retail-transfer-low_w2_r1_360],  with error: Error: Failed to submit trasaction with status code: 11
2026.09.17-14:51:52.089[31m error[39m [caliper] [connectors/peer-gateway/PeerGateway] 	Failed to perform submit transaction [Transfer] using arguments [wlt_c_20260917-pilot6_calibration-retail-transfer-low-4w-40tps-r5_retail-transfer-low_w1_2,wlt_c_20260917-pilot6_calibration-retail-transfer-low-4w-40tps-r5_retail-transfer-low_w1_27,1000,transfer_20260917-pilot6_calibration-retail-transfer-low-4w-40tps-r5_retail-transfer-low_w1_r1_361],  with error: Error: Failed to submit trasaction with status code: 11
2026.09.17-14:51:52.100[31m error[39m [caliper] [connectors/peer-gateway/PeerGateway] 	Failed to perform submit transaction [Transfer] using arguments [wlt_c_20260917-pilot6_calibration-retail-transfer-low-4w-40tps-r5_retail-transfer-low_w3_22,wlt_c_20260917-pilot6_calibration-retail-transfer-low-4w-40tps-r5_retail-transfer-low_w3_47,1000,transfer_20260917-pilot6_calibration-retail-transfer-low-4w-40tps-r5_retail-transfer-low_w3_r1_357],  with error: Error: Failed to submit trasaction with status code: 11
2026.09.17-14:51:52.109[31m error[39m [caliper] [connectors/peer-gateway/PeerGateway] 	Failed to perform submit transaction [Transfer] using arguments [wlt_c_20260917-pilot6_calibration-retail-transfer-low-4w-40tps-r5_retail-transfer-low_w3_24,wlt_c_20260917-pilot6_calibration-retail-transfer-low-4w-40tps-r5_retail-transfer-low_w3_49,1000,transfer_20260917-pilot6_calibration-retail-transfer-low-4w-40tps-r5_retail-transfer-low_w3_r1_359],  with error: Error: Failed to submit trasaction with status code: 11
2026.09.17-14:51:52.150[31m error[39m [caliper] [connectors/peer-gateway/PeerGateway] 	Failed to perform submit transaction [Transfer] using arguments [wlt_c_20260917-pilot6_calibration-retail-transfer-low-4w-40tps-r5_retail-transfer-low_w0_6,wlt_c_20260917-pilot6_calibration-retail-transfer-low-4w-40tps-r5_retail-transfer-low_w0_31,1000,transfer_20260917-pilot6_calibration-retail-transfer-low-4w-40tps-r5_retail-transfer-low_w0_r1_364],  with error: Error: Failed to submit trasaction with status code: 11
2026.09.17-14:51:52.151[31m error[39m [caliper] [connectors/peer-gateway/PeerGateway] 	Failed to perform submit transaction [Transfer] using arguments [wlt_c_20260917-pilot6_calibration-retail-transfer-low-4w-40tps-r5_retail-transfer-low_w0_2,wlt_c_20260917-pilot6_calibration-retail-transfer-low-4w-40tps-r5_retail-transfer-low_w0_27,1000,transfer_20260917-pilot6_calibration-retail-transfer-low-4w-40tps-r5_retail-transfer-low_w0_r1_361],  with error: Error: Failed to submit trasaction with status code: 11
2026.09.17-14:51:52.152[31m error[39m [caliper] [connectors/peer-gateway/PeerGateway] 	Failed to perform submit transaction [Transfer] using arguments [wlt_c_20260917-pilot6_calibration-retail-transfer-low-4w-40tps-r5_retail-transfer-low_w0_4,wlt_c_20260917-pilot6_calibration-retail-transfer-low-4w-40tps-r5_retail-transfer-low_w0_29,1000,transfer_20260917-pilot6_calibration-retail-transfer-low-4w-40tps-r5_retail-transfer-low_w0_r1_363],  with error: Error: Failed to submit trasaction with status code: 11
2026.09.17-14:51:52.154[31m error[39m [caliper] [connectors/peer-gateway/PeerGateway] 	Failed to perform submit transaction [Transfer] using arguments [wlt_c_20260917-pilot6_calibration-retail-transfer-low-4w-40tps-r5_retail-transfer-low_w0_3,wlt_c_20260917-pilot6_calibration-retail-transfer-low-4w-40tps-r5_retail-transfer-low_w0_28,1000,transfer_20260917-pilot6_calibration-retail-transfer-low-4w-40tps-r5_retail-transfer-low_w0_r1_362],  with error: Error: Failed to submit trasaction with status code: 11
2026.09.17-14:51:52.170[31m error[39m [caliper] [connectors/peer-gateway/PeerGateway] 	Failed to perform submit transaction [Transfer] using arguments [wlt_c_20260917-pilot6_calibration-retail-transfer-low-4w-40tps-r5_retail-transfer-low_w2_2,wlt_c_20260917-pilot6_calibration-retail-transfer-low-4w-40tps-r5_retail-transfer-low_w2_27,1000,transfer_20260917-pilot6_calibration-retail-transfer-low-4w-40tps-r5_retail-transfer-low_w2_r1_361],  with error: Error: Failed to submit trasaction with status code: 11
2026.09.17-14:51:52.170[31m error[39m [caliper] [connectors/peer-gateway/PeerGateway] 	Failed to perform submit transaction [Transfer] using arguments [wlt_c_20260917-pilot6_calibration-retail-transfer-low-4w-40tps-r5_retail-transfer-low_w2_3,wlt_c_20260917-pilot6_calibration-retail-transfer-low-4w-40tps-r5_retail-transfer-low_w2_28,1000,transfer_20260917-pilot6_calibration-retail-transfer-low-4w-40tps-r5_retail-transfer-low_w2_r1_362],  with error: Error: Failed to submit trasaction with status code: 11
2026.09.17-14:51:52.191[31m error[39m [caliper] [connectors/peer-gateway/PeerGateway] 	Failed to perform submit transaction [Transfer] using arguments [wlt_c_20260917-pilot6_calibration-retail-transfer-low-4w-40tps-r5_retail-transfer-low_w1_3,wlt_c_20260917-pilot6_calibration-retail-transfer-low-4w-40tps-r5_retail-transfer-low_w1_28,1000,transfer_20260917-pilot6_calibration-retail-transfer-low-4w-40tps-r5_retail-transfer-low_w1_r1_362],  with error: Error: Failed to submit trasaction with status code: 11
2026.09.17-14:51:52.192[31m error[39m [caliper] [connectors/peer-gateway/PeerGateway] 	Failed to perform submit transaction [Transfer] using arguments [wlt_c_20260917-pilot6_calibration-retail-transfer-low-4w-40tps-r5_retail-transfer-low_w1_4,wlt_c_20260917-pilot6_calibration-retail-transfer-low-4w-40tps-r5_retail-transfer-low_w1_29,1000,transfer_20260917-pilot6_calibration-retail-transfer-low-4w-40tps-r5_retail-transfer-low_w1_r1_363],  with error: Error: Failed to submit trasaction with status code: 11
2026.09.17-14:51:52.192[31m error[39m [caliper] [connectors/peer-gateway/PeerGateway] 	Failed to perform submit transaction [Transfer] using arguments [wlt_c_20260917-pilot6_calibration-retail-transfer-low-4w-40tps-r5_retail-transfer-low_w1_7,wlt_c_20260917-pilot6_calibration-retail-transfer-low-4w-40tps-r5_retail-transfer-low_w1_32,1000,transfer_20260917-pilot6_calibration-retail-transfer-low-4w-40tps-r5_retail-transfer-low_w1_r1_365],  with error: Error: Failed to submit trasaction with status code: 11
2026.09.17-14:51:52.193[31m error[39m [caliper] [connectors/peer-gateway/PeerGateway] 	Failed to perform submit transaction [Transfer] using arguments [wlt_c_20260917-pilot6_calibration-retail-transfer-low-4w-40tps-r5_retail-transfer-low_w1_8,wlt_c_20260917-pilot6_calibration-retail-transfer-low-4w-40tps-r5_retail-transfer-low_w1_33,1000,transfer_20260917-pilot6_calibration-retail-transfer-low-4w-40tps-r5_retail-transfer-low_w1_r1_366],  with error: Error: Failed to submit trasaction with status code: 11
2026.09.17-14:51:52.199[31m error[39m [caliper] [connectors/peer-gateway/PeerGateway] 	Failed to perform submit transaction [Transfer] using arguments [wlt_c_20260917-pilot6_calibration-retail-transfer-low-4w-40tps-r5_retail-transfer-low_w0_8,wlt_c_20260917-pilot6_calibration-retail-transfer-low-4w-40tps-r5_retail-transfer-low_w0_33,1000,transfer_20260917-pilot6_calibration-retail-transfer-low-4w-40tps-r5_retail-transfer-low_w0_r1_366],  with error: Error: Failed to submit trasaction with status code: 11
2026.09.17-14:51:52.200[31m error[39m [caliper] [connectors/peer-gateway/PeerGateway] 	Failed to perform submit transaction [Transfer] using arguments [wlt_c_20260917-pilot6_calibration-retail-transfer-low-4w-40tps-r5_retail-transfer-low_w0_7,wlt_c_20260917-pilot6_calibration-retail-transfer-low-4w-40tps-r5_retail-transfer-low_w0_32,1000,transfer_20260917-pilot6_calibration-retail-transfer-low-4w-40tps-r5_retail-transfer-low_w0_r1_365],  with error: Error: Failed to submit trasaction with status code: 11
2026.09.17-14:51:52.222[31m error[39m [caliper] [connectors/peer-gateway/PeerGateway] 	Failed to perform submit transaction [Transfer] using arguments [wlt_c_20260917-pilot6_calibration-retail-transfer-low-4w-40tps-r5_retail-transfer-low_w3_3,wlt_c_20260917-pilot6_calibration-retail-transfer-low-4w-40tps-r5_retail-transfer-low_w3_28,1000,transfer_20260917-pilot6_calibration-retail-transfer-low-4w-40tps-r5_retail-transfer-low_w3_r1_362],  with error: Error: Failed to submit trasaction with status code: 11
2026.09.17-14:51:52.223[31m error[39m [caliper] [connectors/peer-gateway/PeerGateway] 	Failed to perform submit transaction [Transfer] using arguments [wlt_c_20260917-pilot6_calibration-retail-transfer-low-4w-40tps-r5_retail-transfer-low_w3_1,wlt_c_20260917-pilot6_calibration-retail-transfer-low-4w-40tps-r5_retail-transfer-low_w3_26,1000,transfer_20260917-pilot6_calibration-retail-transfer-low-4w-40tps-r5_retail-transfer-low_w3_r1_360],  with error: Error: Failed to submit trasaction with status code: 11
2026.09.17-14:51:52.224[31m error[39m [caliper] [connectors/peer-gateway/PeerGateway] 	Failed to perform submit transaction [Transfer] using arguments [wlt_c_20260917-pilot6_calibration-retail-transfer-low-4w-40tps-r5_retail-transfer-low_w3_2,wlt_c_20260917-pilot6_calibration-retail-transfer-low-4w-40tps-r5_retail-transfer-low_w3_27,1000,transfer_20260917-pilot6_calibration-retail-transfer-low-4w-40tps-r5_retail-transfer-low_w3_r1_361],  with error: Error: Failed to submit trasaction with status code: 11
2026.09.17-14:51:52.231[31m error[39m [caliper] [connectors/peer-gateway/PeerGateway] 	Failed to perform submit transaction [Transfer] using arguments [wlt_c_20260917-pilot6_calibration-retail-transfer-low-4w-40tps-r5_retail-transfer-low_w3_4,wlt_c_20260917-pilot6_calibration-retail-transfer-low-4w-40tps-r5_retail-transfer-low_w3_29,1000,transfer_20260917-pilot6_calibration-retail-transfer-low-4w-40tps-r5_retail-transfer-low_w3_r1_363],  with error: Error: Failed to submit trasaction with status code: 11
2026.09.17-14:51:52.232[31m error[39m [caliper] [connectors/peer-gateway/PeerGateway] 	Failed to perform submit transaction [Transfer] using arguments [wlt_c_20260917-pilot6_calibration-retail-transfer-low-4w-40tps-r5_retail-transfer-low_w3_7,wlt_c_20260917-pilot6_calibration-retail-transfer-low-4w-40tps-r5_retail-transfer-low_w3_32,1000,transfer_20260917-pilot6_calibration-retail-transfer-low-4w-40tps-r5_retail-transfer-low_w3_r1_365],  with error: Error: Failed to submit trasaction with status code: 11
2026.09.17-14:51:52.289[31m error[39m [caliper] [connectors/peer-gateway/PeerGateway] 	Failed to perform submit transaction [Transfer] using arguments [wlt_c_20260917-pilot6_calibration-retail-transfer-low-4w-40tps-r5_retail-transfer-low_w2_4,wlt_c_20260917-pilot6_calibration-retail-transfer-low-4w-40tps-r5_retail-transfer-low_w2_29,1000,transfer_20260917-pilot6_calibration-retail-transfer-low-4w-40tps-r5_retail-transfer-low_w2_r1_363],  with error: Error: Failed to submit trasaction with status code: 11
2026.09.17-14:51:52.290[31m error[39m [caliper] [connectors/peer-gateway/PeerGateway] 	Failed to perform submit transaction [Transfer] using arguments [wlt_c_20260917-pilot6_calibration-retail-transfer-low-4w-40tps-r5_retail-transfer-low_w2_7,wlt_c_20260917-pilot6_calibration-retail-transfer-low-4w-40tps-r5_retail-transfer-low_w2_32,1000,transfer_20260917-pilot6_calibration-retail-transfer-low-4w-40tps-r5_retail-transfer-low_w2_r1_365],  with error: Error: Failed to submit trasaction with status code: 11
2026.09.17-14:51:52.432[31m error[39m [caliper] [connectors/peer-gateway/PeerGateway] 	Failed to perform submit transaction [Transfer] using arguments [wlt_c_20260917-pilot6_calibration-retail-transfer-low-4w-40tps-r5_retail-transfer-low_w1_6,wlt_c_20260917-pilot6_calibration-retail-transfer-low-4w-40tps-r5_retail-transfer-low_w1_31,1000,transfer_20260917-pilot6_calibration-retail-transfer-low-4w-40tps-r5_retail-transfer-low_w1_r1_364],  with error: Error: Failed to submit trasaction with status code: 11
2026.09.17-14:51:52.436[31m error[39m [caliper] [connectors/peer-gateway/PeerGateway] 	Failed to perform submit transaction [Transfer] using arguments [wlt_c_20260917-pilot6_calibration-retail-transfer-low-4w-40tps-r5_retail-transfer-low_w2_8,wlt_c_20260917-pilot6_calibration-retail-transfer-low-4w-40tps-r5_retail-transfer-low_w2_33,1000,transfer_20260917-pilot6_calibration-retail-transfer-low-4w-40tps-r5_retail-transfer-low_w2_r1_366],  with error: Error: Failed to submit trasaction with status code: 11
2026.09.17-14:51:52.445[31m error[39m [caliper] [connectors/peer-gateway/PeerGateway] 	Failed to perform submit transaction [Transfer] using arguments [wlt_c_20260917-pilot6_calibration-retail-transfer-low-4w-40tps-r5_retail-transfer-low_w2_6,wlt_c_20260917-pilot6_calibration-retail-transfer-low-4w-40tps-r5_retail-transfer-low_w2_31,1000,transfer_20260917-pilot6_calibration-retail-transfer-low-4w-40tps-r5_retail-transfer-low_w2_r1_364],  with error: Error: Failed to submit trasaction with status code: 11
2026.09.17-14:51:52.449[31m error[39m [caliper] [connectors/peer-gateway/PeerGateway] 	Failed to perform submit transaction [Transfer] using arguments [wlt_c_20260917-pilot6_calibration-retail-transfer-low-4w-40tps-r5_retail-transfer-low_w1_9,wlt_c_20260917-pilot6_calibration-retail-transfer-low-4w-40tps-r5_retail-transfer-low_w1_34,1000,transfer_20260917-pilot6_calibration-retail-transfer-low-4w-40tps-r5_retail-transfer-low_w1_r1_367],  with error: Error: Failed to submit trasaction with status code: 11
2026.09.17-14:51:52.458[31m error[39m [caliper] [connectors/peer-gateway/PeerGateway] 	Failed to perform submit transaction [Transfer] using arguments [wlt_c_20260917-pilot6_calibration-retail-transfer-low-4w-40tps-r5_retail-transfer-low_w0_9,wlt_c_20260917-pilot6_calibration-retail-transfer-low-4w-40tps-r5_retail-transfer-low_w0_34,1000,transfer_20260917-pilot6_calibration-retail-transfer-low-4w-40tps-r5_retail-transfer-low_w0_r1_367],  with error: Error: Failed to submit trasaction with status code: 11
2026.09.17-14:51:52.471[31m error[39m [caliper] [connectors/peer-gateway/PeerGateway] 	Failed to perform submit transaction [Transfer] using arguments [wlt_c_20260917-pilot6_calibration-retail-transfer-low-4w-40tps-r5_retail-transfer-low_w0_11,wlt_c_20260917-pilot6_calibration-retail-transfer-low-4w-40tps-r5_retail-transfer-low_w0_36,1000,transfer_20260917-pilot6_calibration-retail-transfer-low-4w-40tps-r5_retail-transfer-low_w0_r1_368],  with error: Error: Failed to submit trasaction with status code: 11
2026.09.17-14:51:52.464[31m error[39m [caliper] [connectors/peer-gateway/PeerGateway] 	Failed to perform submit transaction [Transfer] using arguments [wlt_c_20260917-pilot6_calibration-retail-transfer-low-4w-40tps-r5_retail-transfer-low_w3_9,wlt_c_20260917-pilot6_calibration-retail-transfer-low-4w-40tps-r5_retail-transfer-low_w3_34,1000,transfer_20260917-pilot6_calibration-retail-transfer-low-4w-40tps-r5_retail-transfer-low_w3_r1_367],  with error: Error: Failed to submit trasaction with status code: 11
2026.09.17-14:51:52.474[31m error[39m [caliper] [connectors/peer-gateway/PeerGateway] 	Failed to perform submit transaction [Transfer] using arguments [wlt_c_20260917-pilot6_calibration-retail-transfer-low-4w-40tps-r5_retail-transfer-low_w3_6,wlt_c_20260917-pilot6_calibration-retail-transfer-low-4w-40tps-r5_retail-transfer-low_w3_31,1000,transfer_20260917-pilot6_calibration-retail-transfer-low-4w-40tps-r5_retail-transfer-low_w3_r1_364],  with error: Error: Failed to submit trasaction with status code: 11
2026.09.17-14:51:52.474[31m error[39m [caliper] [connectors/peer-gateway/PeerGateway] 	Failed to perform submit transaction [Transfer] using arguments [wlt_c_20260917-pilot6_calibration-retail-transfer-low-4w-40tps-r5_retail-transfer-low_w3_8,wlt_c_20260917-pilot6_calibration-retail-transfer-low-4w-40tps-r5_retail-transfer-low_w3_33,1000,transfer_20260917-pilot6_calibration-retail-transfer-low-4w-40tps-r5_retail-transfer-low_w3_r1_366],  with error: Error: Failed to submit trasaction with status code: 11
2026.09.17-14:51:52.679[31m error[39m [caliper] [connectors/peer-gateway/PeerGateway] 	Failed to perform submit transaction [Transfer] using arguments [wlt_c_20260917-pilot6_calibration-retail-transfer-low-4w-40tps-r5_retail-transfer-low_w1_11,wlt_c_20260917-pilot6_calibration-retail-transfer-low-4w-40tps-r5_retail-transfer-low_w1_36,1000,transfer_20260917-pilot6_calibration-retail-transfer-low-4w-40tps-r5_retail-transfer-low_w1_r1_368],  with error: Error: Failed to submit trasaction with status code: 11
2026.09.17-14:51:52.681[31m error[39m [caliper] [connectors/peer-gateway/PeerGateway] 	Failed to perform submit transaction [Transfer] using arguments [wlt_c_20260917-pilot6_calibration-retail-transfer-low-4w-40tps-r5_retail-transfer-low_w1_13,wlt_c_20260917-pilot6_calibration-retail-transfer-low-4w-40tps-r5_retail-transfer-low_w1_38,1000,transfer_20260917-pilot6_calibration-retail-transfer-low-4w-40tps-r5_retail-transfer-low_w1_r1_370],  with error: Error: Failed to submit trasaction with status code: 11
2026.09.17-14:51:52.681[31m error[39m [caliper] [connectors/peer-gateway/PeerGateway] 	Failed to perform submit transaction [Transfer] using arguments [wlt_c_20260917-pilot6_calibration-retail-transfer-low-4w-40tps-r5_retail-transfer-low_w1_12,wlt_c_20260917-pilot6_calibration-retail-transfer-low-4w-40tps-r5_retail-transfer-low_w1_37,1000,transfer_20260917-pilot6_calibration-retail-transfer-low-4w-40tps-r5_retail-transfer-low_w1_r1_369],  with error: Error: Failed to submit trasaction with status code: 11
2026.09.17-14:51:52.808[31m error[39m [caliper] [connectors/peer-gateway/PeerGateway] 	Failed to perform submit transaction [Transfer] using arguments [wlt_c_20260917-pilot6_calibration-retail-transfer-low-4w-40tps-r5_retail-transfer-low_w2_9,wlt_c_20260917-pilot6_calibration-retail-transfer-low-4w-40tps-r5_retail-transfer-low_w2_34,1000,transfer_20260917-pilot6_calibration-retail-transfer-low-4w-40tps-r5_retail-transfer-low_w2_r1_367],  with error: Error: Failed to submit trasaction with status code: 11
2026.09.17-14:51:52.809[31m error[39m [caliper] [connectors/peer-gateway/PeerGateway] 	Failed to perform submit transaction [Transfer] using arguments [wlt_c_20260917-pilot6_calibration-retail-transfer-low-4w-40tps-r5_retail-transfer-low_w2_11,wlt_c_20260917-pilot6_calibration-retail-transfer-low-4w-40tps-r5_retail-transfer-low_w2_36,1000,transfer_20260917-pilot6_calibration-retail-transfer-low-4w-40tps-r5_retail-transfer-low_w2_r1_368],  with error: Error: Failed to submit trasaction with status code: 11
2026.09.17-14:51:52.848[31m error[39m [caliper] [connectors/peer-gateway/PeerGateway] 	Failed to perform submit transaction [Transfer] using arguments [wlt_c_20260917-pilot6_calibration-retail-transfer-low-4w-40tps-r5_retail-transfer-low_w0_13,wlt_c_20260917-pilot6_calibration-retail-transfer-low-4w-40tps-r5_retail-transfer-low_w0_38,1000,transfer_20260917-pilot6_calibration-retail-transfer-low-4w-40tps-r5_retail-transfer-low_w0_r1_370],  with error: Error: Failed to submit trasaction with status code: 11
2026.09.17-14:51:52.849[31m error[39m [caliper] [connectors/peer-gateway/PeerGateway] 	Failed to perform submit transaction [Transfer] using arguments [wlt_c_20260917-pilot6_calibration-retail-transfer-low-4w-40tps-r5_retail-transfer-low_w0_12,wlt_c_20260917-pilot6_calibration-retail-transfer-low-4w-40tps-r5_retail-transfer-low_w0_37,1000,transfer_20260917-pilot6_calibration-retail-transfer-low-4w-40tps-r5_retail-transfer-low_w0_r1_369],  with error: Error: Failed to submit trasaction with status code: 11
2026.09.17-14:51:52.921[31m error[39m [caliper] [connectors/peer-gateway/PeerGateway] 	Failed to perform submit transaction [Transfer] using arguments [wlt_c_20260917-pilot6_calibration-retail-transfer-low-4w-40tps-r5_retail-transfer-low_w3_12,wlt_c_20260917-pilot6_calibration-retail-transfer-low-4w-40tps-r5_retail-transfer-low_w3_37,1000,transfer_20260917-pilot6_calibration-retail-transfer-low-4w-40tps-r5_retail-transfer-low_w3_r1_369],  with error: Error: Failed to submit trasaction with status code: 11
2026.09.17-14:51:52.922[31m error[39m [caliper] [connectors/peer-gateway/PeerGateway] 	Failed to perform submit transaction [Transfer] using arguments [wlt_c_20260917-pilot6_calibration-retail-transfer-low-4w-40tps-r5_retail-transfer-low_w3_13,wlt_c_20260917-pilot6_calibration-retail-transfer-low-4w-40tps-r5_retail-transfer-low_w3_38,1000,transfer_20260917-pilot6_calibration-retail-transfer-low-4w-40tps-r5_retail-transfer-low_w3_r1_370],  with error: Error: Failed to submit trasaction with status code: 11
2026.09.17-14:51:52.923[31m error[39m [caliper] [connectors/peer-gateway/PeerGateway] 	Failed to perform submit transaction [Transfer] using arguments [wlt_c_20260917-pilot6_calibration-retail-transfer-low-4w-40tps-r5_retail-transfer-low_w3_14,wlt_c_20260917-pilot6_calibration-retail-transfer-low-4w-40tps-r5_retail-transfer-low_w3_39,1000,transfer_20260917-pilot6_calibration-retail-transfer-low-4w-40tps-r5_retail-transfer-low_w3_r1_371],  with error: Error: Failed to submit trasaction with status code: 11
2026.09.17-14:51:52.970[31m error[39m [caliper] [connectors/peer-gateway/PeerGateway] 	Failed to perform submit transaction [Transfer] using arguments [wlt_c_20260917-pilot6_calibration-retail-transfer-low-4w-40tps-r5_retail-transfer-low_w0_18,wlt_c_20260917-pilot6_calibration-retail-transfer-low-4w-40tps-r5_retail-transfer-low_w0_43,1000,transfer_20260917-pilot6_calibration-retail-transfer-low-4w-40tps-r5_retail-transfer-low_w0_r1_374],  with error: Error: Failed to submit trasaction with status code: 11
2026.09.17-14:51:52.978[31m error[39m [caliper] [connectors/peer-gateway/PeerGateway] 	Failed to perform submit transaction [Transfer] using arguments [wlt_c_20260917-pilot6_calibration-retail-transfer-low-4w-40tps-r5_retail-transfer-low_w2_14,wlt_c_20260917-pilot6_calibration-retail-transfer-low-4w-40tps-r5_retail-transfer-low_w2_39,1000,transfer_20260917-pilot6_calibration-retail-transfer-low-4w-40tps-r5_retail-transfer-low_w2_r1_371],  with error: Error: Failed to submit trasaction with status code: 11
2026.09.17-14:51:52.983[31m error[39m [caliper] [connectors/peer-gateway/PeerGateway] 	Failed to perform submit transaction [Transfer] using arguments [wlt_c_20260917-pilot6_calibration-retail-transfer-low-4w-40tps-r5_retail-transfer-low_w0_14,wlt_c_20260917-pilot6_calibration-retail-transfer-low-4w-40tps-r5_retail-transfer-low_w0_39,1000,transfer_20260917-pilot6_calibration-retail-transfer-low-4w-40tps-r5_retail-transfer-low_w0_r1_371],  with error: Error: Failed to submit trasaction with status code: 11
2026.09.17-14:51:53.002[31m error[39m [caliper] [connectors/peer-gateway/PeerGateway] 	Failed to perform submit transaction [Transfer] using arguments [wlt_c_20260917-pilot6_calibration-retail-transfer-low-4w-40tps-r5_retail-transfer-low_w2_12,wlt_c_20260917-pilot6_calibration-retail-transfer-low-4w-40tps-r5_retail-transfer-low_w2_37,1000,transfer_20260917-pilot6_calibration-retail-transfer-low-4w-40tps-r5_retail-transfer-low_w2_r1_369],  with error: Error: Failed to submit trasaction with status code: 11
2026.09.17-14:51:53.003[31m error[39m [caliper] [connectors/peer-gateway/PeerGateway] 	Failed to perform submit transaction [Transfer] using arguments [wlt_c_20260917-pilot6_calibration-retail-transfer-low-4w-40tps-r5_retail-transfer-low_w2_13,wlt_c_20260917-pilot6_calibration-retail-transfer-low-4w-40tps-r5_retail-transfer-low_w2_38,1000,transfer_20260917-pilot6_calibration-retail-transfer-low-4w-40tps-r5_retail-transfer-low_w2_r1_370],  with error: Error: Failed to submit trasaction with status code: 11
2026.09.17-14:51:53.003[31m error[39m [caliper] [connectors/peer-gateway/PeerGateway] 	Failed to perform submit transaction [Transfer] using arguments [wlt_c_20260917-pilot6_calibration-retail-transfer-low-4w-40tps-r5_retail-transfer-low_w2_16,wlt_c_20260917-pilot6_calibration-retail-transfer-low-4w-40tps-r5_retail-transfer-low_w2_41,1000,transfer_20260917-pilot6_calibration-retail-transfer-low-4w-40tps-r5_retail-transfer-low_w2_r1_372],  with error: Error: Failed to submit trasaction with status code: 11
2026.09.17-14:51:53.350[31m error[39m [caliper] [connectors/peer-gateway/PeerGateway] 	Failed to perform submit transaction [Transfer] using arguments [wlt_c_20260917-pilot6_calibration-retail-transfer-low-4w-40tps-r5_retail-transfer-low_w1_18,wlt_c_20260917-pilot6_calibration-retail-transfer-low-4w-40tps-r5_retail-transfer-low_w1_43,1000,transfer_20260917-pilot6_calibration-retail-transfer-low-4w-40tps-r5_retail-transfer-low_w1_r1_374],  with error: Error: Failed to submit trasaction with status code: 11
2026.09.17-14:51:53.362[31m error[39m [caliper] [connectors/peer-gateway/PeerGateway] 	Failed to perform submit transaction [Transfer] using arguments [wlt_c_20260917-pilot6_calibration-retail-transfer-low-4w-40tps-r5_retail-transfer-low_w0_17,wlt_c_20260917-pilot6_calibration-retail-transfer-low-4w-40tps-r5_retail-transfer-low_w0_42,1000,transfer_20260917-pilot6_calibration-retail-transfer-low-4w-40tps-r5_retail-transfer-low_w0_r1_373],  with error: Error: Failed to submit trasaction with status code: 11
2026.09.17-14:51:53.364[31m error[39m [caliper] [connectors/peer-gateway/PeerGateway] 	Failed to perform submit transaction [Transfer] using arguments [wlt_c_20260917-pilot6_calibration-retail-transfer-low-4w-40tps-r5_retail-transfer-low_w0_16,wlt_c_20260917-pilot6_calibration-retail-transfer-low-4w-40tps-r5_retail-transfer-low_w0_41,1000,transfer_20260917-pilot6_calibration-retail-transfer-low-4w-40tps-r5_retail-transfer-low_w0_r1_372],  with error: Error: Failed to submit trasaction with status code: 11
2026.09.17-14:51:53.374[31m error[39m [caliper] [connectors/peer-gateway/PeerGateway] 	Failed to perform submit transaction [Transfer] using arguments [wlt_c_20260917-pilot6_calibration-retail-transfer-low-4w-40tps-r5_retail-transfer-low_w3_16,wlt_c_20260917-pilot6_calibration-retail-transfer-low-4w-40tps-r5_retail-transfer-low_w3_41,1000,transfer_20260917-pilot6_calibration-retail-transfer-low-4w-40tps-r5_retail-transfer-low_w3_r1_372],  with error: Error: Failed to submit trasaction with status code: 11
2026.09.17-14:51:53.374[31m error[39m [caliper] [connectors/peer-gateway/PeerGateway] 	Failed to perform submit transaction [Transfer] using arguments [wlt_c_20260917-pilot6_calibration-retail-transfer-low-4w-40tps-r5_retail-transfer-low_w3_19,wlt_c_20260917-pilot6_calibration-retail-transfer-low-4w-40tps-r5_retail-transfer-low_w3_44,1000,transfer_20260917-pilot6_calibration-retail-transfer-low-4w-40tps-r5_retail-transfer-low_w3_r1_375],  with error: Error: Failed to submit trasaction with status code: 11
2026.09.17-14:51:53.743[31m error[39m [caliper] [connectors/peer-gateway/PeerGateway] 	Failed to perform submit transaction [Transfer] using arguments [wlt_c_20260917-pilot6_calibration-retail-transfer-low-4w-40tps-r5_retail-transfer-low_w1_19,wlt_c_20260917-pilot6_calibration-retail-transfer-low-4w-40tps-r5_retail-transfer-low_w1_44,1000,transfer_20260917-pilot6_calibration-retail-transfer-low-4w-40tps-r5_retail-transfer-low_w1_r1_375],  with error: Error: Failed to submit trasaction with status code: 11
2026.09.17-14:51:53.749[31m error[39m [caliper] [connectors/peer-gateway/PeerGateway] 	Failed to perform submit transaction [Transfer] using arguments [wlt_c_20260917-pilot6_calibration-retail-transfer-low-4w-40tps-r5_retail-transfer-low_w1_22,wlt_c_20260917-pilot6_calibration-retail-transfer-low-4w-40tps-r5_retail-transfer-low_w1_47,1000,transfer_20260917-pilot6_calibration-retail-transfer-low-4w-40tps-r5_retail-transfer-low_w1_r1_377],  with error: Error: Failed to submit trasaction with status code: 11
2026.09.17-14:51:53.750[31m error[39m [caliper] [connectors/peer-gateway/PeerGateway] 	Failed to perform submit transaction [Transfer] using arguments [wlt_c_20260917-pilot6_calibration-retail-transfer-low-4w-40tps-r5_retail-transfer-low_w1_21,wlt_c_20260917-pilot6_calibration-retail-transfer-low-4w-40tps-r5_retail-transfer-low_w1_46,1000,transfer_20260917-pilot6_calibration-retail-transfer-low-4w-40tps-r5_retail-transfer-low_w1_r1_376],  with error: Error: Failed to submit trasaction with status code: 11
2026.09.17-14:51:53.751[31m error[39m [caliper] [connectors/peer-gateway/PeerGateway] 	Failed to perform submit transaction [Transfer] using arguments [wlt_c_20260917-pilot6_calibration-retail-transfer-low-4w-40tps-r5_retail-transfer-low_w0_19,wlt_c_20260917-pilot6_calibration-retail-transfer-low-4w-40tps-r5_retail-transfer-low_w0_44,1000,transfer_20260917-pilot6_calibration-retail-transfer-low-4w-40tps-r5_retail-transfer-low_w0_r1_375],  with error: Error: Failed to submit trasaction with status code: 11
2026.09.17-14:51:53.752[31m error[39m [caliper] [connectors/peer-gateway/PeerGateway] 	Failed to perform submit transaction [Transfer] using arguments [wlt_c_20260917-pilot6_calibration-retail-transfer-low-4w-40tps-r5_retail-transfer-low_w0_21,wlt_c_20260917-pilot6_calibration-retail-transfer-low-4w-40tps-r5_retail-transfer-low_w0_46,1000,transfer_20260917-pilot6_calibration-retail-transfer-low-4w-40tps-r5_retail-transfer-low_w0_r1_376],  with error: Error: Failed to submit trasaction with status code: 11
2026.09.17-14:51:53.813[31m error[39m [caliper] [connectors/peer-gateway/PeerGateway] 	Failed to perform submit transaction [Transfer] using arguments [wlt_c_20260917-pilot6_calibration-retail-transfer-low-4w-40tps-r5_retail-transfer-low_w3_21,wlt_c_20260917-pilot6_calibration-retail-transfer-low-4w-40tps-r5_retail-transfer-low_w3_46,1000,transfer_20260917-pilot6_calibration-retail-transfer-low-4w-40tps-r5_retail-transfer-low_w3_r1_376],  with error: Error: Failed to submit trasaction with status code: 11
2026.09.17-14:51:54.040[32m info [39m [caliper] [default-observer] 	[retail-transfer-low-40tps Round 1 Transaction Info] - Submitted: 1924 Succ: 545 Fail:966 Unfinished:413
2026.09.17-14:51:54.083[31m error[39m [caliper] [connectors/peer-gateway/PeerGateway] 	Failed to perform submit transaction [Transfer] using arguments [wlt_c_20260917-pilot6_calibration-retail-transfer-low-4w-40tps-r5_retail-transfer-low_w2_3,wlt_c_20260917-pilot6_calibration-retail-transfer-low-4w-40tps-r5_retail-transfer-low_w2_28,1000,transfer_20260917-pilot6_calibration-retail-transfer-low-4w-40tps-r5_retail-transfer-low_w2_r1_382],  with error: Error: Failed to submit trasaction with status code: 11
2026.09.17-14:51:54.523[31m error[39m [caliper] [connectors/peer-gateway/PeerGateway] 	Failed to perform submit transaction [Transfer] using arguments [wlt_c_20260917-pilot6_calibration-retail-transfer-low-4w-40tps-r5_retail-transfer-low_w2_1,wlt_c_20260917-pilot6_calibration-retail-transfer-low-4w-40tps-r5_retail-transfer-low_w2_26,1000,transfer_20260917-pilot6_calibration-retail-transfer-low-4w-40tps-r5_retail-transfer-low_w2_r1_380],  with error: Error: Failed to submit trasaction with status code: 11
2026.09.17-14:51:54.534[31m error[39m [caliper] [connectors/peer-gateway/PeerGateway] 	Failed to perform submit transaction [Transfer] using arguments [wlt_c_20260917-pilot6_calibration-retail-transfer-low-4w-40tps-r5_retail-transfer-low_w2_2,wlt_c_20260917-pilot6_calibration-retail-transfer-low-4w-40tps-r5_retail-transfer-low_w2_27,1000,transfer_20260917-pilot6_calibration-retail-transfer-low-4w-40tps-r5_retail-transfer-low_w2_r1_381],  with error: Error: Failed to submit trasaction with status code: 11
2026.09.17-14:51:54.535[31m error[39m [caliper] [connectors/peer-gateway/PeerGateway] 	Failed to perform submit transaction [Transfer] using arguments [wlt_c_20260917-pilot6_calibration-retail-transfer-low-4w-40tps-r5_retail-transfer-low_w2_4,wlt_c_20260917-pilot6_calibration-retail-transfer-low-4w-40tps-r5_retail-transfer-low_w2_29,1000,transfer_20260917-pilot6_calibration-retail-transfer-low-4w-40tps-r5_retail-transfer-low_w2_r1_383],  with error: Error: Failed to submit trasaction with status code: 11
2026.09.17-14:51:54.547[31m error[39m [caliper] [connectors/peer-gateway/PeerGateway] 	Failed to perform submit transaction [Transfer] using arguments [wlt_c_20260917-pilot6_calibration-retail-transfer-low-4w-40tps-r5_retail-transfer-low_w3_4,wlt_c_20260917-pilot6_calibration-retail-transfer-low-4w-40tps-r5_retail-transfer-low_w3_29,1000,transfer_20260917-pilot6_calibration-retail-transfer-low-4w-40tps-r5_retail-transfer-low_w3_r1_383],  with error: Error: Failed to submit trasaction with status code: 11
2026.09.17-14:51:54.548[31m error[39m [caliper] [connectors/peer-gateway/PeerGateway] 	Failed to perform submit transaction [Transfer] using arguments [wlt_c_20260917-pilot6_calibration-retail-transfer-low-4w-40tps-r5_retail-transfer-low_w3_1,wlt_c_20260917-pilot6_calibration-retail-transfer-low-4w-40tps-r5_retail-transfer-low_w3_26,1000,transfer_20260917-pilot6_calibration-retail-transfer-low-4w-40tps-r5_retail-transfer-low_w3_r1_380],  with error: Error: Failed to submit trasaction with status code: 11
2026.09.17-14:51:54.548[31m error[39m [caliper] [connectors/peer-gateway/PeerGateway] 	Failed to perform submit transaction [Transfer] using arguments [wlt_c_20260917-pilot6_calibration-retail-transfer-low-4w-40tps-r5_retail-transfer-low_w3_3,wlt_c_20260917-pilot6_calibration-retail-transfer-low-4w-40tps-r5_retail-transfer-low_w3_28,1000,transfer_20260917-pilot6_calibration-retail-transfer-low-4w-40tps-r5_retail-transfer-low_w3_r1_382],  with error: Error: Failed to submit trasaction with status code: 11
2026.09.17-14:51:54.548[31m error[39m [caliper] [connectors/peer-gateway/PeerGateway] 	Failed to perform submit transaction [Transfer] using arguments [wlt_c_20260917-pilot6_calibration-retail-transfer-low-4w-40tps-r5_retail-transfer-low_w3_6,wlt_c_20260917-pilot6_calibration-retail-transfer-low-4w-40tps-r5_retail-transfer-low_w3_31,1000,transfer_20260917-pilot6_calibration-retail-transfer-low-4w-40tps-r5_retail-transfer-low_w3_r1_384],  with error: Error: Failed to submit trasaction with status code: 11
2026.09.17-14:51:54.564[31m error[39m [caliper] [connectors/peer-gateway/PeerGateway] 	Failed to perform submit transaction [Transfer] using arguments [wlt_c_20260917-pilot6_calibration-retail-transfer-low-4w-40tps-r5_retail-transfer-low_w2_6,wlt_c_20260917-pilot6_calibration-retail-transfer-low-4w-40tps-r5_retail-transfer-low_w2_31,1000,transfer_20260917-pilot6_calibration-retail-transfer-low-4w-40tps-r5_retail-transfer-low_w2_r1_384],  with error: Error: Failed to submit trasaction with status code: 11
2026.09.17-14:51:54.573[31m error[39m [caliper] [connectors/peer-gateway/PeerGateway] 	Failed to perform submit transaction [Transfer] using arguments [wlt_c_20260917-pilot6_calibration-retail-transfer-low-4w-40tps-r5_retail-transfer-low_w1_1,wlt_c_20260917-pilot6_calibration-retail-transfer-low-4w-40tps-r5_retail-transfer-low_w1_26,1000,transfer_20260917-pilot6_calibration-retail-transfer-low-4w-40tps-r5_retail-transfer-low_w1_r1_380],  with error: Error: Failed to submit trasaction with status code: 11
2026.09.17-14:51:54.573[31m error[39m [caliper] [connectors/peer-gateway/PeerGateway] 	Failed to perform submit transaction [Transfer] using arguments [wlt_c_20260917-pilot6_calibration-retail-transfer-low-4w-40tps-r5_retail-transfer-low_w1_2,wlt_c_20260917-pilot6_calibration-retail-transfer-low-4w-40tps-r5_retail-transfer-low_w1_27,1000,transfer_20260917-pilot6_calibration-retail-transfer-low-4w-40tps-r5_retail-transfer-low_w1_r1_381],  with error: Error: Failed to submit trasaction with status code: 11
2026.09.17-14:51:54.574[31m error[39m [caliper] [connectors/peer-gateway/PeerGateway] 	Failed to perform submit transaction [Transfer] using arguments [wlt_c_20260917-pilot6_calibration-retail-transfer-low-4w-40tps-r5_retail-transfer-low_w1_3,wlt_c_20260917-pilot6_calibration-retail-transfer-low-4w-40tps-r5_retail-transfer-low_w1_28,1000,transfer_20260917-pilot6_calibration-retail-transfer-low-4w-40tps-r5_retail-transfer-low_w1_r1_382],  with error: Error: Failed to submit trasaction with status code: 11
2026.09.17-14:51:54.574[31m error[39m [caliper] [connectors/peer-gateway/PeerGateway] 	Failed to perform submit transaction [Transfer] using arguments [wlt_c_20260917-pilot6_calibration-retail-transfer-low-4w-40tps-r5_retail-transfer-low_w1_4,wlt_c_20260917-pilot6_calibration-retail-transfer-low-4w-40tps-r5_retail-transfer-low_w1_29,1000,transfer_20260917-pilot6_calibration-retail-transfer-low-4w-40tps-r5_retail-transfer-low_w1_r1_383],  with error: Error: Failed to submit trasaction with status code: 11
2026.09.17-14:51:54.575[31m error[39m [caliper] [connectors/peer-gateway/PeerGateway] 	Failed to perform submit transaction [Transfer] using arguments [wlt_c_20260917-pilot6_calibration-retail-transfer-low-4w-40tps-r5_retail-transfer-low_w1_6,wlt_c_20260917-pilot6_calibration-retail-transfer-low-4w-40tps-r5_retail-transfer-low_w1_31,1000,transfer_20260917-pilot6_calibration-retail-transfer-low-4w-40tps-r5_retail-transfer-low_w1_r1_384],  with error: Error: Failed to submit trasaction with status code: 11
2026.09.17-14:51:54.580[31m error[39m [caliper] [connectors/peer-gateway/PeerGateway] 	Failed to perform submit transaction [Transfer] using arguments [wlt_c_20260917-pilot6_calibration-retail-transfer-low-4w-40tps-r5_retail-transfer-low_w0_4,wlt_c_20260917-pilot6_calibration-retail-transfer-low-4w-40tps-r5_retail-transfer-low_w0_29,1000,transfer_20260917-pilot6_calibration-retail-transfer-low-4w-40tps-r5_retail-transfer-low_w0_r1_383],  with error: Error: Failed to submit trasaction with status code: 11
2026.09.17-14:51:54.582[31m error[39m [caliper] [connectors/peer-gateway/PeerGateway] 	Failed to perform submit transaction [Transfer] using arguments [wlt_c_20260917-pilot6_calibration-retail-transfer-low-4w-40tps-r5_retail-transfer-low_w1_9,wlt_c_20260917-pilot6_calibration-retail-transfer-low-4w-40tps-r5_retail-transfer-low_w1_34,1000,transfer_20260917-pilot6_calibration-retail-transfer-low-4w-40tps-r5_retail-transfer-low_w1_r1_387],  with error: Error: Failed to submit trasaction with status code: 11
2026.09.17-14:51:54.582[31m error[39m [caliper] [connectors/peer-gateway/PeerGateway] 	Failed to perform submit transaction [Transfer] using arguments [wlt_c_20260917-pilot6_calibration-retail-transfer-low-4w-40tps-r5_retail-transfer-low_w1_7,wlt_c_20260917-pilot6_calibration-retail-transfer-low-4w-40tps-r5_retail-transfer-low_w1_32,1000,transfer_20260917-pilot6_calibration-retail-transfer-low-4w-40tps-r5_retail-transfer-low_w1_r1_385],  with error: Error: Failed to submit trasaction with status code: 11
2026.09.17-14:51:54.584[31m error[39m [caliper] [connectors/peer-gateway/PeerGateway] 	Failed to perform submit transaction [Transfer] using arguments [wlt_c_20260917-pilot6_calibration-retail-transfer-low-4w-40tps-r5_retail-transfer-low_w0_3,wlt_c_20260917-pilot6_calibration-retail-transfer-low-4w-40tps-r5_retail-transfer-low_w0_28,1000,transfer_20260917-pilot6_calibration-retail-transfer-low-4w-40tps-r5_retail-transfer-low_w0_r1_382],  with error: Error: Failed to submit trasaction with status code: 11
2026.09.17-14:51:54.645[31m error[39m [caliper] [connectors/peer-gateway/PeerGateway] 	Failed to perform submit transaction [Transfer] using arguments [wlt_c_20260917-pilot6_calibration-retail-transfer-low-4w-40tps-r5_retail-transfer-low_w0_6,wlt_c_20260917-pilot6_calibration-retail-transfer-low-4w-40tps-r5_retail-transfer-low_w0_31,1000,transfer_20260917-pilot6_calibration-retail-transfer-low-4w-40tps-r5_retail-transfer-low_w0_r1_384],  with error: Error: Failed to submit trasaction with status code: 11
2026.09.17-14:51:54.649[31m error[39m [caliper] [connectors/peer-gateway/PeerGateway] 	Failed to perform submit transaction [Transfer] using arguments [wlt_c_20260917-pilot6_calibration-retail-transfer-low-4w-40tps-r5_retail-transfer-low_w0_7,wlt_c_20260917-pilot6_calibration-retail-transfer-low-4w-40tps-r5_retail-transfer-low_w0_32,1000,transfer_20260917-pilot6_calibration-retail-transfer-low-4w-40tps-r5_retail-transfer-low_w0_r1_385],  with error: Error: Failed to submit trasaction with status code: 11
2026.09.17-14:51:54.789[31m error[39m [caliper] [connectors/peer-gateway/PeerGateway] 	Failed to perform submit transaction [Transfer] using arguments [wlt_c_20260917-pilot6_calibration-retail-transfer-low-4w-40tps-r5_retail-transfer-low_w0_9,wlt_c_20260917-pilot6_calibration-retail-transfer-low-4w-40tps-r5_retail-transfer-low_w0_34,1000,transfer_20260917-pilot6_calibration-retail-transfer-low-4w-40tps-r5_retail-transfer-low_w0_r1_387],  with error: Error: Failed to submit trasaction with status code: 11
2026.09.17-14:51:54.790[31m error[39m [caliper] [connectors/peer-gateway/PeerGateway] 	Failed to perform submit transaction [Transfer] using arguments [wlt_c_20260917-pilot6_calibration-retail-transfer-low-4w-40tps-r5_retail-transfer-low_w0_8,wlt_c_20260917-pilot6_calibration-retail-transfer-low-4w-40tps-r5_retail-transfer-low_w0_33,1000,transfer_20260917-pilot6_calibration-retail-transfer-low-4w-40tps-r5_retail-transfer-low_w0_r1_386],  with error: Error: Failed to submit trasaction with status code: 11
2026.09.17-14:51:54.796[31m error[39m [caliper] [connectors/peer-gateway/PeerGateway] 	Failed to perform submit transaction [Transfer] using arguments [wlt_c_20260917-pilot6_calibration-retail-transfer-low-4w-40tps-r5_retail-transfer-low_w3_7,wlt_c_20260917-pilot6_calibration-retail-transfer-low-4w-40tps-r5_retail-transfer-low_w3_32,1000,transfer_20260917-pilot6_calibration-retail-transfer-low-4w-40tps-r5_retail-transfer-low_w3_r1_385],  with error: Error: Failed to submit trasaction with status code: 11
2026.09.17-14:51:54.797[31m error[39m [caliper] [connectors/peer-gateway/PeerGateway] 	Failed to perform submit transaction [Transfer] using arguments [wlt_c_20260917-pilot6_calibration-retail-transfer-low-4w-40tps-r5_retail-transfer-low_w3_8,wlt_c_20260917-pilot6_calibration-retail-transfer-low-4w-40tps-r5_retail-transfer-low_w3_33,1000,transfer_20260917-pilot6_calibration-retail-transfer-low-4w-40tps-r5_retail-transfer-low_w3_r1_386],  with error: Error: Failed to submit trasaction with status code: 11
2026.09.17-14:51:54.798[31m error[39m [caliper] [connectors/peer-gateway/PeerGateway] 	Failed to perform submit transaction [Transfer] using arguments [wlt_c_20260917-pilot6_calibration-retail-transfer-low-4w-40tps-r5_retail-transfer-low_w3_11,wlt_c_20260917-pilot6_calibration-retail-transfer-low-4w-40tps-r5_retail-transfer-low_w3_36,1000,transfer_20260917-pilot6_calibration-retail-transfer-low-4w-40tps-r5_retail-transfer-low_w3_r1_388],  with error: Error: Failed to submit trasaction with status code: 11
2026.09.17-14:51:54.833[31m error[39m [caliper] [connectors/peer-gateway/PeerGateway] 	Failed to perform submit transaction [Transfer] using arguments [wlt_c_20260917-pilot6_calibration-retail-transfer-low-4w-40tps-r5_retail-transfer-low_w3_9,wlt_c_20260917-pilot6_calibration-retail-transfer-low-4w-40tps-r5_retail-transfer-low_w3_34,1000,transfer_20260917-pilot6_calibration-retail-transfer-low-4w-40tps-r5_retail-transfer-low_w3_r1_387],  with error: Error: Failed to submit trasaction with status code: 11
2026.09.17-14:51:54.889[31m error[39m [caliper] [connectors/peer-gateway/PeerGateway] 	Failed to perform submit transaction [Transfer] using arguments [wlt_c_20260917-pilot6_calibration-retail-transfer-low-4w-40tps-r5_retail-transfer-low_w1_8,wlt_c_20260917-pilot6_calibration-retail-transfer-low-4w-40tps-r5_retail-transfer-low_w1_33,1000,transfer_20260917-pilot6_calibration-retail-transfer-low-4w-40tps-r5_retail-transfer-low_w1_r1_386],  with error: Error: Failed to submit trasaction with status code: 11
2026.09.17-14:51:54.916[31m error[39m [caliper] [connectors/peer-gateway/PeerGateway] 	Failed to perform submit transaction [Transfer] using arguments [wlt_c_20260917-pilot6_calibration-retail-transfer-low-4w-40tps-r5_retail-transfer-low_w2_8,wlt_c_20260917-pilot6_calibration-retail-transfer-low-4w-40tps-r5_retail-transfer-low_w2_33,1000,transfer_20260917-pilot6_calibration-retail-transfer-low-4w-40tps-r5_retail-transfer-low_w2_r1_386],  with error: Error: Failed to submit trasaction with status code: 11
2026.09.17-14:51:54.928[31m error[39m [caliper] [connectors/peer-gateway/PeerGateway] 	Failed to perform submit transaction [Transfer] using arguments [wlt_c_20260917-pilot6_calibration-retail-transfer-low-4w-40tps-r5_retail-transfer-low_w2_7,wlt_c_20260917-pilot6_calibration-retail-transfer-low-4w-40tps-r5_retail-transfer-low_w2_32,1000,transfer_20260917-pilot6_calibration-retail-transfer-low-4w-40tps-r5_retail-transfer-low_w2_r1_385],  with error: Error: Failed to submit trasaction with status code: 11
2026.09.17-14:51:54.935[31m error[39m [caliper] [connectors/peer-gateway/PeerGateway] 	Failed to perform submit transaction [Transfer] using arguments [wlt_c_20260917-pilot6_calibration-retail-transfer-low-4w-40tps-r5_retail-transfer-low_w2_9,wlt_c_20260917-pilot6_calibration-retail-transfer-low-4w-40tps-r5_retail-transfer-low_w2_34,1000,transfer_20260917-pilot6_calibration-retail-transfer-low-4w-40tps-r5_retail-transfer-low_w2_r1_387],  with error: Error: Failed to submit trasaction with status code: 11
2026.09.17-14:51:55.078[31m error[39m [caliper] [connectors/peer-gateway/PeerGateway] 	Failed to perform submit transaction [Transfer] using arguments [wlt_c_20260917-pilot6_calibration-retail-transfer-low-4w-40tps-r5_retail-transfer-low_w1_13,wlt_c_20260917-pilot6_calibration-retail-transfer-low-4w-40tps-r5_retail-transfer-low_w1_38,1000,transfer_20260917-pilot6_calibration-retail-transfer-low-4w-40tps-r5_retail-transfer-low_w1_r1_390],  with error: Error: Failed to submit trasaction with status code: 11
2026.09.17-14:51:55.086[31m error[39m [caliper] [connectors/peer-gateway/PeerGateway] 	Failed to perform submit transaction [Transfer] using arguments [wlt_c_20260917-pilot6_calibration-retail-transfer-low-4w-40tps-r5_retail-transfer-low_w3_13,wlt_c_20260917-pilot6_calibration-retail-transfer-low-4w-40tps-r5_retail-transfer-low_w3_38,1000,transfer_20260917-pilot6_calibration-retail-transfer-low-4w-40tps-r5_retail-transfer-low_w3_r1_390],  with error: Error: Failed to submit trasaction with status code: 11
2026.09.17-14:51:55.086[31m error[39m [caliper] [connectors/peer-gateway/PeerGateway] 	Failed to perform submit transaction [Transfer] using arguments [wlt_c_20260917-pilot6_calibration-retail-transfer-low-4w-40tps-r5_retail-transfer-low_w0_11,wlt_c_20260917-pilot6_calibration-retail-transfer-low-4w-40tps-r5_retail-transfer-low_w0_36,1000,transfer_20260917-pilot6_calibration-retail-transfer-low-4w-40tps-r5_retail-transfer-low_w0_r1_388],  with error: Error: Failed to submit trasaction with status code: 11
2026.09.17-14:51:55.087[31m error[39m [caliper] [connectors/peer-gateway/PeerGateway] 	Failed to perform submit transaction [Transfer] using arguments [wlt_c_20260917-pilot6_calibration-retail-transfer-low-4w-40tps-r5_retail-transfer-low_w0_12,wlt_c_20260917-pilot6_calibration-retail-transfer-low-4w-40tps-r5_retail-transfer-low_w0_37,1000,transfer_20260917-pilot6_calibration-retail-transfer-low-4w-40tps-r5_retail-transfer-low_w0_r1_389],  with error: Error: Failed to submit trasaction with status code: 11
2026.09.17-14:51:55.088[31m error[39m [caliper] [connectors/peer-gateway/PeerGateway] 	Failed to perform submit transaction [Transfer] using arguments [wlt_c_20260917-pilot6_calibration-retail-transfer-low-4w-40tps-r5_retail-transfer-low_w0_13,wlt_c_20260917-pilot6_calibration-retail-transfer-low-4w-40tps-r5_retail-transfer-low_w0_38,1000,transfer_20260917-pilot6_calibration-retail-transfer-low-4w-40tps-r5_retail-transfer-low_w0_r1_390],  with error: Error: Failed to submit trasaction with status code: 11
2026.09.17-14:51:55.090[31m error[39m [caliper] [connectors/peer-gateway/PeerGateway] 	Failed to perform submit transaction [Transfer] using arguments [wlt_c_20260917-pilot6_calibration-retail-transfer-low-4w-40tps-r5_retail-transfer-low_w2_11,wlt_c_20260917-pilot6_calibration-retail-transfer-low-4w-40tps-r5_retail-transfer-low_w2_36,1000,transfer_20260917-pilot6_calibration-retail-transfer-low-4w-40tps-r5_retail-transfer-low_w2_r1_388],  with error: Error: Failed to submit trasaction with status code: 11
2026.09.17-14:51:55.091[31m error[39m [caliper] [connectors/peer-gateway/PeerGateway] 	Failed to perform submit transaction [Transfer] using arguments [wlt_c_20260917-pilot6_calibration-retail-transfer-low-4w-40tps-r5_retail-transfer-low_w2_12,wlt_c_20260917-pilot6_calibration-retail-transfer-low-4w-40tps-r5_retail-transfer-low_w2_37,1000,transfer_20260917-pilot6_calibration-retail-transfer-low-4w-40tps-r5_retail-transfer-low_w2_r1_389],  with error: Error: Failed to submit trasaction with status code: 11
2026.09.17-14:51:55.096[31m error[39m [caliper] [connectors/peer-gateway/PeerGateway] 	Failed to perform submit transaction [Transfer] using arguments [wlt_c_20260917-pilot6_calibration-retail-transfer-low-4w-40tps-r5_retail-transfer-low_w1_12,wlt_c_20260917-pilot6_calibration-retail-transfer-low-4w-40tps-r5_retail-transfer-low_w1_37,1000,transfer_20260917-pilot6_calibration-retail-transfer-low-4w-40tps-r5_retail-transfer-low_w1_r1_389],  with error: Error: Failed to submit trasaction with status code: 11
2026.09.17-14:51:55.096[31m error[39m [caliper] [connectors/peer-gateway/PeerGateway] 	Failed to perform submit transaction [Transfer] using arguments [wlt_c_20260917-pilot6_calibration-retail-transfer-low-4w-40tps-r5_retail-transfer-low_w3_12,wlt_c_20260917-pilot6_calibration-retail-transfer-low-4w-40tps-r5_retail-transfer-low_w3_37,1000,transfer_20260917-pilot6_calibration-retail-transfer-low-4w-40tps-r5_retail-transfer-low_w3_r1_389],  with error: Error: Failed to submit trasaction with status code: 11
2026.09.17-14:51:55.105[31m error[39m [caliper] [connectors/peer-gateway/PeerGateway] 	Failed to perform submit transaction [Transfer] using arguments [wlt_c_20260917-pilot6_calibration-retail-transfer-low-4w-40tps-r5_retail-transfer-low_w1_11,wlt_c_20260917-pilot6_calibration-retail-transfer-low-4w-40tps-r5_retail-transfer-low_w1_36,1000,transfer_20260917-pilot6_calibration-retail-transfer-low-4w-40tps-r5_retail-transfer-low_w1_r1_388],  with error: Error: Failed to submit trasaction with status code: 11
2026.09.17-14:51:55.319[31m error[39m [caliper] [connectors/peer-gateway/PeerGateway] 	Failed to perform submit transaction [Transfer] using arguments [wlt_c_20260917-pilot6_calibration-retail-transfer-low-4w-40tps-r5_retail-transfer-low_w1_14,wlt_c_20260917-pilot6_calibration-retail-transfer-low-4w-40tps-r5_retail-transfer-low_w1_39,1000,transfer_20260917-pilot6_calibration-retail-transfer-low-4w-40tps-r5_retail-transfer-low_w1_r1_391],  with error: Error: Failed to submit trasaction with status code: 11
2026.09.17-14:51:55.320[31m error[39m [caliper] [connectors/peer-gateway/PeerGateway] 	Failed to perform submit transaction [Transfer] using arguments [wlt_c_20260917-pilot6_calibration-retail-transfer-low-4w-40tps-r5_retail-transfer-low_w3_14,wlt_c_20260917-pilot6_calibration-retail-transfer-low-4w-40tps-r5_retail-transfer-low_w3_39,1000,transfer_20260917-pilot6_calibration-retail-transfer-low-4w-40tps-r5_retail-transfer-low_w3_r1_391],  with error: Error: Failed to submit trasaction with status code: 11
2026.09.17-14:51:55.326[31m error[39m [caliper] [connectors/peer-gateway/PeerGateway] 	Failed to perform submit transaction [Transfer] using arguments [wlt_c_20260917-pilot6_calibration-retail-transfer-low-4w-40tps-r5_retail-transfer-low_w1_16,wlt_c_20260917-pilot6_calibration-retail-transfer-low-4w-40tps-r5_retail-transfer-low_w1_41,1000,transfer_20260917-pilot6_calibration-retail-transfer-low-4w-40tps-r5_retail-transfer-low_w1_r1_392],  with error: Error: Failed to submit trasaction with status code: 11
2026.09.17-14:51:55.327[31m error[39m [caliper] [connectors/peer-gateway/PeerGateway] 	Failed to perform submit transaction [Transfer] using arguments [wlt_c_20260917-pilot6_calibration-retail-transfer-low-4w-40tps-r5_retail-transfer-low_w1_17,wlt_c_20260917-pilot6_calibration-retail-transfer-low-4w-40tps-r5_retail-transfer-low_w1_42,1000,transfer_20260917-pilot6_calibration-retail-transfer-low-4w-40tps-r5_retail-transfer-low_w1_r1_393],  with error: Error: Failed to submit trasaction with status code: 11
2026.09.17-14:51:55.331[31m error[39m [caliper] [connectors/peer-gateway/PeerGateway] 	Failed to perform submit transaction [Transfer] using arguments [wlt_c_20260917-pilot6_calibration-retail-transfer-low-4w-40tps-r5_retail-transfer-low_w2_16,wlt_c_20260917-pilot6_calibration-retail-transfer-low-4w-40tps-r5_retail-transfer-low_w2_41,1000,transfer_20260917-pilot6_calibration-retail-transfer-low-4w-40tps-r5_retail-transfer-low_w2_r1_392],  with error: Error: Failed to submit trasaction with status code: 11
2026.09.17-14:51:55.334[31m error[39m [caliper] [connectors/peer-gateway/PeerGateway] 	Failed to perform submit transaction [Transfer] using arguments [wlt_c_20260917-pilot6_calibration-retail-transfer-low-4w-40tps-r5_retail-transfer-low_w0_14,wlt_c_20260917-pilot6_calibration-retail-transfer-low-4w-40tps-r5_retail-transfer-low_w0_39,1000,transfer_20260917-pilot6_calibration-retail-transfer-low-4w-40tps-r5_retail-transfer-low_w0_r1_391],  with error: Error: Failed to submit trasaction with status code: 11
2026.09.17-14:51:55.334[31m error[39m [caliper] [connectors/peer-gateway/PeerGateway] 	Failed to perform submit transaction [Transfer] using arguments [wlt_c_20260917-pilot6_calibration-retail-transfer-low-4w-40tps-r5_retail-transfer-low_w0_16,wlt_c_20260917-pilot6_calibration-retail-transfer-low-4w-40tps-r5_retail-transfer-low_w0_41,1000,transfer_20260917-pilot6_calibration-retail-transfer-low-4w-40tps-r5_retail-transfer-low_w0_r1_392],  with error: Error: Failed to submit trasaction with status code: 11
2026.09.17-14:51:55.344[31m error[39m [caliper] [connectors/peer-gateway/PeerGateway] 	Failed to perform submit transaction [Transfer] using arguments [wlt_c_20260917-pilot6_calibration-retail-transfer-low-4w-40tps-r5_retail-transfer-low_w2_13,wlt_c_20260917-pilot6_calibration-retail-transfer-low-4w-40tps-r5_retail-transfer-low_w2_38,1000,transfer_20260917-pilot6_calibration-retail-transfer-low-4w-40tps-r5_retail-transfer-low_w2_r1_390],  with error: Error: Failed to submit trasaction with status code: 11
2026.09.17-14:51:55.350[31m error[39m [caliper] [connectors/peer-gateway/PeerGateway] 	Failed to perform submit transaction [Transfer] using arguments [wlt_c_20260917-pilot6_calibration-retail-transfer-low-4w-40tps-r5_retail-transfer-low_w2_14,wlt_c_20260917-pilot6_calibration-retail-transfer-low-4w-40tps-r5_retail-transfer-low_w2_39,1000,transfer_20260917-pilot6_calibration-retail-transfer-low-4w-40tps-r5_retail-transfer-low_w2_r1_391],  with error: Error: Failed to submit trasaction with status code: 11
2026.09.17-14:51:55.535[31m error[39m [caliper] [connectors/peer-gateway/PeerGateway] 	Failed to perform submit transaction [Transfer] using arguments [wlt_c_20260917-pilot6_calibration-retail-transfer-low-4w-40tps-r5_retail-transfer-low_w2_19,wlt_c_20260917-pilot6_calibration-retail-transfer-low-4w-40tps-r5_retail-transfer-low_w2_44,1000,transfer_20260917-pilot6_calibration-retail-transfer-low-4w-40tps-r5_retail-transfer-low_w2_r1_395],  with error: Error: Failed to submit trasaction with status code: 11
2026.09.17-14:51:55.537[31m error[39m [caliper] [connectors/peer-gateway/PeerGateway] 	Failed to perform submit transaction [Transfer] using arguments [wlt_c_20260917-pilot6_calibration-retail-transfer-low-4w-40tps-r5_retail-transfer-low_w3_16,wlt_c_20260917-pilot6_calibration-retail-transfer-low-4w-40tps-r5_retail-transfer-low_w3_41,1000,transfer_20260917-pilot6_calibration-retail-transfer-low-4w-40tps-r5_retail-transfer-low_w3_r1_392],  with error: Error: Failed to submit trasaction with status code: 11
2026.09.17-14:51:55.538[31m error[39m [caliper] [connectors/peer-gateway/PeerGateway] 	Failed to perform submit transaction [Transfer] using arguments [wlt_c_20260917-pilot6_calibration-retail-transfer-low-4w-40tps-r5_retail-transfer-low_w3_17,wlt_c_20260917-pilot6_calibration-retail-transfer-low-4w-40tps-r5_retail-transfer-low_w3_42,1000,transfer_20260917-pilot6_calibration-retail-transfer-low-4w-40tps-r5_retail-transfer-low_w3_r1_393],  with error: Error: Failed to submit trasaction with status code: 11
2026.09.17-14:51:55.538[31m error[39m [caliper] [connectors/peer-gateway/PeerGateway] 	Failed to perform submit transaction [Transfer] using arguments [wlt_c_20260917-pilot6_calibration-retail-transfer-low-4w-40tps-r5_retail-transfer-low_w3_18,wlt_c_20260917-pilot6_calibration-retail-transfer-low-4w-40tps-r5_retail-transfer-low_w3_43,1000,transfer_20260917-pilot6_calibration-retail-transfer-low-4w-40tps-r5_retail-transfer-low_w3_r1_394],  with error: Error: Failed to submit trasaction with status code: 11
2026.09.17-14:51:55.539[31m error[39m [caliper] [connectors/peer-gateway/PeerGateway] 	Failed to perform submit transaction [Transfer] using arguments [wlt_c_20260917-pilot6_calibration-retail-transfer-low-4w-40tps-r5_retail-transfer-low_w3_19,wlt_c_20260917-pilot6_calibration-retail-transfer-low-4w-40tps-r5_retail-transfer-low_w3_44,1000,transfer_20260917-pilot6_calibration-retail-transfer-low-4w-40tps-r5_retail-transfer-low_w3_r1_395],  with error: Error: Failed to submit trasaction with status code: 11
2026.09.17-14:51:55.539[31m error[39m [caliper] [connectors/peer-gateway/PeerGateway] 	Failed to perform submit transaction [Transfer] using arguments [wlt_c_20260917-pilot6_calibration-retail-transfer-low-4w-40tps-r5_retail-transfer-low_w2_17,wlt_c_20260917-pilot6_calibration-retail-transfer-low-4w-40tps-r5_retail-transfer-low_w2_42,1000,transfer_20260917-pilot6_calibration-retail-transfer-low-4w-40tps-r5_retail-transfer-low_w2_r1_393],  with error: Error: Failed to submit trasaction with status code: 11
2026.09.17-14:51:55.542[31m error[39m [caliper] [connectors/peer-gateway/PeerGateway] 	Failed to perform submit transaction [Transfer] using arguments [wlt_c_20260917-pilot6_calibration-retail-transfer-low-4w-40tps-r5_retail-transfer-low_w2_18,wlt_c_20260917-pilot6_calibration-retail-transfer-low-4w-40tps-r5_retail-transfer-low_w2_43,1000,transfer_20260917-pilot6_calibration-retail-transfer-low-4w-40tps-r5_retail-transfer-low_w2_r1_394],  with error: Error: Failed to submit trasaction with status code: 11
2026.09.17-14:51:55.572[31m error[39m [caliper] [connectors/peer-gateway/PeerGateway] 	Failed to perform submit transaction [Transfer] using arguments [wlt_c_20260917-pilot6_calibration-retail-transfer-low-4w-40tps-r5_retail-transfer-low_w0_19,wlt_c_20260917-pilot6_calibration-retail-transfer-low-4w-40tps-r5_retail-transfer-low_w0_44,1000,transfer_20260917-pilot6_calibration-retail-transfer-low-4w-40tps-r5_retail-transfer-low_w0_r1_395],  with error: Error: Failed to submit trasaction with status code: 11
2026.09.17-14:51:56.082[31m error[39m [caliper] [connectors/peer-gateway/PeerGateway] 	Failed to perform submit transaction [Transfer] using arguments [wlt_c_20260917-pilot6_calibration-retail-transfer-low-4w-40tps-r5_retail-transfer-low_w3_22,wlt_c_20260917-pilot6_calibration-retail-transfer-low-4w-40tps-r5_retail-transfer-low_w3_47,1000,transfer_20260917-pilot6_calibration-retail-transfer-low-4w-40tps-r5_retail-transfer-low_w3_r1_397],  with error: Error: Failed to submit trasaction with status code: 11
2026.09.17-14:51:56.084[31m error[39m [caliper] [connectors/peer-gateway/PeerGateway] 	Failed to perform submit transaction [Transfer] using arguments [wlt_c_20260917-pilot6_calibration-retail-transfer-low-4w-40tps-r5_retail-transfer-low_w0_18,wlt_c_20260917-pilot6_calibration-retail-transfer-low-4w-40tps-r5_retail-transfer-low_w0_43,1000,transfer_20260917-pilot6_calibration-retail-transfer-low-4w-40tps-r5_retail-transfer-low_w0_r1_394],  with error: Error: Failed to submit trasaction with status code: 11
2026.09.17-14:51:56.084[31m error[39m [caliper] [connectors/peer-gateway/PeerGateway] 	Failed to perform submit transaction [Transfer] using arguments [wlt_c_20260917-pilot6_calibration-retail-transfer-low-4w-40tps-r5_retail-transfer-low_w3_23,wlt_c_20260917-pilot6_calibration-retail-transfer-low-4w-40tps-r5_retail-transfer-low_w3_48,1000,transfer_20260917-pilot6_calibration-retail-transfer-low-4w-40tps-r5_retail-transfer-low_w3_r1_398],  with error: Error: Failed to submit trasaction with status code: 11
2026.09.17-14:51:56.085[31m error[39m [caliper] [connectors/peer-gateway/PeerGateway] 	Failed to perform submit transaction [Transfer] using arguments [wlt_c_20260917-pilot6_calibration-retail-transfer-low-4w-40tps-r5_retail-transfer-low_w0_23,wlt_c_20260917-pilot6_calibration-retail-transfer-low-4w-40tps-r5_retail-transfer-low_w0_48,1000,transfer_20260917-pilot6_calibration-retail-transfer-low-4w-40tps-r5_retail-transfer-low_w0_r1_398],  with error: Error: Failed to submit trasaction with status code: 11
2026.09.17-14:51:56.088[31m error[39m [caliper] [connectors/peer-gateway/PeerGateway] 	Failed to perform submit transaction [Transfer] using arguments [wlt_c_20260917-pilot6_calibration-retail-transfer-low-4w-40tps-r5_retail-transfer-low_w1_23,wlt_c_20260917-pilot6_calibration-retail-transfer-low-4w-40tps-r5_retail-transfer-low_w1_48,1000,transfer_20260917-pilot6_calibration-retail-transfer-low-4w-40tps-r5_retail-transfer-low_w1_r1_398],  with error: Error: Failed to submit trasaction with status code: 11
2026.09.17-14:51:56.081[31m error[39m [caliper] [connectors/peer-gateway/PeerGateway] 	Failed to perform submit transaction [Transfer] using arguments [wlt_c_20260917-pilot6_calibration-retail-transfer-low-4w-40tps-r5_retail-transfer-low_w2_21,wlt_c_20260917-pilot6_calibration-retail-transfer-low-4w-40tps-r5_retail-transfer-low_w2_46,1000,transfer_20260917-pilot6_calibration-retail-transfer-low-4w-40tps-r5_retail-transfer-low_w2_r1_396],  with error: Error: Failed to submit trasaction with status code: 11
2026.09.17-14:51:56.103[31m error[39m [caliper] [connectors/peer-gateway/PeerGateway] 	Failed to perform submit transaction [Transfer] using arguments [wlt_c_20260917-pilot6_calibration-retail-transfer-low-4w-40tps-r5_retail-transfer-low_w0_21,wlt_c_20260917-pilot6_calibration-retail-transfer-low-4w-40tps-r5_retail-transfer-low_w0_46,1000,transfer_20260917-pilot6_calibration-retail-transfer-low-4w-40tps-r5_retail-transfer-low_w0_r1_396],  with error: Error: Failed to submit trasaction with status code: 11
2026.09.17-14:51:56.109[31m error[39m [caliper] [connectors/peer-gateway/PeerGateway] 	Failed to perform submit transaction [Transfer] using arguments [wlt_c_20260917-pilot6_calibration-retail-transfer-low-4w-40tps-r5_retail-transfer-low_w0_22,wlt_c_20260917-pilot6_calibration-retail-transfer-low-4w-40tps-r5_retail-transfer-low_w0_47,1000,transfer_20260917-pilot6_calibration-retail-transfer-low-4w-40tps-r5_retail-transfer-low_w0_r1_397],  with error: Error: Failed to submit trasaction with status code: 11
2026.09.17-14:51:56.428[31m error[39m [caliper] [connectors/peer-gateway/PeerGateway] 	Failed to perform submit transaction [Transfer] using arguments [wlt_c_20260917-pilot6_calibration-retail-transfer-low-4w-40tps-r5_retail-transfer-low_w0_1,wlt_c_20260917-pilot6_calibration-retail-transfer-low-4w-40tps-r5_retail-transfer-low_w0_26,1000,transfer_20260917-pilot6_calibration-retail-transfer-low-4w-40tps-r5_retail-transfer-low_w0_r1_400],  with error: Error: Failed to submit trasaction with status code: 11
2026.09.17-14:51:56.429[31m error[39m [caliper] [connectors/peer-gateway/PeerGateway] 	Failed to perform submit transaction [Transfer] using arguments [wlt_c_20260917-pilot6_calibration-retail-transfer-low-4w-40tps-r5_retail-transfer-low_w2_22,wlt_c_20260917-pilot6_calibration-retail-transfer-low-4w-40tps-r5_retail-transfer-low_w2_47,1000,transfer_20260917-pilot6_calibration-retail-transfer-low-4w-40tps-r5_retail-transfer-low_w2_r1_397],  with error: Error: Failed to submit trasaction with status code: 11
2026.09.17-14:51:56.439[31m error[39m [caliper] [connectors/peer-gateway/PeerGateway] 	Failed to perform submit transaction [Transfer] using arguments [wlt_c_20260917-pilot6_calibration-retail-transfer-low-4w-40tps-r5_retail-transfer-low_w2_23,wlt_c_20260917-pilot6_calibration-retail-transfer-low-4w-40tps-r5_retail-transfer-low_w2_48,1000,transfer_20260917-pilot6_calibration-retail-transfer-low-4w-40tps-r5_retail-transfer-low_w2_r1_398],  with error: Error: Failed to submit trasaction with status code: 11
2026.09.17-14:51:56.442[31m error[39m [caliper] [connectors/peer-gateway/PeerGateway] 	Failed to perform submit transaction [Transfer] using arguments [wlt_c_20260917-pilot6_calibration-retail-transfer-low-4w-40tps-r5_retail-transfer-low_w2_24,wlt_c_20260917-pilot6_calibration-retail-transfer-low-4w-40tps-r5_retail-transfer-low_w2_49,1000,transfer_20260917-pilot6_calibration-retail-transfer-low-4w-40tps-r5_retail-transfer-low_w2_r1_399],  with error: Error: Failed to submit trasaction with status code: 11
2026.09.17-14:51:56.453[31m error[39m [caliper] [connectors/peer-gateway/PeerGateway] 	Failed to perform submit transaction [Transfer] using arguments [wlt_c_20260917-pilot6_calibration-retail-transfer-low-4w-40tps-r5_retail-transfer-low_w3_24,wlt_c_20260917-pilot6_calibration-retail-transfer-low-4w-40tps-r5_retail-transfer-low_w3_49,1000,transfer_20260917-pilot6_calibration-retail-transfer-low-4w-40tps-r5_retail-transfer-low_w3_r1_399],  with error: Error: Failed to submit trasaction with status code: 11
2026.09.17-14:51:56.577[31m error[39m [caliper] [connectors/peer-gateway/PeerGateway] 	Failed to perform submit transaction [Transfer] using arguments [wlt_c_20260917-pilot6_calibration-retail-transfer-low-4w-40tps-r5_retail-transfer-low_w1_24,wlt_c_20260917-pilot6_calibration-retail-transfer-low-4w-40tps-r5_retail-transfer-low_w1_49,1000,transfer_20260917-pilot6_calibration-retail-transfer-low-4w-40tps-r5_retail-transfer-low_w1_r1_399],  with error: Error: Failed to submit trasaction with status code: 11
2026.09.17-14:51:56.775[31m error[39m [caliper] [connectors/peer-gateway/PeerGateway] 	Failed to perform submit transaction [Transfer] using arguments [wlt_c_20260917-pilot6_calibration-retail-transfer-low-4w-40tps-r5_retail-transfer-low_w2_4,wlt_c_20260917-pilot6_calibration-retail-transfer-low-4w-40tps-r5_retail-transfer-low_w2_29,1000,transfer_20260917-pilot6_calibration-retail-transfer-low-4w-40tps-r5_retail-transfer-low_w2_r1_403],  with error: Error: Failed to submit trasaction with status code: 11
2026.09.17-14:51:56.779[31m error[39m [caliper] [connectors/peer-gateway/PeerGateway] 	Failed to perform submit transaction [Transfer] using arguments [wlt_c_20260917-pilot6_calibration-retail-transfer-low-4w-40tps-r5_retail-transfer-low_w1_2,wlt_c_20260917-pilot6_calibration-retail-transfer-low-4w-40tps-r5_retail-transfer-low_w1_27,1000,transfer_20260917-pilot6_calibration-retail-transfer-low-4w-40tps-r5_retail-transfer-low_w1_r1_401],  with error: Error: Failed to submit trasaction with status code: 11
2026.09.17-14:51:56.780[31m error[39m [caliper] [connectors/peer-gateway/PeerGateway] 	Failed to perform submit transaction [Transfer] using arguments [wlt_c_20260917-pilot6_calibration-retail-transfer-low-4w-40tps-r5_retail-transfer-low_w1_4,wlt_c_20260917-pilot6_calibration-retail-transfer-low-4w-40tps-r5_retail-transfer-low_w1_29,1000,transfer_20260917-pilot6_calibration-retail-transfer-low-4w-40tps-r5_retail-transfer-low_w1_r1_403],  with error: Error: Failed to submit trasaction with status code: 11
2026.09.17-14:51:56.856[31m error[39m [caliper] [connectors/peer-gateway/PeerGateway] 	Failed to perform submit transaction [Transfer] using arguments [wlt_c_20260917-pilot6_calibration-retail-transfer-low-4w-40tps-r5_retail-transfer-low_w1_3,wlt_c_20260917-pilot6_calibration-retail-transfer-low-4w-40tps-r5_retail-transfer-low_w1_28,1000,transfer_20260917-pilot6_calibration-retail-transfer-low-4w-40tps-r5_retail-transfer-low_w1_r1_402],  with error: Error: Failed to submit trasaction with status code: 11
2026.09.17-14:51:56.878[31m error[39m [caliper] [connectors/peer-gateway/PeerGateway] 	Failed to perform submit transaction [Transfer] using arguments [wlt_c_20260917-pilot6_calibration-retail-transfer-low-4w-40tps-r5_retail-transfer-low_w3_2,wlt_c_20260917-pilot6_calibration-retail-transfer-low-4w-40tps-r5_retail-transfer-low_w3_27,1000,transfer_20260917-pilot6_calibration-retail-transfer-low-4w-40tps-r5_retail-transfer-low_w3_r1_401],  with error: Error: Failed to submit trasaction with status code: 11
2026.09.17-14:51:57.256[31m error[39m [caliper] [connectors/peer-gateway/PeerGateway] 	Failed to perform submit transaction [Transfer] using arguments [wlt_c_20260917-pilot6_calibration-retail-transfer-low-4w-40tps-r5_retail-transfer-low_w2_8,wlt_c_20260917-pilot6_calibration-retail-transfer-low-4w-40tps-r5_retail-transfer-low_w2_33,1000,transfer_20260917-pilot6_calibration-retail-transfer-low-4w-40tps-r5_retail-transfer-low_w2_r1_406],  with error: Error: Failed to submit trasaction with status code: 11
2026.09.17-14:51:57.261[31m error[39m [caliper] [connectors/peer-gateway/PeerGateway] 	Failed to perform submit transaction [Transfer] using arguments [wlt_c_20260917-pilot6_calibration-retail-transfer-low-4w-40tps-r5_retail-transfer-low_w0_7,wlt_c_20260917-pilot6_calibration-retail-transfer-low-4w-40tps-r5_retail-transfer-low_w0_32,1000,transfer_20260917-pilot6_calibration-retail-transfer-low-4w-40tps-r5_retail-transfer-low_w0_r1_405],  with error: Error: Failed to submit trasaction with status code: 11
2026.09.17-14:51:57.264[31m error[39m [caliper] [connectors/peer-gateway/PeerGateway] 	Failed to perform submit transaction [Transfer] using arguments [wlt_c_20260917-pilot6_calibration-retail-transfer-low-4w-40tps-r5_retail-transfer-low_w1_11,wlt_c_20260917-pilot6_calibration-retail-transfer-low-4w-40tps-r5_retail-transfer-low_w1_36,1000,transfer_20260917-pilot6_calibration-retail-transfer-low-4w-40tps-r5_retail-transfer-low_w1_r1_408],  with error: Error: Failed to submit trasaction with status code: 11
2026.09.17-14:51:57.265[31m error[39m [caliper] [connectors/peer-gateway/PeerGateway] 	Failed to perform submit transaction [Transfer] using arguments [wlt_c_20260917-pilot6_calibration-retail-transfer-low-4w-40tps-r5_retail-transfer-low_w2_2,wlt_c_20260917-pilot6_calibration-retail-transfer-low-4w-40tps-r5_retail-transfer-low_w2_27,1000,transfer_20260917-pilot6_calibration-retail-transfer-low-4w-40tps-r5_retail-transfer-low_w2_r1_401],  with error: Error: Failed to submit trasaction with status code: 11
2026.09.17-14:51:57.265[31m error[39m [caliper] [connectors/peer-gateway/PeerGateway] 	Failed to perform submit transaction [Transfer] using arguments [wlt_c_20260917-pilot6_calibration-retail-transfer-low-4w-40tps-r5_retail-transfer-low_w3_7,wlt_c_20260917-pilot6_calibration-retail-transfer-low-4w-40tps-r5_retail-transfer-low_w3_32,1000,transfer_20260917-pilot6_calibration-retail-transfer-low-4w-40tps-r5_retail-transfer-low_w3_r1_405],  with error: Error: Failed to submit trasaction with status code: 11
2026.09.17-14:51:57.271[31m error[39m [caliper] [connectors/peer-gateway/PeerGateway] 	Failed to perform submit transaction [Transfer] using arguments [wlt_c_20260917-pilot6_calibration-retail-transfer-low-4w-40tps-r5_retail-transfer-low_w0_24,wlt_c_20260917-pilot6_calibration-retail-transfer-low-4w-40tps-r5_retail-transfer-low_w0_49,1000,transfer_20260917-pilot6_calibration-retail-transfer-low-4w-40tps-r5_retail-transfer-low_w0_r1_399],  with error: Error: Failed to submit trasaction with status code: 11
2026.09.17-14:51:57.271[31m error[39m [caliper] [connectors/peer-gateway/PeerGateway] 	Failed to perform submit transaction [Transfer] using arguments [wlt_c_20260917-pilot6_calibration-retail-transfer-low-4w-40tps-r5_retail-transfer-low_w0_2,wlt_c_20260917-pilot6_calibration-retail-transfer-low-4w-40tps-r5_retail-transfer-low_w0_27,1000,transfer_20260917-pilot6_calibration-retail-transfer-low-4w-40tps-r5_retail-transfer-low_w0_r1_401],  with error: Error: Failed to submit trasaction with status code: 11
2026.09.17-14:51:57.276[31m error[39m [caliper] [connectors/peer-gateway/PeerGateway] 	Failed to perform submit transaction [Transfer] using arguments [wlt_c_20260917-pilot6_calibration-retail-transfer-low-4w-40tps-r5_retail-transfer-low_w0_11,wlt_c_20260917-pilot6_calibration-retail-transfer-low-4w-40tps-r5_retail-transfer-low_w0_36,1000,transfer_20260917-pilot6_calibration-retail-transfer-low-4w-40tps-r5_retail-transfer-low_w0_r1_408],  with error: Error: Failed to submit trasaction with status code: 11
2026.09.17-14:51:57.512[31m error[39m [caliper] [connectors/peer-gateway/PeerGateway] 	Failed to perform submit transaction [Transfer] using arguments [wlt_c_20260917-pilot6_calibration-retail-transfer-low-4w-40tps-r5_retail-transfer-low_w2_9,wlt_c_20260917-pilot6_calibration-retail-transfer-low-4w-40tps-r5_retail-transfer-low_w2_34,1000,transfer_20260917-pilot6_calibration-retail-transfer-low-4w-40tps-r5_retail-transfer-low_w2_r1_407],  with error: Error: Failed to submit trasaction with status code: 11
2026.09.17-14:51:57.519[31m error[39m [caliper] [connectors/peer-gateway/PeerGateway] 	Failed to perform submit transaction [Transfer] using arguments [wlt_c_20260917-pilot6_calibration-retail-transfer-low-4w-40tps-r5_retail-transfer-low_w2_11,wlt_c_20260917-pilot6_calibration-retail-transfer-low-4w-40tps-r5_retail-transfer-low_w2_36,1000,transfer_20260917-pilot6_calibration-retail-transfer-low-4w-40tps-r5_retail-transfer-low_w2_r1_408],  with error: Error: Failed to submit trasaction with status code: 11
2026.09.17-14:51:57.531[31m error[39m [caliper] [connectors/peer-gateway/PeerGateway] 	Failed to perform submit transaction [Transfer] using arguments [wlt_c_20260917-pilot6_calibration-retail-transfer-low-4w-40tps-r5_retail-transfer-low_w0_9,wlt_c_20260917-pilot6_calibration-retail-transfer-low-4w-40tps-r5_retail-transfer-low_w0_34,1000,transfer_20260917-pilot6_calibration-retail-transfer-low-4w-40tps-r5_retail-transfer-low_w0_r1_407],  with error: Error: Failed to submit trasaction with status code: 11
2026.09.17-14:51:57.532[31m error[39m [caliper] [connectors/peer-gateway/PeerGateway] 	Failed to perform submit transaction [Transfer] using arguments [wlt_c_20260917-pilot6_calibration-retail-transfer-low-4w-40tps-r5_retail-transfer-low_w0_8,wlt_c_20260917-pilot6_calibration-retail-transfer-low-4w-40tps-r5_retail-transfer-low_w0_33,1000,transfer_20260917-pilot6_calibration-retail-transfer-low-4w-40tps-r5_retail-transfer-low_w0_r1_406],  with error: Error: Failed to submit trasaction with status code: 11
2026.09.17-14:51:57.533[31m error[39m [caliper] [connectors/peer-gateway/PeerGateway] 	Failed to perform submit transaction [Transfer] using arguments [wlt_c_20260917-pilot6_calibration-retail-transfer-low-4w-40tps-r5_retail-transfer-low_w3_8,wlt_c_20260917-pilot6_calibration-retail-transfer-low-4w-40tps-r5_retail-transfer-low_w3_33,1000,transfer_20260917-pilot6_calibration-retail-transfer-low-4w-40tps-r5_retail-transfer-low_w3_r1_406],  with error: Error: Failed to submit trasaction with status code: 11
2026.09.17-14:51:57.537[31m error[39m [caliper] [connectors/peer-gateway/PeerGateway] 	Failed to perform submit transaction [Transfer] using arguments [wlt_c_20260917-pilot6_calibration-retail-transfer-low-4w-40tps-r5_retail-transfer-low_w3_9,wlt_c_20260917-pilot6_calibration-retail-transfer-low-4w-40tps-r5_retail-transfer-low_w3_34,1000,transfer_20260917-pilot6_calibration-retail-transfer-low-4w-40tps-r5_retail-transfer-low_w3_r1_407],  with error: Error: Failed to submit trasaction with status code: 11
2026.09.17-14:51:57.537[31m error[39m [caliper] [connectors/peer-gateway/PeerGateway] 	Failed to perform submit transaction [Transfer] using arguments [wlt_c_20260917-pilot6_calibration-retail-transfer-low-4w-40tps-r5_retail-transfer-low_w3_6,wlt_c_20260917-pilot6_calibration-retail-transfer-low-4w-40tps-r5_retail-transfer-low_w3_31,1000,transfer_20260917-pilot6_calibration-retail-transfer-low-4w-40tps-r5_retail-transfer-low_w3_r1_404],  with error: Error: Failed to submit trasaction with status code: 11
2026.09.17-14:51:57.538[31m error[39m [caliper] [connectors/peer-gateway/PeerGateway] 	Failed to perform submit transaction [Transfer] using arguments [wlt_c_20260917-pilot6_calibration-retail-transfer-low-4w-40tps-r5_retail-transfer-low_w1_9,wlt_c_20260917-pilot6_calibration-retail-transfer-low-4w-40tps-r5_retail-transfer-low_w1_34,1000,transfer_20260917-pilot6_calibration-retail-transfer-low-4w-40tps-r5_retail-transfer-low_w1_r1_407],  with error: Error: Failed to submit trasaction with status code: 11
2026.09.17-14:51:57.539[31m error[39m [caliper] [connectors/peer-gateway/PeerGateway] 	Failed to perform submit transaction [Transfer] using arguments [wlt_c_20260917-pilot6_calibration-retail-transfer-low-4w-40tps-r5_retail-transfer-low_w1_8,wlt_c_20260917-pilot6_calibration-retail-transfer-low-4w-40tps-r5_retail-transfer-low_w1_33,1000,transfer_20260917-pilot6_calibration-retail-transfer-low-4w-40tps-r5_retail-transfer-low_w1_r1_406],  with error: Error: Failed to submit trasaction with status code: 11
2026.09.17-14:51:57.539[31m error[39m [caliper] [connectors/peer-gateway/PeerGateway] 	Failed to perform submit transaction [Transfer] using arguments [wlt_c_20260917-pilot6_calibration-retail-transfer-low-4w-40tps-r5_retail-transfer-low_w1_7,wlt_c_20260917-pilot6_calibration-retail-transfer-low-4w-40tps-r5_retail-transfer-low_w1_32,1000,transfer_20260917-pilot6_calibration-retail-transfer-low-4w-40tps-r5_retail-transfer-low_w1_r1_405],  with error: Error: Failed to submit trasaction with status code: 11
2026.09.17-14:51:57.680[31m error[39m [caliper] [connectors/peer-gateway/PeerGateway] 	Failed to perform submit transaction [Transfer] using arguments [wlt_c_20260917-pilot6_calibration-retail-transfer-low-4w-40tps-r5_retail-transfer-low_w3_11,wlt_c_20260917-pilot6_calibration-retail-transfer-low-4w-40tps-r5_retail-transfer-low_w3_36,1000,transfer_20260917-pilot6_calibration-retail-transfer-low-4w-40tps-r5_retail-transfer-low_w3_r1_408],  with error: Error: Failed to submit trasaction with status code: 11
2026.09.17-14:51:57.682[31m error[39m [caliper] [connectors/peer-gateway/PeerGateway] 	Failed to perform submit transaction [Transfer] using arguments [wlt_c_20260917-pilot6_calibration-retail-transfer-low-4w-40tps-r5_retail-transfer-low_w3_12,wlt_c_20260917-pilot6_calibration-retail-transfer-low-4w-40tps-r5_retail-transfer-low_w3_37,1000,transfer_20260917-pilot6_calibration-retail-transfer-low-4w-40tps-r5_retail-transfer-low_w3_r1_409],  with error: Error: Failed to submit trasaction with status code: 11
2026.09.17-14:51:57.683[31m error[39m [caliper] [connectors/peer-gateway/PeerGateway] 	Failed to perform submit transaction [Transfer] using arguments [wlt_c_20260917-pilot6_calibration-retail-transfer-low-4w-40tps-r5_retail-transfer-low_w3_13,wlt_c_20260917-pilot6_calibration-retail-transfer-low-4w-40tps-r5_retail-transfer-low_w3_38,1000,transfer_20260917-pilot6_calibration-retail-transfer-low-4w-40tps-r5_retail-transfer-low_w3_r1_410],  with error: Error: Failed to submit trasaction with status code: 11
2026.09.17-14:51:57.686[31m error[39m [caliper] [connectors/peer-gateway/PeerGateway] 	Failed to perform submit transaction [Transfer] using arguments [wlt_c_20260917-pilot6_calibration-retail-transfer-low-4w-40tps-r5_retail-transfer-low_w0_14,wlt_c_20260917-pilot6_calibration-retail-transfer-low-4w-40tps-r5_retail-transfer-low_w0_39,1000,transfer_20260917-pilot6_calibration-retail-transfer-low-4w-40tps-r5_retail-transfer-low_w0_r1_411],  with error: Error: Failed to submit trasaction with status code: 11
2026.09.17-14:51:57.692[31m error[39m [caliper] [connectors/peer-gateway/PeerGateway] 	Failed to perform submit transaction [Transfer] using arguments [wlt_c_20260917-pilot6_calibration-retail-transfer-low-4w-40tps-r5_retail-transfer-low_w2_12,wlt_c_20260917-pilot6_calibration-retail-transfer-low-4w-40tps-r5_retail-transfer-low_w2_37,1000,transfer_20260917-pilot6_calibration-retail-transfer-low-4w-40tps-r5_retail-transfer-low_w2_r1_409],  with error: Error: Failed to submit trasaction with status code: 11
2026.09.17-14:51:57.716[31m error[39m [caliper] [connectors/peer-gateway/PeerGateway] 	Failed to perform submit transaction [Transfer] using arguments [wlt_c_20260917-pilot6_calibration-retail-transfer-low-4w-40tps-r5_retail-transfer-low_w1_6,wlt_c_20260917-pilot6_calibration-retail-transfer-low-4w-40tps-r5_retail-transfer-low_w1_31,1000,transfer_20260917-pilot6_calibration-retail-transfer-low-4w-40tps-r5_retail-transfer-low_w1_r1_404],  with error: Error: Failed to submit trasaction with status code: 11
2026.09.17-14:51:57.699[31m error[39m [caliper] [connectors/peer-gateway/PeerGateway] 	Failed to perform submit transaction [Transfer] using arguments [wlt_c_20260917-pilot6_calibration-retail-transfer-low-4w-40tps-r5_retail-transfer-low_w0_12,wlt_c_20260917-pilot6_calibration-retail-transfer-low-4w-40tps-r5_retail-transfer-low_w0_37,1000,transfer_20260917-pilot6_calibration-retail-transfer-low-4w-40tps-r5_retail-transfer-low_w0_r1_409],  with error: Error: Failed to submit trasaction with status code: 11
2026.09.17-14:51:57.722[31m error[39m [caliper] [connectors/peer-gateway/PeerGateway] 	Failed to perform submit transaction [Transfer] using arguments [wlt_c_20260917-pilot6_calibration-retail-transfer-low-4w-40tps-r5_retail-transfer-low_w0_13,wlt_c_20260917-pilot6_calibration-retail-transfer-low-4w-40tps-r5_retail-transfer-low_w0_38,1000,transfer_20260917-pilot6_calibration-retail-transfer-low-4w-40tps-r5_retail-transfer-low_w0_r1_410],  with error: Error: Failed to submit trasaction with status code: 11
2026.09.17-14:51:57.728[31m error[39m [caliper] [connectors/peer-gateway/PeerGateway] 	Failed to perform submit transaction [Transfer] using arguments [wlt_c_20260917-pilot6_calibration-retail-transfer-low-4w-40tps-r5_retail-transfer-low_w1_12,wlt_c_20260917-pilot6_calibration-retail-transfer-low-4w-40tps-r5_retail-transfer-low_w1_37,1000,transfer_20260917-pilot6_calibration-retail-transfer-low-4w-40tps-r5_retail-transfer-low_w1_r1_409],  with error: Error: Failed to submit trasaction with status code: 11
2026.09.17-14:51:57.849[31m error[39m [caliper] [connectors/peer-gateway/PeerGateway] 	Failed to perform submit transaction [Transfer] using arguments [wlt_c_20260917-pilot6_calibration-retail-transfer-low-4w-40tps-r5_retail-transfer-low_w2_13,wlt_c_20260917-pilot6_calibration-retail-transfer-low-4w-40tps-r5_retail-transfer-low_w2_38,1000,transfer_20260917-pilot6_calibration-retail-transfer-low-4w-40tps-r5_retail-transfer-low_w2_r1_410],  with error: Error: Failed to submit trasaction with status code: 11
2026.09.17-14:51:57.856[31m error[39m [caliper] [connectors/peer-gateway/PeerGateway] 	Failed to perform submit transaction [Transfer] using arguments [wlt_c_20260917-pilot6_calibration-retail-transfer-low-4w-40tps-r5_retail-transfer-low_w2_14,wlt_c_20260917-pilot6_calibration-retail-transfer-low-4w-40tps-r5_retail-transfer-low_w2_39,1000,transfer_20260917-pilot6_calibration-retail-transfer-low-4w-40tps-r5_retail-transfer-low_w2_r1_411],  with error: Error: Failed to submit trasaction with status code: 11
2026.09.17-14:51:57.857[31m error[39m [caliper] [connectors/peer-gateway/PeerGateway] 	Failed to perform submit transaction [Transfer] using arguments [wlt_c_20260917-pilot6_calibration-retail-transfer-low-4w-40tps-r5_retail-transfer-low_w2_16,wlt_c_20260917-pilot6_calibration-retail-transfer-low-4w-40tps-r5_retail-transfer-low_w2_41,1000,transfer_20260917-pilot6_calibration-retail-transfer-low-4w-40tps-r5_retail-transfer-low_w2_r1_412],  with error: Error: Failed to submit trasaction with status code: 11
2026.09.17-14:51:57.862[31m error[39m [caliper] [connectors/peer-gateway/PeerGateway] 	Failed to perform submit transaction [Transfer] using arguments [wlt_c_20260917-pilot6_calibration-retail-transfer-low-4w-40tps-r5_retail-transfer-low_w0_16,wlt_c_20260917-pilot6_calibration-retail-transfer-low-4w-40tps-r5_retail-transfer-low_w0_41,1000,transfer_20260917-pilot6_calibration-retail-transfer-low-4w-40tps-r5_retail-transfer-low_w0_r1_412],  with error: Error: Failed to submit trasaction with status code: 11
2026.09.17-14:51:57.875[31m error[39m [caliper] [connectors/peer-gateway/PeerGateway] 	Failed to perform submit transaction [Transfer] using arguments [wlt_c_20260917-pilot6_calibration-retail-transfer-low-4w-40tps-r5_retail-transfer-low_w1_16,wlt_c_20260917-pilot6_calibration-retail-transfer-low-4w-40tps-r5_retail-transfer-low_w1_41,1000,transfer_20260917-pilot6_calibration-retail-transfer-low-4w-40tps-r5_retail-transfer-low_w1_r1_412],  with error: Error: Failed to submit trasaction with status code: 11
2026.09.17-14:51:57.876[31m error[39m [caliper] [connectors/peer-gateway/PeerGateway] 	Failed to perform submit transaction [Transfer] using arguments [wlt_c_20260917-pilot6_calibration-retail-transfer-low-4w-40tps-r5_retail-transfer-low_w1_13,wlt_c_20260917-pilot6_calibration-retail-transfer-low-4w-40tps-r5_retail-transfer-low_w1_38,1000,transfer_20260917-pilot6_calibration-retail-transfer-low-4w-40tps-r5_retail-transfer-low_w1_r1_410],  with error: Error: Failed to submit trasaction with status code: 11
2026.09.17-14:51:57.876[31m error[39m [caliper] [connectors/peer-gateway/PeerGateway] 	Failed to perform submit transaction [Transfer] using arguments [wlt_c_20260917-pilot6_calibration-retail-transfer-low-4w-40tps-r5_retail-transfer-low_w1_14,wlt_c_20260917-pilot6_calibration-retail-transfer-low-4w-40tps-r5_retail-transfer-low_w1_39,1000,transfer_20260917-pilot6_calibration-retail-transfer-low-4w-40tps-r5_retail-transfer-low_w1_r1_411],  with error: Error: Failed to submit trasaction with status code: 11
2026.09.17-14:51:57.898[31m error[39m [caliper] [connectors/peer-gateway/PeerGateway] 	Failed to perform submit transaction [Transfer] using arguments [wlt_c_20260917-pilot6_calibration-retail-transfer-low-4w-40tps-r5_retail-transfer-low_w3_17,wlt_c_20260917-pilot6_calibration-retail-transfer-low-4w-40tps-r5_retail-transfer-low_w3_42,1000,transfer_20260917-pilot6_calibration-retail-transfer-low-4w-40tps-r5_retail-transfer-low_w3_r1_413],  with error: Error: Failed to submit trasaction with status code: 11
2026.09.17-14:51:57.909[31m error[39m [caliper] [connectors/peer-gateway/PeerGateway] 	Failed to perform submit transaction [Transfer] using arguments [wlt_c_20260917-pilot6_calibration-retail-transfer-low-4w-40tps-r5_retail-transfer-low_w3_14,wlt_c_20260917-pilot6_calibration-retail-transfer-low-4w-40tps-r5_retail-transfer-low_w3_39,1000,transfer_20260917-pilot6_calibration-retail-transfer-low-4w-40tps-r5_retail-transfer-low_w3_r1_411],  with error: Error: Failed to submit trasaction with status code: 11
2026.09.17-14:51:57.909[31m error[39m [caliper] [connectors/peer-gateway/PeerGateway] 	Failed to perform submit transaction [Transfer] using arguments [wlt_c_20260917-pilot6_calibration-retail-transfer-low-4w-40tps-r5_retail-transfer-low_w3_16,wlt_c_20260917-pilot6_calibration-retail-transfer-low-4w-40tps-r5_retail-transfer-low_w3_41,1000,transfer_20260917-pilot6_calibration-retail-transfer-low-4w-40tps-r5_retail-transfer-low_w3_r1_412],  with error: Error: Failed to submit trasaction with status code: 11
2026.09.17-14:51:57.994[31m error[39m [caliper] [connectors/peer-gateway/PeerGateway] 	Failed to perform submit transaction [Transfer] using arguments [wlt_c_20260917-pilot6_calibration-retail-transfer-low-4w-40tps-r5_retail-transfer-low_w3_19,wlt_c_20260917-pilot6_calibration-retail-transfer-low-4w-40tps-r5_retail-transfer-low_w3_44,1000,transfer_20260917-pilot6_calibration-retail-transfer-low-4w-40tps-r5_retail-transfer-low_w3_r1_415],  with error: Error: Failed to submit trasaction with status code: 11
2026.09.17-14:51:58.005[31m error[39m [caliper] [connectors/peer-gateway/PeerGateway] 	Failed to perform submit transaction [Transfer] using arguments [wlt_c_20260917-pilot6_calibration-retail-transfer-low-4w-40tps-r5_retail-transfer-low_w0_17,wlt_c_20260917-pilot6_calibration-retail-transfer-low-4w-40tps-r5_retail-transfer-low_w0_42,1000,transfer_20260917-pilot6_calibration-retail-transfer-low-4w-40tps-r5_retail-transfer-low_w0_r1_413],  with error: Error: Failed to submit trasaction with status code: 11
2026.09.17-14:51:58.005[31m error[39m [caliper] [connectors/peer-gateway/PeerGateway] 	Failed to perform submit transaction [Transfer] using arguments [wlt_c_20260917-pilot6_calibration-retail-transfer-low-4w-40tps-r5_retail-transfer-low_w0_18,wlt_c_20260917-pilot6_calibration-retail-transfer-low-4w-40tps-r5_retail-transfer-low_w0_43,1000,transfer_20260917-pilot6_calibration-retail-transfer-low-4w-40tps-r5_retail-transfer-low_w0_r1_414],  with error: Error: Failed to submit trasaction with status code: 11
2026.09.17-14:51:58.006[31m error[39m [caliper] [connectors/peer-gateway/PeerGateway] 	Failed to perform submit transaction [Transfer] using arguments [wlt_c_20260917-pilot6_calibration-retail-transfer-low-4w-40tps-r5_retail-transfer-low_w0_19,wlt_c_20260917-pilot6_calibration-retail-transfer-low-4w-40tps-r5_retail-transfer-low_w0_44,1000,transfer_20260917-pilot6_calibration-retail-transfer-low-4w-40tps-r5_retail-transfer-low_w0_r1_415],  with error: Error: Failed to submit trasaction with status code: 11
2026.09.17-14:51:58.010[31m error[39m [caliper] [connectors/peer-gateway/PeerGateway] 	Failed to perform submit transaction [Transfer] using arguments [wlt_c_20260917-pilot6_calibration-retail-transfer-low-4w-40tps-r5_retail-transfer-low_w2_17,wlt_c_20260917-pilot6_calibration-retail-transfer-low-4w-40tps-r5_retail-transfer-low_w2_42,1000,transfer_20260917-pilot6_calibration-retail-transfer-low-4w-40tps-r5_retail-transfer-low_w2_r1_413],  with error: Error: Failed to submit trasaction with status code: 11
2026.09.17-14:51:58.011[31m error[39m [caliper] [connectors/peer-gateway/PeerGateway] 	Failed to perform submit transaction [Transfer] using arguments [wlt_c_20260917-pilot6_calibration-retail-transfer-low-4w-40tps-r5_retail-transfer-low_w2_18,wlt_c_20260917-pilot6_calibration-retail-transfer-low-4w-40tps-r5_retail-transfer-low_w2_43,1000,transfer_20260917-pilot6_calibration-retail-transfer-low-4w-40tps-r5_retail-transfer-low_w2_r1_414],  with error: Error: Failed to submit trasaction with status code: 11
2026.09.17-14:51:58.036[31m error[39m [caliper] [connectors/peer-gateway/PeerGateway] 	Failed to perform submit transaction [Transfer] using arguments [wlt_c_20260917-pilot6_calibration-retail-transfer-low-4w-40tps-r5_retail-transfer-low_w3_18,wlt_c_20260917-pilot6_calibration-retail-transfer-low-4w-40tps-r5_retail-transfer-low_w3_43,1000,transfer_20260917-pilot6_calibration-retail-transfer-low-4w-40tps-r5_retail-transfer-low_w3_r1_414],  with error: Error: Failed to submit trasaction with status code: 11
2026.09.17-14:51:58.038[31m error[39m [caliper] [connectors/peer-gateway/PeerGateway] 	Failed to perform submit transaction [Transfer] using arguments [wlt_c_20260917-pilot6_calibration-retail-transfer-low-4w-40tps-r5_retail-transfer-low_w1_17,wlt_c_20260917-pilot6_calibration-retail-transfer-low-4w-40tps-r5_retail-transfer-low_w1_42,1000,transfer_20260917-pilot6_calibration-retail-transfer-low-4w-40tps-r5_retail-transfer-low_w1_r1_413],  with error: Error: Failed to submit trasaction with status code: 11
2026.09.17-14:51:58.051[31m error[39m [caliper] [connectors/peer-gateway/PeerGateway] 	Failed to perform submit transaction [Transfer] using arguments [wlt_c_20260917-pilot6_calibration-retail-transfer-low-4w-40tps-r5_retail-transfer-low_w1_18,wlt_c_20260917-pilot6_calibration-retail-transfer-low-4w-40tps-r5_retail-transfer-low_w1_43,1000,transfer_20260917-pilot6_calibration-retail-transfer-low-4w-40tps-r5_retail-transfer-low_w1_r1_414],  with error: Error: Failed to submit trasaction with status code: 11
2026.09.17-14:51:58.059[31m error[39m [caliper] [connectors/peer-gateway/PeerGateway] 	Failed to perform submit transaction [Transfer] using arguments [wlt_c_20260917-pilot6_calibration-retail-transfer-low-4w-40tps-r5_retail-transfer-low_w1_19,wlt_c_20260917-pilot6_calibration-retail-transfer-low-4w-40tps-r5_retail-transfer-low_w1_44,1000,transfer_20260917-pilot6_calibration-retail-transfer-low-4w-40tps-r5_retail-transfer-low_w1_r1_415],  with error: Error: Failed to submit trasaction with status code: 11
2026.09.17-14:51:58.180[31m error[39m [caliper] [connectors/peer-gateway/PeerGateway] 	Failed to perform submit transaction [Transfer] using arguments [wlt_c_20260917-pilot6_calibration-retail-transfer-low-4w-40tps-r5_retail-transfer-low_w1_23,wlt_c_20260917-pilot6_calibration-retail-transfer-low-4w-40tps-r5_retail-transfer-low_w1_48,1000,transfer_20260917-pilot6_calibration-retail-transfer-low-4w-40tps-r5_retail-transfer-low_w1_r1_418],  with error: Error: Failed to submit trasaction with status code: 11
2026.09.17-14:51:58.181[31m error[39m [caliper] [connectors/peer-gateway/PeerGateway] 	Failed to perform submit transaction [Transfer] using arguments [wlt_c_20260917-pilot6_calibration-retail-transfer-low-4w-40tps-r5_retail-transfer-low_w2_21,wlt_c_20260917-pilot6_calibration-retail-transfer-low-4w-40tps-r5_retail-transfer-low_w2_46,1000,transfer_20260917-pilot6_calibration-retail-transfer-low-4w-40tps-r5_retail-transfer-low_w2_r1_416],  with error: Error: Failed to submit trasaction with status code: 11
2026.09.17-14:51:58.196[31m error[39m [caliper] [connectors/peer-gateway/PeerGateway] 	Failed to perform submit transaction [Transfer] using arguments [wlt_c_20260917-pilot6_calibration-retail-transfer-low-4w-40tps-r5_retail-transfer-low_w2_22,wlt_c_20260917-pilot6_calibration-retail-transfer-low-4w-40tps-r5_retail-transfer-low_w2_47,1000,transfer_20260917-pilot6_calibration-retail-transfer-low-4w-40tps-r5_retail-transfer-low_w2_r1_417],  with error: Error: Failed to submit trasaction with status code: 11
2026.09.17-14:51:58.196[31m error[39m [caliper] [connectors/peer-gateway/PeerGateway] 	Failed to perform submit transaction [Transfer] using arguments [wlt_c_20260917-pilot6_calibration-retail-transfer-low-4w-40tps-r5_retail-transfer-low_w2_19,wlt_c_20260917-pilot6_calibration-retail-transfer-low-4w-40tps-r5_retail-transfer-low_w2_44,1000,transfer_20260917-pilot6_calibration-retail-transfer-low-4w-40tps-r5_retail-transfer-low_w2_r1_415],  with error: Error: Failed to submit trasaction with status code: 11
2026.09.17-14:51:58.200[31m error[39m [caliper] [connectors/peer-gateway/PeerGateway] 	Failed to perform submit transaction [Transfer] using arguments [wlt_c_20260917-pilot6_calibration-retail-transfer-low-4w-40tps-r5_retail-transfer-low_w0_21,wlt_c_20260917-pilot6_calibration-retail-transfer-low-4w-40tps-r5_retail-transfer-low_w0_46,1000,transfer_20260917-pilot6_calibration-retail-transfer-low-4w-40tps-r5_retail-transfer-low_w0_r1_416],  with error: Error: Failed to submit trasaction with status code: 11
2026.09.17-14:51:58.203[31m error[39m [caliper] [connectors/peer-gateway/PeerGateway] 	Failed to perform submit transaction [Transfer] using arguments [wlt_c_20260917-pilot6_calibration-retail-transfer-low-4w-40tps-r5_retail-transfer-low_w3_22,wlt_c_20260917-pilot6_calibration-retail-transfer-low-4w-40tps-r5_retail-transfer-low_w3_47,1000,transfer_20260917-pilot6_calibration-retail-transfer-low-4w-40tps-r5_retail-transfer-low_w3_r1_417],  with error: Error: Failed to submit trasaction with status code: 11
2026.09.17-14:51:58.206[31m error[39m [caliper] [connectors/peer-gateway/PeerGateway] 	Failed to perform submit transaction [Transfer] using arguments [wlt_c_20260917-pilot6_calibration-retail-transfer-low-4w-40tps-r5_retail-transfer-low_w0_22,wlt_c_20260917-pilot6_calibration-retail-transfer-low-4w-40tps-r5_retail-transfer-low_w0_47,1000,transfer_20260917-pilot6_calibration-retail-transfer-low-4w-40tps-r5_retail-transfer-low_w0_r1_417],  with error: Error: Failed to submit trasaction with status code: 11
2026.09.17-14:51:58.219[31m error[39m [caliper] [connectors/peer-gateway/PeerGateway] 	Failed to perform submit transaction [Transfer] using arguments [wlt_c_20260917-pilot6_calibration-retail-transfer-low-4w-40tps-r5_retail-transfer-low_w3_21,wlt_c_20260917-pilot6_calibration-retail-transfer-low-4w-40tps-r5_retail-transfer-low_w3_46,1000,transfer_20260917-pilot6_calibration-retail-transfer-low-4w-40tps-r5_retail-transfer-low_w3_r1_416],  with error: Error: Failed to submit trasaction with status code: 11
2026.09.17-14:51:58.285[31m error[39m [caliper] [connectors/peer-gateway/PeerGateway] 	Failed to perform submit transaction [Transfer] using arguments [wlt_c_20260917-pilot6_calibration-retail-transfer-low-4w-40tps-r5_retail-transfer-low_w1_22,wlt_c_20260917-pilot6_calibration-retail-transfer-low-4w-40tps-r5_retail-transfer-low_w1_47,1000,transfer_20260917-pilot6_calibration-retail-transfer-low-4w-40tps-r5_retail-transfer-low_w1_r1_417],  with error: Error: Failed to submit trasaction with status code: 11
2026.09.17-14:51:58.300[31m error[39m [caliper] [connectors/peer-gateway/PeerGateway] 	Failed to perform submit transaction [Transfer] using arguments [wlt_c_20260917-pilot6_calibration-retail-transfer-low-4w-40tps-r5_retail-transfer-low_w1_21,wlt_c_20260917-pilot6_calibration-retail-transfer-low-4w-40tps-r5_retail-transfer-low_w1_46,1000,transfer_20260917-pilot6_calibration-retail-transfer-low-4w-40tps-r5_retail-transfer-low_w1_r1_416],  with error: Error: Failed to submit trasaction with status code: 11
2026.09.17-14:51:58.417[31m error[39m [caliper] [connectors/peer-gateway/PeerGateway] 	Failed to perform submit transaction [Transfer] using arguments [wlt_c_20260917-pilot6_calibration-retail-transfer-low-4w-40tps-r5_retail-transfer-low_w3_23,wlt_c_20260917-pilot6_calibration-retail-transfer-low-4w-40tps-r5_retail-transfer-low_w3_48,1000,transfer_20260917-pilot6_calibration-retail-transfer-low-4w-40tps-r5_retail-transfer-low_w3_r1_418],  with error: Error: Failed to submit trasaction with status code: 11
2026.09.17-14:51:58.418[31m error[39m [caliper] [connectors/peer-gateway/PeerGateway] 	Failed to perform submit transaction [Transfer] using arguments [wlt_c_20260917-pilot6_calibration-retail-transfer-low-4w-40tps-r5_retail-transfer-low_w3_24,wlt_c_20260917-pilot6_calibration-retail-transfer-low-4w-40tps-r5_retail-transfer-low_w3_49,1000,transfer_20260917-pilot6_calibration-retail-transfer-low-4w-40tps-r5_retail-transfer-low_w3_r1_419],  with error: Error: Failed to submit trasaction with status code: 11
2026.09.17-14:51:58.418[31m error[39m [caliper] [connectors/peer-gateway/PeerGateway] 	Failed to perform submit transaction [Transfer] using arguments [wlt_c_20260917-pilot6_calibration-retail-transfer-low-4w-40tps-r5_retail-transfer-low_w3_2,wlt_c_20260917-pilot6_calibration-retail-transfer-low-4w-40tps-r5_retail-transfer-low_w3_27,1000,transfer_20260917-pilot6_calibration-retail-transfer-low-4w-40tps-r5_retail-transfer-low_w3_r1_421],  with error: Error: Failed to submit trasaction with status code: 11
2026.09.17-14:51:58.418[31m error[39m [caliper] [connectors/peer-gateway/PeerGateway] 	Failed to perform submit transaction [Transfer] using arguments [wlt_c_20260917-pilot6_calibration-retail-transfer-low-4w-40tps-r5_retail-transfer-low_w3_1,wlt_c_20260917-pilot6_calibration-retail-transfer-low-4w-40tps-r5_retail-transfer-low_w3_26,1000,transfer_20260917-pilot6_calibration-retail-transfer-low-4w-40tps-r5_retail-transfer-low_w3_r1_420],  with error: Error: Failed to submit trasaction with status code: 11
2026.09.17-14:51:58.418[31m error[39m [caliper] [connectors/peer-gateway/PeerGateway] 	Failed to perform submit transaction [Transfer] using arguments [wlt_c_20260917-pilot6_calibration-retail-transfer-low-4w-40tps-r5_retail-transfer-low_w3_3,wlt_c_20260917-pilot6_calibration-retail-transfer-low-4w-40tps-r5_retail-transfer-low_w3_28,1000,transfer_20260917-pilot6_calibration-retail-transfer-low-4w-40tps-r5_retail-transfer-low_w3_r1_422],  with error: Error: Failed to submit trasaction with status code: 11
2026.09.17-14:51:58.427[31m error[39m [caliper] [connectors/peer-gateway/PeerGateway] 	Failed to perform submit transaction [Transfer] using arguments [wlt_c_20260917-pilot6_calibration-retail-transfer-low-4w-40tps-r5_retail-transfer-low_w0_23,wlt_c_20260917-pilot6_calibration-retail-transfer-low-4w-40tps-r5_retail-transfer-low_w0_48,1000,transfer_20260917-pilot6_calibration-retail-transfer-low-4w-40tps-r5_retail-transfer-low_w0_r1_418],  with error: Error: Failed to submit trasaction with status code: 11
2026.09.17-14:51:58.419[31m error[39m [caliper] [connectors/peer-gateway/PeerGateway] 	Failed to perform submit transaction [Transfer] using arguments [wlt_c_20260917-pilot6_calibration-retail-transfer-low-4w-40tps-r5_retail-transfer-low_w2_23,wlt_c_20260917-pilot6_calibration-retail-transfer-low-4w-40tps-r5_retail-transfer-low_w2_48,1000,transfer_20260917-pilot6_calibration-retail-transfer-low-4w-40tps-r5_retail-transfer-low_w2_r1_418],  with error: Error: Failed to submit trasaction with status code: 11
2026.09.17-14:51:58.430[31m error[39m [caliper] [connectors/peer-gateway/PeerGateway] 	Failed to perform submit transaction [Transfer] using arguments [wlt_c_20260917-pilot6_calibration-retail-transfer-low-4w-40tps-r5_retail-transfer-low_w2_1,wlt_c_20260917-pilot6_calibration-retail-transfer-low-4w-40tps-r5_retail-transfer-low_w2_26,1000,transfer_20260917-pilot6_calibration-retail-transfer-low-4w-40tps-r5_retail-transfer-low_w2_r1_420],  with error: Error: Failed to submit trasaction with status code: 11
2026.09.17-14:51:58.430[31m error[39m [caliper] [connectors/peer-gateway/PeerGateway] 	Failed to perform submit transaction [Transfer] using arguments [wlt_c_20260917-pilot6_calibration-retail-transfer-low-4w-40tps-r5_retail-transfer-low_w2_24,wlt_c_20260917-pilot6_calibration-retail-transfer-low-4w-40tps-r5_retail-transfer-low_w2_49,1000,transfer_20260917-pilot6_calibration-retail-transfer-low-4w-40tps-r5_retail-transfer-low_w2_r1_419],  with error: Error: Failed to submit trasaction with status code: 11
2026.09.17-14:51:58.665[31m error[39m [caliper] [connectors/peer-gateway/PeerGateway] 	Failed to perform submit transaction [Transfer] using arguments [wlt_c_20260917-pilot6_calibration-retail-transfer-low-4w-40tps-r5_retail-transfer-low_w0_24,wlt_c_20260917-pilot6_calibration-retail-transfer-low-4w-40tps-r5_retail-transfer-low_w0_49,1000,transfer_20260917-pilot6_calibration-retail-transfer-low-4w-40tps-r5_retail-transfer-low_w0_r1_419],  with error: Error: Failed to submit trasaction with status code: 11
2026.09.17-14:51:58.666[31m error[39m [caliper] [connectors/peer-gateway/PeerGateway] 	Failed to perform submit transaction [Transfer] using arguments [wlt_c_20260917-pilot6_calibration-retail-transfer-low-4w-40tps-r5_retail-transfer-low_w0_1,wlt_c_20260917-pilot6_calibration-retail-transfer-low-4w-40tps-r5_retail-transfer-low_w0_26,1000,transfer_20260917-pilot6_calibration-retail-transfer-low-4w-40tps-r5_retail-transfer-low_w0_r1_420],  with error: Error: Failed to submit trasaction with status code: 11
2026.09.17-14:51:58.666[31m error[39m [caliper] [connectors/peer-gateway/PeerGateway] 	Failed to perform submit transaction [Transfer] using arguments [wlt_c_20260917-pilot6_calibration-retail-transfer-low-4w-40tps-r5_retail-transfer-low_w0_2,wlt_c_20260917-pilot6_calibration-retail-transfer-low-4w-40tps-r5_retail-transfer-low_w0_27,1000,transfer_20260917-pilot6_calibration-retail-transfer-low-4w-40tps-r5_retail-transfer-low_w0_r1_421],  with error: Error: Failed to submit trasaction with status code: 11
2026.09.17-14:51:58.666[31m error[39m [caliper] [connectors/peer-gateway/PeerGateway] 	Failed to perform submit transaction [Transfer] using arguments [wlt_c_20260917-pilot6_calibration-retail-transfer-low-4w-40tps-r5_retail-transfer-low_w0_3,wlt_c_20260917-pilot6_calibration-retail-transfer-low-4w-40tps-r5_retail-transfer-low_w0_28,1000,transfer_20260917-pilot6_calibration-retail-transfer-low-4w-40tps-r5_retail-transfer-low_w0_r1_422],  with error: Error: Failed to submit trasaction with status code: 11
2026.09.17-14:51:58.668[31m error[39m [caliper] [connectors/peer-gateway/PeerGateway] 	Failed to perform submit transaction [Transfer] using arguments [wlt_c_20260917-pilot6_calibration-retail-transfer-low-4w-40tps-r5_retail-transfer-low_w1_1,wlt_c_20260917-pilot6_calibration-retail-transfer-low-4w-40tps-r5_retail-transfer-low_w1_26,1000,transfer_20260917-pilot6_calibration-retail-transfer-low-4w-40tps-r5_retail-transfer-low_w1_r1_420],  with error: Error: Failed to submit trasaction with status code: 11
2026.09.17-14:51:58.668[31m error[39m [caliper] [connectors/peer-gateway/PeerGateway] 	Failed to perform submit transaction [Transfer] using arguments [wlt_c_20260917-pilot6_calibration-retail-transfer-low-4w-40tps-r5_retail-transfer-low_w1_24,wlt_c_20260917-pilot6_calibration-retail-transfer-low-4w-40tps-r5_retail-transfer-low_w1_49,1000,transfer_20260917-pilot6_calibration-retail-transfer-low-4w-40tps-r5_retail-transfer-low_w1_r1_419],  with error: Error: Failed to submit trasaction with status code: 11
2026.09.17-14:51:58.730[31m error[39m [caliper] [connectors/peer-gateway/PeerGateway] 	Failed to perform submit transaction [Transfer] using arguments [wlt_c_20260917-pilot6_calibration-retail-transfer-low-4w-40tps-r5_retail-transfer-low_w2_3,wlt_c_20260917-pilot6_calibration-retail-transfer-low-4w-40tps-r5_retail-transfer-low_w2_28,1000,transfer_20260917-pilot6_calibration-retail-transfer-low-4w-40tps-r5_retail-transfer-low_w2_r1_422],  with error: Error: Failed to submit trasaction with status code: 11
2026.09.17-14:51:58.897[31m error[39m [caliper] [connectors/peer-gateway/PeerGateway] 	Failed to perform submit transaction [Transfer] using arguments [wlt_c_20260917-pilot6_calibration-retail-transfer-low-4w-40tps-r5_retail-transfer-low_w1_7,wlt_c_20260917-pilot6_calibration-retail-transfer-low-4w-40tps-r5_retail-transfer-low_w1_32,1000,transfer_20260917-pilot6_calibration-retail-transfer-low-4w-40tps-r5_retail-transfer-low_w1_r1_425],  with error: Error: Failed to submit trasaction with status code: 11
2026.09.17-14:51:58.909[31m error[39m [caliper] [connectors/peer-gateway/PeerGateway] 	Failed to perform submit transaction [Transfer] using arguments [wlt_c_20260917-pilot6_calibration-retail-transfer-low-4w-40tps-r5_retail-transfer-low_w1_8,wlt_c_20260917-pilot6_calibration-retail-transfer-low-4w-40tps-r5_retail-transfer-low_w1_33,1000,transfer_20260917-pilot6_calibration-retail-transfer-low-4w-40tps-r5_retail-transfer-low_w1_r1_426],  with error: Error: Failed to submit trasaction with status code: 11
2026.09.17-14:51:58.917[31m error[39m [caliper] [connectors/peer-gateway/PeerGateway] 	Failed to perform submit transaction [Transfer] using arguments [wlt_c_20260917-pilot6_calibration-retail-transfer-low-4w-40tps-r5_retail-transfer-low_w1_6,wlt_c_20260917-pilot6_calibration-retail-transfer-low-4w-40tps-r5_retail-transfer-low_w1_31,1000,transfer_20260917-pilot6_calibration-retail-transfer-low-4w-40tps-r5_retail-transfer-low_w1_r1_424],  with error: Error: Failed to submit trasaction with status code: 11
2026.09.17-14:51:58.922[31m error[39m [caliper] [connectors/peer-gateway/PeerGateway] 	Failed to perform submit transaction [Transfer] using arguments [wlt_c_20260917-pilot6_calibration-retail-transfer-low-4w-40tps-r5_retail-transfer-low_w3_4,wlt_c_20260917-pilot6_calibration-retail-transfer-low-4w-40tps-r5_retail-transfer-low_w3_29,1000,transfer_20260917-pilot6_calibration-retail-transfer-low-4w-40tps-r5_retail-transfer-low_w3_r1_423],  with error: Error: Failed to submit trasaction with status code: 11
2026.09.17-14:51:58.923[31m error[39m [caliper] [connectors/peer-gateway/PeerGateway] 	Failed to perform submit transaction [Transfer] using arguments [wlt_c_20260917-pilot6_calibration-retail-transfer-low-4w-40tps-r5_retail-transfer-low_w3_7,wlt_c_20260917-pilot6_calibration-retail-transfer-low-4w-40tps-r5_retail-transfer-low_w3_32,1000,transfer_20260917-pilot6_calibration-retail-transfer-low-4w-40tps-r5_retail-transfer-low_w3_r1_425],  with error: Error: Failed to submit trasaction with status code: 11
2026.09.17-14:51:58.937[31m error[39m [caliper] [connectors/peer-gateway/PeerGateway] 	Failed to perform submit transaction [Transfer] using arguments [wlt_c_20260917-pilot6_calibration-retail-transfer-low-4w-40tps-r5_retail-transfer-low_w0_6,wlt_c_20260917-pilot6_calibration-retail-transfer-low-4w-40tps-r5_retail-transfer-low_w0_31,1000,transfer_20260917-pilot6_calibration-retail-transfer-low-4w-40tps-r5_retail-transfer-low_w0_r1_424],  with error: Error: Failed to submit trasaction with status code: 11
2026.09.17-14:51:58.942[31m error[39m [caliper] [connectors/peer-gateway/PeerGateway] 	Failed to perform submit transaction [Transfer] using arguments [wlt_c_20260917-pilot6_calibration-retail-transfer-low-4w-40tps-r5_retail-transfer-low_w2_6,wlt_c_20260917-pilot6_calibration-retail-transfer-low-4w-40tps-r5_retail-transfer-low_w2_31,1000,transfer_20260917-pilot6_calibration-retail-transfer-low-4w-40tps-r5_retail-transfer-low_w2_r1_424],  with error: Error: Failed to submit trasaction with status code: 11
2026.09.17-14:51:58.953[31m error[39m [caliper] [connectors/peer-gateway/PeerGateway] 	Failed to perform submit transaction [Transfer] using arguments [wlt_c_20260917-pilot6_calibration-retail-transfer-low-4w-40tps-r5_retail-transfer-low_w2_8,wlt_c_20260917-pilot6_calibration-retail-transfer-low-4w-40tps-r5_retail-transfer-low_w2_33,1000,transfer_20260917-pilot6_calibration-retail-transfer-low-4w-40tps-r5_retail-transfer-low_w2_r1_426],  with error: Error: Failed to submit trasaction with status code: 11
2026.09.17-14:51:58.958[31m error[39m [caliper] [connectors/peer-gateway/PeerGateway] 	Failed to perform submit transaction [Transfer] using arguments [wlt_c_20260917-pilot6_calibration-retail-transfer-low-4w-40tps-r5_retail-transfer-low_w2_7,wlt_c_20260917-pilot6_calibration-retail-transfer-low-4w-40tps-r5_retail-transfer-low_w2_32,1000,transfer_20260917-pilot6_calibration-retail-transfer-low-4w-40tps-r5_retail-transfer-low_w2_r1_425],  with error: Error: Failed to submit trasaction with status code: 11
2026.09.17-14:51:59.041[32m info [39m [caliper] [default-observer] 	[retail-transfer-low-40tps Round 1 Transaction Info] - Submitted: 2127 Succ: 578 Fail:1119 Unfinished:430
2026.09.17-14:51:59.243[31m error[39m [caliper] [connectors/peer-gateway/PeerGateway] 	Failed to perform submit transaction [Transfer] using arguments [wlt_c_20260917-pilot6_calibration-retail-transfer-low-4w-40tps-r5_retail-transfer-low_w3_8,wlt_c_20260917-pilot6_calibration-retail-transfer-low-4w-40tps-r5_retail-transfer-low_w3_33,1000,transfer_20260917-pilot6_calibration-retail-transfer-low-4w-40tps-r5_retail-transfer-low_w3_r1_426],  with error: Error: Failed to submit trasaction with status code: 11
2026.09.17-14:51:59.239[31m error[39m [caliper] [connectors/peer-gateway/PeerGateway] 	Failed to perform submit transaction [Transfer] using arguments [wlt_c_20260917-pilot6_calibration-retail-transfer-low-4w-40tps-r5_retail-transfer-low_w0_4,wlt_c_20260917-pilot6_calibration-retail-transfer-low-4w-40tps-r5_retail-transfer-low_w0_29,1000,transfer_20260917-pilot6_calibration-retail-transfer-low-4w-40tps-r5_retail-transfer-low_w0_r1_423],  with error: Error: Failed to submit trasaction with status code: 11
2026.09.17-14:51:59.246[31m error[39m [caliper] [connectors/peer-gateway/PeerGateway] 	Failed to perform submit transaction [Transfer] using arguments [wlt_c_20260917-pilot6_calibration-retail-transfer-low-4w-40tps-r5_retail-transfer-low_w0_12,wlt_c_20260917-pilot6_calibration-retail-transfer-low-4w-40tps-r5_retail-transfer-low_w0_37,1000,transfer_20260917-pilot6_calibration-retail-transfer-low-4w-40tps-r5_retail-transfer-low_w0_r1_429],  with error: Error: Failed to submit trasaction with status code: 11
2026.09.17-14:51:59.248[31m error[39m [caliper] [connectors/peer-gateway/PeerGateway] 	Failed to perform submit transaction [Transfer] using arguments [wlt_c_20260917-pilot6_calibration-retail-transfer-low-4w-40tps-r5_retail-transfer-low_w2_12,wlt_c_20260917-pilot6_calibration-retail-transfer-low-4w-40tps-r5_retail-transfer-low_w2_37,1000,transfer_20260917-pilot6_calibration-retail-transfer-low-4w-40tps-r5_retail-transfer-low_w2_r1_429],  with error: Error: Failed to submit trasaction with status code: 11
2026.09.17-14:51:59.248[31m error[39m [caliper] [connectors/peer-gateway/PeerGateway] 	Failed to perform submit transaction [Transfer] using arguments [wlt_c_20260917-pilot6_calibration-retail-transfer-low-4w-40tps-r5_retail-transfer-low_w2_9,wlt_c_20260917-pilot6_calibration-retail-transfer-low-4w-40tps-r5_retail-transfer-low_w2_34,1000,transfer_20260917-pilot6_calibration-retail-transfer-low-4w-40tps-r5_retail-transfer-low_w2_r1_427],  with error: Error: Failed to submit trasaction with status code: 11
2026.09.17-14:51:59.672[31m error[39m [caliper] [connectors/peer-gateway/PeerGateway] 	Failed to perform submit transaction [Transfer] using arguments [wlt_c_20260917-pilot6_calibration-retail-transfer-low-4w-40tps-r5_retail-transfer-low_w2_13,wlt_c_20260917-pilot6_calibration-retail-transfer-low-4w-40tps-r5_retail-transfer-low_w2_38,1000,transfer_20260917-pilot6_calibration-retail-transfer-low-4w-40tps-r5_retail-transfer-low_w2_r1_430],  with error: Error: Failed to submit trasaction with status code: 11
2026.09.17-14:51:59.675[31m error[39m [caliper] [connectors/peer-gateway/PeerGateway] 	Failed to perform submit transaction [Transfer] using arguments [wlt_c_20260917-pilot6_calibration-retail-transfer-low-4w-40tps-r5_retail-transfer-low_w0_9,wlt_c_20260917-pilot6_calibration-retail-transfer-low-4w-40tps-r5_retail-transfer-low_w0_34,1000,transfer_20260917-pilot6_calibration-retail-transfer-low-4w-40tps-r5_retail-transfer-low_w0_r1_427],  with error: Error: Failed to submit trasaction with status code: 11
2026.09.17-14:51:59.684[31m error[39m [caliper] [connectors/peer-gateway/PeerGateway] 	Failed to perform submit transaction [Transfer] using arguments [wlt_c_20260917-pilot6_calibration-retail-transfer-low-4w-40tps-r5_retail-transfer-low_w1_12,wlt_c_20260917-pilot6_calibration-retail-transfer-low-4w-40tps-r5_retail-transfer-low_w1_37,1000,transfer_20260917-pilot6_calibration-retail-transfer-low-4w-40tps-r5_retail-transfer-low_w1_r1_429],  with error: Error: Failed to submit trasaction with status code: 11
2026.09.17-14:51:59.684[31m error[39m [caliper] [connectors/peer-gateway/PeerGateway] 	Failed to perform submit transaction [Transfer] using arguments [wlt_c_20260917-pilot6_calibration-retail-transfer-low-4w-40tps-r5_retail-transfer-low_w1_13,wlt_c_20260917-pilot6_calibration-retail-transfer-low-4w-40tps-r5_retail-transfer-low_w1_38,1000,transfer_20260917-pilot6_calibration-retail-transfer-low-4w-40tps-r5_retail-transfer-low_w1_r1_430],  with error: Error: Failed to submit trasaction with status code: 11
2026.09.17-14:51:59.719[31m error[39m [caliper] [connectors/peer-gateway/PeerGateway] 	Failed to perform submit transaction [Transfer] using arguments [wlt_c_20260917-pilot6_calibration-retail-transfer-low-4w-40tps-r5_retail-transfer-low_w3_9,wlt_c_20260917-pilot6_calibration-retail-transfer-low-4w-40tps-r5_retail-transfer-low_w3_34,1000,transfer_20260917-pilot6_calibration-retail-transfer-low-4w-40tps-r5_retail-transfer-low_w3_r1_427],  with error: Error: Failed to submit trasaction with status code: 11
2026.09.17-14:51:59.721[31m error[39m [caliper] [connectors/peer-gateway/PeerGateway] 	Failed to perform submit transaction [Transfer] using arguments [wlt_c_20260917-pilot6_calibration-retail-transfer-low-4w-40tps-r5_retail-transfer-low_w3_12,wlt_c_20260917-pilot6_calibration-retail-transfer-low-4w-40tps-r5_retail-transfer-low_w3_37,1000,transfer_20260917-pilot6_calibration-retail-transfer-low-4w-40tps-r5_retail-transfer-low_w3_r1_429],  with error: Error: Failed to submit trasaction with status code: 11
2026.09.17-14:51:59.722[31m error[39m [caliper] [connectors/peer-gateway/PeerGateway] 	Failed to perform submit transaction [Transfer] using arguments [wlt_c_20260917-pilot6_calibration-retail-transfer-low-4w-40tps-r5_retail-transfer-low_w3_11,wlt_c_20260917-pilot6_calibration-retail-transfer-low-4w-40tps-r5_retail-transfer-low_w3_36,1000,transfer_20260917-pilot6_calibration-retail-transfer-low-4w-40tps-r5_retail-transfer-low_w3_r1_428],  with error: Error: Failed to submit trasaction with status code: 11
2026.09.17-14:51:59.726[31m error[39m [caliper] [connectors/peer-gateway/PeerGateway] 	Failed to perform submit transaction [Transfer] using arguments [wlt_c_20260917-pilot6_calibration-retail-transfer-low-4w-40tps-r5_retail-transfer-low_w3_13,wlt_c_20260917-pilot6_calibration-retail-transfer-low-4w-40tps-r5_retail-transfer-low_w3_38,1000,transfer_20260917-pilot6_calibration-retail-transfer-low-4w-40tps-r5_retail-transfer-low_w3_r1_430],  with error: Error: Failed to submit trasaction with status code: 11
2026.09.17-14:51:59.912[31m error[39m [caliper] [connectors/peer-gateway/PeerGateway] 	Failed to perform submit transaction [Transfer] using arguments [wlt_c_20260917-pilot6_calibration-retail-transfer-low-4w-40tps-r5_retail-transfer-low_w3_16,wlt_c_20260917-pilot6_calibration-retail-transfer-low-4w-40tps-r5_retail-transfer-low_w3_41,1000,transfer_20260917-pilot6_calibration-retail-transfer-low-4w-40tps-r5_retail-transfer-low_w3_r1_432],  with error: Error: Failed to submit trasaction with status code: 11
2026.09.17-14:51:59.914[31m error[39m [caliper] [connectors/peer-gateway/PeerGateway] 	Failed to perform submit transaction [Transfer] using arguments [wlt_c_20260917-pilot6_calibration-retail-transfer-low-4w-40tps-r5_retail-transfer-low_w0_13,wlt_c_20260917-pilot6_calibration-retail-transfer-low-4w-40tps-r5_retail-transfer-low_w0_38,1000,transfer_20260917-pilot6_calibration-retail-transfer-low-4w-40tps-r5_retail-transfer-low_w0_r1_430],  with error: Error: Failed to submit trasaction with status code: 11
2026.09.17-14:51:59.916[31m error[39m [caliper] [connectors/peer-gateway/PeerGateway] 	Failed to perform submit transaction [Transfer] using arguments [wlt_c_20260917-pilot6_calibration-retail-transfer-low-4w-40tps-r5_retail-transfer-low_w3_14,wlt_c_20260917-pilot6_calibration-retail-transfer-low-4w-40tps-r5_retail-transfer-low_w3_39,1000,transfer_20260917-pilot6_calibration-retail-transfer-low-4w-40tps-r5_retail-transfer-low_w3_r1_431],  with error: Error: Failed to submit trasaction with status code: 11
2026.09.17-14:51:59.916[31m error[39m [caliper] [connectors/peer-gateway/PeerGateway] 	Failed to perform submit transaction [Transfer] using arguments [wlt_c_20260917-pilot6_calibration-retail-transfer-low-4w-40tps-r5_retail-transfer-low_w3_17,wlt_c_20260917-pilot6_calibration-retail-transfer-low-4w-40tps-r5_retail-transfer-low_w3_42,1000,transfer_20260917-pilot6_calibration-retail-transfer-low-4w-40tps-r5_retail-transfer-low_w3_r1_433],  with error: Error: Failed to submit trasaction with status code: 11
2026.09.17-14:51:59.918[31m error[39m [caliper] [connectors/peer-gateway/PeerGateway] 	Failed to perform submit transaction [Transfer] using arguments [wlt_c_20260917-pilot6_calibration-retail-transfer-low-4w-40tps-r5_retail-transfer-low_w0_14,wlt_c_20260917-pilot6_calibration-retail-transfer-low-4w-40tps-r5_retail-transfer-low_w0_39,1000,transfer_20260917-pilot6_calibration-retail-transfer-low-4w-40tps-r5_retail-transfer-low_w0_r1_431],  with error: Error: Failed to submit trasaction with status code: 11
2026.09.17-14:51:59.930[31m error[39m [caliper] [connectors/peer-gateway/PeerGateway] 	Failed to perform submit transaction [Transfer] using arguments [wlt_c_20260917-pilot6_calibration-retail-transfer-low-4w-40tps-r5_retail-transfer-low_w1_18,wlt_c_20260917-pilot6_calibration-retail-transfer-low-4w-40tps-r5_retail-transfer-low_w1_43,1000,transfer_20260917-pilot6_calibration-retail-transfer-low-4w-40tps-r5_retail-transfer-low_w1_r1_434],  with error: Error: Failed to submit trasaction with status code: 11
2026.09.17-14:51:59.934[31m error[39m [caliper] [connectors/peer-gateway/PeerGateway] 	Failed to perform submit transaction [Transfer] using arguments [wlt_c_20260917-pilot6_calibration-retail-transfer-low-4w-40tps-r5_retail-transfer-low_w2_14,wlt_c_20260917-pilot6_calibration-retail-transfer-low-4w-40tps-r5_retail-transfer-low_w2_39,1000,transfer_20260917-pilot6_calibration-retail-transfer-low-4w-40tps-r5_retail-transfer-low_w2_r1_431],  with error: Error: Failed to submit trasaction with status code: 11
2026.09.17-14:51:59.934[31m error[39m [caliper] [connectors/peer-gateway/PeerGateway] 	Failed to perform submit transaction [Transfer] using arguments [wlt_c_20260917-pilot6_calibration-retail-transfer-low-4w-40tps-r5_retail-transfer-low_w2_16,wlt_c_20260917-pilot6_calibration-retail-transfer-low-4w-40tps-r5_retail-transfer-low_w2_41,1000,transfer_20260917-pilot6_calibration-retail-transfer-low-4w-40tps-r5_retail-transfer-low_w2_r1_432],  with error: Error: Failed to submit trasaction with status code: 11
2026.09.17-14:51:59.938[31m error[39m [caliper] [connectors/peer-gateway/PeerGateway] 	Failed to perform submit transaction [Transfer] using arguments [wlt_c_20260917-pilot6_calibration-retail-transfer-low-4w-40tps-r5_retail-transfer-low_w1_16,wlt_c_20260917-pilot6_calibration-retail-transfer-low-4w-40tps-r5_retail-transfer-low_w1_41,1000,transfer_20260917-pilot6_calibration-retail-transfer-low-4w-40tps-r5_retail-transfer-low_w1_r1_432],  with error: Error: Failed to submit trasaction with status code: 11
2026.09.17-14:51:59.939[31m error[39m [caliper] [connectors/peer-gateway/PeerGateway] 	Failed to perform submit transaction [Transfer] using arguments [wlt_c_20260917-pilot6_calibration-retail-transfer-low-4w-40tps-r5_retail-transfer-low_w1_14,wlt_c_20260917-pilot6_calibration-retail-transfer-low-4w-40tps-r5_retail-transfer-low_w1_39,1000,transfer_20260917-pilot6_calibration-retail-transfer-low-4w-40tps-r5_retail-transfer-low_w1_r1_431],  with error: Error: Failed to submit trasaction with status code: 11
2026.09.17-14:52:00.070[31m error[39m [caliper] [connectors/peer-gateway/PeerGateway] 	Failed to perform submit transaction [Transfer] using arguments [wlt_c_20260917-pilot6_calibration-retail-transfer-low-4w-40tps-r5_retail-transfer-low_w2_19,wlt_c_20260917-pilot6_calibration-retail-transfer-low-4w-40tps-r5_retail-transfer-low_w2_44,1000,transfer_20260917-pilot6_calibration-retail-transfer-low-4w-40tps-r5_retail-transfer-low_w2_r1_435],  with error: Error: Failed to submit trasaction with status code: 11
2026.09.17-14:52:00.074[31m error[39m [caliper] [connectors/peer-gateway/PeerGateway] 	Failed to perform submit transaction [Transfer] using arguments [wlt_c_20260917-pilot6_calibration-retail-transfer-low-4w-40tps-r5_retail-transfer-low_w0_18,wlt_c_20260917-pilot6_calibration-retail-transfer-low-4w-40tps-r5_retail-transfer-low_w0_43,1000,transfer_20260917-pilot6_calibration-retail-transfer-low-4w-40tps-r5_retail-transfer-low_w0_r1_434],  with error: Error: Failed to submit trasaction with status code: 11
2026.09.17-14:52:00.076[31m error[39m [caliper] [connectors/peer-gateway/PeerGateway] 	Failed to perform submit transaction [Transfer] using arguments [wlt_c_20260917-pilot6_calibration-retail-transfer-low-4w-40tps-r5_retail-transfer-low_w3_19,wlt_c_20260917-pilot6_calibration-retail-transfer-low-4w-40tps-r5_retail-transfer-low_w3_44,1000,transfer_20260917-pilot6_calibration-retail-transfer-low-4w-40tps-r5_retail-transfer-low_w3_r1_435],  with error: Error: Failed to submit trasaction with status code: 11
2026.09.17-14:52:00.076[31m error[39m [caliper] [connectors/peer-gateway/PeerGateway] 	Failed to perform submit transaction [Transfer] using arguments [wlt_c_20260917-pilot6_calibration-retail-transfer-low-4w-40tps-r5_retail-transfer-low_w2_18,wlt_c_20260917-pilot6_calibration-retail-transfer-low-4w-40tps-r5_retail-transfer-low_w2_43,1000,transfer_20260917-pilot6_calibration-retail-transfer-low-4w-40tps-r5_retail-transfer-low_w2_r1_434],  with error: Error: Failed to submit trasaction with status code: 11
2026.09.17-14:52:00.077[31m error[39m [caliper] [connectors/peer-gateway/PeerGateway] 	Failed to perform submit transaction [Transfer] using arguments [wlt_c_20260917-pilot6_calibration-retail-transfer-low-4w-40tps-r5_retail-transfer-low_w2_17,wlt_c_20260917-pilot6_calibration-retail-transfer-low-4w-40tps-r5_retail-transfer-low_w2_42,1000,transfer_20260917-pilot6_calibration-retail-transfer-low-4w-40tps-r5_retail-transfer-low_w2_r1_433],  with error: Error: Failed to submit trasaction with status code: 11
2026.09.17-14:52:00.077[31m error[39m [caliper] [connectors/peer-gateway/PeerGateway] 	Failed to perform submit transaction [Transfer] using arguments [wlt_c_20260917-pilot6_calibration-retail-transfer-low-4w-40tps-r5_retail-transfer-low_w3_18,wlt_c_20260917-pilot6_calibration-retail-transfer-low-4w-40tps-r5_retail-transfer-low_w3_43,1000,transfer_20260917-pilot6_calibration-retail-transfer-low-4w-40tps-r5_retail-transfer-low_w3_r1_434],  with error: Error: Failed to submit trasaction with status code: 11
2026.09.17-14:52:00.082[31m error[39m [caliper] [connectors/peer-gateway/PeerGateway] 	Failed to perform submit transaction [Transfer] using arguments [wlt_c_20260917-pilot6_calibration-retail-transfer-low-4w-40tps-r5_retail-transfer-low_w0_17,wlt_c_20260917-pilot6_calibration-retail-transfer-low-4w-40tps-r5_retail-transfer-low_w0_42,1000,transfer_20260917-pilot6_calibration-retail-transfer-low-4w-40tps-r5_retail-transfer-low_w0_r1_433],  with error: Error: Failed to submit trasaction with status code: 11
2026.09.17-14:52:00.085[31m error[39m [caliper] [connectors/peer-gateway/PeerGateway] 	Failed to perform submit transaction [Transfer] using arguments [wlt_c_20260917-pilot6_calibration-retail-transfer-low-4w-40tps-r5_retail-transfer-low_w0_16,wlt_c_20260917-pilot6_calibration-retail-transfer-low-4w-40tps-r5_retail-transfer-low_w0_41,1000,transfer_20260917-pilot6_calibration-retail-transfer-low-4w-40tps-r5_retail-transfer-low_w0_r1_432],  with error: Error: Failed to submit trasaction with status code: 11
2026.09.17-14:52:00.117[31m error[39m [caliper] [connectors/peer-gateway/PeerGateway] 	Failed to perform submit transaction [Transfer] using arguments [wlt_c_20260917-pilot6_calibration-retail-transfer-low-4w-40tps-r5_retail-transfer-low_w1_17,wlt_c_20260917-pilot6_calibration-retail-transfer-low-4w-40tps-r5_retail-transfer-low_w1_42,1000,transfer_20260917-pilot6_calibration-retail-transfer-low-4w-40tps-r5_retail-transfer-low_w1_r1_433],  with error: Error: Failed to submit trasaction with status code: 11
2026.09.17-14:52:00.117[31m error[39m [caliper] [connectors/peer-gateway/PeerGateway] 	Failed to perform submit transaction [Transfer] using arguments [wlt_c_20260917-pilot6_calibration-retail-transfer-low-4w-40tps-r5_retail-transfer-low_w1_19,wlt_c_20260917-pilot6_calibration-retail-transfer-low-4w-40tps-r5_retail-transfer-low_w1_44,1000,transfer_20260917-pilot6_calibration-retail-transfer-low-4w-40tps-r5_retail-transfer-low_w1_r1_435],  with error: Error: Failed to submit trasaction with status code: 11
2026.09.17-14:52:00.631[31m error[39m [caliper] [connectors/peer-gateway/PeerGateway] 	Failed to perform submit transaction [Transfer] using arguments [wlt_c_20260917-pilot6_calibration-retail-transfer-low-4w-40tps-r5_retail-transfer-low_w1_21,wlt_c_20260917-pilot6_calibration-retail-transfer-low-4w-40tps-r5_retail-transfer-low_w1_46,1000,transfer_20260917-pilot6_calibration-retail-transfer-low-4w-40tps-r5_retail-transfer-low_w1_r1_436],  with error: Error: Failed to submit trasaction with status code: 11
2026.09.17-14:52:00.631[31m error[39m [caliper] [connectors/peer-gateway/PeerGateway] 	Failed to perform submit transaction [Transfer] using arguments [wlt_c_20260917-pilot6_calibration-retail-transfer-low-4w-40tps-r5_retail-transfer-low_w1_22,wlt_c_20260917-pilot6_calibration-retail-transfer-low-4w-40tps-r5_retail-transfer-low_w1_47,1000,transfer_20260917-pilot6_calibration-retail-transfer-low-4w-40tps-r5_retail-transfer-low_w1_r1_437],  with error: Error: Failed to submit trasaction with status code: 11
2026.09.17-14:52:00.632[31m error[39m [caliper] [connectors/peer-gateway/PeerGateway] 	Failed to perform submit transaction [Transfer] using arguments [wlt_c_20260917-pilot6_calibration-retail-transfer-low-4w-40tps-r5_retail-transfer-low_w1_23,wlt_c_20260917-pilot6_calibration-retail-transfer-low-4w-40tps-r5_retail-transfer-low_w1_48,1000,transfer_20260917-pilot6_calibration-retail-transfer-low-4w-40tps-r5_retail-transfer-low_w1_r1_438],  with error: Error: Failed to submit trasaction with status code: 11
2026.09.17-14:52:00.629[31m error[39m [caliper] [connectors/peer-gateway/PeerGateway] 	Failed to perform submit transaction [Transfer] using arguments [wlt_c_20260917-pilot6_calibration-retail-transfer-low-4w-40tps-r5_retail-transfer-low_w3_22,wlt_c_20260917-pilot6_calibration-retail-transfer-low-4w-40tps-r5_retail-transfer-low_w3_47,1000,transfer_20260917-pilot6_calibration-retail-transfer-low-4w-40tps-r5_retail-transfer-low_w3_r1_437],  with error: Error: Failed to submit trasaction with status code: 11
2026.09.17-14:52:00.638[31m error[39m [caliper] [connectors/peer-gateway/PeerGateway] 	Failed to perform submit transaction [Transfer] using arguments [wlt_c_20260917-pilot6_calibration-retail-transfer-low-4w-40tps-r5_retail-transfer-low_w3_21,wlt_c_20260917-pilot6_calibration-retail-transfer-low-4w-40tps-r5_retail-transfer-low_w3_46,1000,transfer_20260917-pilot6_calibration-retail-transfer-low-4w-40tps-r5_retail-transfer-low_w3_r1_436],  with error: Error: Failed to submit trasaction with status code: 11
2026.09.17-14:52:00.642[31m error[39m [caliper] [connectors/peer-gateway/PeerGateway] 	Failed to perform submit transaction [Transfer] using arguments [wlt_c_20260917-pilot6_calibration-retail-transfer-low-4w-40tps-r5_retail-transfer-low_w3_23,wlt_c_20260917-pilot6_calibration-retail-transfer-low-4w-40tps-r5_retail-transfer-low_w3_48,1000,transfer_20260917-pilot6_calibration-retail-transfer-low-4w-40tps-r5_retail-transfer-low_w3_r1_438],  with error: Error: Failed to submit trasaction with status code: 11
2026.09.17-14:52:00.654[31m error[39m [caliper] [connectors/peer-gateway/PeerGateway] 	Failed to perform submit transaction [Transfer] using arguments [wlt_c_20260917-pilot6_calibration-retail-transfer-low-4w-40tps-r5_retail-transfer-low_w2_21,wlt_c_20260917-pilot6_calibration-retail-transfer-low-4w-40tps-r5_retail-transfer-low_w2_46,1000,transfer_20260917-pilot6_calibration-retail-transfer-low-4w-40tps-r5_retail-transfer-low_w2_r1_436],  with error: Error: Failed to submit trasaction with status code: 11
2026.09.17-14:52:00.662[31m error[39m [caliper] [connectors/peer-gateway/PeerGateway] 	Failed to perform submit transaction [Transfer] using arguments [wlt_c_20260917-pilot6_calibration-retail-transfer-low-4w-40tps-r5_retail-transfer-low_w0_22,wlt_c_20260917-pilot6_calibration-retail-transfer-low-4w-40tps-r5_retail-transfer-low_w0_47,1000,transfer_20260917-pilot6_calibration-retail-transfer-low-4w-40tps-r5_retail-transfer-low_w0_r1_437],  with error: Error: Failed to submit trasaction with status code: 11
2026.09.17-14:52:00.662[31m error[39m [caliper] [connectors/peer-gateway/PeerGateway] 	Failed to perform submit transaction [Transfer] using arguments [wlt_c_20260917-pilot6_calibration-retail-transfer-low-4w-40tps-r5_retail-transfer-low_w0_19,wlt_c_20260917-pilot6_calibration-retail-transfer-low-4w-40tps-r5_retail-transfer-low_w0_44,1000,transfer_20260917-pilot6_calibration-retail-transfer-low-4w-40tps-r5_retail-transfer-low_w0_r1_435],  with error: Error: Failed to submit trasaction with status code: 11
2026.09.17-14:52:00.663[31m error[39m [caliper] [connectors/peer-gateway/PeerGateway] 	Failed to perform submit transaction [Transfer] using arguments [wlt_c_20260917-pilot6_calibration-retail-transfer-low-4w-40tps-r5_retail-transfer-low_w0_21,wlt_c_20260917-pilot6_calibration-retail-transfer-low-4w-40tps-r5_retail-transfer-low_w0_46,1000,transfer_20260917-pilot6_calibration-retail-transfer-low-4w-40tps-r5_retail-transfer-low_w0_r1_436],  with error: Error: Failed to submit trasaction with status code: 11
2026.09.17-14:52:01.028[31m error[39m [caliper] [connectors/peer-gateway/PeerGateway] 	Failed to perform submit transaction [Transfer] using arguments [wlt_c_20260917-pilot6_calibration-retail-transfer-low-4w-40tps-r5_retail-transfer-low_w2_1,wlt_c_20260917-pilot6_calibration-retail-transfer-low-4w-40tps-r5_retail-transfer-low_w2_26,1000,transfer_20260917-pilot6_calibration-retail-transfer-low-4w-40tps-r5_retail-transfer-low_w2_r1_440],  with error: Error: Failed to submit trasaction with status code: 11
2026.09.17-14:52:01.036[31m error[39m [caliper] [connectors/peer-gateway/PeerGateway] 	Failed to perform submit transaction [Transfer] using arguments [wlt_c_20260917-pilot6_calibration-retail-transfer-low-4w-40tps-r5_retail-transfer-low_w2_22,wlt_c_20260917-pilot6_calibration-retail-transfer-low-4w-40tps-r5_retail-transfer-low_w2_47,1000,transfer_20260917-pilot6_calibration-retail-transfer-low-4w-40tps-r5_retail-transfer-low_w2_r1_437],  with error: Error: Failed to submit trasaction with status code: 11
2026.09.17-14:52:01.036[31m error[39m [caliper] [connectors/peer-gateway/PeerGateway] 	Failed to perform submit transaction [Transfer] using arguments [wlt_c_20260917-pilot6_calibration-retail-transfer-low-4w-40tps-r5_retail-transfer-low_w2_23,wlt_c_20260917-pilot6_calibration-retail-transfer-low-4w-40tps-r5_retail-transfer-low_w2_48,1000,transfer_20260917-pilot6_calibration-retail-transfer-low-4w-40tps-r5_retail-transfer-low_w2_r1_438],  with error: Error: Failed to submit trasaction with status code: 11
2026.09.17-14:52:01.036[31m error[39m [caliper] [connectors/peer-gateway/PeerGateway] 	Failed to perform submit transaction [Transfer] using arguments [wlt_c_20260917-pilot6_calibration-retail-transfer-low-4w-40tps-r5_retail-transfer-low_w2_24,wlt_c_20260917-pilot6_calibration-retail-transfer-low-4w-40tps-r5_retail-transfer-low_w2_49,1000,transfer_20260917-pilot6_calibration-retail-transfer-low-4w-40tps-r5_retail-transfer-low_w2_r1_439],  with error: Error: Failed to submit trasaction with status code: 11
2026.09.17-14:52:01.081[31m error[39m [caliper] [connectors/peer-gateway/PeerGateway] 	Failed to perform submit transaction [Transfer] using arguments [wlt_c_20260917-pilot6_calibration-retail-transfer-low-4w-40tps-r5_retail-transfer-low_w3_24,wlt_c_20260917-pilot6_calibration-retail-transfer-low-4w-40tps-r5_retail-transfer-low_w3_49,1000,transfer_20260917-pilot6_calibration-retail-transfer-low-4w-40tps-r5_retail-transfer-low_w3_r1_439],  with error: Error: Failed to submit trasaction with status code: 11
2026.09.17-14:52:01.083[31m error[39m [caliper] [connectors/peer-gateway/PeerGateway] 	Failed to perform submit transaction [Transfer] using arguments [wlt_c_20260917-pilot6_calibration-retail-transfer-low-4w-40tps-r5_retail-transfer-low_w0_23,wlt_c_20260917-pilot6_calibration-retail-transfer-low-4w-40tps-r5_retail-transfer-low_w0_48,1000,transfer_20260917-pilot6_calibration-retail-transfer-low-4w-40tps-r5_retail-transfer-low_w0_r1_438],  with error: Error: Failed to submit trasaction with status code: 11
2026.09.17-14:52:01.087[31m error[39m [caliper] [connectors/peer-gateway/PeerGateway] 	Failed to perform submit transaction [Transfer] using arguments [wlt_c_20260917-pilot6_calibration-retail-transfer-low-4w-40tps-r5_retail-transfer-low_w0_1,wlt_c_20260917-pilot6_calibration-retail-transfer-low-4w-40tps-r5_retail-transfer-low_w0_26,1000,transfer_20260917-pilot6_calibration-retail-transfer-low-4w-40tps-r5_retail-transfer-low_w0_r1_440],  with error: Error: Failed to submit trasaction with status code: 11
2026.09.17-14:52:01.088[31m error[39m [caliper] [connectors/peer-gateway/PeerGateway] 	Failed to perform submit transaction [Transfer] using arguments [wlt_c_20260917-pilot6_calibration-retail-transfer-low-4w-40tps-r5_retail-transfer-low_w0_24,wlt_c_20260917-pilot6_calibration-retail-transfer-low-4w-40tps-r5_retail-transfer-low_w0_49,1000,transfer_20260917-pilot6_calibration-retail-transfer-low-4w-40tps-r5_retail-transfer-low_w0_r1_439],  with error: Error: Failed to submit trasaction with status code: 11
2026.09.17-14:52:01.111[31m error[39m [caliper] [connectors/peer-gateway/PeerGateway] 	Failed to perform submit transaction [Transfer] using arguments [wlt_c_20260917-pilot6_calibration-retail-transfer-low-4w-40tps-r5_retail-transfer-low_w1_24,wlt_c_20260917-pilot6_calibration-retail-transfer-low-4w-40tps-r5_retail-transfer-low_w1_49,1000,transfer_20260917-pilot6_calibration-retail-transfer-low-4w-40tps-r5_retail-transfer-low_w1_r1_439],  with error: Error: Failed to submit trasaction with status code: 11
2026.09.17-14:52:01.128[31m error[39m [caliper] [connectors/peer-gateway/PeerGateway] 	Failed to perform submit transaction [Transfer] using arguments [wlt_c_20260917-pilot6_calibration-retail-transfer-low-4w-40tps-r5_retail-transfer-low_w1_1,wlt_c_20260917-pilot6_calibration-retail-transfer-low-4w-40tps-r5_retail-transfer-low_w1_26,1000,transfer_20260917-pilot6_calibration-retail-transfer-low-4w-40tps-r5_retail-transfer-low_w1_r1_440],  with error: Error: Failed to submit trasaction with status code: 11
2026.09.17-14:52:01.250[31m error[39m [caliper] [connectors/peer-gateway/PeerGateway] 	Failed to perform submit transaction [Transfer] using arguments [wlt_c_20260917-pilot6_calibration-retail-transfer-low-4w-40tps-r5_retail-transfer-low_w2_4,wlt_c_20260917-pilot6_calibration-retail-transfer-low-4w-40tps-r5_retail-transfer-low_w2_29,1000,transfer_20260917-pilot6_calibration-retail-transfer-low-4w-40tps-r5_retail-transfer-low_w2_r1_443],  with error: Error: Failed to submit trasaction with status code: 11
2026.09.17-14:52:01.258[31m error[39m [caliper] [connectors/peer-gateway/PeerGateway] 	Failed to perform submit transaction [Transfer] using arguments [wlt_c_20260917-pilot6_calibration-retail-transfer-low-4w-40tps-r5_retail-transfer-low_w2_2,wlt_c_20260917-pilot6_calibration-retail-transfer-low-4w-40tps-r5_retail-transfer-low_w2_27,1000,transfer_20260917-pilot6_calibration-retail-transfer-low-4w-40tps-r5_retail-transfer-low_w2_r1_441],  with error: Error: Failed to submit trasaction with status code: 11
2026.09.17-14:52:01.259[31m error[39m [caliper] [connectors/peer-gateway/PeerGateway] 	Failed to perform submit transaction [Transfer] using arguments [wlt_c_20260917-pilot6_calibration-retail-transfer-low-4w-40tps-r5_retail-transfer-low_w2_3,wlt_c_20260917-pilot6_calibration-retail-transfer-low-4w-40tps-r5_retail-transfer-low_w2_28,1000,transfer_20260917-pilot6_calibration-retail-transfer-low-4w-40tps-r5_retail-transfer-low_w2_r1_442],  with error: Error: Failed to submit trasaction with status code: 11
2026.09.17-14:52:01.276[31m error[39m [caliper] [connectors/peer-gateway/PeerGateway] 	Failed to perform submit transaction [Transfer] using arguments [wlt_c_20260917-pilot6_calibration-retail-transfer-low-4w-40tps-r5_retail-transfer-low_w1_2,wlt_c_20260917-pilot6_calibration-retail-transfer-low-4w-40tps-r5_retail-transfer-low_w1_27,1000,transfer_20260917-pilot6_calibration-retail-transfer-low-4w-40tps-r5_retail-transfer-low_w1_r1_441],  with error: Error: Failed to submit trasaction with status code: 11
2026.09.17-14:52:01.277[31m error[39m [caliper] [connectors/peer-gateway/PeerGateway] 	Failed to perform submit transaction [Transfer] using arguments [wlt_c_20260917-pilot6_calibration-retail-transfer-low-4w-40tps-r5_retail-transfer-low_w1_3,wlt_c_20260917-pilot6_calibration-retail-transfer-low-4w-40tps-r5_retail-transfer-low_w1_28,1000,transfer_20260917-pilot6_calibration-retail-transfer-low-4w-40tps-r5_retail-transfer-low_w1_r1_442],  with error: Error: Failed to submit trasaction with status code: 11
2026.09.17-14:52:01.301[31m error[39m [caliper] [connectors/peer-gateway/PeerGateway] 	Failed to perform submit transaction [Transfer] using arguments [wlt_c_20260917-pilot6_calibration-retail-transfer-low-4w-40tps-r5_retail-transfer-low_w0_2,wlt_c_20260917-pilot6_calibration-retail-transfer-low-4w-40tps-r5_retail-transfer-low_w0_27,1000,transfer_20260917-pilot6_calibration-retail-transfer-low-4w-40tps-r5_retail-transfer-low_w0_r1_441],  with error: Error: Failed to submit trasaction with status code: 11
2026.09.17-14:52:01.302[31m error[39m [caliper] [connectors/peer-gateway/PeerGateway] 	Failed to perform submit transaction [Transfer] using arguments [wlt_c_20260917-pilot6_calibration-retail-transfer-low-4w-40tps-r5_retail-transfer-low_w0_3,wlt_c_20260917-pilot6_calibration-retail-transfer-low-4w-40tps-r5_retail-transfer-low_w0_28,1000,transfer_20260917-pilot6_calibration-retail-transfer-low-4w-40tps-r5_retail-transfer-low_w0_r1_442],  with error: Error: Failed to submit trasaction with status code: 11
2026.09.17-14:52:01.296[31m error[39m [caliper] [connectors/peer-gateway/PeerGateway] 	Failed to perform submit transaction [Transfer] using arguments [wlt_c_20260917-pilot6_calibration-retail-transfer-low-4w-40tps-r5_retail-transfer-low_w3_1,wlt_c_20260917-pilot6_calibration-retail-transfer-low-4w-40tps-r5_retail-transfer-low_w3_26,1000,transfer_20260917-pilot6_calibration-retail-transfer-low-4w-40tps-r5_retail-transfer-low_w3_r1_440],  with error: Error: Failed to submit trasaction with status code: 11
2026.09.17-14:52:01.305[31m error[39m [caliper] [connectors/peer-gateway/PeerGateway] 	Failed to perform submit transaction [Transfer] using arguments [wlt_c_20260917-pilot6_calibration-retail-transfer-low-4w-40tps-r5_retail-transfer-low_w3_2,wlt_c_20260917-pilot6_calibration-retail-transfer-low-4w-40tps-r5_retail-transfer-low_w3_27,1000,transfer_20260917-pilot6_calibration-retail-transfer-low-4w-40tps-r5_retail-transfer-low_w3_r1_441],  with error: Error: Failed to submit trasaction with status code: 11
2026.09.17-14:52:01.306[31m error[39m [caliper] [connectors/peer-gateway/PeerGateway] 	Failed to perform submit transaction [Transfer] using arguments [wlt_c_20260917-pilot6_calibration-retail-transfer-low-4w-40tps-r5_retail-transfer-low_w3_3,wlt_c_20260917-pilot6_calibration-retail-transfer-low-4w-40tps-r5_retail-transfer-low_w3_28,1000,transfer_20260917-pilot6_calibration-retail-transfer-low-4w-40tps-r5_retail-transfer-low_w3_r1_442],  with error: Error: Failed to submit trasaction with status code: 11
2026.09.17-14:52:01.507[31m error[39m [caliper] [connectors/peer-gateway/PeerGateway] 	Failed to perform submit transaction [Transfer] using arguments [wlt_c_20260917-pilot6_calibration-retail-transfer-low-4w-40tps-r5_retail-transfer-low_w1_4,wlt_c_20260917-pilot6_calibration-retail-transfer-low-4w-40tps-r5_retail-transfer-low_w1_29,1000,transfer_20260917-pilot6_calibration-retail-transfer-low-4w-40tps-r5_retail-transfer-low_w1_r1_443],  with error: Error: Failed to submit trasaction with status code: 11
2026.09.17-14:52:01.513[31m error[39m [caliper] [connectors/peer-gateway/PeerGateway] 	Failed to perform submit transaction [Transfer] using arguments [wlt_c_20260917-pilot6_calibration-retail-transfer-low-4w-40tps-r5_retail-transfer-low_w2_6,wlt_c_20260917-pilot6_calibration-retail-transfer-low-4w-40tps-r5_retail-transfer-low_w2_31,1000,transfer_20260917-pilot6_calibration-retail-transfer-low-4w-40tps-r5_retail-transfer-low_w2_r1_444],  with error: Error: Failed to submit trasaction with status code: 11
2026.09.17-14:52:01.515[31m error[39m [caliper] [connectors/peer-gateway/PeerGateway] 	Failed to perform submit transaction [Transfer] using arguments [wlt_c_20260917-pilot6_calibration-retail-transfer-low-4w-40tps-r5_retail-transfer-low_w0_4,wlt_c_20260917-pilot6_calibration-retail-transfer-low-4w-40tps-r5_retail-transfer-low_w0_29,1000,transfer_20260917-pilot6_calibration-retail-transfer-low-4w-40tps-r5_retail-transfer-low_w0_r1_443],  with error: Error: Failed to submit trasaction with status code: 11
2026.09.17-14:52:01.520[31m error[39m [caliper] [connectors/peer-gateway/PeerGateway] 	Failed to perform submit transaction [Transfer] using arguments [wlt_c_20260917-pilot6_calibration-retail-transfer-low-4w-40tps-r5_retail-transfer-low_w3_4,wlt_c_20260917-pilot6_calibration-retail-transfer-low-4w-40tps-r5_retail-transfer-low_w3_29,1000,transfer_20260917-pilot6_calibration-retail-transfer-low-4w-40tps-r5_retail-transfer-low_w3_r1_443],  with error: Error: Failed to submit trasaction with status code: 11
2026.09.17-14:52:01.521[31m error[39m [caliper] [connectors/peer-gateway/PeerGateway] 	Failed to perform submit transaction [Transfer] using arguments [wlt_c_20260917-pilot6_calibration-retail-transfer-low-4w-40tps-r5_retail-transfer-low_w3_6,wlt_c_20260917-pilot6_calibration-retail-transfer-low-4w-40tps-r5_retail-transfer-low_w3_31,1000,transfer_20260917-pilot6_calibration-retail-transfer-low-4w-40tps-r5_retail-transfer-low_w3_r1_444],  with error: Error: Failed to submit trasaction with status code: 11
2026.09.17-14:52:01.522[31m error[39m [caliper] [connectors/peer-gateway/PeerGateway] 	Failed to perform submit transaction [Transfer] using arguments [wlt_c_20260917-pilot6_calibration-retail-transfer-low-4w-40tps-r5_retail-transfer-low_w0_6,wlt_c_20260917-pilot6_calibration-retail-transfer-low-4w-40tps-r5_retail-transfer-low_w0_31,1000,transfer_20260917-pilot6_calibration-retail-transfer-low-4w-40tps-r5_retail-transfer-low_w0_r1_444],  with error: Error: Failed to submit trasaction with status code: 11
2026.09.17-14:52:01.524[31m error[39m [caliper] [connectors/peer-gateway/PeerGateway] 	Failed to perform submit transaction [Transfer] using arguments [wlt_c_20260917-pilot6_calibration-retail-transfer-low-4w-40tps-r5_retail-transfer-low_w0_7,wlt_c_20260917-pilot6_calibration-retail-transfer-low-4w-40tps-r5_retail-transfer-low_w0_32,1000,transfer_20260917-pilot6_calibration-retail-transfer-low-4w-40tps-r5_retail-transfer-low_w0_r1_445],  with error: Error: Failed to submit trasaction with status code: 11
2026.09.17-14:52:01.773[31m error[39m [caliper] [connectors/peer-gateway/PeerGateway] 	Failed to perform submit transaction [Transfer] using arguments [wlt_c_20260917-pilot6_calibration-retail-transfer-low-4w-40tps-r5_retail-transfer-low_w0_11,wlt_c_20260917-pilot6_calibration-retail-transfer-low-4w-40tps-r5_retail-transfer-low_w0_36,1000,transfer_20260917-pilot6_calibration-retail-transfer-low-4w-40tps-r5_retail-transfer-low_w0_r1_448],  with error: Error: Failed to submit trasaction with status code: 11
2026.09.17-14:52:01.778[31m error[39m [caliper] [connectors/peer-gateway/PeerGateway] 	Failed to perform submit transaction [Transfer] using arguments [wlt_c_20260917-pilot6_calibration-retail-transfer-low-4w-40tps-r5_retail-transfer-low_w2_7,wlt_c_20260917-pilot6_calibration-retail-transfer-low-4w-40tps-r5_retail-transfer-low_w2_32,1000,transfer_20260917-pilot6_calibration-retail-transfer-low-4w-40tps-r5_retail-transfer-low_w2_r1_445],  with error: Error: Failed to submit trasaction with status code: 11
2026.09.17-14:52:01.780[31m error[39m [caliper] [connectors/peer-gateway/PeerGateway] 	Failed to perform submit transaction [Transfer] using arguments [wlt_c_20260917-pilot6_calibration-retail-transfer-low-4w-40tps-r5_retail-transfer-low_w1_9,wlt_c_20260917-pilot6_calibration-retail-transfer-low-4w-40tps-r5_retail-transfer-low_w1_34,1000,transfer_20260917-pilot6_calibration-retail-transfer-low-4w-40tps-r5_retail-transfer-low_w1_r1_447],  with error: Error: Failed to submit trasaction with status code: 11
2026.09.17-14:52:01.780[31m error[39m [caliper] [connectors/peer-gateway/PeerGateway] 	Failed to perform submit transaction [Transfer] using arguments [wlt_c_20260917-pilot6_calibration-retail-transfer-low-4w-40tps-r5_retail-transfer-low_w1_11,wlt_c_20260917-pilot6_calibration-retail-transfer-low-4w-40tps-r5_retail-transfer-low_w1_36,1000,transfer_20260917-pilot6_calibration-retail-transfer-low-4w-40tps-r5_retail-transfer-low_w1_r1_448],  with error: Error: Failed to submit trasaction with status code: 11
2026.09.17-14:52:01.782[31m error[39m [caliper] [connectors/peer-gateway/PeerGateway] 	Failed to perform submit transaction [Transfer] using arguments [wlt_c_20260917-pilot6_calibration-retail-transfer-low-4w-40tps-r5_retail-transfer-low_w0_8,wlt_c_20260917-pilot6_calibration-retail-transfer-low-4w-40tps-r5_retail-transfer-low_w0_33,1000,transfer_20260917-pilot6_calibration-retail-transfer-low-4w-40tps-r5_retail-transfer-low_w0_r1_446],  with error: Error: Failed to submit trasaction with status code: 11
2026.09.17-14:52:02.030[31m error[39m [caliper] [connectors/peer-gateway/PeerGateway] 	Failed to perform submit transaction [Transfer] using arguments [wlt_c_20260917-pilot6_calibration-retail-transfer-low-4w-40tps-r5_retail-transfer-low_w1_13,wlt_c_20260917-pilot6_calibration-retail-transfer-low-4w-40tps-r5_retail-transfer-low_w1_38,1000,transfer_20260917-pilot6_calibration-retail-transfer-low-4w-40tps-r5_retail-transfer-low_w1_r1_450],  with error: Error: Failed to submit trasaction with status code: 11
2026.09.17-14:52:02.033[31m error[39m [caliper] [connectors/peer-gateway/PeerGateway] 	Failed to perform submit transaction [Transfer] using arguments [wlt_c_20260917-pilot6_calibration-retail-transfer-low-4w-40tps-r5_retail-transfer-low_w2_11,wlt_c_20260917-pilot6_calibration-retail-transfer-low-4w-40tps-r5_retail-transfer-low_w2_36,1000,transfer_20260917-pilot6_calibration-retail-transfer-low-4w-40tps-r5_retail-transfer-low_w2_r1_448],  with error: Error: Failed to submit trasaction with status code: 11
2026.09.17-14:52:02.034[31m error[39m [caliper] [connectors/peer-gateway/PeerGateway] 	Failed to perform submit transaction [Transfer] using arguments [wlt_c_20260917-pilot6_calibration-retail-transfer-low-4w-40tps-r5_retail-transfer-low_w2_14,wlt_c_20260917-pilot6_calibration-retail-transfer-low-4w-40tps-r5_retail-transfer-low_w2_39,1000,transfer_20260917-pilot6_calibration-retail-transfer-low-4w-40tps-r5_retail-transfer-low_w2_r1_451],  with error: Error: Failed to submit trasaction with status code: 11
2026.09.17-14:52:02.037[31m error[39m [caliper] [connectors/peer-gateway/PeerGateway] 	Failed to perform submit transaction [Transfer] using arguments [wlt_c_20260917-pilot6_calibration-retail-transfer-low-4w-40tps-r5_retail-transfer-low_w3_11,wlt_c_20260917-pilot6_calibration-retail-transfer-low-4w-40tps-r5_retail-transfer-low_w3_36,1000,transfer_20260917-pilot6_calibration-retail-transfer-low-4w-40tps-r5_retail-transfer-low_w3_r1_448],  with error: Error: Failed to submit trasaction with status code: 11
2026.09.17-14:52:02.040[31m error[39m [caliper] [connectors/peer-gateway/PeerGateway] 	Failed to perform submit transaction [Transfer] using arguments [wlt_c_20260917-pilot6_calibration-retail-transfer-low-4w-40tps-r5_retail-transfer-low_w0_14,wlt_c_20260917-pilot6_calibration-retail-transfer-low-4w-40tps-r5_retail-transfer-low_w0_39,1000,transfer_20260917-pilot6_calibration-retail-transfer-low-4w-40tps-r5_retail-transfer-low_w0_r1_451],  with error: Error: Failed to submit trasaction with status code: 11
2026.09.17-14:52:02.393[31m error[39m [caliper] [connectors/peer-gateway/PeerGateway] 	Failed to perform submit transaction [Transfer] using arguments [wlt_c_20260917-pilot6_calibration-retail-transfer-low-4w-40tps-r5_retail-transfer-low_w1_14,wlt_c_20260917-pilot6_calibration-retail-transfer-low-4w-40tps-r5_retail-transfer-low_w1_39,1000,transfer_20260917-pilot6_calibration-retail-transfer-low-4w-40tps-r5_retail-transfer-low_w1_r1_451],  with error: Error: Failed to submit trasaction with status code: 11
2026.09.17-14:52:02.408[31m error[39m [caliper] [connectors/peer-gateway/PeerGateway] 	Failed to perform submit transaction [Transfer] using arguments [wlt_c_20260917-pilot6_calibration-retail-transfer-low-4w-40tps-r5_retail-transfer-low_w3_18,wlt_c_20260917-pilot6_calibration-retail-transfer-low-4w-40tps-r5_retail-transfer-low_w3_43,1000,transfer_20260917-pilot6_calibration-retail-transfer-low-4w-40tps-r5_retail-transfer-low_w3_r1_454],  with error: Error: Failed to submit trasaction with status code: 11
2026.09.17-14:52:02.409[31m error[39m [caliper] [connectors/peer-gateway/PeerGateway] 	Failed to perform submit transaction [Transfer] using arguments [wlt_c_20260917-pilot6_calibration-retail-transfer-low-4w-40tps-r5_retail-transfer-low_w3_14,wlt_c_20260917-pilot6_calibration-retail-transfer-low-4w-40tps-r5_retail-transfer-low_w3_39,1000,transfer_20260917-pilot6_calibration-retail-transfer-low-4w-40tps-r5_retail-transfer-low_w3_r1_451],  with error: Error: Failed to submit trasaction with status code: 11
2026.09.17-14:52:02.428[31m error[39m [caliper] [connectors/peer-gateway/PeerGateway] 	Failed to perform submit transaction [Transfer] using arguments [wlt_c_20260917-pilot6_calibration-retail-transfer-low-4w-40tps-r5_retail-transfer-low_w1_17,wlt_c_20260917-pilot6_calibration-retail-transfer-low-4w-40tps-r5_retail-transfer-low_w1_42,1000,transfer_20260917-pilot6_calibration-retail-transfer-low-4w-40tps-r5_retail-transfer-low_w1_r1_453],  with error: Error: Failed to submit trasaction with status code: 11
2026.09.17-14:52:02.428[31m error[39m [caliper] [connectors/peer-gateway/PeerGateway] 	Failed to perform submit transaction [Transfer] using arguments [wlt_c_20260917-pilot6_calibration-retail-transfer-low-4w-40tps-r5_retail-transfer-low_w0_17,wlt_c_20260917-pilot6_calibration-retail-transfer-low-4w-40tps-r5_retail-transfer-low_w0_42,1000,transfer_20260917-pilot6_calibration-retail-transfer-low-4w-40tps-r5_retail-transfer-low_w0_r1_453],  with error: Error: Failed to submit trasaction with status code: 11
2026.09.17-14:52:02.429[31m error[39m [caliper] [connectors/peer-gateway/PeerGateway] 	Failed to perform submit transaction [Transfer] using arguments [wlt_c_20260917-pilot6_calibration-retail-transfer-low-4w-40tps-r5_retail-transfer-low_w2_16,wlt_c_20260917-pilot6_calibration-retail-transfer-low-4w-40tps-r5_retail-transfer-low_w2_41,1000,transfer_20260917-pilot6_calibration-retail-transfer-low-4w-40tps-r5_retail-transfer-low_w2_r1_452],  with error: Error: Failed to submit trasaction with status code: 11
2026.09.17-14:52:02.728[31m error[39m [caliper] [connectors/peer-gateway/PeerGateway] 	Failed to perform submit transaction [Transfer] using arguments [wlt_c_20260917-pilot6_calibration-retail-transfer-low-4w-40tps-r5_retail-transfer-low_w1_19,wlt_c_20260917-pilot6_calibration-retail-transfer-low-4w-40tps-r5_retail-transfer-low_w1_44,1000,transfer_20260917-pilot6_calibration-retail-transfer-low-4w-40tps-r5_retail-transfer-low_w1_r1_455],  with error: Error: Failed to submit trasaction with status code: 11
2026.09.17-14:52:02.731[31m error[39m [caliper] [connectors/peer-gateway/PeerGateway] 	Failed to perform submit transaction [Transfer] using arguments [wlt_c_20260917-pilot6_calibration-retail-transfer-low-4w-40tps-r5_retail-transfer-low_w3_17,wlt_c_20260917-pilot6_calibration-retail-transfer-low-4w-40tps-r5_retail-transfer-low_w3_42,1000,transfer_20260917-pilot6_calibration-retail-transfer-low-4w-40tps-r5_retail-transfer-low_w3_r1_453],  with error: Error: Failed to submit trasaction with status code: 11
2026.09.17-14:52:02.731[31m error[39m [caliper] [connectors/peer-gateway/PeerGateway] 	Failed to perform submit transaction [Transfer] using arguments [wlt_c_20260917-pilot6_calibration-retail-transfer-low-4w-40tps-r5_retail-transfer-low_w0_18,wlt_c_20260917-pilot6_calibration-retail-transfer-low-4w-40tps-r5_retail-transfer-low_w0_43,1000,transfer_20260917-pilot6_calibration-retail-transfer-low-4w-40tps-r5_retail-transfer-low_w0_r1_454],  with error: Error: Failed to submit trasaction with status code: 11
2026.09.17-14:52:02.732[31m error[39m [caliper] [connectors/peer-gateway/PeerGateway] 	Failed to perform submit transaction [Transfer] using arguments [wlt_c_20260917-pilot6_calibration-retail-transfer-low-4w-40tps-r5_retail-transfer-low_w2_17,wlt_c_20260917-pilot6_calibration-retail-transfer-low-4w-40tps-r5_retail-transfer-low_w2_42,1000,transfer_20260917-pilot6_calibration-retail-transfer-low-4w-40tps-r5_retail-transfer-low_w2_r1_453],  with error: Error: Failed to submit trasaction with status code: 11
2026.09.17-14:52:02.732[31m error[39m [caliper] [connectors/peer-gateway/PeerGateway] 	Failed to perform submit transaction [Transfer] using arguments [wlt_c_20260917-pilot6_calibration-retail-transfer-low-4w-40tps-r5_retail-transfer-low_w2_18,wlt_c_20260917-pilot6_calibration-retail-transfer-low-4w-40tps-r5_retail-transfer-low_w2_43,1000,transfer_20260917-pilot6_calibration-retail-transfer-low-4w-40tps-r5_retail-transfer-low_w2_r1_454],  with error: Error: Failed to submit trasaction with status code: 11
2026.09.17-14:52:02.733[31m error[39m [caliper] [connectors/peer-gateway/PeerGateway] 	Failed to perform submit transaction [Transfer] using arguments [wlt_c_20260917-pilot6_calibration-retail-transfer-low-4w-40tps-r5_retail-transfer-low_w2_19,wlt_c_20260917-pilot6_calibration-retail-transfer-low-4w-40tps-r5_retail-transfer-low_w2_44,1000,transfer_20260917-pilot6_calibration-retail-transfer-low-4w-40tps-r5_retail-transfer-low_w2_r1_455],  with error: Error: Failed to submit trasaction with status code: 11
2026.09.17-14:52:02.738[31m error[39m [caliper] [connectors/peer-gateway/PeerGateway] 	Failed to perform submit transaction [Transfer] using arguments [wlt_c_20260917-pilot6_calibration-retail-transfer-low-4w-40tps-r5_retail-transfer-low_w1_18,wlt_c_20260917-pilot6_calibration-retail-transfer-low-4w-40tps-r5_retail-transfer-low_w1_43,1000,transfer_20260917-pilot6_calibration-retail-transfer-low-4w-40tps-r5_retail-transfer-low_w1_r1_454],  with error: Error: Failed to submit trasaction with status code: 11
2026.09.17-14:52:02.739[31m error[39m [caliper] [connectors/peer-gateway/PeerGateway] 	Failed to perform submit transaction [Transfer] using arguments [wlt_c_20260917-pilot6_calibration-retail-transfer-low-4w-40tps-r5_retail-transfer-low_w0_19,wlt_c_20260917-pilot6_calibration-retail-transfer-low-4w-40tps-r5_retail-transfer-low_w0_44,1000,transfer_20260917-pilot6_calibration-retail-transfer-low-4w-40tps-r5_retail-transfer-low_w0_r1_455],  with error: Error: Failed to submit trasaction with status code: 11
2026.09.17-14:52:02.738[31m error[39m [caliper] [connectors/peer-gateway/PeerGateway] 	Failed to perform submit transaction [Transfer] using arguments [wlt_c_20260917-pilot6_calibration-retail-transfer-low-4w-40tps-r5_retail-transfer-low_w3_19,wlt_c_20260917-pilot6_calibration-retail-transfer-low-4w-40tps-r5_retail-transfer-low_w3_44,1000,transfer_20260917-pilot6_calibration-retail-transfer-low-4w-40tps-r5_retail-transfer-low_w3_r1_455],  with error: Error: Failed to submit trasaction with status code: 11
2026.09.17-14:52:02.929[31m error[39m [caliper] [connectors/peer-gateway/PeerGateway] 	Failed to perform submit transaction [Transfer] using arguments [wlt_c_20260917-pilot6_calibration-retail-transfer-low-4w-40tps-r5_retail-transfer-low_w0_22,wlt_c_20260917-pilot6_calibration-retail-transfer-low-4w-40tps-r5_retail-transfer-low_w0_47,1000,transfer_20260917-pilot6_calibration-retail-transfer-low-4w-40tps-r5_retail-transfer-low_w0_r1_457],  with error: Error: Failed to submit trasaction with status code: 11
2026.09.17-14:52:02.935[31m error[39m [caliper] [connectors/peer-gateway/PeerGateway] 	Failed to perform submit transaction [Transfer] using arguments [wlt_c_20260917-pilot6_calibration-retail-transfer-low-4w-40tps-r5_retail-transfer-low_w0_21,wlt_c_20260917-pilot6_calibration-retail-transfer-low-4w-40tps-r5_retail-transfer-low_w0_46,1000,transfer_20260917-pilot6_calibration-retail-transfer-low-4w-40tps-r5_retail-transfer-low_w0_r1_456],  with error: Error: Failed to submit trasaction with status code: 11
2026.09.17-14:52:02.937[31m error[39m [caliper] [connectors/peer-gateway/PeerGateway] 	Failed to perform submit transaction [Transfer] using arguments [wlt_c_20260917-pilot6_calibration-retail-transfer-low-4w-40tps-r5_retail-transfer-low_w2_21,wlt_c_20260917-pilot6_calibration-retail-transfer-low-4w-40tps-r5_retail-transfer-low_w2_46,1000,transfer_20260917-pilot6_calibration-retail-transfer-low-4w-40tps-r5_retail-transfer-low_w2_r1_456],  with error: Error: Failed to submit trasaction with status code: 11
2026.09.17-14:52:02.942[31m error[39m [caliper] [connectors/peer-gateway/PeerGateway] 	Failed to perform submit transaction [Transfer] using arguments [wlt_c_20260917-pilot6_calibration-retail-transfer-low-4w-40tps-r5_retail-transfer-low_w1_16,wlt_c_20260917-pilot6_calibration-retail-transfer-low-4w-40tps-r5_retail-transfer-low_w1_41,1000,transfer_20260917-pilot6_calibration-retail-transfer-low-4w-40tps-r5_retail-transfer-low_w1_r1_452],  with error: Error: Failed to submit trasaction with status code: 11
2026.09.17-14:52:02.942[31m error[39m [caliper] [connectors/peer-gateway/PeerGateway] 	Failed to perform submit transaction [Transfer] using arguments [wlt_c_20260917-pilot6_calibration-retail-transfer-low-4w-40tps-r5_retail-transfer-low_w3_22,wlt_c_20260917-pilot6_calibration-retail-transfer-low-4w-40tps-r5_retail-transfer-low_w3_47,1000,transfer_20260917-pilot6_calibration-retail-transfer-low-4w-40tps-r5_retail-transfer-low_w3_r1_457],  with error: Error: Failed to submit trasaction with status code: 11
2026.09.17-14:52:02.942[31m error[39m [caliper] [connectors/peer-gateway/PeerGateway] 	Failed to perform submit transaction [Transfer] using arguments [wlt_c_20260917-pilot6_calibration-retail-transfer-low-4w-40tps-r5_retail-transfer-low_w2_22,wlt_c_20260917-pilot6_calibration-retail-transfer-low-4w-40tps-r5_retail-transfer-low_w2_47,1000,transfer_20260917-pilot6_calibration-retail-transfer-low-4w-40tps-r5_retail-transfer-low_w2_r1_457],  with error: Error: Failed to submit trasaction with status code: 11
2026.09.17-14:52:02.942[31m error[39m [caliper] [connectors/peer-gateway/PeerGateway] 	Failed to perform submit transaction [Transfer] using arguments [wlt_c_20260917-pilot6_calibration-retail-transfer-low-4w-40tps-r5_retail-transfer-low_w1_22,wlt_c_20260917-pilot6_calibration-retail-transfer-low-4w-40tps-r5_retail-transfer-low_w1_47,1000,transfer_20260917-pilot6_calibration-retail-transfer-low-4w-40tps-r5_retail-transfer-low_w1_r1_457],  with error: Error: Failed to submit trasaction with status code: 11
2026.09.17-14:52:02.945[31m error[39m [caliper] [connectors/peer-gateway/PeerGateway] 	Failed to perform submit transaction [Transfer] using arguments [wlt_c_20260917-pilot6_calibration-retail-transfer-low-4w-40tps-r5_retail-transfer-low_w1_23,wlt_c_20260917-pilot6_calibration-retail-transfer-low-4w-40tps-r5_retail-transfer-low_w1_48,1000,transfer_20260917-pilot6_calibration-retail-transfer-low-4w-40tps-r5_retail-transfer-low_w1_r1_458],  with error: Error: Failed to submit trasaction with status code: 11
2026.09.17-14:52:02.945[31m error[39m [caliper] [connectors/peer-gateway/PeerGateway] 	Failed to perform submit transaction [Transfer] using arguments [wlt_c_20260917-pilot6_calibration-retail-transfer-low-4w-40tps-r5_retail-transfer-low_w1_21,wlt_c_20260917-pilot6_calibration-retail-transfer-low-4w-40tps-r5_retail-transfer-low_w1_46,1000,transfer_20260917-pilot6_calibration-retail-transfer-low-4w-40tps-r5_retail-transfer-low_w1_r1_456],  with error: Error: Failed to submit trasaction with status code: 11
2026.09.17-14:52:02.945[31m error[39m [caliper] [connectors/peer-gateway/PeerGateway] 	Failed to perform submit transaction [Transfer] using arguments [wlt_c_20260917-pilot6_calibration-retail-transfer-low-4w-40tps-r5_retail-transfer-low_w3_21,wlt_c_20260917-pilot6_calibration-retail-transfer-low-4w-40tps-r5_retail-transfer-low_w3_46,1000,transfer_20260917-pilot6_calibration-retail-transfer-low-4w-40tps-r5_retail-transfer-low_w3_r1_456],  with error: Error: Failed to submit trasaction with status code: 11
2026.09.17-14:52:03.091[31m error[39m [caliper] [connectors/peer-gateway/PeerGateway] 	Failed to perform submit transaction [Transfer] using arguments [wlt_c_20260917-pilot6_calibration-retail-transfer-low-4w-40tps-r5_retail-transfer-low_w1_3,wlt_c_20260917-pilot6_calibration-retail-transfer-low-4w-40tps-r5_retail-transfer-low_w1_28,1000,transfer_20260917-pilot6_calibration-retail-transfer-low-4w-40tps-r5_retail-transfer-low_w1_r1_462],  with error: Error: Failed to submit trasaction with status code: 11
2026.09.17-14:52:03.097[31m error[39m [caliper] [connectors/peer-gateway/PeerGateway] 	Failed to perform submit transaction [Transfer] using arguments [wlt_c_20260917-pilot6_calibration-retail-transfer-low-4w-40tps-r5_retail-transfer-low_w1_24,wlt_c_20260917-pilot6_calibration-retail-transfer-low-4w-40tps-r5_retail-transfer-low_w1_49,1000,transfer_20260917-pilot6_calibration-retail-transfer-low-4w-40tps-r5_retail-transfer-low_w1_r1_459],  with error: Error: Failed to submit trasaction with status code: 11
2026.09.17-14:52:03.097[31m error[39m [caliper] [connectors/peer-gateway/PeerGateway] 	Failed to perform submit transaction [Transfer] using arguments [wlt_c_20260917-pilot6_calibration-retail-transfer-low-4w-40tps-r5_retail-transfer-low_w1_1,wlt_c_20260917-pilot6_calibration-retail-transfer-low-4w-40tps-r5_retail-transfer-low_w1_26,1000,transfer_20260917-pilot6_calibration-retail-transfer-low-4w-40tps-r5_retail-transfer-low_w1_r1_460],  with error: Error: Failed to submit trasaction with status code: 11
2026.09.17-14:52:03.098[31m error[39m [caliper] [connectors/peer-gateway/PeerGateway] 	Failed to perform submit transaction [Transfer] using arguments [wlt_c_20260917-pilot6_calibration-retail-transfer-low-4w-40tps-r5_retail-transfer-low_w1_2,wlt_c_20260917-pilot6_calibration-retail-transfer-low-4w-40tps-r5_retail-transfer-low_w1_27,1000,transfer_20260917-pilot6_calibration-retail-transfer-low-4w-40tps-r5_retail-transfer-low_w1_r1_461],  with error: Error: Failed to submit trasaction with status code: 11
2026.09.17-14:52:03.104[31m error[39m [caliper] [connectors/peer-gateway/PeerGateway] 	Failed to perform submit transaction [Transfer] using arguments [wlt_c_20260917-pilot6_calibration-retail-transfer-low-4w-40tps-r5_retail-transfer-low_w2_24,wlt_c_20260917-pilot6_calibration-retail-transfer-low-4w-40tps-r5_retail-transfer-low_w2_49,1000,transfer_20260917-pilot6_calibration-retail-transfer-low-4w-40tps-r5_retail-transfer-low_w2_r1_459],  with error: Error: Failed to submit trasaction with status code: 11
2026.09.17-14:52:03.105[31m error[39m [caliper] [connectors/peer-gateway/PeerGateway] 	Failed to perform submit transaction [Transfer] using arguments [wlt_c_20260917-pilot6_calibration-retail-transfer-low-4w-40tps-r5_retail-transfer-low_w2_23,wlt_c_20260917-pilot6_calibration-retail-transfer-low-4w-40tps-r5_retail-transfer-low_w2_48,1000,transfer_20260917-pilot6_calibration-retail-transfer-low-4w-40tps-r5_retail-transfer-low_w2_r1_458],  with error: Error: Failed to submit trasaction with status code: 11
2026.09.17-14:52:03.111[31m error[39m [caliper] [connectors/peer-gateway/PeerGateway] 	Failed to perform submit transaction [Transfer] using arguments [wlt_c_20260917-pilot6_calibration-retail-transfer-low-4w-40tps-r5_retail-transfer-low_w3_23,wlt_c_20260917-pilot6_calibration-retail-transfer-low-4w-40tps-r5_retail-transfer-low_w3_48,1000,transfer_20260917-pilot6_calibration-retail-transfer-low-4w-40tps-r5_retail-transfer-low_w3_r1_458],  with error: Error: Failed to submit trasaction with status code: 11
2026.09.17-14:52:03.122[31m error[39m [caliper] [connectors/peer-gateway/PeerGateway] 	Failed to perform submit transaction [Transfer] using arguments [wlt_c_20260917-pilot6_calibration-retail-transfer-low-4w-40tps-r5_retail-transfer-low_w0_24,wlt_c_20260917-pilot6_calibration-retail-transfer-low-4w-40tps-r5_retail-transfer-low_w0_49,1000,transfer_20260917-pilot6_calibration-retail-transfer-low-4w-40tps-r5_retail-transfer-low_w0_r1_459],  with error: Error: Failed to submit trasaction with status code: 11
2026.09.17-14:52:03.127[31m error[39m [caliper] [connectors/peer-gateway/PeerGateway] 	Failed to perform submit transaction [Transfer] using arguments [wlt_c_20260917-pilot6_calibration-retail-transfer-low-4w-40tps-r5_retail-transfer-low_w0_23,wlt_c_20260917-pilot6_calibration-retail-transfer-low-4w-40tps-r5_retail-transfer-low_w0_48,1000,transfer_20260917-pilot6_calibration-retail-transfer-low-4w-40tps-r5_retail-transfer-low_w0_r1_458],  with error: Error: Failed to submit trasaction with status code: 11
2026.09.17-14:52:03.130[31m error[39m [caliper] [connectors/peer-gateway/PeerGateway] 	Failed to perform submit transaction [Transfer] using arguments [wlt_c_20260917-pilot6_calibration-retail-transfer-low-4w-40tps-r5_retail-transfer-low_w0_1,wlt_c_20260917-pilot6_calibration-retail-transfer-low-4w-40tps-r5_retail-transfer-low_w0_26,1000,transfer_20260917-pilot6_calibration-retail-transfer-low-4w-40tps-r5_retail-transfer-low_w0_r1_460],  with error: Error: Failed to submit trasaction with status code: 11
2026.09.17-14:52:03.242[31m error[39m [caliper] [connectors/peer-gateway/PeerGateway] 	Failed to perform submit transaction [Transfer] using arguments [wlt_c_20260917-pilot6_calibration-retail-transfer-low-4w-40tps-r5_retail-transfer-low_w3_24,wlt_c_20260917-pilot6_calibration-retail-transfer-low-4w-40tps-r5_retail-transfer-low_w3_49,1000,transfer_20260917-pilot6_calibration-retail-transfer-low-4w-40tps-r5_retail-transfer-low_w3_r1_459],  with error: Error: Failed to submit trasaction with status code: 11
2026.09.17-14:52:03.242[31m error[39m [caliper] [connectors/peer-gateway/PeerGateway] 	Failed to perform submit transaction [Transfer] using arguments [wlt_c_20260917-pilot6_calibration-retail-transfer-low-4w-40tps-r5_retail-transfer-low_w1_4,wlt_c_20260917-pilot6_calibration-retail-transfer-low-4w-40tps-r5_retail-transfer-low_w1_29,1000,transfer_20260917-pilot6_calibration-retail-transfer-low-4w-40tps-r5_retail-transfer-low_w1_r1_463],  with error: Error: Failed to submit trasaction with status code: 11
2026.09.17-14:52:03.246[31m error[39m [caliper] [connectors/peer-gateway/PeerGateway] 	Failed to perform submit transaction [Transfer] using arguments [wlt_c_20260917-pilot6_calibration-retail-transfer-low-4w-40tps-r5_retail-transfer-low_w1_6,wlt_c_20260917-pilot6_calibration-retail-transfer-low-4w-40tps-r5_retail-transfer-low_w1_31,1000,transfer_20260917-pilot6_calibration-retail-transfer-low-4w-40tps-r5_retail-transfer-low_w1_r1_464],  with error: Error: Failed to submit trasaction with status code: 11
2026.09.17-14:52:03.249[31m error[39m [caliper] [connectors/peer-gateway/PeerGateway] 	Failed to perform submit transaction [Transfer] using arguments [wlt_c_20260917-pilot6_calibration-retail-transfer-low-4w-40tps-r5_retail-transfer-low_w2_2,wlt_c_20260917-pilot6_calibration-retail-transfer-low-4w-40tps-r5_retail-transfer-low_w2_27,1000,transfer_20260917-pilot6_calibration-retail-transfer-low-4w-40tps-r5_retail-transfer-low_w2_r1_461],  with error: Error: Failed to submit trasaction with status code: 11
2026.09.17-14:52:03.250[31m error[39m [caliper] [connectors/peer-gateway/PeerGateway] 	Failed to perform submit transaction [Transfer] using arguments [wlt_c_20260917-pilot6_calibration-retail-transfer-low-4w-40tps-r5_retail-transfer-low_w2_1,wlt_c_20260917-pilot6_calibration-retail-transfer-low-4w-40tps-r5_retail-transfer-low_w2_26,1000,transfer_20260917-pilot6_calibration-retail-transfer-low-4w-40tps-r5_retail-transfer-low_w2_r1_460],  with error: Error: Failed to submit trasaction with status code: 11
2026.09.17-14:52:03.259[31m error[39m [caliper] [connectors/peer-gateway/PeerGateway] 	Failed to perform submit transaction [Transfer] using arguments [wlt_c_20260917-pilot6_calibration-retail-transfer-low-4w-40tps-r5_retail-transfer-low_w3_1,wlt_c_20260917-pilot6_calibration-retail-transfer-low-4w-40tps-r5_retail-transfer-low_w3_26,1000,transfer_20260917-pilot6_calibration-retail-transfer-low-4w-40tps-r5_retail-transfer-low_w3_r1_460],  with error: Error: Failed to submit trasaction with status code: 11
2026.09.17-14:52:03.262[31m error[39m [caliper] [connectors/peer-gateway/PeerGateway] 	Failed to perform submit transaction [Transfer] using arguments [wlt_c_20260917-pilot6_calibration-retail-transfer-low-4w-40tps-r5_retail-transfer-low_w3_2,wlt_c_20260917-pilot6_calibration-retail-transfer-low-4w-40tps-r5_retail-transfer-low_w3_27,1000,transfer_20260917-pilot6_calibration-retail-transfer-low-4w-40tps-r5_retail-transfer-low_w3_r1_461],  with error: Error: Failed to submit trasaction with status code: 11
2026.09.17-14:52:03.265[31m error[39m [caliper] [connectors/peer-gateway/PeerGateway] 	Failed to perform submit transaction [Transfer] using arguments [wlt_c_20260917-pilot6_calibration-retail-transfer-low-4w-40tps-r5_retail-transfer-low_w0_3,wlt_c_20260917-pilot6_calibration-retail-transfer-low-4w-40tps-r5_retail-transfer-low_w0_28,1000,transfer_20260917-pilot6_calibration-retail-transfer-low-4w-40tps-r5_retail-transfer-low_w0_r1_462],  with error: Error: Failed to submit trasaction with status code: 11
2026.09.17-14:52:03.267[31m error[39m [caliper] [connectors/peer-gateway/PeerGateway] 	Failed to perform submit transaction [Transfer] using arguments [wlt_c_20260917-pilot6_calibration-retail-transfer-low-4w-40tps-r5_retail-transfer-low_w0_4,wlt_c_20260917-pilot6_calibration-retail-transfer-low-4w-40tps-r5_retail-transfer-low_w0_29,1000,transfer_20260917-pilot6_calibration-retail-transfer-low-4w-40tps-r5_retail-transfer-low_w0_r1_463],  with error: Error: Failed to submit trasaction with status code: 11
2026.09.17-14:52:03.271[31m error[39m [caliper] [connectors/peer-gateway/PeerGateway] 	Failed to perform submit transaction [Transfer] using arguments [wlt_c_20260917-pilot6_calibration-retail-transfer-low-4w-40tps-r5_retail-transfer-low_w0_2,wlt_c_20260917-pilot6_calibration-retail-transfer-low-4w-40tps-r5_retail-transfer-low_w0_27,1000,transfer_20260917-pilot6_calibration-retail-transfer-low-4w-40tps-r5_retail-transfer-low_w0_r1_461],  with error: Error: Failed to submit trasaction with status code: 11
2026.09.17-14:52:03.417[31m error[39m [caliper] [connectors/peer-gateway/PeerGateway] 	Failed to perform submit transaction [Transfer] using arguments [wlt_c_20260917-pilot6_calibration-retail-transfer-low-4w-40tps-r5_retail-transfer-low_w3_7,wlt_c_20260917-pilot6_calibration-retail-transfer-low-4w-40tps-r5_retail-transfer-low_w3_32,1000,transfer_20260917-pilot6_calibration-retail-transfer-low-4w-40tps-r5_retail-transfer-low_w3_r1_465],  with error: Error: Failed to submit trasaction with status code: 11
2026.09.17-14:52:03.423[31m error[39m [caliper] [connectors/peer-gateway/PeerGateway] 	Failed to perform submit transaction [Transfer] using arguments [wlt_c_20260917-pilot6_calibration-retail-transfer-low-4w-40tps-r5_retail-transfer-low_w1_7,wlt_c_20260917-pilot6_calibration-retail-transfer-low-4w-40tps-r5_retail-transfer-low_w1_32,1000,transfer_20260917-pilot6_calibration-retail-transfer-low-4w-40tps-r5_retail-transfer-low_w1_r1_465],  with error: Error: Failed to submit trasaction with status code: 11
2026.09.17-14:52:03.425[31m error[39m [caliper] [connectors/peer-gateway/PeerGateway] 	Failed to perform submit transaction [Transfer] using arguments [wlt_c_20260917-pilot6_calibration-retail-transfer-low-4w-40tps-r5_retail-transfer-low_w3_3,wlt_c_20260917-pilot6_calibration-retail-transfer-low-4w-40tps-r5_retail-transfer-low_w3_28,1000,transfer_20260917-pilot6_calibration-retail-transfer-low-4w-40tps-r5_retail-transfer-low_w3_r1_462],  with error: Error: Failed to submit trasaction with status code: 11
2026.09.17-14:52:03.419[31m error[39m [caliper] [connectors/peer-gateway/PeerGateway] 	Failed to perform submit transaction [Transfer] using arguments [wlt_c_20260917-pilot6_calibration-retail-transfer-low-4w-40tps-r5_retail-transfer-low_w2_7,wlt_c_20260917-pilot6_calibration-retail-transfer-low-4w-40tps-r5_retail-transfer-low_w2_32,1000,transfer_20260917-pilot6_calibration-retail-transfer-low-4w-40tps-r5_retail-transfer-low_w2_r1_465],  with error: Error: Failed to submit trasaction with status code: 11
2026.09.17-14:52:03.427[31m error[39m [caliper] [connectors/peer-gateway/PeerGateway] 	Failed to perform submit transaction [Transfer] using arguments [wlt_c_20260917-pilot6_calibration-retail-transfer-low-4w-40tps-r5_retail-transfer-low_w1_11,wlt_c_20260917-pilot6_calibration-retail-transfer-low-4w-40tps-r5_retail-transfer-low_w1_36,1000,transfer_20260917-pilot6_calibration-retail-transfer-low-4w-40tps-r5_retail-transfer-low_w1_r1_468],  with error: Error: Failed to submit trasaction with status code: 11
2026.09.17-14:52:03.427[31m error[39m [caliper] [connectors/peer-gateway/PeerGateway] 	Failed to perform submit transaction [Transfer] using arguments [wlt_c_20260917-pilot6_calibration-retail-transfer-low-4w-40tps-r5_retail-transfer-low_w1_9,wlt_c_20260917-pilot6_calibration-retail-transfer-low-4w-40tps-r5_retail-transfer-low_w1_34,1000,transfer_20260917-pilot6_calibration-retail-transfer-low-4w-40tps-r5_retail-transfer-low_w1_r1_467],  with error: Error: Failed to submit trasaction with status code: 11
2026.09.17-14:52:03.428[31m error[39m [caliper] [connectors/peer-gateway/PeerGateway] 	Failed to perform submit transaction [Transfer] using arguments [wlt_c_20260917-pilot6_calibration-retail-transfer-low-4w-40tps-r5_retail-transfer-low_w1_8,wlt_c_20260917-pilot6_calibration-retail-transfer-low-4w-40tps-r5_retail-transfer-low_w1_33,1000,transfer_20260917-pilot6_calibration-retail-transfer-low-4w-40tps-r5_retail-transfer-low_w1_r1_466],  with error: Error: Failed to submit trasaction with status code: 11
2026.09.17-14:52:03.434[31m error[39m [caliper] [connectors/peer-gateway/PeerGateway] 	Failed to perform submit transaction [Transfer] using arguments [wlt_c_20260917-pilot6_calibration-retail-transfer-low-4w-40tps-r5_retail-transfer-low_w0_6,wlt_c_20260917-pilot6_calibration-retail-transfer-low-4w-40tps-r5_retail-transfer-low_w0_31,1000,transfer_20260917-pilot6_calibration-retail-transfer-low-4w-40tps-r5_retail-transfer-low_w0_r1_464],  with error: Error: Failed to submit trasaction with status code: 11
2026.09.17-14:52:03.437[31m error[39m [caliper] [connectors/peer-gateway/PeerGateway] 	Failed to perform submit transaction [Transfer] using arguments [wlt_c_20260917-pilot6_calibration-retail-transfer-low-4w-40tps-r5_retail-transfer-low_w0_7,wlt_c_20260917-pilot6_calibration-retail-transfer-low-4w-40tps-r5_retail-transfer-low_w0_32,1000,transfer_20260917-pilot6_calibration-retail-transfer-low-4w-40tps-r5_retail-transfer-low_w0_r1_465],  with error: Error: Failed to submit trasaction with status code: 11
2026.09.17-14:52:03.439[31m error[39m [caliper] [connectors/peer-gateway/PeerGateway] 	Failed to perform submit transaction [Transfer] using arguments [wlt_c_20260917-pilot6_calibration-retail-transfer-low-4w-40tps-r5_retail-transfer-low_w0_9,wlt_c_20260917-pilot6_calibration-retail-transfer-low-4w-40tps-r5_retail-transfer-low_w0_34,1000,transfer_20260917-pilot6_calibration-retail-transfer-low-4w-40tps-r5_retail-transfer-low_w0_r1_467],  with error: Error: Failed to submit trasaction with status code: 11
2026.09.17-14:52:03.592[31m error[39m [caliper] [connectors/peer-gateway/PeerGateway] 	Failed to perform submit transaction [Transfer] using arguments [wlt_c_20260917-pilot6_calibration-retail-transfer-low-4w-40tps-r5_retail-transfer-low_w1_12,wlt_c_20260917-pilot6_calibration-retail-transfer-low-4w-40tps-r5_retail-transfer-low_w1_37,1000,transfer_20260917-pilot6_calibration-retail-transfer-low-4w-40tps-r5_retail-transfer-low_w1_r1_469],  with error: Error: Failed to submit trasaction with status code: 11
2026.09.17-14:52:03.596[31m error[39m [caliper] [connectors/peer-gateway/PeerGateway] 	Failed to perform submit transaction [Transfer] using arguments [wlt_c_20260917-pilot6_calibration-retail-transfer-low-4w-40tps-r5_retail-transfer-low_w2_8,wlt_c_20260917-pilot6_calibration-retail-transfer-low-4w-40tps-r5_retail-transfer-low_w2_33,1000,transfer_20260917-pilot6_calibration-retail-transfer-low-4w-40tps-r5_retail-transfer-low_w2_r1_466],  with error: Error: Failed to submit trasaction with status code: 11
2026.09.17-14:52:03.597[31m error[39m [caliper] [connectors/peer-gateway/PeerGateway] 	Failed to perform submit transaction [Transfer] using arguments [wlt_c_20260917-pilot6_calibration-retail-transfer-low-4w-40tps-r5_retail-transfer-low_w2_4,wlt_c_20260917-pilot6_calibration-retail-transfer-low-4w-40tps-r5_retail-transfer-low_w2_29,1000,transfer_20260917-pilot6_calibration-retail-transfer-low-4w-40tps-r5_retail-transfer-low_w2_r1_463],  with error: Error: Failed to submit trasaction with status code: 11
2026.09.17-14:52:03.597[31m error[39m [caliper] [connectors/peer-gateway/PeerGateway] 	Failed to perform submit transaction [Transfer] using arguments [wlt_c_20260917-pilot6_calibration-retail-transfer-low-4w-40tps-r5_retail-transfer-low_w2_6,wlt_c_20260917-pilot6_calibration-retail-transfer-low-4w-40tps-r5_retail-transfer-low_w2_31,1000,transfer_20260917-pilot6_calibration-retail-transfer-low-4w-40tps-r5_retail-transfer-low_w2_r1_464],  with error: Error: Failed to submit trasaction with status code: 11
2026.09.17-14:52:03.612[31m error[39m [caliper] [connectors/peer-gateway/PeerGateway] 	Failed to perform submit transaction [Transfer] using arguments [wlt_c_20260917-pilot6_calibration-retail-transfer-low-4w-40tps-r5_retail-transfer-low_w3_4,wlt_c_20260917-pilot6_calibration-retail-transfer-low-4w-40tps-r5_retail-transfer-low_w3_29,1000,transfer_20260917-pilot6_calibration-retail-transfer-low-4w-40tps-r5_retail-transfer-low_w3_r1_463],  with error: Error: Failed to submit trasaction with status code: 11
2026.09.17-14:52:03.628[31m error[39m [caliper] [connectors/peer-gateway/PeerGateway] 	Failed to perform submit transaction [Transfer] using arguments [wlt_c_20260917-pilot6_calibration-retail-transfer-low-4w-40tps-r5_retail-transfer-low_w2_11,wlt_c_20260917-pilot6_calibration-retail-transfer-low-4w-40tps-r5_retail-transfer-low_w2_36,1000,transfer_20260917-pilot6_calibration-retail-transfer-low-4w-40tps-r5_retail-transfer-low_w2_r1_468],  with error: Error: Failed to submit trasaction with status code: 11
2026.09.17-14:52:03.628[31m error[39m [caliper] [connectors/peer-gateway/PeerGateway] 	Failed to perform submit transaction [Transfer] using arguments [wlt_c_20260917-pilot6_calibration-retail-transfer-low-4w-40tps-r5_retail-transfer-low_w2_9,wlt_c_20260917-pilot6_calibration-retail-transfer-low-4w-40tps-r5_retail-transfer-low_w2_34,1000,transfer_20260917-pilot6_calibration-retail-transfer-low-4w-40tps-r5_retail-transfer-low_w2_r1_467],  with error: Error: Failed to submit trasaction with status code: 11
2026.09.17-14:52:03.650[31m error[39m [caliper] [connectors/peer-gateway/PeerGateway] 	Failed to perform submit transaction [Transfer] using arguments [wlt_c_20260917-pilot6_calibration-retail-transfer-low-4w-40tps-r5_retail-transfer-low_w2_3,wlt_c_20260917-pilot6_calibration-retail-transfer-low-4w-40tps-r5_retail-transfer-low_w2_28,1000,transfer_20260917-pilot6_calibration-retail-transfer-low-4w-40tps-r5_retail-transfer-low_w2_r1_462],  with error: Error: Failed to submit trasaction with status code: 11
2026.09.17-14:52:03.668[31m error[39m [caliper] [connectors/peer-gateway/PeerGateway] 	Failed to perform submit transaction [Transfer] using arguments [wlt_c_20260917-pilot6_calibration-retail-transfer-low-4w-40tps-r5_retail-transfer-low_w0_8,wlt_c_20260917-pilot6_calibration-retail-transfer-low-4w-40tps-r5_retail-transfer-low_w0_33,1000,transfer_20260917-pilot6_calibration-retail-transfer-low-4w-40tps-r5_retail-transfer-low_w0_r1_466],  with error: Error: Failed to submit trasaction with status code: 11
2026.09.17-14:52:03.848[31m error[39m [caliper] [connectors/peer-gateway/PeerGateway] 	Failed to perform submit transaction [Transfer] using arguments [wlt_c_20260917-pilot6_calibration-retail-transfer-low-4w-40tps-r5_retail-transfer-low_w3_6,wlt_c_20260917-pilot6_calibration-retail-transfer-low-4w-40tps-r5_retail-transfer-low_w3_31,1000,transfer_20260917-pilot6_calibration-retail-transfer-low-4w-40tps-r5_retail-transfer-low_w3_r1_464],  with error: Error: Failed to submit trasaction with status code: 11
2026.09.17-14:52:03.848[31m error[39m [caliper] [connectors/peer-gateway/PeerGateway] 	Failed to perform submit transaction [Transfer] using arguments [wlt_c_20260917-pilot6_calibration-retail-transfer-low-4w-40tps-r5_retail-transfer-low_w0_11,wlt_c_20260917-pilot6_calibration-retail-transfer-low-4w-40tps-r5_retail-transfer-low_w0_36,1000,transfer_20260917-pilot6_calibration-retail-transfer-low-4w-40tps-r5_retail-transfer-low_w0_r1_468],  with error: Error: Failed to submit trasaction with status code: 11
2026.09.17-14:52:03.851[31m error[39m [caliper] [connectors/peer-gateway/PeerGateway] 	Failed to perform submit transaction [Transfer] using arguments [wlt_c_20260917-pilot6_calibration-retail-transfer-low-4w-40tps-r5_retail-transfer-low_w3_9,wlt_c_20260917-pilot6_calibration-retail-transfer-low-4w-40tps-r5_retail-transfer-low_w3_34,1000,transfer_20260917-pilot6_calibration-retail-transfer-low-4w-40tps-r5_retail-transfer-low_w3_r1_467],  with error: Error: Failed to submit trasaction with status code: 11
2026.09.17-14:52:03.853[31m error[39m [caliper] [connectors/peer-gateway/PeerGateway] 	Failed to perform submit transaction [Transfer] using arguments [wlt_c_20260917-pilot6_calibration-retail-transfer-low-4w-40tps-r5_retail-transfer-low_w3_8,wlt_c_20260917-pilot6_calibration-retail-transfer-low-4w-40tps-r5_retail-transfer-low_w3_33,1000,transfer_20260917-pilot6_calibration-retail-transfer-low-4w-40tps-r5_retail-transfer-low_w3_r1_466],  with error: Error: Failed to submit trasaction with status code: 11
2026.09.17-14:52:03.857[31m error[39m [caliper] [connectors/peer-gateway/PeerGateway] 	Failed to perform submit transaction [Transfer] using arguments [wlt_c_20260917-pilot6_calibration-retail-transfer-low-4w-40tps-r5_retail-transfer-low_w3_13,wlt_c_20260917-pilot6_calibration-retail-transfer-low-4w-40tps-r5_retail-transfer-low_w3_38,1000,transfer_20260917-pilot6_calibration-retail-transfer-low-4w-40tps-r5_retail-transfer-low_w3_r1_470],  with error: Error: Failed to submit trasaction with status code: 11
2026.09.17-14:52:03.858[31m error[39m [caliper] [connectors/peer-gateway/PeerGateway] 	Failed to perform submit transaction [Transfer] using arguments [wlt_c_20260917-pilot6_calibration-retail-transfer-low-4w-40tps-r5_retail-transfer-low_w3_12,wlt_c_20260917-pilot6_calibration-retail-transfer-low-4w-40tps-r5_retail-transfer-low_w3_37,1000,transfer_20260917-pilot6_calibration-retail-transfer-low-4w-40tps-r5_retail-transfer-low_w3_r1_469],  with error: Error: Failed to submit trasaction with status code: 11
2026.09.17-14:52:03.858[31m error[39m [caliper] [connectors/peer-gateway/PeerGateway] 	Failed to perform submit transaction [Transfer] using arguments [wlt_c_20260917-pilot6_calibration-retail-transfer-low-4w-40tps-r5_retail-transfer-low_w2_12,wlt_c_20260917-pilot6_calibration-retail-transfer-low-4w-40tps-r5_retail-transfer-low_w2_37,1000,transfer_20260917-pilot6_calibration-retail-transfer-low-4w-40tps-r5_retail-transfer-low_w2_r1_469],  with error: Error: Failed to submit trasaction with status code: 11
2026.09.17-14:52:03.859[31m error[39m [caliper] [connectors/peer-gateway/PeerGateway] 	Failed to perform submit transaction [Transfer] using arguments [wlt_c_20260917-pilot6_calibration-retail-transfer-low-4w-40tps-r5_retail-transfer-low_w0_12,wlt_c_20260917-pilot6_calibration-retail-transfer-low-4w-40tps-r5_retail-transfer-low_w0_37,1000,transfer_20260917-pilot6_calibration-retail-transfer-low-4w-40tps-r5_retail-transfer-low_w0_r1_469],  with error: Error: Failed to submit trasaction with status code: 11
2026.09.17-14:52:04.041[32m info [39m [caliper] [default-observer] 	[retail-transfer-low-40tps Round 1 Transaction Info] - Submitted: 2329 Succ: 607 Fail:1275 Unfinished:447
2026.09.17-14:52:04.176[31m error[39m [caliper] [connectors/peer-gateway/PeerGateway] 	Failed to perform submit transaction [Transfer] using arguments [wlt_c_20260917-pilot6_calibration-retail-transfer-low-4w-40tps-r5_retail-transfer-low_w0_13,wlt_c_20260917-pilot6_calibration-retail-transfer-low-4w-40tps-r5_retail-transfer-low_w0_38,1000,transfer_20260917-pilot6_calibration-retail-transfer-low-4w-40tps-r5_retail-transfer-low_w0_r1_470],  with error: Error: Failed to submit trasaction with status code: 11
2026.09.17-14:52:04.176[31m error[39m [caliper] [connectors/peer-gateway/PeerGateway] 	Failed to perform submit transaction [Transfer] using arguments [wlt_c_20260917-pilot6_calibration-retail-transfer-low-4w-40tps-r5_retail-transfer-low_w3_17,wlt_c_20260917-pilot6_calibration-retail-transfer-low-4w-40tps-r5_retail-transfer-low_w3_42,1000,transfer_20260917-pilot6_calibration-retail-transfer-low-4w-40tps-r5_retail-transfer-low_w3_r1_473],  with error: Error: Failed to submit trasaction with status code: 11
2026.09.17-14:52:04.176[31m error[39m [caliper] [connectors/peer-gateway/PeerGateway] 	Failed to perform submit transaction [Transfer] using arguments [wlt_c_20260917-pilot6_calibration-retail-transfer-low-4w-40tps-r5_retail-transfer-low_w0_16,wlt_c_20260917-pilot6_calibration-retail-transfer-low-4w-40tps-r5_retail-transfer-low_w0_41,1000,transfer_20260917-pilot6_calibration-retail-transfer-low-4w-40tps-r5_retail-transfer-low_w0_r1_472],  with error: Error: Failed to submit trasaction with status code: 11
2026.09.17-14:52:04.181[31m error[39m [caliper] [connectors/peer-gateway/PeerGateway] 	Failed to perform submit transaction [Transfer] using arguments [wlt_c_20260917-pilot6_calibration-retail-transfer-low-4w-40tps-r5_retail-transfer-low_w3_16,wlt_c_20260917-pilot6_calibration-retail-transfer-low-4w-40tps-r5_retail-transfer-low_w3_41,1000,transfer_20260917-pilot6_calibration-retail-transfer-low-4w-40tps-r5_retail-transfer-low_w3_r1_472],  with error: Error: Failed to submit trasaction with status code: 11
2026.09.17-14:52:04.184[31m error[39m [caliper] [connectors/peer-gateway/PeerGateway] 	Failed to perform submit transaction [Transfer] using arguments [wlt_c_20260917-pilot6_calibration-retail-transfer-low-4w-40tps-r5_retail-transfer-low_w2_13,wlt_c_20260917-pilot6_calibration-retail-transfer-low-4w-40tps-r5_retail-transfer-low_w2_38,1000,transfer_20260917-pilot6_calibration-retail-transfer-low-4w-40tps-r5_retail-transfer-low_w2_r1_470],  with error: Error: Failed to submit trasaction with status code: 11
2026.09.17-14:52:04.531[31m error[39m [caliper] [connectors/peer-gateway/PeerGateway] 	Failed to perform submit transaction [Transfer] using arguments [wlt_c_20260917-pilot6_calibration-retail-transfer-low-4w-40tps-r5_retail-transfer-low_w0_17,wlt_c_20260917-pilot6_calibration-retail-transfer-low-4w-40tps-r5_retail-transfer-low_w0_42,1000,transfer_20260917-pilot6_calibration-retail-transfer-low-4w-40tps-r5_retail-transfer-low_w0_r1_473],  with error: Error: Failed to submit trasaction with status code: 11
2026.09.17-14:52:04.535[31m error[39m [caliper] [connectors/peer-gateway/PeerGateway] 	Failed to perform submit transaction [Transfer] using arguments [wlt_c_20260917-pilot6_calibration-retail-transfer-low-4w-40tps-r5_retail-transfer-low_w2_21,wlt_c_20260917-pilot6_calibration-retail-transfer-low-4w-40tps-r5_retail-transfer-low_w2_46,1000,transfer_20260917-pilot6_calibration-retail-transfer-low-4w-40tps-r5_retail-transfer-low_w2_r1_476],  with error: Error: Failed to submit trasaction with status code: 11
2026.09.17-14:52:04.550[31m error[39m [caliper] [connectors/peer-gateway/PeerGateway] 	Failed to perform submit transaction [Transfer] using arguments [wlt_c_20260917-pilot6_calibration-retail-transfer-low-4w-40tps-r5_retail-transfer-low_w1_19,wlt_c_20260917-pilot6_calibration-retail-transfer-low-4w-40tps-r5_retail-transfer-low_w1_44,1000,transfer_20260917-pilot6_calibration-retail-transfer-low-4w-40tps-r5_retail-transfer-low_w1_r1_475],  with error: Error: Failed to submit trasaction with status code: 11
2026.09.17-14:52:04.554[31m error[39m [caliper] [connectors/peer-gateway/PeerGateway] 	Failed to perform submit transaction [Transfer] using arguments [wlt_c_20260917-pilot6_calibration-retail-transfer-low-4w-40tps-r5_retail-transfer-low_w1_18,wlt_c_20260917-pilot6_calibration-retail-transfer-low-4w-40tps-r5_retail-transfer-low_w1_43,1000,transfer_20260917-pilot6_calibration-retail-transfer-low-4w-40tps-r5_retail-transfer-low_w1_r1_474],  with error: Error: Failed to submit trasaction with status code: 11
2026.09.17-14:52:04.790[31m error[39m [caliper] [connectors/peer-gateway/PeerGateway] 	Failed to perform submit transaction [Transfer] using arguments [wlt_c_20260917-pilot6_calibration-retail-transfer-low-4w-40tps-r5_retail-transfer-low_w2_23,wlt_c_20260917-pilot6_calibration-retail-transfer-low-4w-40tps-r5_retail-transfer-low_w2_48,1000,transfer_20260917-pilot6_calibration-retail-transfer-low-4w-40tps-r5_retail-transfer-low_w2_r1_478],  with error: Error: Failed to submit trasaction with status code: 11
2026.09.17-14:52:04.793[31m error[39m [caliper] [connectors/peer-gateway/PeerGateway] 	Failed to perform submit transaction [Transfer] using arguments [wlt_c_20260917-pilot6_calibration-retail-transfer-low-4w-40tps-r5_retail-transfer-low_w1_21,wlt_c_20260917-pilot6_calibration-retail-transfer-low-4w-40tps-r5_retail-transfer-low_w1_46,1000,transfer_20260917-pilot6_calibration-retail-transfer-low-4w-40tps-r5_retail-transfer-low_w1_r1_476],  with error: Error: Failed to submit trasaction with status code: 11
2026.09.17-14:52:04.807[31m error[39m [caliper] [connectors/peer-gateway/PeerGateway] 	Failed to perform submit transaction [Transfer] using arguments [wlt_c_20260917-pilot6_calibration-retail-transfer-low-4w-40tps-r5_retail-transfer-low_w0_22,wlt_c_20260917-pilot6_calibration-retail-transfer-low-4w-40tps-r5_retail-transfer-low_w0_47,1000,transfer_20260917-pilot6_calibration-retail-transfer-low-4w-40tps-r5_retail-transfer-low_w0_r1_477],  with error: Error: Failed to submit trasaction with status code: 11
2026.09.17-14:52:04.805[31m error[39m [caliper] [connectors/peer-gateway/PeerGateway] 	Failed to perform submit transaction [Transfer] using arguments [wlt_c_20260917-pilot6_calibration-retail-transfer-low-4w-40tps-r5_retail-transfer-low_w2_19,wlt_c_20260917-pilot6_calibration-retail-transfer-low-4w-40tps-r5_retail-transfer-low_w2_44,1000,transfer_20260917-pilot6_calibration-retail-transfer-low-4w-40tps-r5_retail-transfer-low_w2_r1_475],  with error: Error: Failed to submit trasaction with status code: 11
2026.09.17-14:52:04.811[31m error[39m [caliper] [connectors/peer-gateway/PeerGateway] 	Failed to perform submit transaction [Transfer] using arguments [wlt_c_20260917-pilot6_calibration-retail-transfer-low-4w-40tps-r5_retail-transfer-low_w2_24,wlt_c_20260917-pilot6_calibration-retail-transfer-low-4w-40tps-r5_retail-transfer-low_w2_49,1000,transfer_20260917-pilot6_calibration-retail-transfer-low-4w-40tps-r5_retail-transfer-low_w2_r1_479],  with error: Error: Failed to submit trasaction with status code: 11
2026.09.17-14:52:04.826[31m error[39m [caliper] [connectors/peer-gateway/PeerGateway] 	Failed to perform submit transaction [Transfer] using arguments [wlt_c_20260917-pilot6_calibration-retail-transfer-low-4w-40tps-r5_retail-transfer-low_w3_21,wlt_c_20260917-pilot6_calibration-retail-transfer-low-4w-40tps-r5_retail-transfer-low_w3_46,1000,transfer_20260917-pilot6_calibration-retail-transfer-low-4w-40tps-r5_retail-transfer-low_w3_r1_476],  with error: Error: Failed to submit trasaction with status code: 11
2026.09.17-14:52:04.959[31m error[39m [caliper] [connectors/peer-gateway/PeerGateway] 	Failed to perform submit transaction [Transfer] using arguments [wlt_c_20260917-pilot6_calibration-retail-transfer-low-4w-40tps-r5_retail-transfer-low_w1_24,wlt_c_20260917-pilot6_calibration-retail-transfer-low-4w-40tps-r5_retail-transfer-low_w1_49,1000,transfer_20260917-pilot6_calibration-retail-transfer-low-4w-40tps-r5_retail-transfer-low_w1_r1_479],  with error: Error: Failed to submit trasaction with status code: 11
2026.09.17-14:52:04.961[31m error[39m [caliper] [connectors/peer-gateway/PeerGateway] 	Failed to perform submit transaction [Transfer] using arguments [wlt_c_20260917-pilot6_calibration-retail-transfer-low-4w-40tps-r5_retail-transfer-low_w1_23,wlt_c_20260917-pilot6_calibration-retail-transfer-low-4w-40tps-r5_retail-transfer-low_w1_48,1000,transfer_20260917-pilot6_calibration-retail-transfer-low-4w-40tps-r5_retail-transfer-low_w1_r1_478],  with error: Error: Failed to submit trasaction with status code: 11
2026.09.17-14:52:04.962[31m error[39m [caliper] [connectors/peer-gateway/PeerGateway] 	Failed to perform submit transaction [Transfer] using arguments [wlt_c_20260917-pilot6_calibration-retail-transfer-low-4w-40tps-r5_retail-transfer-low_w1_1,wlt_c_20260917-pilot6_calibration-retail-transfer-low-4w-40tps-r5_retail-transfer-low_w1_26,1000,transfer_20260917-pilot6_calibration-retail-transfer-low-4w-40tps-r5_retail-transfer-low_w1_r1_480],  with error: Error: Failed to submit trasaction with status code: 11
2026.09.17-14:52:04.963[31m error[39m [caliper] [connectors/peer-gateway/PeerGateway] 	Failed to perform submit transaction [Transfer] using arguments [wlt_c_20260917-pilot6_calibration-retail-transfer-low-4w-40tps-r5_retail-transfer-low_w1_22,wlt_c_20260917-pilot6_calibration-retail-transfer-low-4w-40tps-r5_retail-transfer-low_w1_47,1000,transfer_20260917-pilot6_calibration-retail-transfer-low-4w-40tps-r5_retail-transfer-low_w1_r1_477],  with error: Error: Failed to submit trasaction with status code: 11
2026.09.17-14:52:04.966[31m error[39m [caliper] [connectors/peer-gateway/PeerGateway] 	Failed to perform submit transaction [Transfer] using arguments [wlt_c_20260917-pilot6_calibration-retail-transfer-low-4w-40tps-r5_retail-transfer-low_w0_24,wlt_c_20260917-pilot6_calibration-retail-transfer-low-4w-40tps-r5_retail-transfer-low_w0_49,1000,transfer_20260917-pilot6_calibration-retail-transfer-low-4w-40tps-r5_retail-transfer-low_w0_r1_479],  with error: Error: Failed to submit trasaction with status code: 11
2026.09.17-14:52:04.967[31m error[39m [caliper] [connectors/peer-gateway/PeerGateway] 	Failed to perform submit transaction [Transfer] using arguments [wlt_c_20260917-pilot6_calibration-retail-transfer-low-4w-40tps-r5_retail-transfer-low_w0_1,wlt_c_20260917-pilot6_calibration-retail-transfer-low-4w-40tps-r5_retail-transfer-low_w0_26,1000,transfer_20260917-pilot6_calibration-retail-transfer-low-4w-40tps-r5_retail-transfer-low_w0_r1_480],  with error: Error: Failed to submit trasaction with status code: 11
2026.09.17-14:52:04.969[31m error[39m [caliper] [connectors/peer-gateway/PeerGateway] 	Failed to perform submit transaction [Transfer] using arguments [wlt_c_20260917-pilot6_calibration-retail-transfer-low-4w-40tps-r5_retail-transfer-low_w2_1,wlt_c_20260917-pilot6_calibration-retail-transfer-low-4w-40tps-r5_retail-transfer-low_w2_26,1000,transfer_20260917-pilot6_calibration-retail-transfer-low-4w-40tps-r5_retail-transfer-low_w2_r1_480],  with error: Error: Failed to submit trasaction with status code: 11
2026.09.17-14:52:04.979[31m error[39m [caliper] [connectors/peer-gateway/PeerGateway] 	Failed to perform submit transaction [Transfer] using arguments [wlt_c_20260917-pilot6_calibration-retail-transfer-low-4w-40tps-r5_retail-transfer-low_w3_23,wlt_c_20260917-pilot6_calibration-retail-transfer-low-4w-40tps-r5_retail-transfer-low_w3_48,1000,transfer_20260917-pilot6_calibration-retail-transfer-low-4w-40tps-r5_retail-transfer-low_w3_r1_478],  with error: Error: Failed to submit trasaction with status code: 11
2026.09.17-14:52:04.985[31m error[39m [caliper] [connectors/peer-gateway/PeerGateway] 	Failed to perform submit transaction [Transfer] using arguments [wlt_c_20260917-pilot6_calibration-retail-transfer-low-4w-40tps-r5_retail-transfer-low_w3_24,wlt_c_20260917-pilot6_calibration-retail-transfer-low-4w-40tps-r5_retail-transfer-low_w3_49,1000,transfer_20260917-pilot6_calibration-retail-transfer-low-4w-40tps-r5_retail-transfer-low_w3_r1_479],  with error: Error: Failed to submit trasaction with status code: 11
2026.09.17-14:52:05.322[31m error[39m [caliper] [connectors/peer-gateway/PeerGateway] 	Failed to perform submit transaction [Transfer] using arguments [wlt_c_20260917-pilot6_calibration-retail-transfer-low-4w-40tps-r5_retail-transfer-low_w0_4,wlt_c_20260917-pilot6_calibration-retail-transfer-low-4w-40tps-r5_retail-transfer-low_w0_29,1000,transfer_20260917-pilot6_calibration-retail-transfer-low-4w-40tps-r5_retail-transfer-low_w0_r1_483],  with error: Error: Failed to submit trasaction with status code: 11
2026.09.17-14:52:05.325[31m error[39m [caliper] [connectors/peer-gateway/PeerGateway] 	Failed to perform submit transaction [Transfer] using arguments [wlt_c_20260917-pilot6_calibration-retail-transfer-low-4w-40tps-r5_retail-transfer-low_w1_3,wlt_c_20260917-pilot6_calibration-retail-transfer-low-4w-40tps-r5_retail-transfer-low_w1_28,1000,transfer_20260917-pilot6_calibration-retail-transfer-low-4w-40tps-r5_retail-transfer-low_w1_r1_482],  with error: Error: Failed to submit trasaction with status code: 11
2026.09.17-14:52:05.326[31m error[39m [caliper] [connectors/peer-gateway/PeerGateway] 	Failed to perform submit transaction [Transfer] using arguments [wlt_c_20260917-pilot6_calibration-retail-transfer-low-4w-40tps-r5_retail-transfer-low_w1_2,wlt_c_20260917-pilot6_calibration-retail-transfer-low-4w-40tps-r5_retail-transfer-low_w1_27,1000,transfer_20260917-pilot6_calibration-retail-transfer-low-4w-40tps-r5_retail-transfer-low_w1_r1_481],  with error: Error: Failed to submit trasaction with status code: 11
2026.09.17-14:52:05.329[31m error[39m [caliper] [connectors/peer-gateway/PeerGateway] 	Failed to perform submit transaction [Transfer] using arguments [wlt_c_20260917-pilot6_calibration-retail-transfer-low-4w-40tps-r5_retail-transfer-low_w0_3,wlt_c_20260917-pilot6_calibration-retail-transfer-low-4w-40tps-r5_retail-transfer-low_w0_28,1000,transfer_20260917-pilot6_calibration-retail-transfer-low-4w-40tps-r5_retail-transfer-low_w0_r1_482],  with error: Error: Failed to submit trasaction with status code: 11
2026.09.17-14:52:05.334[31m error[39m [caliper] [connectors/peer-gateway/PeerGateway] 	Failed to perform submit transaction [Transfer] using arguments [wlt_c_20260917-pilot6_calibration-retail-transfer-low-4w-40tps-r5_retail-transfer-low_w2_6,wlt_c_20260917-pilot6_calibration-retail-transfer-low-4w-40tps-r5_retail-transfer-low_w2_31,1000,transfer_20260917-pilot6_calibration-retail-transfer-low-4w-40tps-r5_retail-transfer-low_w2_r1_484],  with error: Error: Failed to submit trasaction with status code: 11
2026.09.17-14:52:05.334[31m error[39m [caliper] [connectors/peer-gateway/PeerGateway] 	Failed to perform submit transaction [Transfer] using arguments [wlt_c_20260917-pilot6_calibration-retail-transfer-low-4w-40tps-r5_retail-transfer-low_w2_3,wlt_c_20260917-pilot6_calibration-retail-transfer-low-4w-40tps-r5_retail-transfer-low_w2_28,1000,transfer_20260917-pilot6_calibration-retail-transfer-low-4w-40tps-r5_retail-transfer-low_w2_r1_482],  with error: Error: Failed to submit trasaction with status code: 11
2026.09.17-14:52:05.335[31m error[39m [caliper] [connectors/peer-gateway/PeerGateway] 	Failed to perform submit transaction [Transfer] using arguments [wlt_c_20260917-pilot6_calibration-retail-transfer-low-4w-40tps-r5_retail-transfer-low_w2_2,wlt_c_20260917-pilot6_calibration-retail-transfer-low-4w-40tps-r5_retail-transfer-low_w2_27,1000,transfer_20260917-pilot6_calibration-retail-transfer-low-4w-40tps-r5_retail-transfer-low_w2_r1_481],  with error: Error: Failed to submit trasaction with status code: 11
2026.09.17-14:52:05.337[31m error[39m [caliper] [connectors/peer-gateway/PeerGateway] 	Failed to perform submit transaction [Transfer] using arguments [wlt_c_20260917-pilot6_calibration-retail-transfer-low-4w-40tps-r5_retail-transfer-low_w3_1,wlt_c_20260917-pilot6_calibration-retail-transfer-low-4w-40tps-r5_retail-transfer-low_w3_26,1000,transfer_20260917-pilot6_calibration-retail-transfer-low-4w-40tps-r5_retail-transfer-low_w3_r1_480],  with error: Error: Failed to submit trasaction with status code: 11
2026.09.17-14:52:05.342[31m error[39m [caliper] [connectors/peer-gateway/PeerGateway] 	Failed to perform submit transaction [Transfer] using arguments [wlt_c_20260917-pilot6_calibration-retail-transfer-low-4w-40tps-r5_retail-transfer-low_w2_4,wlt_c_20260917-pilot6_calibration-retail-transfer-low-4w-40tps-r5_retail-transfer-low_w2_29,1000,transfer_20260917-pilot6_calibration-retail-transfer-low-4w-40tps-r5_retail-transfer-low_w2_r1_483],  with error: Error: Failed to submit trasaction with status code: 11
2026.09.17-14:52:05.614[31m error[39m [caliper] [connectors/peer-gateway/PeerGateway] 	Failed to perform submit transaction [Transfer] using arguments [wlt_c_20260917-pilot6_calibration-retail-transfer-low-4w-40tps-r5_retail-transfer-low_w3_6,wlt_c_20260917-pilot6_calibration-retail-transfer-low-4w-40tps-r5_retail-transfer-low_w3_31,1000,transfer_20260917-pilot6_calibration-retail-transfer-low-4w-40tps-r5_retail-transfer-low_w3_r1_484],  with error: Error: Failed to submit trasaction with status code: 11
2026.09.17-14:52:05.615[31m error[39m [caliper] [connectors/peer-gateway/PeerGateway] 	Failed to perform submit transaction [Transfer] using arguments [wlt_c_20260917-pilot6_calibration-retail-transfer-low-4w-40tps-r5_retail-transfer-low_w3_4,wlt_c_20260917-pilot6_calibration-retail-transfer-low-4w-40tps-r5_retail-transfer-low_w3_29,1000,transfer_20260917-pilot6_calibration-retail-transfer-low-4w-40tps-r5_retail-transfer-low_w3_r1_483],  with error: Error: Failed to submit trasaction with status code: 11
2026.09.17-14:52:05.615[31m error[39m [caliper] [connectors/peer-gateway/PeerGateway] 	Failed to perform submit transaction [Transfer] using arguments [wlt_c_20260917-pilot6_calibration-retail-transfer-low-4w-40tps-r5_retail-transfer-low_w3_7,wlt_c_20260917-pilot6_calibration-retail-transfer-low-4w-40tps-r5_retail-transfer-low_w3_32,1000,transfer_20260917-pilot6_calibration-retail-transfer-low-4w-40tps-r5_retail-transfer-low_w3_r1_485],  with error: Error: Failed to submit trasaction with status code: 11
2026.09.17-14:52:05.616[31m error[39m [caliper] [connectors/peer-gateway/PeerGateway] 	Failed to perform submit transaction [Transfer] using arguments [wlt_c_20260917-pilot6_calibration-retail-transfer-low-4w-40tps-r5_retail-transfer-low_w3_3,wlt_c_20260917-pilot6_calibration-retail-transfer-low-4w-40tps-r5_retail-transfer-low_w3_28,1000,transfer_20260917-pilot6_calibration-retail-transfer-low-4w-40tps-r5_retail-transfer-low_w3_r1_482],  with error: Error: Failed to submit trasaction with status code: 11
2026.09.17-14:52:05.680[31m error[39m [caliper] [connectors/peer-gateway/PeerGateway] 	Failed to perform submit transaction [Transfer] using arguments [wlt_c_20260917-pilot6_calibration-retail-transfer-low-4w-40tps-r5_retail-transfer-low_w2_7,wlt_c_20260917-pilot6_calibration-retail-transfer-low-4w-40tps-r5_retail-transfer-low_w2_32,1000,transfer_20260917-pilot6_calibration-retail-transfer-low-4w-40tps-r5_retail-transfer-low_w2_r1_485],  with error: Error: Failed to submit trasaction with status code: 11
2026.09.17-14:52:05.685[31m error[39m [caliper] [connectors/peer-gateway/PeerGateway] 	Failed to perform submit transaction [Transfer] using arguments [wlt_c_20260917-pilot6_calibration-retail-transfer-low-4w-40tps-r5_retail-transfer-low_w1_7,wlt_c_20260917-pilot6_calibration-retail-transfer-low-4w-40tps-r5_retail-transfer-low_w1_32,1000,transfer_20260917-pilot6_calibration-retail-transfer-low-4w-40tps-r5_retail-transfer-low_w1_r1_485],  with error: Error: Failed to submit trasaction with status code: 11
2026.09.17-14:52:05.696[31m error[39m [caliper] [connectors/peer-gateway/PeerGateway] 	Failed to perform submit transaction [Transfer] using arguments [wlt_c_20260917-pilot6_calibration-retail-transfer-low-4w-40tps-r5_retail-transfer-low_w0_6,wlt_c_20260917-pilot6_calibration-retail-transfer-low-4w-40tps-r5_retail-transfer-low_w0_31,1000,transfer_20260917-pilot6_calibration-retail-transfer-low-4w-40tps-r5_retail-transfer-low_w0_r1_484],  with error: Error: Failed to submit trasaction with status code: 11
2026.09.17-14:52:05.699[31m error[39m [caliper] [connectors/peer-gateway/PeerGateway] 	Failed to perform submit transaction [Transfer] using arguments [wlt_c_20260917-pilot6_calibration-retail-transfer-low-4w-40tps-r5_retail-transfer-low_w1_4,wlt_c_20260917-pilot6_calibration-retail-transfer-low-4w-40tps-r5_retail-transfer-low_w1_29,1000,transfer_20260917-pilot6_calibration-retail-transfer-low-4w-40tps-r5_retail-transfer-low_w1_r1_483],  with error: Error: Failed to submit trasaction with status code: 11
2026.09.17-14:52:05.700[31m error[39m [caliper] [connectors/peer-gateway/PeerGateway] 	Failed to perform submit transaction [Transfer] using arguments [wlt_c_20260917-pilot6_calibration-retail-transfer-low-4w-40tps-r5_retail-transfer-low_w1_6,wlt_c_20260917-pilot6_calibration-retail-transfer-low-4w-40tps-r5_retail-transfer-low_w1_31,1000,transfer_20260917-pilot6_calibration-retail-transfer-low-4w-40tps-r5_retail-transfer-low_w1_r1_484],  with error: Error: Failed to submit trasaction with status code: 11
2026.09.17-14:52:05.836[31m error[39m [caliper] [connectors/peer-gateway/PeerGateway] 	Failed to perform submit transaction [Transfer] using arguments [wlt_c_20260917-pilot6_calibration-retail-transfer-low-4w-40tps-r5_retail-transfer-low_w3_12,wlt_c_20260917-pilot6_calibration-retail-transfer-low-4w-40tps-r5_retail-transfer-low_w3_37,1000,transfer_20260917-pilot6_calibration-retail-transfer-low-4w-40tps-r5_retail-transfer-low_w3_r1_489],  with error: Error: Failed to submit trasaction with status code: 11
2026.09.17-14:52:05.839[31m error[39m [caliper] [connectors/peer-gateway/PeerGateway] 	Failed to perform submit transaction [Transfer] using arguments [wlt_c_20260917-pilot6_calibration-retail-transfer-low-4w-40tps-r5_retail-transfer-low_w3_8,wlt_c_20260917-pilot6_calibration-retail-transfer-low-4w-40tps-r5_retail-transfer-low_w3_33,1000,transfer_20260917-pilot6_calibration-retail-transfer-low-4w-40tps-r5_retail-transfer-low_w3_r1_486],  with error: Error: Failed to submit trasaction with status code: 11
2026.09.17-14:52:05.840[31m error[39m [caliper] [connectors/peer-gateway/PeerGateway] 	Failed to perform submit transaction [Transfer] using arguments [wlt_c_20260917-pilot6_calibration-retail-transfer-low-4w-40tps-r5_retail-transfer-low_w3_9,wlt_c_20260917-pilot6_calibration-retail-transfer-low-4w-40tps-r5_retail-transfer-low_w3_34,1000,transfer_20260917-pilot6_calibration-retail-transfer-low-4w-40tps-r5_retail-transfer-low_w3_r1_487],  with error: Error: Failed to submit trasaction with status code: 11
2026.09.17-14:52:05.840[31m error[39m [caliper] [connectors/peer-gateway/PeerGateway] 	Failed to perform submit transaction [Transfer] using arguments [wlt_c_20260917-pilot6_calibration-retail-transfer-low-4w-40tps-r5_retail-transfer-low_w3_11,wlt_c_20260917-pilot6_calibration-retail-transfer-low-4w-40tps-r5_retail-transfer-low_w3_36,1000,transfer_20260917-pilot6_calibration-retail-transfer-low-4w-40tps-r5_retail-transfer-low_w3_r1_488],  with error: Error: Failed to submit trasaction with status code: 11
2026.09.17-14:52:05.863[31m error[39m [caliper] [connectors/peer-gateway/PeerGateway] 	Failed to perform submit transaction [Transfer] using arguments [wlt_c_20260917-pilot6_calibration-retail-transfer-low-4w-40tps-r5_retail-transfer-low_w2_8,wlt_c_20260917-pilot6_calibration-retail-transfer-low-4w-40tps-r5_retail-transfer-low_w2_33,1000,transfer_20260917-pilot6_calibration-retail-transfer-low-4w-40tps-r5_retail-transfer-low_w2_r1_486],  with error: Error: Failed to submit trasaction with status code: 11
2026.09.17-14:52:05.863[31m error[39m [caliper] [connectors/peer-gateway/PeerGateway] 	Failed to perform submit transaction [Transfer] using arguments [wlt_c_20260917-pilot6_calibration-retail-transfer-low-4w-40tps-r5_retail-transfer-low_w1_8,wlt_c_20260917-pilot6_calibration-retail-transfer-low-4w-40tps-r5_retail-transfer-low_w1_33,1000,transfer_20260917-pilot6_calibration-retail-transfer-low-4w-40tps-r5_retail-transfer-low_w1_r1_486],  with error: Error: Failed to submit trasaction with status code: 11
2026.09.17-14:52:05.864[31m error[39m [caliper] [connectors/peer-gateway/PeerGateway] 	Failed to perform submit transaction [Transfer] using arguments [wlt_c_20260917-pilot6_calibration-retail-transfer-low-4w-40tps-r5_retail-transfer-low_w1_9,wlt_c_20260917-pilot6_calibration-retail-transfer-low-4w-40tps-r5_retail-transfer-low_w1_34,1000,transfer_20260917-pilot6_calibration-retail-transfer-low-4w-40tps-r5_retail-transfer-low_w1_r1_487],  with error: Error: Failed to submit trasaction with status code: 11
2026.09.17-14:52:05.866[31m error[39m [caliper] [connectors/peer-gateway/PeerGateway] 	Failed to perform submit transaction [Transfer] using arguments [wlt_c_20260917-pilot6_calibration-retail-transfer-low-4w-40tps-r5_retail-transfer-low_w2_9,wlt_c_20260917-pilot6_calibration-retail-transfer-low-4w-40tps-r5_retail-transfer-low_w2_34,1000,transfer_20260917-pilot6_calibration-retail-transfer-low-4w-40tps-r5_retail-transfer-low_w2_r1_487],  with error: Error: Failed to submit trasaction with status code: 11
2026.09.17-14:52:05.875[31m error[39m [caliper] [connectors/peer-gateway/PeerGateway] 	Failed to perform submit transaction [Transfer] using arguments [wlt_c_20260917-pilot6_calibration-retail-transfer-low-4w-40tps-r5_retail-transfer-low_w0_7,wlt_c_20260917-pilot6_calibration-retail-transfer-low-4w-40tps-r5_retail-transfer-low_w0_32,1000,transfer_20260917-pilot6_calibration-retail-transfer-low-4w-40tps-r5_retail-transfer-low_w0_r1_485],  with error: Error: Failed to submit trasaction with status code: 11
2026.09.17-14:52:05.877[31m error[39m [caliper] [connectors/peer-gateway/PeerGateway] 	Failed to perform submit transaction [Transfer] using arguments [wlt_c_20260917-pilot6_calibration-retail-transfer-low-4w-40tps-r5_retail-transfer-low_w0_8,wlt_c_20260917-pilot6_calibration-retail-transfer-low-4w-40tps-r5_retail-transfer-low_w0_33,1000,transfer_20260917-pilot6_calibration-retail-transfer-low-4w-40tps-r5_retail-transfer-low_w0_r1_486],  with error: Error: Failed to submit trasaction with status code: 11
2026.09.17-14:52:05.934[31m error[39m [caliper] [connectors/peer-gateway/PeerGateway] 	Failed to perform submit transaction [Transfer] using arguments [wlt_c_20260917-pilot6_calibration-retail-transfer-low-4w-40tps-r5_retail-transfer-low_w3_13,wlt_c_20260917-pilot6_calibration-retail-transfer-low-4w-40tps-r5_retail-transfer-low_w3_38,1000,transfer_20260917-pilot6_calibration-retail-transfer-low-4w-40tps-r5_retail-transfer-low_w3_r1_490],  with error: Error: Failed to submit trasaction with status code: 11
2026.09.17-14:52:05.934[31m error[39m [caliper] [connectors/peer-gateway/PeerGateway] 	Failed to perform submit transaction [Transfer] using arguments [wlt_c_20260917-pilot6_calibration-retail-transfer-low-4w-40tps-r5_retail-transfer-low_w1_12,wlt_c_20260917-pilot6_calibration-retail-transfer-low-4w-40tps-r5_retail-transfer-low_w1_37,1000,transfer_20260917-pilot6_calibration-retail-transfer-low-4w-40tps-r5_retail-transfer-low_w1_r1_489],  with error: Error: Failed to submit trasaction with status code: 11
2026.09.17-14:52:05.938[31m error[39m [caliper] [connectors/peer-gateway/PeerGateway] 	Failed to perform submit transaction [Transfer] using arguments [wlt_c_20260917-pilot6_calibration-retail-transfer-low-4w-40tps-r5_retail-transfer-low_w2_11,wlt_c_20260917-pilot6_calibration-retail-transfer-low-4w-40tps-r5_retail-transfer-low_w2_36,1000,transfer_20260917-pilot6_calibration-retail-transfer-low-4w-40tps-r5_retail-transfer-low_w2_r1_488],  with error: Error: Failed to submit trasaction with status code: 11
2026.09.17-14:52:05.939[31m error[39m [caliper] [connectors/peer-gateway/PeerGateway] 	Failed to perform submit transaction [Transfer] using arguments [wlt_c_20260917-pilot6_calibration-retail-transfer-low-4w-40tps-r5_retail-transfer-low_w0_13,wlt_c_20260917-pilot6_calibration-retail-transfer-low-4w-40tps-r5_retail-transfer-low_w0_38,1000,transfer_20260917-pilot6_calibration-retail-transfer-low-4w-40tps-r5_retail-transfer-low_w0_r1_490],  with error: Error: Failed to submit trasaction with status code: 11
2026.09.17-14:52:05.940[31m error[39m [caliper] [connectors/peer-gateway/PeerGateway] 	Failed to perform submit transaction [Transfer] using arguments [wlt_c_20260917-pilot6_calibration-retail-transfer-low-4w-40tps-r5_retail-transfer-low_w1_11,wlt_c_20260917-pilot6_calibration-retail-transfer-low-4w-40tps-r5_retail-transfer-low_w1_36,1000,transfer_20260917-pilot6_calibration-retail-transfer-low-4w-40tps-r5_retail-transfer-low_w1_r1_488],  with error: Error: Failed to submit trasaction with status code: 11
2026.09.17-14:52:05.941[31m error[39m [caliper] [connectors/peer-gateway/PeerGateway] 	Failed to perform submit transaction [Transfer] using arguments [wlt_c_20260917-pilot6_calibration-retail-transfer-low-4w-40tps-r5_retail-transfer-low_w2_12,wlt_c_20260917-pilot6_calibration-retail-transfer-low-4w-40tps-r5_retail-transfer-low_w2_37,1000,transfer_20260917-pilot6_calibration-retail-transfer-low-4w-40tps-r5_retail-transfer-low_w2_r1_489],  with error: Error: Failed to submit trasaction with status code: 11
2026.09.17-14:52:05.944[31m error[39m [caliper] [connectors/peer-gateway/PeerGateway] 	Failed to perform submit transaction [Transfer] using arguments [wlt_c_20260917-pilot6_calibration-retail-transfer-low-4w-40tps-r5_retail-transfer-low_w0_12,wlt_c_20260917-pilot6_calibration-retail-transfer-low-4w-40tps-r5_retail-transfer-low_w0_37,1000,transfer_20260917-pilot6_calibration-retail-transfer-low-4w-40tps-r5_retail-transfer-low_w0_r1_489],  with error: Error: Failed to submit trasaction with status code: 11
2026.09.17-14:52:05.946[31m error[39m [caliper] [connectors/peer-gateway/PeerGateway] 	Failed to perform submit transaction [Transfer] using arguments [wlt_c_20260917-pilot6_calibration-retail-transfer-low-4w-40tps-r5_retail-transfer-low_w1_13,wlt_c_20260917-pilot6_calibration-retail-transfer-low-4w-40tps-r5_retail-transfer-low_w1_38,1000,transfer_20260917-pilot6_calibration-retail-transfer-low-4w-40tps-r5_retail-transfer-low_w1_r1_490],  with error: Error: Failed to submit trasaction with status code: 11
2026.09.17-14:52:05.947[31m error[39m [caliper] [connectors/peer-gateway/PeerGateway] 	Failed to perform submit transaction [Transfer] using arguments [wlt_c_20260917-pilot6_calibration-retail-transfer-low-4w-40tps-r5_retail-transfer-low_w0_11,wlt_c_20260917-pilot6_calibration-retail-transfer-low-4w-40tps-r5_retail-transfer-low_w0_36,1000,transfer_20260917-pilot6_calibration-retail-transfer-low-4w-40tps-r5_retail-transfer-low_w0_r1_488],  with error: Error: Failed to submit trasaction with status code: 11
2026.09.17-14:52:05.948[31m error[39m [caliper] [connectors/peer-gateway/PeerGateway] 	Failed to perform submit transaction [Transfer] using arguments [wlt_c_20260917-pilot6_calibration-retail-transfer-low-4w-40tps-r5_retail-transfer-low_w0_9,wlt_c_20260917-pilot6_calibration-retail-transfer-low-4w-40tps-r5_retail-transfer-low_w0_34,1000,transfer_20260917-pilot6_calibration-retail-transfer-low-4w-40tps-r5_retail-transfer-low_w0_r1_487],  with error: Error: Failed to submit trasaction with status code: 11
2026.09.17-14:52:06.054[31m error[39m [caliper] [connectors/peer-gateway/PeerGateway] 	Failed to perform submit transaction [Transfer] using arguments [wlt_c_20260917-pilot6_calibration-retail-transfer-low-4w-40tps-r5_retail-transfer-low_w0_17,wlt_c_20260917-pilot6_calibration-retail-transfer-low-4w-40tps-r5_retail-transfer-low_w0_42,1000,transfer_20260917-pilot6_calibration-retail-transfer-low-4w-40tps-r5_retail-transfer-low_w0_r1_493],  with error: Error: Failed to submit trasaction with status code: 11
2026.09.17-14:52:06.055[31m error[39m [caliper] [connectors/peer-gateway/PeerGateway] 	Failed to perform submit transaction [Transfer] using arguments [wlt_c_20260917-pilot6_calibration-retail-transfer-low-4w-40tps-r5_retail-transfer-low_w3_14,wlt_c_20260917-pilot6_calibration-retail-transfer-low-4w-40tps-r5_retail-transfer-low_w3_39,1000,transfer_20260917-pilot6_calibration-retail-transfer-low-4w-40tps-r5_retail-transfer-low_w3_r1_491],  with error: Error: Failed to submit trasaction with status code: 11
2026.09.17-14:52:06.056[31m error[39m [caliper] [connectors/peer-gateway/PeerGateway] 	Failed to perform submit transaction [Transfer] using arguments [wlt_c_20260917-pilot6_calibration-retail-transfer-low-4w-40tps-r5_retail-transfer-low_w2_13,wlt_c_20260917-pilot6_calibration-retail-transfer-low-4w-40tps-r5_retail-transfer-low_w2_38,1000,transfer_20260917-pilot6_calibration-retail-transfer-low-4w-40tps-r5_retail-transfer-low_w2_r1_490],  with error: Error: Failed to submit trasaction with status code: 11
2026.09.17-14:52:06.056[31m error[39m [caliper] [connectors/peer-gateway/PeerGateway] 	Failed to perform submit transaction [Transfer] using arguments [wlt_c_20260917-pilot6_calibration-retail-transfer-low-4w-40tps-r5_retail-transfer-low_w3_16,wlt_c_20260917-pilot6_calibration-retail-transfer-low-4w-40tps-r5_retail-transfer-low_w3_41,1000,transfer_20260917-pilot6_calibration-retail-transfer-low-4w-40tps-r5_retail-transfer-low_w3_r1_492],  with error: Error: Failed to submit trasaction with status code: 11
2026.09.17-14:52:06.057[31m error[39m [caliper] [connectors/peer-gateway/PeerGateway] 	Failed to perform submit transaction [Transfer] using arguments [wlt_c_20260917-pilot6_calibration-retail-transfer-low-4w-40tps-r5_retail-transfer-low_w1_14,wlt_c_20260917-pilot6_calibration-retail-transfer-low-4w-40tps-r5_retail-transfer-low_w1_39,1000,transfer_20260917-pilot6_calibration-retail-transfer-low-4w-40tps-r5_retail-transfer-low_w1_r1_491],  with error: Error: Failed to submit trasaction with status code: 11
2026.09.17-14:52:06.060[31m error[39m [caliper] [connectors/peer-gateway/PeerGateway] 	Failed to perform submit transaction [Transfer] using arguments [wlt_c_20260917-pilot6_calibration-retail-transfer-low-4w-40tps-r5_retail-transfer-low_w2_16,wlt_c_20260917-pilot6_calibration-retail-transfer-low-4w-40tps-r5_retail-transfer-low_w2_41,1000,transfer_20260917-pilot6_calibration-retail-transfer-low-4w-40tps-r5_retail-transfer-low_w2_r1_492],  with error: Error: Failed to submit trasaction with status code: 11
2026.09.17-14:52:06.061[31m error[39m [caliper] [connectors/peer-gateway/PeerGateway] 	Failed to perform submit transaction [Transfer] using arguments [wlt_c_20260917-pilot6_calibration-retail-transfer-low-4w-40tps-r5_retail-transfer-low_w1_16,wlt_c_20260917-pilot6_calibration-retail-transfer-low-4w-40tps-r5_retail-transfer-low_w1_41,1000,transfer_20260917-pilot6_calibration-retail-transfer-low-4w-40tps-r5_retail-transfer-low_w1_r1_492],  with error: Error: Failed to submit trasaction with status code: 11
2026.09.17-14:52:06.060[31m error[39m [caliper] [connectors/peer-gateway/PeerGateway] 	Failed to perform submit transaction [Transfer] using arguments [wlt_c_20260917-pilot6_calibration-retail-transfer-low-4w-40tps-r5_retail-transfer-low_w0_14,wlt_c_20260917-pilot6_calibration-retail-transfer-low-4w-40tps-r5_retail-transfer-low_w0_39,1000,transfer_20260917-pilot6_calibration-retail-transfer-low-4w-40tps-r5_retail-transfer-low_w0_r1_491],  with error: Error: Failed to submit trasaction with status code: 11
2026.09.17-14:52:06.063[31m error[39m [caliper] [connectors/peer-gateway/PeerGateway] 	Failed to perform submit transaction [Transfer] using arguments [wlt_c_20260917-pilot6_calibration-retail-transfer-low-4w-40tps-r5_retail-transfer-low_w1_17,wlt_c_20260917-pilot6_calibration-retail-transfer-low-4w-40tps-r5_retail-transfer-low_w1_42,1000,transfer_20260917-pilot6_calibration-retail-transfer-low-4w-40tps-r5_retail-transfer-low_w1_r1_493],  with error: Error: Failed to submit trasaction with status code: 11
2026.09.17-14:52:06.064[31m error[39m [caliper] [connectors/peer-gateway/PeerGateway] 	Failed to perform submit transaction [Transfer] using arguments [wlt_c_20260917-pilot6_calibration-retail-transfer-low-4w-40tps-r5_retail-transfer-low_w0_16,wlt_c_20260917-pilot6_calibration-retail-transfer-low-4w-40tps-r5_retail-transfer-low_w0_41,1000,transfer_20260917-pilot6_calibration-retail-transfer-low-4w-40tps-r5_retail-transfer-low_w0_r1_492],  with error: Error: Failed to submit trasaction with status code: 11
2026.09.17-14:52:06.220[31m error[39m [caliper] [connectors/peer-gateway/PeerGateway] 	Failed to perform submit transaction [Transfer] using arguments [wlt_c_20260917-pilot6_calibration-retail-transfer-low-4w-40tps-r5_retail-transfer-low_w0_18,wlt_c_20260917-pilot6_calibration-retail-transfer-low-4w-40tps-r5_retail-transfer-low_w0_43,1000,transfer_20260917-pilot6_calibration-retail-transfer-low-4w-40tps-r5_retail-transfer-low_w0_r1_494],  with error: Error: Failed to submit trasaction with status code: 11
2026.09.17-14:52:06.222[31m error[39m [caliper] [connectors/peer-gateway/PeerGateway] 	Failed to perform submit transaction [Transfer] using arguments [wlt_c_20260917-pilot6_calibration-retail-transfer-low-4w-40tps-r5_retail-transfer-low_w2_14,wlt_c_20260917-pilot6_calibration-retail-transfer-low-4w-40tps-r5_retail-transfer-low_w2_39,1000,transfer_20260917-pilot6_calibration-retail-transfer-low-4w-40tps-r5_retail-transfer-low_w2_r1_491],  with error: Error: Failed to submit trasaction with status code: 11
2026.09.17-14:52:06.222[31m error[39m [caliper] [connectors/peer-gateway/PeerGateway] 	Failed to perform submit transaction [Transfer] using arguments [wlt_c_20260917-pilot6_calibration-retail-transfer-low-4w-40tps-r5_retail-transfer-low_w2_17,wlt_c_20260917-pilot6_calibration-retail-transfer-low-4w-40tps-r5_retail-transfer-low_w2_42,1000,transfer_20260917-pilot6_calibration-retail-transfer-low-4w-40tps-r5_retail-transfer-low_w2_r1_493],  with error: Error: Failed to submit trasaction with status code: 11
2026.09.17-14:52:06.223[31m error[39m [caliper] [connectors/peer-gateway/PeerGateway] 	Failed to perform submit transaction [Transfer] using arguments [wlt_c_20260917-pilot6_calibration-retail-transfer-low-4w-40tps-r5_retail-transfer-low_w1_18,wlt_c_20260917-pilot6_calibration-retail-transfer-low-4w-40tps-r5_retail-transfer-low_w1_43,1000,transfer_20260917-pilot6_calibration-retail-transfer-low-4w-40tps-r5_retail-transfer-low_w1_r1_494],  with error: Error: Failed to submit trasaction with status code: 11
2026.09.17-14:52:06.223[31m error[39m [caliper] [connectors/peer-gateway/PeerGateway] 	Failed to perform submit transaction [Transfer] using arguments [wlt_c_20260917-pilot6_calibration-retail-transfer-low-4w-40tps-r5_retail-transfer-low_w3_18,wlt_c_20260917-pilot6_calibration-retail-transfer-low-4w-40tps-r5_retail-transfer-low_w3_43,1000,transfer_20260917-pilot6_calibration-retail-transfer-low-4w-40tps-r5_retail-transfer-low_w3_r1_494],  with error: Error: Failed to submit trasaction with status code: 11
2026.09.17-14:52:06.223[31m error[39m [caliper] [connectors/peer-gateway/PeerGateway] 	Failed to perform submit transaction [Transfer] using arguments [wlt_c_20260917-pilot6_calibration-retail-transfer-low-4w-40tps-r5_retail-transfer-low_w1_19,wlt_c_20260917-pilot6_calibration-retail-transfer-low-4w-40tps-r5_retail-transfer-low_w1_44,1000,transfer_20260917-pilot6_calibration-retail-transfer-low-4w-40tps-r5_retail-transfer-low_w1_r1_495],  with error: Error: Failed to submit trasaction with status code: 11
2026.09.17-14:52:06.224[31m error[39m [caliper] [connectors/peer-gateway/PeerGateway] 	Failed to perform submit transaction [Transfer] using arguments [wlt_c_20260917-pilot6_calibration-retail-transfer-low-4w-40tps-r5_retail-transfer-low_w2_18,wlt_c_20260917-pilot6_calibration-retail-transfer-low-4w-40tps-r5_retail-transfer-low_w2_43,1000,transfer_20260917-pilot6_calibration-retail-transfer-low-4w-40tps-r5_retail-transfer-low_w2_r1_494],  with error: Error: Failed to submit trasaction with status code: 11
2026.09.17-14:52:06.417[31m error[39m [caliper] [connectors/peer-gateway/PeerGateway] 	Failed to perform submit transaction [Transfer] using arguments [wlt_c_20260917-pilot6_calibration-retail-transfer-low-4w-40tps-r5_retail-transfer-low_w1_21,wlt_c_20260917-pilot6_calibration-retail-transfer-low-4w-40tps-r5_retail-transfer-low_w1_46,1000,transfer_20260917-pilot6_calibration-retail-transfer-low-4w-40tps-r5_retail-transfer-low_w1_r1_496],  with error: Error: Failed to submit trasaction with status code: 11
2026.09.17-14:52:06.417[31m error[39m [caliper] [connectors/peer-gateway/PeerGateway] 	Failed to perform submit transaction [Transfer] using arguments [wlt_c_20260917-pilot6_calibration-retail-transfer-low-4w-40tps-r5_retail-transfer-low_w2_22,wlt_c_20260917-pilot6_calibration-retail-transfer-low-4w-40tps-r5_retail-transfer-low_w2_47,1000,transfer_20260917-pilot6_calibration-retail-transfer-low-4w-40tps-r5_retail-transfer-low_w2_r1_497],  with error: Error: Failed to submit trasaction with status code: 11
2026.09.17-14:52:06.419[31m error[39m [caliper] [connectors/peer-gateway/PeerGateway] 	Failed to perform submit transaction [Transfer] using arguments [wlt_c_20260917-pilot6_calibration-retail-transfer-low-4w-40tps-r5_retail-transfer-low_w3_22,wlt_c_20260917-pilot6_calibration-retail-transfer-low-4w-40tps-r5_retail-transfer-low_w3_47,1000,transfer_20260917-pilot6_calibration-retail-transfer-low-4w-40tps-r5_retail-transfer-low_w3_r1_497],  with error: Error: Failed to submit trasaction with status code: 11
2026.09.17-14:52:06.423[31m error[39m [caliper] [connectors/peer-gateway/PeerGateway] 	Failed to perform submit transaction [Transfer] using arguments [wlt_c_20260917-pilot6_calibration-retail-transfer-low-4w-40tps-r5_retail-transfer-low_w1_22,wlt_c_20260917-pilot6_calibration-retail-transfer-low-4w-40tps-r5_retail-transfer-low_w1_47,1000,transfer_20260917-pilot6_calibration-retail-transfer-low-4w-40tps-r5_retail-transfer-low_w1_r1_497],  with error: Error: Failed to submit trasaction with status code: 11
2026.09.17-14:52:06.426[31m error[39m [caliper] [connectors/peer-gateway/PeerGateway] 	Failed to perform submit transaction [Transfer] using arguments [wlt_c_20260917-pilot6_calibration-retail-transfer-low-4w-40tps-r5_retail-transfer-low_w0_19,wlt_c_20260917-pilot6_calibration-retail-transfer-low-4w-40tps-r5_retail-transfer-low_w0_44,1000,transfer_20260917-pilot6_calibration-retail-transfer-low-4w-40tps-r5_retail-transfer-low_w0_r1_495],  with error: Error: Failed to submit trasaction with status code: 11
2026.09.17-14:52:06.426[31m error[39m [caliper] [connectors/peer-gateway/PeerGateway] 	Failed to perform submit transaction [Transfer] using arguments [wlt_c_20260917-pilot6_calibration-retail-transfer-low-4w-40tps-r5_retail-transfer-low_w0_21,wlt_c_20260917-pilot6_calibration-retail-transfer-low-4w-40tps-r5_retail-transfer-low_w0_46,1000,transfer_20260917-pilot6_calibration-retail-transfer-low-4w-40tps-r5_retail-transfer-low_w0_r1_496],  with error: Error: Failed to submit trasaction with status code: 11
2026.09.17-14:52:06.434[31m error[39m [caliper] [connectors/peer-gateway/PeerGateway] 	Failed to perform submit transaction [Transfer] using arguments [wlt_c_20260917-pilot6_calibration-retail-transfer-low-4w-40tps-r5_retail-transfer-low_w3_21,wlt_c_20260917-pilot6_calibration-retail-transfer-low-4w-40tps-r5_retail-transfer-low_w3_46,1000,transfer_20260917-pilot6_calibration-retail-transfer-low-4w-40tps-r5_retail-transfer-low_w3_r1_496],  with error: Error: Failed to submit trasaction with status code: 11
2026.09.17-14:52:06.439[31m error[39m [caliper] [connectors/peer-gateway/PeerGateway] 	Failed to perform submit transaction [Transfer] using arguments [wlt_c_20260917-pilot6_calibration-retail-transfer-low-4w-40tps-r5_retail-transfer-low_w3_19,wlt_c_20260917-pilot6_calibration-retail-transfer-low-4w-40tps-r5_retail-transfer-low_w3_44,1000,transfer_20260917-pilot6_calibration-retail-transfer-low-4w-40tps-r5_retail-transfer-low_w3_r1_495],  with error: Error: Failed to submit trasaction with status code: 11
2026.09.17-14:52:06.737[31m error[39m [caliper] [connectors/peer-gateway/PeerGateway] 	Failed to perform submit transaction [Transfer] using arguments [wlt_c_20260917-pilot6_calibration-retail-transfer-low-4w-40tps-r5_retail-transfer-low_w3_3,wlt_c_20260917-pilot6_calibration-retail-transfer-low-4w-40tps-r5_retail-transfer-low_w3_28,1000,transfer_20260917-pilot6_calibration-retail-transfer-low-4w-40tps-r5_retail-transfer-low_w3_r1_502],  with error: Error: Failed to submit trasaction with status code: 11
2026.09.17-14:52:06.743[31m error[39m [caliper] [connectors/peer-gateway/PeerGateway] 	Failed to perform submit transaction [Transfer] using arguments [wlt_c_20260917-pilot6_calibration-retail-transfer-low-4w-40tps-r5_retail-transfer-low_w1_2,wlt_c_20260917-pilot6_calibration-retail-transfer-low-4w-40tps-r5_retail-transfer-low_w1_27,1000,transfer_20260917-pilot6_calibration-retail-transfer-low-4w-40tps-r5_retail-transfer-low_w1_r1_501],  with error: Error: Failed to submit trasaction with status code: 11
2026.09.17-14:52:06.773[31m error[39m [caliper] [connectors/peer-gateway/PeerGateway] 	Failed to perform submit transaction [Transfer] using arguments [wlt_c_20260917-pilot6_calibration-retail-transfer-low-4w-40tps-r5_retail-transfer-low_w2_3,wlt_c_20260917-pilot6_calibration-retail-transfer-low-4w-40tps-r5_retail-transfer-low_w2_28,1000,transfer_20260917-pilot6_calibration-retail-transfer-low-4w-40tps-r5_retail-transfer-low_w2_r1_502],  with error: Error: Failed to submit trasaction with status code: 11
2026.09.17-14:52:06.778[31m error[39m [caliper] [connectors/peer-gateway/PeerGateway] 	Failed to perform submit transaction [Transfer] using arguments [wlt_c_20260917-pilot6_calibration-retail-transfer-low-4w-40tps-r5_retail-transfer-low_w3_2,wlt_c_20260917-pilot6_calibration-retail-transfer-low-4w-40tps-r5_retail-transfer-low_w3_27,1000,transfer_20260917-pilot6_calibration-retail-transfer-low-4w-40tps-r5_retail-transfer-low_w3_r1_501],  with error: Error: Failed to submit trasaction with status code: 11
2026.09.17-14:52:06.789[31m error[39m [caliper] [connectors/peer-gateway/PeerGateway] 	Failed to perform submit transaction [Transfer] using arguments [wlt_c_20260917-pilot6_calibration-retail-transfer-low-4w-40tps-r5_retail-transfer-low_w3_4,wlt_c_20260917-pilot6_calibration-retail-transfer-low-4w-40tps-r5_retail-transfer-low_w3_29,1000,transfer_20260917-pilot6_calibration-retail-transfer-low-4w-40tps-r5_retail-transfer-low_w3_r1_503],  with error: Error: Failed to submit trasaction with status code: 11
2026.09.17-14:52:06.971[31m error[39m [caliper] [connectors/peer-gateway/PeerGateway] 	Failed to perform submit transaction [Transfer] using arguments [wlt_c_20260917-pilot6_calibration-retail-transfer-low-4w-40tps-r5_retail-transfer-low_w0_3,wlt_c_20260917-pilot6_calibration-retail-transfer-low-4w-40tps-r5_retail-transfer-low_w0_28,1000,transfer_20260917-pilot6_calibration-retail-transfer-low-4w-40tps-r5_retail-transfer-low_w0_r1_502],  with error: Error: Failed to submit trasaction with status code: 11
2026.09.17-14:52:06.973[31m error[39m [caliper] [connectors/peer-gateway/PeerGateway] 	Failed to perform submit transaction [Transfer] using arguments [wlt_c_20260917-pilot6_calibration-retail-transfer-low-4w-40tps-r5_retail-transfer-low_w2_1,wlt_c_20260917-pilot6_calibration-retail-transfer-low-4w-40tps-r5_retail-transfer-low_w2_26,1000,transfer_20260917-pilot6_calibration-retail-transfer-low-4w-40tps-r5_retail-transfer-low_w2_r1_500],  with error: Error: Failed to submit trasaction with status code: 11
2026.09.17-14:52:06.979[31m error[39m [caliper] [connectors/peer-gateway/PeerGateway] 	Failed to perform submit transaction [Transfer] using arguments [wlt_c_20260917-pilot6_calibration-retail-transfer-low-4w-40tps-r5_retail-transfer-low_w3_6,wlt_c_20260917-pilot6_calibration-retail-transfer-low-4w-40tps-r5_retail-transfer-low_w3_31,1000,transfer_20260917-pilot6_calibration-retail-transfer-low-4w-40tps-r5_retail-transfer-low_w3_r1_504],  with error: Error: Failed to submit trasaction with status code: 11
2026.09.17-14:52:06.980[31m error[39m [caliper] [connectors/peer-gateway/PeerGateway] 	Failed to perform submit transaction [Transfer] using arguments [wlt_c_20260917-pilot6_calibration-retail-transfer-low-4w-40tps-r5_retail-transfer-low_w3_1,wlt_c_20260917-pilot6_calibration-retail-transfer-low-4w-40tps-r5_retail-transfer-low_w3_26,1000,transfer_20260917-pilot6_calibration-retail-transfer-low-4w-40tps-r5_retail-transfer-low_w3_r1_500],  with error: Error: Failed to submit trasaction with status code: 11
2026.09.17-14:52:06.982[31m error[39m [caliper] [connectors/peer-gateway/PeerGateway] 	Failed to perform submit transaction [Transfer] using arguments [wlt_c_20260917-pilot6_calibration-retail-transfer-low-4w-40tps-r5_retail-transfer-low_w2_4,wlt_c_20260917-pilot6_calibration-retail-transfer-low-4w-40tps-r5_retail-transfer-low_w2_29,1000,transfer_20260917-pilot6_calibration-retail-transfer-low-4w-40tps-r5_retail-transfer-low_w2_r1_503],  with error: Error: Failed to submit trasaction with status code: 11
2026.09.17-14:52:06.983[31m error[39m [caliper] [connectors/peer-gateway/PeerGateway] 	Failed to perform submit transaction [Transfer] using arguments [wlt_c_20260917-pilot6_calibration-retail-transfer-low-4w-40tps-r5_retail-transfer-low_w2_2,wlt_c_20260917-pilot6_calibration-retail-transfer-low-4w-40tps-r5_retail-transfer-low_w2_27,1000,transfer_20260917-pilot6_calibration-retail-transfer-low-4w-40tps-r5_retail-transfer-low_w2_r1_501],  with error: Error: Failed to submit trasaction with status code: 11
2026.09.17-14:52:06.984[31m error[39m [caliper] [connectors/peer-gateway/PeerGateway] 	Failed to perform submit transaction [Transfer] using arguments [wlt_c_20260917-pilot6_calibration-retail-transfer-low-4w-40tps-r5_retail-transfer-low_w1_1,wlt_c_20260917-pilot6_calibration-retail-transfer-low-4w-40tps-r5_retail-transfer-low_w1_26,1000,transfer_20260917-pilot6_calibration-retail-transfer-low-4w-40tps-r5_retail-transfer-low_w1_r1_500],  with error: Error: Failed to submit trasaction with status code: 11
2026.09.17-14:52:06.989[31m error[39m [caliper] [connectors/peer-gateway/PeerGateway] 	Failed to perform submit transaction [Transfer] using arguments [wlt_c_20260917-pilot6_calibration-retail-transfer-low-4w-40tps-r5_retail-transfer-low_w1_3,wlt_c_20260917-pilot6_calibration-retail-transfer-low-4w-40tps-r5_retail-transfer-low_w1_28,1000,transfer_20260917-pilot6_calibration-retail-transfer-low-4w-40tps-r5_retail-transfer-low_w1_r1_502],  with error: Error: Failed to submit trasaction with status code: 11
2026.09.17-14:52:07.101[31m error[39m [caliper] [connectors/peer-gateway/PeerGateway] 	Failed to perform submit transaction [Transfer] using arguments [wlt_c_20260917-pilot6_calibration-retail-transfer-low-4w-40tps-r5_retail-transfer-low_w2_7,wlt_c_20260917-pilot6_calibration-retail-transfer-low-4w-40tps-r5_retail-transfer-low_w2_32,1000,transfer_20260917-pilot6_calibration-retail-transfer-low-4w-40tps-r5_retail-transfer-low_w2_r1_505],  with error: Error: Failed to submit trasaction with status code: 11
2026.09.17-14:52:07.104[31m error[39m [caliper] [connectors/peer-gateway/PeerGateway] 	Failed to perform submit transaction [Transfer] using arguments [wlt_c_20260917-pilot6_calibration-retail-transfer-low-4w-40tps-r5_retail-transfer-low_w0_23,wlt_c_20260917-pilot6_calibration-retail-transfer-low-4w-40tps-r5_retail-transfer-low_w0_48,1000,transfer_20260917-pilot6_calibration-retail-transfer-low-4w-40tps-r5_retail-transfer-low_w0_r1_498],  with error: Error: Failed to submit trasaction with status code: 11
2026.09.17-14:52:07.105[31m error[39m [caliper] [connectors/peer-gateway/PeerGateway] 	Failed to perform submit transaction [Transfer] using arguments [wlt_c_20260917-pilot6_calibration-retail-transfer-low-4w-40tps-r5_retail-transfer-low_w1_6,wlt_c_20260917-pilot6_calibration-retail-transfer-low-4w-40tps-r5_retail-transfer-low_w1_31,1000,transfer_20260917-pilot6_calibration-retail-transfer-low-4w-40tps-r5_retail-transfer-low_w1_r1_504],  with error: Error: Failed to submit trasaction with status code: 11
2026.09.17-14:52:07.106[31m error[39m [caliper] [connectors/peer-gateway/PeerGateway] 	Failed to perform submit transaction [Transfer] using arguments [wlt_c_20260917-pilot6_calibration-retail-transfer-low-4w-40tps-r5_retail-transfer-low_w0_2,wlt_c_20260917-pilot6_calibration-retail-transfer-low-4w-40tps-r5_retail-transfer-low_w0_27,1000,transfer_20260917-pilot6_calibration-retail-transfer-low-4w-40tps-r5_retail-transfer-low_w0_r1_501],  with error: Error: Failed to submit trasaction with status code: 11
2026.09.17-14:52:07.106[31m error[39m [caliper] [connectors/peer-gateway/PeerGateway] 	Failed to perform submit transaction [Transfer] using arguments [wlt_c_20260917-pilot6_calibration-retail-transfer-low-4w-40tps-r5_retail-transfer-low_w2_6,wlt_c_20260917-pilot6_calibration-retail-transfer-low-4w-40tps-r5_retail-transfer-low_w2_31,1000,transfer_20260917-pilot6_calibration-retail-transfer-low-4w-40tps-r5_retail-transfer-low_w2_r1_504],  with error: Error: Failed to submit trasaction with status code: 11
2026.09.17-14:52:07.107[31m error[39m [caliper] [connectors/peer-gateway/PeerGateway] 	Failed to perform submit transaction [Transfer] using arguments [wlt_c_20260917-pilot6_calibration-retail-transfer-low-4w-40tps-r5_retail-transfer-low_w1_4,wlt_c_20260917-pilot6_calibration-retail-transfer-low-4w-40tps-r5_retail-transfer-low_w1_29,1000,transfer_20260917-pilot6_calibration-retail-transfer-low-4w-40tps-r5_retail-transfer-low_w1_r1_503],  with error: Error: Failed to submit trasaction with status code: 11
2026.09.17-14:52:07.107[31m error[39m [caliper] [connectors/peer-gateway/PeerGateway] 	Failed to perform submit transaction [Transfer] using arguments [wlt_c_20260917-pilot6_calibration-retail-transfer-low-4w-40tps-r5_retail-transfer-low_w0_4,wlt_c_20260917-pilot6_calibration-retail-transfer-low-4w-40tps-r5_retail-transfer-low_w0_29,1000,transfer_20260917-pilot6_calibration-retail-transfer-low-4w-40tps-r5_retail-transfer-low_w0_r1_503],  with error: Error: Failed to submit trasaction with status code: 11
2026.09.17-14:52:07.110[31m error[39m [caliper] [connectors/peer-gateway/PeerGateway] 	Failed to perform submit transaction [Transfer] using arguments [wlt_c_20260917-pilot6_calibration-retail-transfer-low-4w-40tps-r5_retail-transfer-low_w0_6,wlt_c_20260917-pilot6_calibration-retail-transfer-low-4w-40tps-r5_retail-transfer-low_w0_31,1000,transfer_20260917-pilot6_calibration-retail-transfer-low-4w-40tps-r5_retail-transfer-low_w0_r1_504],  with error: Error: Failed to submit trasaction with status code: 11
2026.09.17-14:52:07.111[31m error[39m [caliper] [connectors/peer-gateway/PeerGateway] 	Failed to perform submit transaction [Transfer] using arguments [wlt_c_20260917-pilot6_calibration-retail-transfer-low-4w-40tps-r5_retail-transfer-low_w0_7,wlt_c_20260917-pilot6_calibration-retail-transfer-low-4w-40tps-r5_retail-transfer-low_w0_32,1000,transfer_20260917-pilot6_calibration-retail-transfer-low-4w-40tps-r5_retail-transfer-low_w0_r1_505],  with error: Error: Failed to submit trasaction with status code: 11
2026.09.17-14:52:07.112[31m error[39m [caliper] [connectors/peer-gateway/PeerGateway] 	Failed to perform submit transaction [Transfer] using arguments [wlt_c_20260917-pilot6_calibration-retail-transfer-low-4w-40tps-r5_retail-transfer-low_w0_8,wlt_c_20260917-pilot6_calibration-retail-transfer-low-4w-40tps-r5_retail-transfer-low_w0_33,1000,transfer_20260917-pilot6_calibration-retail-transfer-low-4w-40tps-r5_retail-transfer-low_w0_r1_506],  with error: Error: Failed to submit trasaction with status code: 11
2026.09.17-14:52:07.181[31m error[39m [caliper] [connectors/peer-gateway/PeerGateway] 	Failed to perform submit transaction [Transfer] using arguments [wlt_c_20260917-pilot6_calibration-retail-transfer-low-4w-40tps-r5_retail-transfer-low_w3_7,wlt_c_20260917-pilot6_calibration-retail-transfer-low-4w-40tps-r5_retail-transfer-low_w3_32,1000,transfer_20260917-pilot6_calibration-retail-transfer-low-4w-40tps-r5_retail-transfer-low_w3_r1_505],  with error: Error: Failed to submit trasaction with status code: 11
2026.09.17-14:52:07.182[31m error[39m [caliper] [connectors/peer-gateway/PeerGateway] 	Failed to perform submit transaction [Transfer] using arguments [wlt_c_20260917-pilot6_calibration-retail-transfer-low-4w-40tps-r5_retail-transfer-low_w3_8,wlt_c_20260917-pilot6_calibration-retail-transfer-low-4w-40tps-r5_retail-transfer-low_w3_33,1000,transfer_20260917-pilot6_calibration-retail-transfer-low-4w-40tps-r5_retail-transfer-low_w3_r1_506],  with error: Error: Failed to submit trasaction with status code: 11
2026.09.17-14:52:07.182[31m error[39m [caliper] [connectors/peer-gateway/PeerGateway] 	Failed to perform submit transaction [Transfer] using arguments [wlt_c_20260917-pilot6_calibration-retail-transfer-low-4w-40tps-r5_retail-transfer-low_w3_9,wlt_c_20260917-pilot6_calibration-retail-transfer-low-4w-40tps-r5_retail-transfer-low_w3_34,1000,transfer_20260917-pilot6_calibration-retail-transfer-low-4w-40tps-r5_retail-transfer-low_w3_r1_507],  with error: Error: Failed to submit trasaction with status code: 11
2026.09.17-14:52:07.185[31m error[39m [caliper] [connectors/peer-gateway/PeerGateway] 	Failed to perform submit transaction [Transfer] using arguments [wlt_c_20260917-pilot6_calibration-retail-transfer-low-4w-40tps-r5_retail-transfer-low_w2_11,wlt_c_20260917-pilot6_calibration-retail-transfer-low-4w-40tps-r5_retail-transfer-low_w2_36,1000,transfer_20260917-pilot6_calibration-retail-transfer-low-4w-40tps-r5_retail-transfer-low_w2_r1_508],  with error: Error: Failed to submit trasaction with status code: 11
2026.09.17-14:52:07.187[31m error[39m [caliper] [connectors/peer-gateway/PeerGateway] 	Failed to perform submit transaction [Transfer] using arguments [wlt_c_20260917-pilot6_calibration-retail-transfer-low-4w-40tps-r5_retail-transfer-low_w1_7,wlt_c_20260917-pilot6_calibration-retail-transfer-low-4w-40tps-r5_retail-transfer-low_w1_32,1000,transfer_20260917-pilot6_calibration-retail-transfer-low-4w-40tps-r5_retail-transfer-low_w1_r1_505],  with error: Error: Failed to submit trasaction with status code: 11
2026.09.17-14:52:07.190[31m error[39m [caliper] [connectors/peer-gateway/PeerGateway] 	Failed to perform submit transaction [Transfer] using arguments [wlt_c_20260917-pilot6_calibration-retail-transfer-low-4w-40tps-r5_retail-transfer-low_w1_13,wlt_c_20260917-pilot6_calibration-retail-transfer-low-4w-40tps-r5_retail-transfer-low_w1_38,1000,transfer_20260917-pilot6_calibration-retail-transfer-low-4w-40tps-r5_retail-transfer-low_w1_r1_510],  with error: Error: Failed to submit trasaction with status code: 11
2026.09.17-14:52:07.193[31m error[39m [caliper] [connectors/peer-gateway/PeerGateway] 	Failed to perform submit transaction [Transfer] using arguments [wlt_c_20260917-pilot6_calibration-retail-transfer-low-4w-40tps-r5_retail-transfer-low_w2_8,wlt_c_20260917-pilot6_calibration-retail-transfer-low-4w-40tps-r5_retail-transfer-low_w2_33,1000,transfer_20260917-pilot6_calibration-retail-transfer-low-4w-40tps-r5_retail-transfer-low_w2_r1_506],  with error: Error: Failed to submit trasaction with status code: 11
2026.09.17-14:52:07.197[31m error[39m [caliper] [connectors/peer-gateway/PeerGateway] 	Failed to perform submit transaction [Transfer] using arguments [wlt_c_20260917-pilot6_calibration-retail-transfer-low-4w-40tps-r5_retail-transfer-low_w0_9,wlt_c_20260917-pilot6_calibration-retail-transfer-low-4w-40tps-r5_retail-transfer-low_w0_34,1000,transfer_20260917-pilot6_calibration-retail-transfer-low-4w-40tps-r5_retail-transfer-low_w0_r1_507],  with error: Error: Failed to submit trasaction with status code: 11
2026.09.17-14:52:07.198[31m error[39m [caliper] [connectors/peer-gateway/PeerGateway] 	Failed to perform submit transaction [Transfer] using arguments [wlt_c_20260917-pilot6_calibration-retail-transfer-low-4w-40tps-r5_retail-transfer-low_w0_11,wlt_c_20260917-pilot6_calibration-retail-transfer-low-4w-40tps-r5_retail-transfer-low_w0_36,1000,transfer_20260917-pilot6_calibration-retail-transfer-low-4w-40tps-r5_retail-transfer-low_w0_r1_508],  with error: Error: Failed to submit trasaction with status code: 11
2026.09.17-14:52:07.197[31m error[39m [caliper] [connectors/peer-gateway/PeerGateway] 	Failed to perform submit transaction [Transfer] using arguments [wlt_c_20260917-pilot6_calibration-retail-transfer-low-4w-40tps-r5_retail-transfer-low_w2_9,wlt_c_20260917-pilot6_calibration-retail-transfer-low-4w-40tps-r5_retail-transfer-low_w2_34,1000,transfer_20260917-pilot6_calibration-retail-transfer-low-4w-40tps-r5_retail-transfer-low_w2_r1_507],  with error: Error: Failed to submit trasaction with status code: 11
2026.09.17-14:52:07.328[31m error[39m [caliper] [connectors/peer-gateway/PeerGateway] 	Failed to perform submit transaction [Transfer] using arguments [wlt_c_20260917-pilot6_calibration-retail-transfer-low-4w-40tps-r5_retail-transfer-low_w0_12,wlt_c_20260917-pilot6_calibration-retail-transfer-low-4w-40tps-r5_retail-transfer-low_w0_37,1000,transfer_20260917-pilot6_calibration-retail-transfer-low-4w-40tps-r5_retail-transfer-low_w0_r1_509],  with error: Error: Failed to submit trasaction with status code: 11
2026.09.17-14:52:07.330[31m error[39m [caliper] [connectors/peer-gateway/PeerGateway] 	Failed to perform submit transaction [Transfer] using arguments [wlt_c_20260917-pilot6_calibration-retail-transfer-low-4w-40tps-r5_retail-transfer-low_w3_11,wlt_c_20260917-pilot6_calibration-retail-transfer-low-4w-40tps-r5_retail-transfer-low_w3_36,1000,transfer_20260917-pilot6_calibration-retail-transfer-low-4w-40tps-r5_retail-transfer-low_w3_r1_508],  with error: Error: Failed to submit trasaction with status code: 11
2026.09.17-14:52:07.330[31m error[39m [caliper] [connectors/peer-gateway/PeerGateway] 	Failed to perform submit transaction [Transfer] using arguments [wlt_c_20260917-pilot6_calibration-retail-transfer-low-4w-40tps-r5_retail-transfer-low_w1_8,wlt_c_20260917-pilot6_calibration-retail-transfer-low-4w-40tps-r5_retail-transfer-low_w1_33,1000,transfer_20260917-pilot6_calibration-retail-transfer-low-4w-40tps-r5_retail-transfer-low_w1_r1_506],  with error: Error: Failed to submit trasaction with status code: 11
2026.09.17-14:52:07.331[31m error[39m [caliper] [connectors/peer-gateway/PeerGateway] 	Failed to perform submit transaction [Transfer] using arguments [wlt_c_20260917-pilot6_calibration-retail-transfer-low-4w-40tps-r5_retail-transfer-low_w2_12,wlt_c_20260917-pilot6_calibration-retail-transfer-low-4w-40tps-r5_retail-transfer-low_w2_37,1000,transfer_20260917-pilot6_calibration-retail-transfer-low-4w-40tps-r5_retail-transfer-low_w2_r1_509],  with error: Error: Failed to submit trasaction with status code: 11
2026.09.17-14:52:07.333[31m error[39m [caliper] [connectors/peer-gateway/PeerGateway] 	Failed to perform submit transaction [Transfer] using arguments [wlt_c_20260917-pilot6_calibration-retail-transfer-low-4w-40tps-r5_retail-transfer-low_w0_14,wlt_c_20260917-pilot6_calibration-retail-transfer-low-4w-40tps-r5_retail-transfer-low_w0_39,1000,transfer_20260917-pilot6_calibration-retail-transfer-low-4w-40tps-r5_retail-transfer-low_w0_r1_511],  with error: Error: Failed to submit trasaction with status code: 11
2026.09.17-14:52:07.334[31m error[39m [caliper] [connectors/peer-gateway/PeerGateway] 	Failed to perform submit transaction [Transfer] using arguments [wlt_c_20260917-pilot6_calibration-retail-transfer-low-4w-40tps-r5_retail-transfer-low_w2_13,wlt_c_20260917-pilot6_calibration-retail-transfer-low-4w-40tps-r5_retail-transfer-low_w2_38,1000,transfer_20260917-pilot6_calibration-retail-transfer-low-4w-40tps-r5_retail-transfer-low_w2_r1_510],  with error: Error: Failed to submit trasaction with status code: 11
2026.09.17-14:52:07.334[31m error[39m [caliper] [connectors/peer-gateway/PeerGateway] 	Failed to perform submit transaction [Transfer] using arguments [wlt_c_20260917-pilot6_calibration-retail-transfer-low-4w-40tps-r5_retail-transfer-low_w2_16,wlt_c_20260917-pilot6_calibration-retail-transfer-low-4w-40tps-r5_retail-transfer-low_w2_41,1000,transfer_20260917-pilot6_calibration-retail-transfer-low-4w-40tps-r5_retail-transfer-low_w2_r1_512],  with error: Error: Failed to submit trasaction with status code: 11
2026.09.17-14:52:07.334[31m error[39m [caliper] [connectors/peer-gateway/PeerGateway] 	Failed to perform submit transaction [Transfer] using arguments [wlt_c_20260917-pilot6_calibration-retail-transfer-low-4w-40tps-r5_retail-transfer-low_w1_12,wlt_c_20260917-pilot6_calibration-retail-transfer-low-4w-40tps-r5_retail-transfer-low_w1_37,1000,transfer_20260917-pilot6_calibration-retail-transfer-low-4w-40tps-r5_retail-transfer-low_w1_r1_509],  with error: Error: Failed to submit trasaction with status code: 11
2026.09.17-14:52:07.335[31m error[39m [caliper] [connectors/peer-gateway/PeerGateway] 	Failed to perform submit transaction [Transfer] using arguments [wlt_c_20260917-pilot6_calibration-retail-transfer-low-4w-40tps-r5_retail-transfer-low_w1_11,wlt_c_20260917-pilot6_calibration-retail-transfer-low-4w-40tps-r5_retail-transfer-low_w1_36,1000,transfer_20260917-pilot6_calibration-retail-transfer-low-4w-40tps-r5_retail-transfer-low_w1_r1_508],  with error: Error: Failed to submit trasaction with status code: 11
2026.09.17-14:52:07.338[31m error[39m [caliper] [connectors/peer-gateway/PeerGateway] 	Failed to perform submit transaction [Transfer] using arguments [wlt_c_20260917-pilot6_calibration-retail-transfer-low-4w-40tps-r5_retail-transfer-low_w3_12,wlt_c_20260917-pilot6_calibration-retail-transfer-low-4w-40tps-r5_retail-transfer-low_w3_37,1000,transfer_20260917-pilot6_calibration-retail-transfer-low-4w-40tps-r5_retail-transfer-low_w3_r1_509],  with error: Error: Failed to submit trasaction with status code: 11
2026.09.17-14:52:07.474[31m error[39m [caliper] [connectors/peer-gateway/PeerGateway] 	Failed to perform submit transaction [Transfer] using arguments [wlt_c_20260917-pilot6_calibration-retail-transfer-low-4w-40tps-r5_retail-transfer-low_w2_14,wlt_c_20260917-pilot6_calibration-retail-transfer-low-4w-40tps-r5_retail-transfer-low_w2_39,1000,transfer_20260917-pilot6_calibration-retail-transfer-low-4w-40tps-r5_retail-transfer-low_w2_r1_511],  with error: Error: Failed to submit trasaction with status code: 11
2026.09.17-14:52:07.475[31m error[39m [caliper] [connectors/peer-gateway/PeerGateway] 	Failed to perform submit transaction [Transfer] using arguments [wlt_c_20260917-pilot6_calibration-retail-transfer-low-4w-40tps-r5_retail-transfer-low_w1_14,wlt_c_20260917-pilot6_calibration-retail-transfer-low-4w-40tps-r5_retail-transfer-low_w1_39,1000,transfer_20260917-pilot6_calibration-retail-transfer-low-4w-40tps-r5_retail-transfer-low_w1_r1_511],  with error: Error: Failed to submit trasaction with status code: 11
2026.09.17-14:52:07.475[31m error[39m [caliper] [connectors/peer-gateway/PeerGateway] 	Failed to perform submit transaction [Transfer] using arguments [wlt_c_20260917-pilot6_calibration-retail-transfer-low-4w-40tps-r5_retail-transfer-low_w1_9,wlt_c_20260917-pilot6_calibration-retail-transfer-low-4w-40tps-r5_retail-transfer-low_w1_34,1000,transfer_20260917-pilot6_calibration-retail-transfer-low-4w-40tps-r5_retail-transfer-low_w1_r1_507],  with error: Error: Failed to submit trasaction with status code: 11
2026.09.17-14:52:07.476[31m error[39m [caliper] [connectors/peer-gateway/PeerGateway] 	Failed to perform submit transaction [Transfer] using arguments [wlt_c_20260917-pilot6_calibration-retail-transfer-low-4w-40tps-r5_retail-transfer-low_w1_16,wlt_c_20260917-pilot6_calibration-retail-transfer-low-4w-40tps-r5_retail-transfer-low_w1_41,1000,transfer_20260917-pilot6_calibration-retail-transfer-low-4w-40tps-r5_retail-transfer-low_w1_r1_512],  with error: Error: Failed to submit trasaction with status code: 11
2026.09.17-14:52:07.476[31m error[39m [caliper] [connectors/peer-gateway/PeerGateway] 	Failed to perform submit transaction [Transfer] using arguments [wlt_c_20260917-pilot6_calibration-retail-transfer-low-4w-40tps-r5_retail-transfer-low_w3_14,wlt_c_20260917-pilot6_calibration-retail-transfer-low-4w-40tps-r5_retail-transfer-low_w3_39,1000,transfer_20260917-pilot6_calibration-retail-transfer-low-4w-40tps-r5_retail-transfer-low_w3_r1_511],  with error: Error: Failed to submit trasaction with status code: 11
2026.09.17-14:52:07.476[31m error[39m [caliper] [connectors/peer-gateway/PeerGateway] 	Failed to perform submit transaction [Transfer] using arguments [wlt_c_20260917-pilot6_calibration-retail-transfer-low-4w-40tps-r5_retail-transfer-low_w3_16,wlt_c_20260917-pilot6_calibration-retail-transfer-low-4w-40tps-r5_retail-transfer-low_w3_41,1000,transfer_20260917-pilot6_calibration-retail-transfer-low-4w-40tps-r5_retail-transfer-low_w3_r1_512],  with error: Error: Failed to submit trasaction with status code: 11
2026.09.17-14:52:07.489[31m error[39m [caliper] [connectors/peer-gateway/PeerGateway] 	Failed to perform submit transaction [Transfer] using arguments [wlt_c_20260917-pilot6_calibration-retail-transfer-low-4w-40tps-r5_retail-transfer-low_w0_13,wlt_c_20260917-pilot6_calibration-retail-transfer-low-4w-40tps-r5_retail-transfer-low_w0_38,1000,transfer_20260917-pilot6_calibration-retail-transfer-low-4w-40tps-r5_retail-transfer-low_w0_r1_510],  with error: Error: Failed to submit trasaction with status code: 11
2026.09.17-14:52:07.493[31m error[39m [caliper] [connectors/peer-gateway/PeerGateway] 	Failed to perform submit transaction [Transfer] using arguments [wlt_c_20260917-pilot6_calibration-retail-transfer-low-4w-40tps-r5_retail-transfer-low_w3_17,wlt_c_20260917-pilot6_calibration-retail-transfer-low-4w-40tps-r5_retail-transfer-low_w3_42,1000,transfer_20260917-pilot6_calibration-retail-transfer-low-4w-40tps-r5_retail-transfer-low_w3_r1_513],  with error: Error: Failed to submit trasaction with status code: 11
2026.09.17-14:52:07.502[31m error[39m [caliper] [connectors/peer-gateway/PeerGateway] 	Failed to perform submit transaction [Transfer] using arguments [wlt_c_20260917-pilot6_calibration-retail-transfer-low-4w-40tps-r5_retail-transfer-low_w3_13,wlt_c_20260917-pilot6_calibration-retail-transfer-low-4w-40tps-r5_retail-transfer-low_w3_38,1000,transfer_20260917-pilot6_calibration-retail-transfer-low-4w-40tps-r5_retail-transfer-low_w3_r1_510],  with error: Error: Failed to submit trasaction with status code: 11
2026.09.17-14:52:07.645[31m error[39m [caliper] [connectors/peer-gateway/PeerGateway] 	Failed to perform submit transaction [Transfer] using arguments [wlt_c_20260917-pilot6_calibration-retail-transfer-low-4w-40tps-r5_retail-transfer-low_w2_18,wlt_c_20260917-pilot6_calibration-retail-transfer-low-4w-40tps-r5_retail-transfer-low_w2_43,1000,transfer_20260917-pilot6_calibration-retail-transfer-low-4w-40tps-r5_retail-transfer-low_w2_r1_514],  with error: Error: Failed to submit trasaction with status code: 11
2026.09.17-14:52:07.646[31m error[39m [caliper] [connectors/peer-gateway/PeerGateway] 	Failed to perform submit transaction [Transfer] using arguments [wlt_c_20260917-pilot6_calibration-retail-transfer-low-4w-40tps-r5_retail-transfer-low_w1_17,wlt_c_20260917-pilot6_calibration-retail-transfer-low-4w-40tps-r5_retail-transfer-low_w1_42,1000,transfer_20260917-pilot6_calibration-retail-transfer-low-4w-40tps-r5_retail-transfer-low_w1_r1_513],  with error: Error: Failed to submit trasaction with status code: 11
2026.09.17-14:52:07.647[31m error[39m [caliper] [connectors/peer-gateway/PeerGateway] 	Failed to perform submit transaction [Transfer] using arguments [wlt_c_20260917-pilot6_calibration-retail-transfer-low-4w-40tps-r5_retail-transfer-low_w3_18,wlt_c_20260917-pilot6_calibration-retail-transfer-low-4w-40tps-r5_retail-transfer-low_w3_43,1000,transfer_20260917-pilot6_calibration-retail-transfer-low-4w-40tps-r5_retail-transfer-low_w3_r1_514],  with error: Error: Failed to submit trasaction with status code: 11
2026.09.17-14:52:07.654[31m error[39m [caliper] [connectors/peer-gateway/PeerGateway] 	Failed to perform submit transaction [Transfer] using arguments [wlt_c_20260917-pilot6_calibration-retail-transfer-low-4w-40tps-r5_retail-transfer-low_w3_19,wlt_c_20260917-pilot6_calibration-retail-transfer-low-4w-40tps-r5_retail-transfer-low_w3_44,1000,transfer_20260917-pilot6_calibration-retail-transfer-low-4w-40tps-r5_retail-transfer-low_w3_r1_515],  with error: Error: Failed to submit trasaction with status code: 11
2026.09.17-14:52:07.654[31m error[39m [caliper] [connectors/peer-gateway/PeerGateway] 	Failed to perform submit transaction [Transfer] using arguments [wlt_c_20260917-pilot6_calibration-retail-transfer-low-4w-40tps-r5_retail-transfer-low_w2_19,wlt_c_20260917-pilot6_calibration-retail-transfer-low-4w-40tps-r5_retail-transfer-low_w2_44,1000,transfer_20260917-pilot6_calibration-retail-transfer-low-4w-40tps-r5_retail-transfer-low_w2_r1_515],  with error: Error: Failed to submit trasaction with status code: 11
2026.09.17-14:52:07.655[31m error[39m [caliper] [connectors/peer-gateway/PeerGateway] 	Failed to perform submit transaction [Transfer] using arguments [wlt_c_20260917-pilot6_calibration-retail-transfer-low-4w-40tps-r5_retail-transfer-low_w2_17,wlt_c_20260917-pilot6_calibration-retail-transfer-low-4w-40tps-r5_retail-transfer-low_w2_42,1000,transfer_20260917-pilot6_calibration-retail-transfer-low-4w-40tps-r5_retail-transfer-low_w2_r1_513],  with error: Error: Failed to submit trasaction with status code: 11
2026.09.17-14:52:07.748[31m error[39m [caliper] [connectors/peer-gateway/PeerGateway] 	Failed to perform submit transaction [Transfer] using arguments [wlt_c_20260917-pilot6_calibration-retail-transfer-low-4w-40tps-r5_retail-transfer-low_w3_23,wlt_c_20260917-pilot6_calibration-retail-transfer-low-4w-40tps-r5_retail-transfer-low_w3_48,1000,transfer_20260917-pilot6_calibration-retail-transfer-low-4w-40tps-r5_retail-transfer-low_w3_r1_518],  with error: Error: Failed to submit trasaction with status code: 11
2026.09.17-14:52:07.752[31m error[39m [caliper] [connectors/peer-gateway/PeerGateway] 	Failed to perform submit transaction [Transfer] using arguments [wlt_c_20260917-pilot6_calibration-retail-transfer-low-4w-40tps-r5_retail-transfer-low_w0_19,wlt_c_20260917-pilot6_calibration-retail-transfer-low-4w-40tps-r5_retail-transfer-low_w0_44,1000,transfer_20260917-pilot6_calibration-retail-transfer-low-4w-40tps-r5_retail-transfer-low_w0_r1_515],  with error: Error: Failed to submit trasaction with status code: 11
2026.09.17-14:52:07.753[31m error[39m [caliper] [connectors/peer-gateway/PeerGateway] 	Failed to perform submit transaction [Transfer] using arguments [wlt_c_20260917-pilot6_calibration-retail-transfer-low-4w-40tps-r5_retail-transfer-low_w2_23,wlt_c_20260917-pilot6_calibration-retail-transfer-low-4w-40tps-r5_retail-transfer-low_w2_48,1000,transfer_20260917-pilot6_calibration-retail-transfer-low-4w-40tps-r5_retail-transfer-low_w2_r1_518],  with error: Error: Failed to submit trasaction with status code: 11
2026.09.17-14:52:07.754[31m error[39m [caliper] [connectors/peer-gateway/PeerGateway] 	Failed to perform submit transaction [Transfer] using arguments [wlt_c_20260917-pilot6_calibration-retail-transfer-low-4w-40tps-r5_retail-transfer-low_w2_21,wlt_c_20260917-pilot6_calibration-retail-transfer-low-4w-40tps-r5_retail-transfer-low_w2_46,1000,transfer_20260917-pilot6_calibration-retail-transfer-low-4w-40tps-r5_retail-transfer-low_w2_r1_516],  with error: Error: Failed to submit trasaction with status code: 11
2026.09.17-14:52:07.756[31m error[39m [caliper] [connectors/peer-gateway/PeerGateway] 	Failed to perform submit transaction [Transfer] using arguments [wlt_c_20260917-pilot6_calibration-retail-transfer-low-4w-40tps-r5_retail-transfer-low_w0_16,wlt_c_20260917-pilot6_calibration-retail-transfer-low-4w-40tps-r5_retail-transfer-low_w0_41,1000,transfer_20260917-pilot6_calibration-retail-transfer-low-4w-40tps-r5_retail-transfer-low_w0_r1_512],  with error: Error: Failed to submit trasaction with status code: 11
2026.09.17-14:52:07.758[31m error[39m [caliper] [connectors/peer-gateway/PeerGateway] 	Failed to perform submit transaction [Transfer] using arguments [wlt_c_20260917-pilot6_calibration-retail-transfer-low-4w-40tps-r5_retail-transfer-low_w0_18,wlt_c_20260917-pilot6_calibration-retail-transfer-low-4w-40tps-r5_retail-transfer-low_w0_43,1000,transfer_20260917-pilot6_calibration-retail-transfer-low-4w-40tps-r5_retail-transfer-low_w0_r1_514],  with error: Error: Failed to submit trasaction with status code: 11
2026.09.17-14:52:07.759[31m error[39m [caliper] [connectors/peer-gateway/PeerGateway] 	Failed to perform submit transaction [Transfer] using arguments [wlt_c_20260917-pilot6_calibration-retail-transfer-low-4w-40tps-r5_retail-transfer-low_w0_21,wlt_c_20260917-pilot6_calibration-retail-transfer-low-4w-40tps-r5_retail-transfer-low_w0_46,1000,transfer_20260917-pilot6_calibration-retail-transfer-low-4w-40tps-r5_retail-transfer-low_w0_r1_516],  with error: Error: Failed to submit trasaction with status code: 11
2026.09.17-14:52:07.759[31m error[39m [caliper] [connectors/peer-gateway/PeerGateway] 	Failed to perform submit transaction [Transfer] using arguments [wlt_c_20260917-pilot6_calibration-retail-transfer-low-4w-40tps-r5_retail-transfer-low_w0_23,wlt_c_20260917-pilot6_calibration-retail-transfer-low-4w-40tps-r5_retail-transfer-low_w0_48,1000,transfer_20260917-pilot6_calibration-retail-transfer-low-4w-40tps-r5_retail-transfer-low_w0_r1_518],  with error: Error: Failed to submit trasaction with status code: 11
2026.09.17-14:52:07.760[31m error[39m [caliper] [connectors/peer-gateway/PeerGateway] 	Failed to perform submit transaction [Transfer] using arguments [wlt_c_20260917-pilot6_calibration-retail-transfer-low-4w-40tps-r5_retail-transfer-low_w0_22,wlt_c_20260917-pilot6_calibration-retail-transfer-low-4w-40tps-r5_retail-transfer-low_w0_47,1000,transfer_20260917-pilot6_calibration-retail-transfer-low-4w-40tps-r5_retail-transfer-low_w0_r1_517],  with error: Error: Failed to submit trasaction with status code: 11
2026.09.17-14:52:07.932[31m error[39m [caliper] [connectors/peer-gateway/PeerGateway] 	Failed to perform submit transaction [Transfer] using arguments [wlt_c_20260917-pilot6_calibration-retail-transfer-low-4w-40tps-r5_retail-transfer-low_w0_1,wlt_c_20260917-pilot6_calibration-retail-transfer-low-4w-40tps-r5_retail-transfer-low_w0_26,1000,transfer_20260917-pilot6_calibration-retail-transfer-low-4w-40tps-r5_retail-transfer-low_w0_r1_520],  with error: Error: Failed to submit trasaction with status code: 11
2026.09.17-14:52:07.933[31m error[39m [caliper] [connectors/peer-gateway/PeerGateway] 	Failed to perform submit transaction [Transfer] using arguments [wlt_c_20260917-pilot6_calibration-retail-transfer-low-4w-40tps-r5_retail-transfer-low_w2_22,wlt_c_20260917-pilot6_calibration-retail-transfer-low-4w-40tps-r5_retail-transfer-low_w2_47,1000,transfer_20260917-pilot6_calibration-retail-transfer-low-4w-40tps-r5_retail-transfer-low_w2_r1_517],  with error: Error: Failed to submit trasaction with status code: 11
2026.09.17-14:52:07.937[31m error[39m [caliper] [connectors/peer-gateway/PeerGateway] 	Failed to perform submit transaction [Transfer] using arguments [wlt_c_20260917-pilot6_calibration-retail-transfer-low-4w-40tps-r5_retail-transfer-low_w0_24,wlt_c_20260917-pilot6_calibration-retail-transfer-low-4w-40tps-r5_retail-transfer-low_w0_49,1000,transfer_20260917-pilot6_calibration-retail-transfer-low-4w-40tps-r5_retail-transfer-low_w0_r1_519],  with error: Error: Failed to submit trasaction with status code: 11
2026.09.17-14:52:07.938[31m error[39m [caliper] [connectors/peer-gateway/PeerGateway] 	Failed to perform submit transaction [Transfer] using arguments [wlt_c_20260917-pilot6_calibration-retail-transfer-low-4w-40tps-r5_retail-transfer-low_w3_22,wlt_c_20260917-pilot6_calibration-retail-transfer-low-4w-40tps-r5_retail-transfer-low_w3_47,1000,transfer_20260917-pilot6_calibration-retail-transfer-low-4w-40tps-r5_retail-transfer-low_w3_r1_517],  with error: Error: Failed to submit trasaction with status code: 11
2026.09.17-14:52:07.941[31m error[39m [caliper] [connectors/peer-gateway/PeerGateway] 	Failed to perform submit transaction [Transfer] using arguments [wlt_c_20260917-pilot6_calibration-retail-transfer-low-4w-40tps-r5_retail-transfer-low_w1_24,wlt_c_20260917-pilot6_calibration-retail-transfer-low-4w-40tps-r5_retail-transfer-low_w1_49,1000,transfer_20260917-pilot6_calibration-retail-transfer-low-4w-40tps-r5_retail-transfer-low_w1_r1_519],  with error: Error: Failed to submit trasaction with status code: 11
2026.09.17-14:52:07.946[31m error[39m [caliper] [connectors/peer-gateway/PeerGateway] 	Failed to perform submit transaction [Transfer] using arguments [wlt_c_20260917-pilot6_calibration-retail-transfer-low-4w-40tps-r5_retail-transfer-low_w2_24,wlt_c_20260917-pilot6_calibration-retail-transfer-low-4w-40tps-r5_retail-transfer-low_w2_49,1000,transfer_20260917-pilot6_calibration-retail-transfer-low-4w-40tps-r5_retail-transfer-low_w2_r1_519],  with error: Error: Failed to submit trasaction with status code: 11
2026.09.17-14:52:07.949[31m error[39m [caliper] [connectors/peer-gateway/PeerGateway] 	Failed to perform submit transaction [Transfer] using arguments [wlt_c_20260917-pilot6_calibration-retail-transfer-low-4w-40tps-r5_retail-transfer-low_w3_24,wlt_c_20260917-pilot6_calibration-retail-transfer-low-4w-40tps-r5_retail-transfer-low_w3_49,1000,transfer_20260917-pilot6_calibration-retail-transfer-low-4w-40tps-r5_retail-transfer-low_w3_r1_519],  with error: Error: Failed to submit trasaction with status code: 11
2026.09.17-14:52:07.946[31m error[39m [caliper] [connectors/peer-gateway/PeerGateway] 	Failed to perform submit transaction [Transfer] using arguments [wlt_c_20260917-pilot6_calibration-retail-transfer-low-4w-40tps-r5_retail-transfer-low_w1_23,wlt_c_20260917-pilot6_calibration-retail-transfer-low-4w-40tps-r5_retail-transfer-low_w1_48,1000,transfer_20260917-pilot6_calibration-retail-transfer-low-4w-40tps-r5_retail-transfer-low_w1_r1_518],  with error: Error: Failed to submit trasaction with status code: 11
2026.09.17-14:52:08.156[31m error[39m [caliper] [connectors/peer-gateway/PeerGateway] 	Failed to perform submit transaction [Transfer] using arguments [wlt_c_20260917-pilot6_calibration-retail-transfer-low-4w-40tps-r5_retail-transfer-low_w2_2,wlt_c_20260917-pilot6_calibration-retail-transfer-low-4w-40tps-r5_retail-transfer-low_w2_27,1000,transfer_20260917-pilot6_calibration-retail-transfer-low-4w-40tps-r5_retail-transfer-low_w2_r1_521],  with error: Error: Failed to submit trasaction with status code: 11
2026.09.17-14:52:08.172[31m error[39m [caliper] [connectors/peer-gateway/PeerGateway] 	Failed to perform submit transaction [Transfer] using arguments [wlt_c_20260917-pilot6_calibration-retail-transfer-low-4w-40tps-r5_retail-transfer-low_w0_2,wlt_c_20260917-pilot6_calibration-retail-transfer-low-4w-40tps-r5_retail-transfer-low_w0_27,1000,transfer_20260917-pilot6_calibration-retail-transfer-low-4w-40tps-r5_retail-transfer-low_w0_r1_521],  with error: Error: Failed to submit trasaction with status code: 11
2026.09.17-14:52:08.181[31m error[39m [caliper] [connectors/peer-gateway/PeerGateway] 	Failed to perform submit transaction [Transfer] using arguments [wlt_c_20260917-pilot6_calibration-retail-transfer-low-4w-40tps-r5_retail-transfer-low_w1_2,wlt_c_20260917-pilot6_calibration-retail-transfer-low-4w-40tps-r5_retail-transfer-low_w1_27,1000,transfer_20260917-pilot6_calibration-retail-transfer-low-4w-40tps-r5_retail-transfer-low_w1_r1_521],  with error: Error: Failed to submit trasaction with status code: 11
2026.09.17-14:52:08.182[31m error[39m [caliper] [connectors/peer-gateway/PeerGateway] 	Failed to perform submit transaction [Transfer] using arguments [wlt_c_20260917-pilot6_calibration-retail-transfer-low-4w-40tps-r5_retail-transfer-low_w1_3,wlt_c_20260917-pilot6_calibration-retail-transfer-low-4w-40tps-r5_retail-transfer-low_w1_28,1000,transfer_20260917-pilot6_calibration-retail-transfer-low-4w-40tps-r5_retail-transfer-low_w1_r1_522],  with error: Error: Failed to submit trasaction with status code: 11
2026.09.17-14:52:08.190[31m error[39m [caliper] [connectors/peer-gateway/PeerGateway] 	Failed to perform submit transaction [Transfer] using arguments [wlt_c_20260917-pilot6_calibration-retail-transfer-low-4w-40tps-r5_retail-transfer-low_w3_2,wlt_c_20260917-pilot6_calibration-retail-transfer-low-4w-40tps-r5_retail-transfer-low_w3_27,1000,transfer_20260917-pilot6_calibration-retail-transfer-low-4w-40tps-r5_retail-transfer-low_w3_r1_521],  with error: Error: Failed to submit trasaction with status code: 11
2026.09.17-14:52:08.407[31m error[39m [caliper] [connectors/peer-gateway/PeerGateway] 	Failed to perform submit transaction [Transfer] using arguments [wlt_c_20260917-pilot6_calibration-retail-transfer-low-4w-40tps-r5_retail-transfer-low_w1_7,wlt_c_20260917-pilot6_calibration-retail-transfer-low-4w-40tps-r5_retail-transfer-low_w1_32,1000,transfer_20260917-pilot6_calibration-retail-transfer-low-4w-40tps-r5_retail-transfer-low_w1_r1_525],  with error: Error: Failed to submit trasaction with status code: 11
2026.09.17-14:52:08.407[31m error[39m [caliper] [connectors/peer-gateway/PeerGateway] 	Failed to perform submit transaction [Transfer] using arguments [wlt_c_20260917-pilot6_calibration-retail-transfer-low-4w-40tps-r5_retail-transfer-low_w2_4,wlt_c_20260917-pilot6_calibration-retail-transfer-low-4w-40tps-r5_retail-transfer-low_w2_29,1000,transfer_20260917-pilot6_calibration-retail-transfer-low-4w-40tps-r5_retail-transfer-low_w2_r1_523],  with error: Error: Failed to submit trasaction with status code: 11
2026.09.17-14:52:08.411[31m error[39m [caliper] [connectors/peer-gateway/PeerGateway] 	Failed to perform submit transaction [Transfer] using arguments [wlt_c_20260917-pilot6_calibration-retail-transfer-low-4w-40tps-r5_retail-transfer-low_w1_6,wlt_c_20260917-pilot6_calibration-retail-transfer-low-4w-40tps-r5_retail-transfer-low_w1_31,1000,transfer_20260917-pilot6_calibration-retail-transfer-low-4w-40tps-r5_retail-transfer-low_w1_r1_524],  with error: Error: Failed to submit trasaction with status code: 11
2026.09.17-14:52:08.412[31m error[39m [caliper] [connectors/peer-gateway/PeerGateway] 	Failed to perform submit transaction [Transfer] using arguments [wlt_c_20260917-pilot6_calibration-retail-transfer-low-4w-40tps-r5_retail-transfer-low_w1_4,wlt_c_20260917-pilot6_calibration-retail-transfer-low-4w-40tps-r5_retail-transfer-low_w1_29,1000,transfer_20260917-pilot6_calibration-retail-transfer-low-4w-40tps-r5_retail-transfer-low_w1_r1_523],  with error: Error: Failed to submit trasaction with status code: 11
2026.09.17-14:52:08.425[31m error[39m [caliper] [connectors/peer-gateway/PeerGateway] 	Failed to perform submit transaction [Transfer] using arguments [wlt_c_20260917-pilot6_calibration-retail-transfer-low-4w-40tps-r5_retail-transfer-low_w2_8,wlt_c_20260917-pilot6_calibration-retail-transfer-low-4w-40tps-r5_retail-transfer-low_w2_33,1000,transfer_20260917-pilot6_calibration-retail-transfer-low-4w-40tps-r5_retail-transfer-low_w2_r1_526],  with error: Error: Failed to submit trasaction with status code: 11
2026.09.17-14:52:08.428[31m error[39m [caliper] [connectors/peer-gateway/PeerGateway] 	Failed to perform submit transaction [Transfer] using arguments [wlt_c_20260917-pilot6_calibration-retail-transfer-low-4w-40tps-r5_retail-transfer-low_w3_6,wlt_c_20260917-pilot6_calibration-retail-transfer-low-4w-40tps-r5_retail-transfer-low_w3_31,1000,transfer_20260917-pilot6_calibration-retail-transfer-low-4w-40tps-r5_retail-transfer-low_w3_r1_524],  with error: Error: Failed to submit trasaction with status code: 11
2026.09.17-14:52:08.444[31m error[39m [caliper] [connectors/peer-gateway/PeerGateway] 	Failed to perform submit transaction [Transfer] using arguments [wlt_c_20260917-pilot6_calibration-retail-transfer-low-4w-40tps-r5_retail-transfer-low_w2_9,wlt_c_20260917-pilot6_calibration-retail-transfer-low-4w-40tps-r5_retail-transfer-low_w2_34,1000,transfer_20260917-pilot6_calibration-retail-transfer-low-4w-40tps-r5_retail-transfer-low_w2_r1_527],  with error: Error: Failed to submit trasaction with status code: 11
2026.09.17-14:52:08.568[31m error[39m [caliper] [connectors/peer-gateway/PeerGateway] 	Failed to perform submit transaction [Transfer] using arguments [wlt_c_20260917-pilot6_calibration-retail-transfer-low-4w-40tps-r5_retail-transfer-low_w0_8,wlt_c_20260917-pilot6_calibration-retail-transfer-low-4w-40tps-r5_retail-transfer-low_w0_33,1000,transfer_20260917-pilot6_calibration-retail-transfer-low-4w-40tps-r5_retail-transfer-low_w0_r1_526],  with error: Error: Failed to submit trasaction with status code: 11
2026.09.17-14:52:08.570[31m error[39m [caliper] [connectors/peer-gateway/PeerGateway] 	Failed to perform submit transaction [Transfer] using arguments [wlt_c_20260917-pilot6_calibration-retail-transfer-low-4w-40tps-r5_retail-transfer-low_w1_12,wlt_c_20260917-pilot6_calibration-retail-transfer-low-4w-40tps-r5_retail-transfer-low_w1_37,1000,transfer_20260917-pilot6_calibration-retail-transfer-low-4w-40tps-r5_retail-transfer-low_w1_r1_529],  with error: Error: Failed to submit trasaction with status code: 11
2026.09.17-14:52:08.575[31m error[39m [caliper] [connectors/peer-gateway/PeerGateway] 	Failed to perform submit transaction [Transfer] using arguments [wlt_c_20260917-pilot6_calibration-retail-transfer-low-4w-40tps-r5_retail-transfer-low_w0_7,wlt_c_20260917-pilot6_calibration-retail-transfer-low-4w-40tps-r5_retail-transfer-low_w0_32,1000,transfer_20260917-pilot6_calibration-retail-transfer-low-4w-40tps-r5_retail-transfer-low_w0_r1_525],  with error: Error: Failed to submit trasaction with status code: 11
2026.09.17-14:52:08.575[31m error[39m [caliper] [connectors/peer-gateway/PeerGateway] 	Failed to perform submit transaction [Transfer] using arguments [wlt_c_20260917-pilot6_calibration-retail-transfer-low-4w-40tps-r5_retail-transfer-low_w0_9,wlt_c_20260917-pilot6_calibration-retail-transfer-low-4w-40tps-r5_retail-transfer-low_w0_34,1000,transfer_20260917-pilot6_calibration-retail-transfer-low-4w-40tps-r5_retail-transfer-low_w0_r1_527],  with error: Error: Failed to submit trasaction with status code: 11
2026.09.17-14:52:08.578[31m error[39m [caliper] [connectors/peer-gateway/PeerGateway] 	Failed to perform submit transaction [Transfer] using arguments [wlt_c_20260917-pilot6_calibration-retail-transfer-low-4w-40tps-r5_retail-transfer-low_w3_7,wlt_c_20260917-pilot6_calibration-retail-transfer-low-4w-40tps-r5_retail-transfer-low_w3_32,1000,transfer_20260917-pilot6_calibration-retail-transfer-low-4w-40tps-r5_retail-transfer-low_w3_r1_525],  with error: Error: Failed to submit trasaction with status code: 11
2026.09.17-14:52:08.578[31m error[39m [caliper] [connectors/peer-gateway/PeerGateway] 	Failed to perform submit transaction [Transfer] using arguments [wlt_c_20260917-pilot6_calibration-retail-transfer-low-4w-40tps-r5_retail-transfer-low_w3_9,wlt_c_20260917-pilot6_calibration-retail-transfer-low-4w-40tps-r5_retail-transfer-low_w3_34,1000,transfer_20260917-pilot6_calibration-retail-transfer-low-4w-40tps-r5_retail-transfer-low_w3_r1_527],  with error: Error: Failed to submit trasaction with status code: 11
2026.09.17-14:52:08.578[31m error[39m [caliper] [connectors/peer-gateway/PeerGateway] 	Failed to perform submit transaction [Transfer] using arguments [wlt_c_20260917-pilot6_calibration-retail-transfer-low-4w-40tps-r5_retail-transfer-low_w3_8,wlt_c_20260917-pilot6_calibration-retail-transfer-low-4w-40tps-r5_retail-transfer-low_w3_33,1000,transfer_20260917-pilot6_calibration-retail-transfer-low-4w-40tps-r5_retail-transfer-low_w3_r1_526],  with error: Error: Failed to submit trasaction with status code: 11
2026.09.17-14:52:08.581[31m error[39m [caliper] [connectors/peer-gateway/PeerGateway] 	Failed to perform submit transaction [Transfer] using arguments [wlt_c_20260917-pilot6_calibration-retail-transfer-low-4w-40tps-r5_retail-transfer-low_w1_8,wlt_c_20260917-pilot6_calibration-retail-transfer-low-4w-40tps-r5_retail-transfer-low_w1_33,1000,transfer_20260917-pilot6_calibration-retail-transfer-low-4w-40tps-r5_retail-transfer-low_w1_r1_526],  with error: Error: Failed to submit trasaction with status code: 11
2026.09.17-14:52:08.582[31m error[39m [caliper] [connectors/peer-gateway/PeerGateway] 	Failed to perform submit transaction [Transfer] using arguments [wlt_c_20260917-pilot6_calibration-retail-transfer-low-4w-40tps-r5_retail-transfer-low_w1_9,wlt_c_20260917-pilot6_calibration-retail-transfer-low-4w-40tps-r5_retail-transfer-low_w1_34,1000,transfer_20260917-pilot6_calibration-retail-transfer-low-4w-40tps-r5_retail-transfer-low_w1_r1_527],  with error: Error: Failed to submit trasaction with status code: 11
2026.09.17-14:52:08.666[31m error[39m [caliper] [connectors/peer-gateway/PeerGateway] 	Failed to perform submit transaction [Transfer] using arguments [wlt_c_20260917-pilot6_calibration-retail-transfer-low-4w-40tps-r5_retail-transfer-low_w0_11,wlt_c_20260917-pilot6_calibration-retail-transfer-low-4w-40tps-r5_retail-transfer-low_w0_36,1000,transfer_20260917-pilot6_calibration-retail-transfer-low-4w-40tps-r5_retail-transfer-low_w0_r1_528],  with error: Error: Failed to submit trasaction with status code: 11
2026.09.17-14:52:08.666[31m error[39m [caliper] [connectors/peer-gateway/PeerGateway] 	Failed to perform submit transaction [Transfer] using arguments [wlt_c_20260917-pilot6_calibration-retail-transfer-low-4w-40tps-r5_retail-transfer-low_w2_13,wlt_c_20260917-pilot6_calibration-retail-transfer-low-4w-40tps-r5_retail-transfer-low_w2_38,1000,transfer_20260917-pilot6_calibration-retail-transfer-low-4w-40tps-r5_retail-transfer-low_w2_r1_530],  with error: Error: Failed to submit trasaction with status code: 11
2026.09.17-14:52:08.667[31m error[39m [caliper] [connectors/peer-gateway/PeerGateway] 	Failed to perform submit transaction [Transfer] using arguments [wlt_c_20260917-pilot6_calibration-retail-transfer-low-4w-40tps-r5_retail-transfer-low_w0_12,wlt_c_20260917-pilot6_calibration-retail-transfer-low-4w-40tps-r5_retail-transfer-low_w0_37,1000,transfer_20260917-pilot6_calibration-retail-transfer-low-4w-40tps-r5_retail-transfer-low_w0_r1_529],  with error: Error: Failed to submit trasaction with status code: 11
2026.09.17-14:52:08.667[31m error[39m [caliper] [connectors/peer-gateway/PeerGateway] 	Failed to perform submit transaction [Transfer] using arguments [wlt_c_20260917-pilot6_calibration-retail-transfer-low-4w-40tps-r5_retail-transfer-low_w2_11,wlt_c_20260917-pilot6_calibration-retail-transfer-low-4w-40tps-r5_retail-transfer-low_w2_36,1000,transfer_20260917-pilot6_calibration-retail-transfer-low-4w-40tps-r5_retail-transfer-low_w2_r1_528],  with error: Error: Failed to submit trasaction with status code: 11
2026.09.17-14:52:08.669[31m error[39m [caliper] [connectors/peer-gateway/PeerGateway] 	Failed to perform submit transaction [Transfer] using arguments [wlt_c_20260917-pilot6_calibration-retail-transfer-low-4w-40tps-r5_retail-transfer-low_w1_11,wlt_c_20260917-pilot6_calibration-retail-transfer-low-4w-40tps-r5_retail-transfer-low_w1_36,1000,transfer_20260917-pilot6_calibration-retail-transfer-low-4w-40tps-r5_retail-transfer-low_w1_r1_528],  with error: Error: Failed to submit trasaction with status code: 11
2026.09.17-14:52:08.669[31m error[39m [caliper] [connectors/peer-gateway/PeerGateway] 	Failed to perform submit transaction [Transfer] using arguments [wlt_c_20260917-pilot6_calibration-retail-transfer-low-4w-40tps-r5_retail-transfer-low_w1_13,wlt_c_20260917-pilot6_calibration-retail-transfer-low-4w-40tps-r5_retail-transfer-low_w1_38,1000,transfer_20260917-pilot6_calibration-retail-transfer-low-4w-40tps-r5_retail-transfer-low_w1_r1_530],  with error: Error: Failed to submit trasaction with status code: 11
2026.09.17-14:52:08.674[31m error[39m [caliper] [connectors/peer-gateway/PeerGateway] 	Failed to perform submit transaction [Transfer] using arguments [wlt_c_20260917-pilot6_calibration-retail-transfer-low-4w-40tps-r5_retail-transfer-low_w1_14,wlt_c_20260917-pilot6_calibration-retail-transfer-low-4w-40tps-r5_retail-transfer-low_w1_39,1000,transfer_20260917-pilot6_calibration-retail-transfer-low-4w-40tps-r5_retail-transfer-low_w1_r1_531],  with error: Error: Failed to submit trasaction with status code: 11
2026.09.17-14:52:08.679[31m error[39m [caliper] [connectors/peer-gateway/PeerGateway] 	Failed to perform submit transaction [Transfer] using arguments [wlt_c_20260917-pilot6_calibration-retail-transfer-low-4w-40tps-r5_retail-transfer-low_w2_12,wlt_c_20260917-pilot6_calibration-retail-transfer-low-4w-40tps-r5_retail-transfer-low_w2_37,1000,transfer_20260917-pilot6_calibration-retail-transfer-low-4w-40tps-r5_retail-transfer-low_w2_r1_529],  with error: Error: Failed to submit trasaction with status code: 11
2026.09.17-14:52:08.680[31m error[39m [caliper] [connectors/peer-gateway/PeerGateway] 	Failed to perform submit transaction [Transfer] using arguments [wlt_c_20260917-pilot6_calibration-retail-transfer-low-4w-40tps-r5_retail-transfer-low_w3_11,wlt_c_20260917-pilot6_calibration-retail-transfer-low-4w-40tps-r5_retail-transfer-low_w3_36,1000,transfer_20260917-pilot6_calibration-retail-transfer-low-4w-40tps-r5_retail-transfer-low_w3_r1_528],  with error: Error: Failed to submit trasaction with status code: 11
2026.09.17-14:52:08.681[31m error[39m [caliper] [connectors/peer-gateway/PeerGateway] 	Failed to perform submit transaction [Transfer] using arguments [wlt_c_20260917-pilot6_calibration-retail-transfer-low-4w-40tps-r5_retail-transfer-low_w3_13,wlt_c_20260917-pilot6_calibration-retail-transfer-low-4w-40tps-r5_retail-transfer-low_w3_38,1000,transfer_20260917-pilot6_calibration-retail-transfer-low-4w-40tps-r5_retail-transfer-low_w3_r1_530],  with error: Error: Failed to submit trasaction with status code: 11
2026.09.17-14:52:08.764[31m error[39m [caliper] [connectors/peer-gateway/PeerGateway] 	Failed to perform submit transaction [Transfer] using arguments [wlt_c_20260917-pilot6_calibration-retail-transfer-low-4w-40tps-r5_retail-transfer-low_w3_14,wlt_c_20260917-pilot6_calibration-retail-transfer-low-4w-40tps-r5_retail-transfer-low_w3_39,1000,transfer_20260917-pilot6_calibration-retail-transfer-low-4w-40tps-r5_retail-transfer-low_w3_r1_531],  with error: Error: Failed to submit trasaction with status code: 11
2026.09.17-14:52:08.770[31m error[39m [caliper] [connectors/peer-gateway/PeerGateway] 	Failed to perform submit transaction [Transfer] using arguments [wlt_c_20260917-pilot6_calibration-retail-transfer-low-4w-40tps-r5_retail-transfer-low_w0_13,wlt_c_20260917-pilot6_calibration-retail-transfer-low-4w-40tps-r5_retail-transfer-low_w0_38,1000,transfer_20260917-pilot6_calibration-retail-transfer-low-4w-40tps-r5_retail-transfer-low_w0_r1_530],  with error: Error: Failed to submit trasaction with status code: 11
2026.09.17-14:52:08.771[31m error[39m [caliper] [connectors/peer-gateway/PeerGateway] 	Failed to perform submit transaction [Transfer] using arguments [wlt_c_20260917-pilot6_calibration-retail-transfer-low-4w-40tps-r5_retail-transfer-low_w0_14,wlt_c_20260917-pilot6_calibration-retail-transfer-low-4w-40tps-r5_retail-transfer-low_w0_39,1000,transfer_20260917-pilot6_calibration-retail-transfer-low-4w-40tps-r5_retail-transfer-low_w0_r1_531],  with error: Error: Failed to submit trasaction with status code: 11
2026.09.17-14:52:08.771[31m error[39m [caliper] [connectors/peer-gateway/PeerGateway] 	Failed to perform submit transaction [Transfer] using arguments [wlt_c_20260917-pilot6_calibration-retail-transfer-low-4w-40tps-r5_retail-transfer-low_w0_16,wlt_c_20260917-pilot6_calibration-retail-transfer-low-4w-40tps-r5_retail-transfer-low_w0_41,1000,transfer_20260917-pilot6_calibration-retail-transfer-low-4w-40tps-r5_retail-transfer-low_w0_r1_532],  with error: Error: Failed to submit trasaction with status code: 11
2026.09.17-14:52:08.777[31m error[39m [caliper] [connectors/peer-gateway/PeerGateway] 	Failed to perform submit transaction [Transfer] using arguments [wlt_c_20260917-pilot6_calibration-retail-transfer-low-4w-40tps-r5_retail-transfer-low_w2_19,wlt_c_20260917-pilot6_calibration-retail-transfer-low-4w-40tps-r5_retail-transfer-low_w2_44,1000,transfer_20260917-pilot6_calibration-retail-transfer-low-4w-40tps-r5_retail-transfer-low_w2_r1_535],  with error: Error: Failed to submit trasaction with status code: 11
2026.09.17-14:52:08.777[31m error[39m [caliper] [connectors/peer-gateway/PeerGateway] 	Failed to perform submit transaction [Transfer] using arguments [wlt_c_20260917-pilot6_calibration-retail-transfer-low-4w-40tps-r5_retail-transfer-low_w3_12,wlt_c_20260917-pilot6_calibration-retail-transfer-low-4w-40tps-r5_retail-transfer-low_w3_37,1000,transfer_20260917-pilot6_calibration-retail-transfer-low-4w-40tps-r5_retail-transfer-low_w3_r1_529],  with error: Error: Failed to submit trasaction with status code: 11
2026.09.17-14:52:08.778[31m error[39m [caliper] [connectors/peer-gateway/PeerGateway] 	Failed to perform submit transaction [Transfer] using arguments [wlt_c_20260917-pilot6_calibration-retail-transfer-low-4w-40tps-r5_retail-transfer-low_w3_16,wlt_c_20260917-pilot6_calibration-retail-transfer-low-4w-40tps-r5_retail-transfer-low_w3_41,1000,transfer_20260917-pilot6_calibration-retail-transfer-low-4w-40tps-r5_retail-transfer-low_w3_r1_532],  with error: Error: Failed to submit trasaction with status code: 11
2026.09.17-14:52:08.778[31m error[39m [caliper] [connectors/peer-gateway/PeerGateway] 	Failed to perform submit transaction [Transfer] using arguments [wlt_c_20260917-pilot6_calibration-retail-transfer-low-4w-40tps-r5_retail-transfer-low_w3_19,wlt_c_20260917-pilot6_calibration-retail-transfer-low-4w-40tps-r5_retail-transfer-low_w3_44,1000,transfer_20260917-pilot6_calibration-retail-transfer-low-4w-40tps-r5_retail-transfer-low_w3_r1_535],  with error: Error: Failed to submit trasaction with status code: 11
2026.09.17-14:52:08.779[31m error[39m [caliper] [connectors/peer-gateway/PeerGateway] 	Failed to perform submit transaction [Transfer] using arguments [wlt_c_20260917-pilot6_calibration-retail-transfer-low-4w-40tps-r5_retail-transfer-low_w2_14,wlt_c_20260917-pilot6_calibration-retail-transfer-low-4w-40tps-r5_retail-transfer-low_w2_39,1000,transfer_20260917-pilot6_calibration-retail-transfer-low-4w-40tps-r5_retail-transfer-low_w2_r1_531],  with error: Error: Failed to submit trasaction with status code: 11
2026.09.17-14:52:08.787[31m error[39m [caliper] [connectors/peer-gateway/PeerGateway] 	Failed to perform submit transaction [Transfer] using arguments [wlt_c_20260917-pilot6_calibration-retail-transfer-low-4w-40tps-r5_retail-transfer-low_w2_16,wlt_c_20260917-pilot6_calibration-retail-transfer-low-4w-40tps-r5_retail-transfer-low_w2_41,1000,transfer_20260917-pilot6_calibration-retail-transfer-low-4w-40tps-r5_retail-transfer-low_w2_r1_532],  with error: Error: Failed to submit trasaction with status code: 11
2026.09.17-14:52:08.831[31m error[39m [caliper] [connectors/peer-gateway/PeerGateway] 	Failed to perform submit transaction [Transfer] using arguments [wlt_c_20260917-pilot6_calibration-retail-transfer-low-4w-40tps-r5_retail-transfer-low_w0_21,wlt_c_20260917-pilot6_calibration-retail-transfer-low-4w-40tps-r5_retail-transfer-low_w0_46,1000,transfer_20260917-pilot6_calibration-retail-transfer-low-4w-40tps-r5_retail-transfer-low_w0_r1_536],  with error: Error: Failed to submit trasaction with status code: 11
2026.09.17-14:52:08.837[31m error[39m [caliper] [connectors/peer-gateway/PeerGateway] 	Failed to perform submit transaction [Transfer] using arguments [wlt_c_20260917-pilot6_calibration-retail-transfer-low-4w-40tps-r5_retail-transfer-low_w3_18,wlt_c_20260917-pilot6_calibration-retail-transfer-low-4w-40tps-r5_retail-transfer-low_w3_43,1000,transfer_20260917-pilot6_calibration-retail-transfer-low-4w-40tps-r5_retail-transfer-low_w3_r1_534],  with error: Error: Failed to submit trasaction with status code: 11
2026.09.17-14:52:08.839[31m error[39m [caliper] [connectors/peer-gateway/PeerGateway] 	Failed to perform submit transaction [Transfer] using arguments [wlt_c_20260917-pilot6_calibration-retail-transfer-low-4w-40tps-r5_retail-transfer-low_w1_16,wlt_c_20260917-pilot6_calibration-retail-transfer-low-4w-40tps-r5_retail-transfer-low_w1_41,1000,transfer_20260917-pilot6_calibration-retail-transfer-low-4w-40tps-r5_retail-transfer-low_w1_r1_532],  with error: Error: Failed to submit trasaction with status code: 11
2026.09.17-14:52:08.840[31m error[39m [caliper] [connectors/peer-gateway/PeerGateway] 	Failed to perform submit transaction [Transfer] using arguments [wlt_c_20260917-pilot6_calibration-retail-transfer-low-4w-40tps-r5_retail-transfer-low_w0_19,wlt_c_20260917-pilot6_calibration-retail-transfer-low-4w-40tps-r5_retail-transfer-low_w0_44,1000,transfer_20260917-pilot6_calibration-retail-transfer-low-4w-40tps-r5_retail-transfer-low_w0_r1_535],  with error: Error: Failed to submit trasaction with status code: 11
2026.09.17-14:52:08.842[31m error[39m [caliper] [connectors/peer-gateway/PeerGateway] 	Failed to perform submit transaction [Transfer] using arguments [wlt_c_20260917-pilot6_calibration-retail-transfer-low-4w-40tps-r5_retail-transfer-low_w1_19,wlt_c_20260917-pilot6_calibration-retail-transfer-low-4w-40tps-r5_retail-transfer-low_w1_44,1000,transfer_20260917-pilot6_calibration-retail-transfer-low-4w-40tps-r5_retail-transfer-low_w1_r1_535],  with error: Error: Failed to submit trasaction with status code: 11
2026.09.17-14:52:08.843[31m error[39m [caliper] [connectors/peer-gateway/PeerGateway] 	Failed to perform submit transaction [Transfer] using arguments [wlt_c_20260917-pilot6_calibration-retail-transfer-low-4w-40tps-r5_retail-transfer-low_w1_18,wlt_c_20260917-pilot6_calibration-retail-transfer-low-4w-40tps-r5_retail-transfer-low_w1_43,1000,transfer_20260917-pilot6_calibration-retail-transfer-low-4w-40tps-r5_retail-transfer-low_w1_r1_534],  with error: Error: Failed to submit trasaction with status code: 11
2026.09.17-14:52:08.844[31m error[39m [caliper] [connectors/peer-gateway/PeerGateway] 	Failed to perform submit transaction [Transfer] using arguments [wlt_c_20260917-pilot6_calibration-retail-transfer-low-4w-40tps-r5_retail-transfer-low_w0_18,wlt_c_20260917-pilot6_calibration-retail-transfer-low-4w-40tps-r5_retail-transfer-low_w0_43,1000,transfer_20260917-pilot6_calibration-retail-transfer-low-4w-40tps-r5_retail-transfer-low_w0_r1_534],  with error: Error: Failed to submit trasaction with status code: 11
2026.09.17-14:52:08.844[31m error[39m [caliper] [connectors/peer-gateway/PeerGateway] 	Failed to perform submit transaction [Transfer] using arguments [wlt_c_20260917-pilot6_calibration-retail-transfer-low-4w-40tps-r5_retail-transfer-low_w0_17,wlt_c_20260917-pilot6_calibration-retail-transfer-low-4w-40tps-r5_retail-transfer-low_w0_42,1000,transfer_20260917-pilot6_calibration-retail-transfer-low-4w-40tps-r5_retail-transfer-low_w0_r1_533],  with error: Error: Failed to submit trasaction with status code: 11
2026.09.17-14:52:08.846[31m error[39m [caliper] [connectors/peer-gateway/PeerGateway] 	Failed to perform submit transaction [Transfer] using arguments [wlt_c_20260917-pilot6_calibration-retail-transfer-low-4w-40tps-r5_retail-transfer-low_w2_17,wlt_c_20260917-pilot6_calibration-retail-transfer-low-4w-40tps-r5_retail-transfer-low_w2_42,1000,transfer_20260917-pilot6_calibration-retail-transfer-low-4w-40tps-r5_retail-transfer-low_w2_r1_533],  with error: Error: Failed to submit trasaction with status code: 11
2026.09.17-14:52:08.857[31m error[39m [caliper] [connectors/peer-gateway/PeerGateway] 	Failed to perform submit transaction [Transfer] using arguments [wlt_c_20260917-pilot6_calibration-retail-transfer-low-4w-40tps-r5_retail-transfer-low_w2_18,wlt_c_20260917-pilot6_calibration-retail-transfer-low-4w-40tps-r5_retail-transfer-low_w2_43,1000,transfer_20260917-pilot6_calibration-retail-transfer-low-4w-40tps-r5_retail-transfer-low_w2_r1_534],  with error: Error: Failed to submit trasaction with status code: 11
2026.09.17-14:52:08.912[31m error[39m [caliper] [connectors/peer-gateway/PeerGateway] 	Failed to perform submit transaction [Transfer] using arguments [wlt_c_20260917-pilot6_calibration-retail-transfer-low-4w-40tps-r5_retail-transfer-low_w2_21,wlt_c_20260917-pilot6_calibration-retail-transfer-low-4w-40tps-r5_retail-transfer-low_w2_46,1000,transfer_20260917-pilot6_calibration-retail-transfer-low-4w-40tps-r5_retail-transfer-low_w2_r1_536],  with error: Error: Failed to submit trasaction with status code: 11
2026.09.17-14:52:08.915[31m error[39m [caliper] [connectors/peer-gateway/PeerGateway] 	Failed to perform submit transaction [Transfer] using arguments [wlt_c_20260917-pilot6_calibration-retail-transfer-low-4w-40tps-r5_retail-transfer-low_w3_17,wlt_c_20260917-pilot6_calibration-retail-transfer-low-4w-40tps-r5_retail-transfer-low_w3_42,1000,transfer_20260917-pilot6_calibration-retail-transfer-low-4w-40tps-r5_retail-transfer-low_w3_r1_533],  with error: Error: Failed to submit trasaction with status code: 11
2026.09.17-14:52:08.917[31m error[39m [caliper] [connectors/peer-gateway/PeerGateway] 	Failed to perform submit transaction [Transfer] using arguments [wlt_c_20260917-pilot6_calibration-retail-transfer-low-4w-40tps-r5_retail-transfer-low_w2_22,wlt_c_20260917-pilot6_calibration-retail-transfer-low-4w-40tps-r5_retail-transfer-low_w2_47,1000,transfer_20260917-pilot6_calibration-retail-transfer-low-4w-40tps-r5_retail-transfer-low_w2_r1_537],  with error: Error: Failed to submit trasaction with status code: 11
2026.09.17-14:52:08.917[31m error[39m [caliper] [connectors/peer-gateway/PeerGateway] 	Failed to perform submit transaction [Transfer] using arguments [wlt_c_20260917-pilot6_calibration-retail-transfer-low-4w-40tps-r5_retail-transfer-low_w0_22,wlt_c_20260917-pilot6_calibration-retail-transfer-low-4w-40tps-r5_retail-transfer-low_w0_47,1000,transfer_20260917-pilot6_calibration-retail-transfer-low-4w-40tps-r5_retail-transfer-low_w0_r1_537],  with error: Error: Failed to submit trasaction with status code: 11
2026.09.17-14:52:08.921[31m error[39m [caliper] [connectors/peer-gateway/PeerGateway] 	Failed to perform submit transaction [Transfer] using arguments [wlt_c_20260917-pilot6_calibration-retail-transfer-low-4w-40tps-r5_retail-transfer-low_w3_21,wlt_c_20260917-pilot6_calibration-retail-transfer-low-4w-40tps-r5_retail-transfer-low_w3_46,1000,transfer_20260917-pilot6_calibration-retail-transfer-low-4w-40tps-r5_retail-transfer-low_w3_r1_536],  with error: Error: Failed to submit trasaction with status code: 11
2026.09.17-14:52:08.924[31m error[39m [caliper] [connectors/peer-gateway/PeerGateway] 	Failed to perform submit transaction [Transfer] using arguments [wlt_c_20260917-pilot6_calibration-retail-transfer-low-4w-40tps-r5_retail-transfer-low_w1_22,wlt_c_20260917-pilot6_calibration-retail-transfer-low-4w-40tps-r5_retail-transfer-low_w1_47,1000,transfer_20260917-pilot6_calibration-retail-transfer-low-4w-40tps-r5_retail-transfer-low_w1_r1_537],  with error: Error: Failed to submit trasaction with status code: 11
2026.09.17-14:52:08.929[31m error[39m [caliper] [connectors/peer-gateway/PeerGateway] 	Failed to perform submit transaction [Transfer] using arguments [wlt_c_20260917-pilot6_calibration-retail-transfer-low-4w-40tps-r5_retail-transfer-low_w1_21,wlt_c_20260917-pilot6_calibration-retail-transfer-low-4w-40tps-r5_retail-transfer-low_w1_46,1000,transfer_20260917-pilot6_calibration-retail-transfer-low-4w-40tps-r5_retail-transfer-low_w1_r1_536],  with error: Error: Failed to submit trasaction with status code: 11
2026.09.17-14:52:08.929[31m error[39m [caliper] [connectors/peer-gateway/PeerGateway] 	Failed to perform submit transaction [Transfer] using arguments [wlt_c_20260917-pilot6_calibration-retail-transfer-low-4w-40tps-r5_retail-transfer-low_w1_17,wlt_c_20260917-pilot6_calibration-retail-transfer-low-4w-40tps-r5_retail-transfer-low_w1_42,1000,transfer_20260917-pilot6_calibration-retail-transfer-low-4w-40tps-r5_retail-transfer-low_w1_r1_533],  with error: Error: Failed to submit trasaction with status code: 11
2026.09.17-14:52:08.930[31m error[39m [caliper] [connectors/peer-gateway/PeerGateway] 	Failed to perform submit transaction [Transfer] using arguments [wlt_c_20260917-pilot6_calibration-retail-transfer-low-4w-40tps-r5_retail-transfer-low_w1_23,wlt_c_20260917-pilot6_calibration-retail-transfer-low-4w-40tps-r5_retail-transfer-low_w1_48,1000,transfer_20260917-pilot6_calibration-retail-transfer-low-4w-40tps-r5_retail-transfer-low_w1_r1_538],  with error: Error: Failed to submit trasaction with status code: 11
2026.09.17-14:52:08.934[31m error[39m [caliper] [connectors/peer-gateway/PeerGateway] 	Failed to perform submit transaction [Transfer] using arguments [wlt_c_20260917-pilot6_calibration-retail-transfer-low-4w-40tps-r5_retail-transfer-low_w3_22,wlt_c_20260917-pilot6_calibration-retail-transfer-low-4w-40tps-r5_retail-transfer-low_w3_47,1000,transfer_20260917-pilot6_calibration-retail-transfer-low-4w-40tps-r5_retail-transfer-low_w3_r1_537],  with error: Error: Failed to submit trasaction with status code: 11
2026.09.17-14:52:08.977[31m error[39m [caliper] [connectors/peer-gateway/PeerGateway] 	Failed to perform submit transaction [Transfer] using arguments [wlt_c_20260917-pilot6_calibration-retail-transfer-low-4w-40tps-r5_retail-transfer-low_w2_23,wlt_c_20260917-pilot6_calibration-retail-transfer-low-4w-40tps-r5_retail-transfer-low_w2_48,1000,transfer_20260917-pilot6_calibration-retail-transfer-low-4w-40tps-r5_retail-transfer-low_w2_r1_538],  with error: Error: Failed to submit trasaction with status code: 11
2026.09.17-14:52:08.979[31m error[39m [caliper] [connectors/peer-gateway/PeerGateway] 	Failed to perform submit transaction [Transfer] using arguments [wlt_c_20260917-pilot6_calibration-retail-transfer-low-4w-40tps-r5_retail-transfer-low_w0_24,wlt_c_20260917-pilot6_calibration-retail-transfer-low-4w-40tps-r5_retail-transfer-low_w0_49,1000,transfer_20260917-pilot6_calibration-retail-transfer-low-4w-40tps-r5_retail-transfer-low_w0_r1_539],  with error: Error: Failed to submit trasaction with status code: 11
2026.09.17-14:52:08.980[31m error[39m [caliper] [connectors/peer-gateway/PeerGateway] 	Failed to perform submit transaction [Transfer] using arguments [wlt_c_20260917-pilot6_calibration-retail-transfer-low-4w-40tps-r5_retail-transfer-low_w2_24,wlt_c_20260917-pilot6_calibration-retail-transfer-low-4w-40tps-r5_retail-transfer-low_w2_49,1000,transfer_20260917-pilot6_calibration-retail-transfer-low-4w-40tps-r5_retail-transfer-low_w2_r1_539],  with error: Error: Failed to submit trasaction with status code: 11
2026.09.17-14:52:08.980[31m error[39m [caliper] [connectors/peer-gateway/PeerGateway] 	Failed to perform submit transaction [Transfer] using arguments [wlt_c_20260917-pilot6_calibration-retail-transfer-low-4w-40tps-r5_retail-transfer-low_w2_1,wlt_c_20260917-pilot6_calibration-retail-transfer-low-4w-40tps-r5_retail-transfer-low_w2_26,1000,transfer_20260917-pilot6_calibration-retail-transfer-low-4w-40tps-r5_retail-transfer-low_w2_r1_540],  with error: Error: Failed to submit trasaction with status code: 11
2026.09.17-14:52:08.981[31m error[39m [caliper] [connectors/peer-gateway/PeerGateway] 	Failed to perform submit transaction [Transfer] using arguments [wlt_c_20260917-pilot6_calibration-retail-transfer-low-4w-40tps-r5_retail-transfer-low_w1_24,wlt_c_20260917-pilot6_calibration-retail-transfer-low-4w-40tps-r5_retail-transfer-low_w1_49,1000,transfer_20260917-pilot6_calibration-retail-transfer-low-4w-40tps-r5_retail-transfer-low_w1_r1_539],  with error: Error: Failed to submit trasaction with status code: 11
2026.09.17-14:52:08.985[31m error[39m [caliper] [connectors/peer-gateway/PeerGateway] 	Failed to perform submit transaction [Transfer] using arguments [wlt_c_20260917-pilot6_calibration-retail-transfer-low-4w-40tps-r5_retail-transfer-low_w0_23,wlt_c_20260917-pilot6_calibration-retail-transfer-low-4w-40tps-r5_retail-transfer-low_w0_48,1000,transfer_20260917-pilot6_calibration-retail-transfer-low-4w-40tps-r5_retail-transfer-low_w0_r1_538],  with error: Error: Failed to submit trasaction with status code: 11
2026.09.17-14:52:08.985[31m error[39m [caliper] [connectors/peer-gateway/PeerGateway] 	Failed to perform submit transaction [Transfer] using arguments [wlt_c_20260917-pilot6_calibration-retail-transfer-low-4w-40tps-r5_retail-transfer-low_w3_1,wlt_c_20260917-pilot6_calibration-retail-transfer-low-4w-40tps-r5_retail-transfer-low_w3_26,1000,transfer_20260917-pilot6_calibration-retail-transfer-low-4w-40tps-r5_retail-transfer-low_w3_r1_540],  with error: Error: Failed to submit trasaction with status code: 11
2026.09.17-14:52:08.986[31m error[39m [caliper] [connectors/peer-gateway/PeerGateway] 	Failed to perform submit transaction [Transfer] using arguments [wlt_c_20260917-pilot6_calibration-retail-transfer-low-4w-40tps-r5_retail-transfer-low_w3_23,wlt_c_20260917-pilot6_calibration-retail-transfer-low-4w-40tps-r5_retail-transfer-low_w3_48,1000,transfer_20260917-pilot6_calibration-retail-transfer-low-4w-40tps-r5_retail-transfer-low_w3_r1_538],  with error: Error: Failed to submit trasaction with status code: 11
2026.09.17-14:52:08.988[31m error[39m [caliper] [connectors/peer-gateway/PeerGateway] 	Failed to perform submit transaction [Transfer] using arguments [wlt_c_20260917-pilot6_calibration-retail-transfer-low-4w-40tps-r5_retail-transfer-low_w1_1,wlt_c_20260917-pilot6_calibration-retail-transfer-low-4w-40tps-r5_retail-transfer-low_w1_26,1000,transfer_20260917-pilot6_calibration-retail-transfer-low-4w-40tps-r5_retail-transfer-low_w1_r1_540],  with error: Error: Failed to submit trasaction with status code: 11
2026.09.17-14:52:09.000[31m error[39m [caliper] [connectors/peer-gateway/PeerGateway] 	Failed to perform submit transaction [Transfer] using arguments [wlt_c_20260917-pilot6_calibration-retail-transfer-low-4w-40tps-r5_retail-transfer-low_w3_24,wlt_c_20260917-pilot6_calibration-retail-transfer-low-4w-40tps-r5_retail-transfer-low_w3_49,1000,transfer_20260917-pilot6_calibration-retail-transfer-low-4w-40tps-r5_retail-transfer-low_w3_r1_539],  with error: Error: Failed to submit trasaction with status code: 11
2026.09.17-14:52:09.042[32m info [39m [caliper] [default-observer] 	[retail-transfer-low-40tps Round 1 Transaction Info] - Submitted: 2399 Succ: 654 Fail:1499 Unfinished:246
2026.09.17-14:52:09.106[31m error[39m [caliper] [connectors/peer-gateway/PeerGateway] 	Failed to perform submit transaction [Transfer] using arguments [wlt_c_20260917-pilot6_calibration-retail-transfer-low-4w-40tps-r5_retail-transfer-low_w3_4,wlt_c_20260917-pilot6_calibration-retail-transfer-low-4w-40tps-r5_retail-transfer-low_w3_29,1000,transfer_20260917-pilot6_calibration-retail-transfer-low-4w-40tps-r5_retail-transfer-low_w3_r1_543],  with error: Error: Failed to submit trasaction with status code: 11
2026.09.17-14:52:09.111[31m error[39m [caliper] [connectors/peer-gateway/PeerGateway] 	Failed to perform submit transaction [Transfer] using arguments [wlt_c_20260917-pilot6_calibration-retail-transfer-low-4w-40tps-r5_retail-transfer-low_w0_3,wlt_c_20260917-pilot6_calibration-retail-transfer-low-4w-40tps-r5_retail-transfer-low_w0_28,1000,transfer_20260917-pilot6_calibration-retail-transfer-low-4w-40tps-r5_retail-transfer-low_w0_r1_542],  with error: Error: Failed to submit trasaction with status code: 11
2026.09.17-14:52:09.120[31m error[39m [caliper] [connectors/peer-gateway/PeerGateway] 	Failed to perform submit transaction [Transfer] using arguments [wlt_c_20260917-pilot6_calibration-retail-transfer-low-4w-40tps-r5_retail-transfer-low_w3_2,wlt_c_20260917-pilot6_calibration-retail-transfer-low-4w-40tps-r5_retail-transfer-low_w3_27,1000,transfer_20260917-pilot6_calibration-retail-transfer-low-4w-40tps-r5_retail-transfer-low_w3_r1_541],  with error: Error: Failed to submit trasaction with status code: 11
2026.09.17-14:52:09.120[31m error[39m [caliper] [connectors/peer-gateway/PeerGateway] 	Failed to perform submit transaction [Transfer] using arguments [wlt_c_20260917-pilot6_calibration-retail-transfer-low-4w-40tps-r5_retail-transfer-low_w3_3,wlt_c_20260917-pilot6_calibration-retail-transfer-low-4w-40tps-r5_retail-transfer-low_w3_28,1000,transfer_20260917-pilot6_calibration-retail-transfer-low-4w-40tps-r5_retail-transfer-low_w3_r1_542],  with error: Error: Failed to submit trasaction with status code: 11
2026.09.17-14:52:09.123[31m error[39m [caliper] [connectors/peer-gateway/PeerGateway] 	Failed to perform submit transaction [Transfer] using arguments [wlt_c_20260917-pilot6_calibration-retail-transfer-low-4w-40tps-r5_retail-transfer-low_w0_1,wlt_c_20260917-pilot6_calibration-retail-transfer-low-4w-40tps-r5_retail-transfer-low_w0_26,1000,transfer_20260917-pilot6_calibration-retail-transfer-low-4w-40tps-r5_retail-transfer-low_w0_r1_540],  with error: Error: Failed to submit trasaction with status code: 11
2026.09.17-14:52:09.124[31m error[39m [caliper] [connectors/peer-gateway/PeerGateway] 	Failed to perform submit transaction [Transfer] using arguments [wlt_c_20260917-pilot6_calibration-retail-transfer-low-4w-40tps-r5_retail-transfer-low_w0_2,wlt_c_20260917-pilot6_calibration-retail-transfer-low-4w-40tps-r5_retail-transfer-low_w0_27,1000,transfer_20260917-pilot6_calibration-retail-transfer-low-4w-40tps-r5_retail-transfer-low_w0_r1_541],  with error: Error: Failed to submit trasaction with status code: 11
2026.09.17-14:52:09.129[31m error[39m [caliper] [connectors/peer-gateway/PeerGateway] 	Failed to perform submit transaction [Transfer] using arguments [wlt_c_20260917-pilot6_calibration-retail-transfer-low-4w-40tps-r5_retail-transfer-low_w2_3,wlt_c_20260917-pilot6_calibration-retail-transfer-low-4w-40tps-r5_retail-transfer-low_w2_28,1000,transfer_20260917-pilot6_calibration-retail-transfer-low-4w-40tps-r5_retail-transfer-low_w2_r1_542],  with error: Error: Failed to submit trasaction with status code: 11
2026.09.17-14:52:09.357[31m error[39m [caliper] [connectors/peer-gateway/PeerGateway] 	Failed to perform submit transaction [Transfer] using arguments [wlt_c_20260917-pilot6_calibration-retail-transfer-low-4w-40tps-r5_retail-transfer-low_w0_4,wlt_c_20260917-pilot6_calibration-retail-transfer-low-4w-40tps-r5_retail-transfer-low_w0_29,1000,transfer_20260917-pilot6_calibration-retail-transfer-low-4w-40tps-r5_retail-transfer-low_w0_r1_543],  with error: Error: Failed to submit trasaction with status code: 11
2026.09.17-14:52:09.361[31m error[39m [caliper] [connectors/peer-gateway/PeerGateway] 	Failed to perform submit transaction [Transfer] using arguments [wlt_c_20260917-pilot6_calibration-retail-transfer-low-4w-40tps-r5_retail-transfer-low_w0_6,wlt_c_20260917-pilot6_calibration-retail-transfer-low-4w-40tps-r5_retail-transfer-low_w0_31,1000,transfer_20260917-pilot6_calibration-retail-transfer-low-4w-40tps-r5_retail-transfer-low_w0_r1_544],  with error: Error: Failed to submit trasaction with status code: 11
2026.09.17-14:52:09.363[31m error[39m [caliper] [connectors/peer-gateway/PeerGateway] 	Failed to perform submit transaction [Transfer] using arguments [wlt_c_20260917-pilot6_calibration-retail-transfer-low-4w-40tps-r5_retail-transfer-low_w2_6,wlt_c_20260917-pilot6_calibration-retail-transfer-low-4w-40tps-r5_retail-transfer-low_w2_31,1000,transfer_20260917-pilot6_calibration-retail-transfer-low-4w-40tps-r5_retail-transfer-low_w2_r1_544],  with error: Error: Failed to submit trasaction with status code: 11
2026.09.17-14:52:09.366[31m error[39m [caliper] [connectors/peer-gateway/PeerGateway] 	Failed to perform submit transaction [Transfer] using arguments [wlt_c_20260917-pilot6_calibration-retail-transfer-low-4w-40tps-r5_retail-transfer-low_w1_12,wlt_c_20260917-pilot6_calibration-retail-transfer-low-4w-40tps-r5_retail-transfer-low_w1_37,1000,transfer_20260917-pilot6_calibration-retail-transfer-low-4w-40tps-r5_retail-transfer-low_w1_r1_549],  with error: Error: Failed to submit trasaction with status code: 11
2026.09.17-14:52:09.515[31m error[39m [caliper] [connectors/peer-gateway/PeerGateway] 	Failed to perform submit transaction [Transfer] using arguments [wlt_c_20260917-pilot6_calibration-retail-transfer-low-4w-40tps-r5_retail-transfer-low_w1_8,wlt_c_20260917-pilot6_calibration-retail-transfer-low-4w-40tps-r5_retail-transfer-low_w1_33,1000,transfer_20260917-pilot6_calibration-retail-transfer-low-4w-40tps-r5_retail-transfer-low_w1_r1_546],  with error: Error: Failed to submit trasaction with status code: 11
2026.09.17-14:52:09.521[31m error[39m [caliper] [connectors/peer-gateway/PeerGateway] 	Failed to perform submit transaction [Transfer] using arguments [wlt_c_20260917-pilot6_calibration-retail-transfer-low-4w-40tps-r5_retail-transfer-low_w3_11,wlt_c_20260917-pilot6_calibration-retail-transfer-low-4w-40tps-r5_retail-transfer-low_w3_36,1000,transfer_20260917-pilot6_calibration-retail-transfer-low-4w-40tps-r5_retail-transfer-low_w3_r1_548],  with error: Error: Failed to submit trasaction with status code: 11
2026.09.17-14:52:09.521[31m error[39m [caliper] [connectors/peer-gateway/PeerGateway] 	Failed to perform submit transaction [Transfer] using arguments [wlt_c_20260917-pilot6_calibration-retail-transfer-low-4w-40tps-r5_retail-transfer-low_w1_6,wlt_c_20260917-pilot6_calibration-retail-transfer-low-4w-40tps-r5_retail-transfer-low_w1_31,1000,transfer_20260917-pilot6_calibration-retail-transfer-low-4w-40tps-r5_retail-transfer-low_w1_r1_544],  with error: Error: Failed to submit trasaction with status code: 11
2026.09.17-14:52:09.522[31m error[39m [caliper] [connectors/peer-gateway/PeerGateway] 	Failed to perform submit transaction [Transfer] using arguments [wlt_c_20260917-pilot6_calibration-retail-transfer-low-4w-40tps-r5_retail-transfer-low_w1_7,wlt_c_20260917-pilot6_calibration-retail-transfer-low-4w-40tps-r5_retail-transfer-low_w1_32,1000,transfer_20260917-pilot6_calibration-retail-transfer-low-4w-40tps-r5_retail-transfer-low_w1_r1_545],  with error: Error: Failed to submit trasaction with status code: 11
2026.09.17-14:52:09.523[31m error[39m [caliper] [connectors/peer-gateway/PeerGateway] 	Failed to perform submit transaction [Transfer] using arguments [wlt_c_20260917-pilot6_calibration-retail-transfer-low-4w-40tps-r5_retail-transfer-low_w2_12,wlt_c_20260917-pilot6_calibration-retail-transfer-low-4w-40tps-r5_retail-transfer-low_w2_37,1000,transfer_20260917-pilot6_calibration-retail-transfer-low-4w-40tps-r5_retail-transfer-low_w2_r1_549],  with error: Error: Failed to submit trasaction with status code: 11
2026.09.17-14:52:09.524[31m error[39m [caliper] [connectors/peer-gateway/PeerGateway] 	Failed to perform submit transaction [Transfer] using arguments [wlt_c_20260917-pilot6_calibration-retail-transfer-low-4w-40tps-r5_retail-transfer-low_w2_9,wlt_c_20260917-pilot6_calibration-retail-transfer-low-4w-40tps-r5_retail-transfer-low_w2_34,1000,transfer_20260917-pilot6_calibration-retail-transfer-low-4w-40tps-r5_retail-transfer-low_w2_r1_547],  with error: Error: Failed to submit trasaction with status code: 11
2026.09.17-14:52:09.532[31m error[39m [caliper] [connectors/peer-gateway/PeerGateway] 	Failed to perform submit transaction [Transfer] using arguments [wlt_c_20260917-pilot6_calibration-retail-transfer-low-4w-40tps-r5_retail-transfer-low_w3_12,wlt_c_20260917-pilot6_calibration-retail-transfer-low-4w-40tps-r5_retail-transfer-low_w3_37,1000,transfer_20260917-pilot6_calibration-retail-transfer-low-4w-40tps-r5_retail-transfer-low_w3_r1_549],  with error: Error: Failed to submit trasaction with status code: 11
2026.09.17-14:52:09.532[31m error[39m [caliper] [connectors/peer-gateway/PeerGateway] 	Failed to perform submit transaction [Transfer] using arguments [wlt_c_20260917-pilot6_calibration-retail-transfer-low-4w-40tps-r5_retail-transfer-low_w3_9,wlt_c_20260917-pilot6_calibration-retail-transfer-low-4w-40tps-r5_retail-transfer-low_w3_34,1000,transfer_20260917-pilot6_calibration-retail-transfer-low-4w-40tps-r5_retail-transfer-low_w3_r1_547],  with error: Error: Failed to submit trasaction with status code: 11
2026.09.17-14:52:09.537[31m error[39m [caliper] [connectors/peer-gateway/PeerGateway] 	Failed to perform submit transaction [Transfer] using arguments [wlt_c_20260917-pilot6_calibration-retail-transfer-low-4w-40tps-r5_retail-transfer-low_w0_12,wlt_c_20260917-pilot6_calibration-retail-transfer-low-4w-40tps-r5_retail-transfer-low_w0_37,1000,transfer_20260917-pilot6_calibration-retail-transfer-low-4w-40tps-r5_retail-transfer-low_w0_r1_549],  with error: Error: Failed to submit trasaction with status code: 11
2026.09.17-14:52:09.723[31m error[39m [caliper] [connectors/peer-gateway/PeerGateway] 	Failed to perform submit transaction [Transfer] using arguments [wlt_c_20260917-pilot6_calibration-retail-transfer-low-4w-40tps-r5_retail-transfer-low_w0_9,wlt_c_20260917-pilot6_calibration-retail-transfer-low-4w-40tps-r5_retail-transfer-low_w0_34,1000,transfer_20260917-pilot6_calibration-retail-transfer-low-4w-40tps-r5_retail-transfer-low_w0_r1_547],  with error: Error: Failed to submit trasaction with status code: 11
2026.09.17-14:52:09.725[31m error[39m [caliper] [connectors/peer-gateway/PeerGateway] 	Failed to perform submit transaction [Transfer] using arguments [wlt_c_20260917-pilot6_calibration-retail-transfer-low-4w-40tps-r5_retail-transfer-low_w2_8,wlt_c_20260917-pilot6_calibration-retail-transfer-low-4w-40tps-r5_retail-transfer-low_w2_33,1000,transfer_20260917-pilot6_calibration-retail-transfer-low-4w-40tps-r5_retail-transfer-low_w2_r1_546],  with error: Error: Failed to submit trasaction with status code: 11
2026.09.17-14:52:09.728[31m error[39m [caliper] [connectors/peer-gateway/PeerGateway] 	Failed to perform submit transaction [Transfer] using arguments [wlt_c_20260917-pilot6_calibration-retail-transfer-low-4w-40tps-r5_retail-transfer-low_w3_7,wlt_c_20260917-pilot6_calibration-retail-transfer-low-4w-40tps-r5_retail-transfer-low_w3_32,1000,transfer_20260917-pilot6_calibration-retail-transfer-low-4w-40tps-r5_retail-transfer-low_w3_r1_545],  with error: Error: Failed to submit trasaction with status code: 11
2026.09.17-14:52:09.733[31m error[39m [caliper] [connectors/peer-gateway/PeerGateway] 	Failed to perform submit transaction [Transfer] using arguments [wlt_c_20260917-pilot6_calibration-retail-transfer-low-4w-40tps-r5_retail-transfer-low_w0_13,wlt_c_20260917-pilot6_calibration-retail-transfer-low-4w-40tps-r5_retail-transfer-low_w0_38,1000,transfer_20260917-pilot6_calibration-retail-transfer-low-4w-40tps-r5_retail-transfer-low_w0_r1_550],  with error: Error: Failed to submit trasaction with status code: 11
2026.09.17-14:52:09.737[31m error[39m [caliper] [connectors/peer-gateway/PeerGateway] 	Failed to perform submit transaction [Transfer] using arguments [wlt_c_20260917-pilot6_calibration-retail-transfer-low-4w-40tps-r5_retail-transfer-low_w2_7,wlt_c_20260917-pilot6_calibration-retail-transfer-low-4w-40tps-r5_retail-transfer-low_w2_32,1000,transfer_20260917-pilot6_calibration-retail-transfer-low-4w-40tps-r5_retail-transfer-low_w2_r1_545],  with error: Error: Failed to submit trasaction with status code: 11
2026.09.17-14:52:09.738[31m error[39m [caliper] [connectors/peer-gateway/PeerGateway] 	Failed to perform submit transaction [Transfer] using arguments [wlt_c_20260917-pilot6_calibration-retail-transfer-low-4w-40tps-r5_retail-transfer-low_w2_14,wlt_c_20260917-pilot6_calibration-retail-transfer-low-4w-40tps-r5_retail-transfer-low_w2_39,1000,transfer_20260917-pilot6_calibration-retail-transfer-low-4w-40tps-r5_retail-transfer-low_w2_r1_551],  with error: Error: Failed to submit trasaction with status code: 11
2026.09.17-14:52:09.738[31m error[39m [caliper] [connectors/peer-gateway/PeerGateway] 	Failed to perform submit transaction [Transfer] using arguments [wlt_c_20260917-pilot6_calibration-retail-transfer-low-4w-40tps-r5_retail-transfer-low_w2_13,wlt_c_20260917-pilot6_calibration-retail-transfer-low-4w-40tps-r5_retail-transfer-low_w2_38,1000,transfer_20260917-pilot6_calibration-retail-transfer-low-4w-40tps-r5_retail-transfer-low_w2_r1_550],  with error: Error: Failed to submit trasaction with status code: 11
2026.09.17-14:52:09.742[31m error[39m [caliper] [connectors/peer-gateway/PeerGateway] 	Failed to perform submit transaction [Transfer] using arguments [wlt_c_20260917-pilot6_calibration-retail-transfer-low-4w-40tps-r5_retail-transfer-low_w3_8,wlt_c_20260917-pilot6_calibration-retail-transfer-low-4w-40tps-r5_retail-transfer-low_w3_33,1000,transfer_20260917-pilot6_calibration-retail-transfer-low-4w-40tps-r5_retail-transfer-low_w3_r1_546],  with error: Error: Failed to submit trasaction with status code: 11
2026.09.17-14:52:09.805[31m error[39m [caliper] [connectors/peer-gateway/PeerGateway] 	Failed to perform submit transaction [Transfer] using arguments [wlt_c_20260917-pilot6_calibration-retail-transfer-low-4w-40tps-r5_retail-transfer-low_w0_16,wlt_c_20260917-pilot6_calibration-retail-transfer-low-4w-40tps-r5_retail-transfer-low_w0_41,1000,transfer_20260917-pilot6_calibration-retail-transfer-low-4w-40tps-r5_retail-transfer-low_w0_r1_552],  with error: Error: Failed to submit trasaction with status code: 11
2026.09.17-14:52:09.820[31m error[39m [caliper] [connectors/peer-gateway/PeerGateway] 	Failed to perform submit transaction [Transfer] using arguments [wlt_c_20260917-pilot6_calibration-retail-transfer-low-4w-40tps-r5_retail-transfer-low_w3_13,wlt_c_20260917-pilot6_calibration-retail-transfer-low-4w-40tps-r5_retail-transfer-low_w3_38,1000,transfer_20260917-pilot6_calibration-retail-transfer-low-4w-40tps-r5_retail-transfer-low_w3_r1_550],  with error: Error: Failed to submit trasaction with status code: 11
2026.09.17-14:52:09.822[31m error[39m [caliper] [connectors/peer-gateway/PeerGateway] 	Failed to perform submit transaction [Transfer] using arguments [wlt_c_20260917-pilot6_calibration-retail-transfer-low-4w-40tps-r5_retail-transfer-low_w2_17,wlt_c_20260917-pilot6_calibration-retail-transfer-low-4w-40tps-r5_retail-transfer-low_w2_42,1000,transfer_20260917-pilot6_calibration-retail-transfer-low-4w-40tps-r5_retail-transfer-low_w2_r1_553],  with error: Error: Failed to submit trasaction with status code: 11
2026.09.17-14:52:09.829[31m error[39m [caliper] [connectors/peer-gateway/PeerGateway] 	Failed to perform submit transaction [Transfer] using arguments [wlt_c_20260917-pilot6_calibration-retail-transfer-low-4w-40tps-r5_retail-transfer-low_w2_16,wlt_c_20260917-pilot6_calibration-retail-transfer-low-4w-40tps-r5_retail-transfer-low_w2_41,1000,transfer_20260917-pilot6_calibration-retail-transfer-low-4w-40tps-r5_retail-transfer-low_w2_r1_552],  with error: Error: Failed to submit trasaction with status code: 11
2026.09.17-14:52:09.831[31m error[39m [caliper] [connectors/peer-gateway/PeerGateway] 	Failed to perform submit transaction [Transfer] using arguments [wlt_c_20260917-pilot6_calibration-retail-transfer-low-4w-40tps-r5_retail-transfer-low_w1_13,wlt_c_20260917-pilot6_calibration-retail-transfer-low-4w-40tps-r5_retail-transfer-low_w1_38,1000,transfer_20260917-pilot6_calibration-retail-transfer-low-4w-40tps-r5_retail-transfer-low_w1_r1_550],  with error: Error: Failed to submit trasaction with status code: 11
2026.09.17-14:52:09.827[31m error[39m [caliper] [connectors/peer-gateway/PeerGateway] 	Failed to perform submit transaction [Transfer] using arguments [wlt_c_20260917-pilot6_calibration-retail-transfer-low-4w-40tps-r5_retail-transfer-low_w3_14,wlt_c_20260917-pilot6_calibration-retail-transfer-low-4w-40tps-r5_retail-transfer-low_w3_39,1000,transfer_20260917-pilot6_calibration-retail-transfer-low-4w-40tps-r5_retail-transfer-low_w3_r1_551],  with error: Error: Failed to submit trasaction with status code: 11
2026.09.17-14:52:09.834[31m error[39m [caliper] [connectors/peer-gateway/PeerGateway] 	Failed to perform submit transaction [Transfer] using arguments [wlt_c_20260917-pilot6_calibration-retail-transfer-low-4w-40tps-r5_retail-transfer-low_w0_14,wlt_c_20260917-pilot6_calibration-retail-transfer-low-4w-40tps-r5_retail-transfer-low_w0_39,1000,transfer_20260917-pilot6_calibration-retail-transfer-low-4w-40tps-r5_retail-transfer-low_w0_r1_551],  with error: Error: Failed to submit trasaction with status code: 11
2026.09.17-14:52:09.835[31m error[39m [caliper] [connectors/peer-gateway/PeerGateway] 	Failed to perform submit transaction [Transfer] using arguments [wlt_c_20260917-pilot6_calibration-retail-transfer-low-4w-40tps-r5_retail-transfer-low_w1_16,wlt_c_20260917-pilot6_calibration-retail-transfer-low-4w-40tps-r5_retail-transfer-low_w1_41,1000,transfer_20260917-pilot6_calibration-retail-transfer-low-4w-40tps-r5_retail-transfer-low_w1_r1_552],  with error: Error: Failed to submit trasaction with status code: 11
2026.09.17-14:52:09.832[31m error[39m [caliper] [connectors/peer-gateway/PeerGateway] 	Failed to perform submit transaction [Transfer] using arguments [wlt_c_20260917-pilot6_calibration-retail-transfer-low-4w-40tps-r5_retail-transfer-low_w3_16,wlt_c_20260917-pilot6_calibration-retail-transfer-low-4w-40tps-r5_retail-transfer-low_w3_41,1000,transfer_20260917-pilot6_calibration-retail-transfer-low-4w-40tps-r5_retail-transfer-low_w3_r1_552],  with error: Error: Failed to submit trasaction with status code: 11
2026.09.17-14:52:09.841[31m error[39m [caliper] [connectors/peer-gateway/PeerGateway] 	Failed to perform submit transaction [Transfer] using arguments [wlt_c_20260917-pilot6_calibration-retail-transfer-low-4w-40tps-r5_retail-transfer-low_w1_14,wlt_c_20260917-pilot6_calibration-retail-transfer-low-4w-40tps-r5_retail-transfer-low_w1_39,1000,transfer_20260917-pilot6_calibration-retail-transfer-low-4w-40tps-r5_retail-transfer-low_w1_r1_551],  with error: Error: Failed to submit trasaction with status code: 11
2026.09.17-14:52:09.928[31m error[39m [caliper] [connectors/peer-gateway/PeerGateway] 	Failed to perform submit transaction [Transfer] using arguments [wlt_c_20260917-pilot6_calibration-retail-transfer-low-4w-40tps-r5_retail-transfer-low_w0_18,wlt_c_20260917-pilot6_calibration-retail-transfer-low-4w-40tps-r5_retail-transfer-low_w0_43,1000,transfer_20260917-pilot6_calibration-retail-transfer-low-4w-40tps-r5_retail-transfer-low_w0_r1_554],  with error: Error: Failed to submit trasaction with status code: 11
2026.09.17-14:52:09.933[31m error[39m [caliper] [connectors/peer-gateway/PeerGateway] 	Failed to perform submit transaction [Transfer] using arguments [wlt_c_20260917-pilot6_calibration-retail-transfer-low-4w-40tps-r5_retail-transfer-low_w1_18,wlt_c_20260917-pilot6_calibration-retail-transfer-low-4w-40tps-r5_retail-transfer-low_w1_43,1000,transfer_20260917-pilot6_calibration-retail-transfer-low-4w-40tps-r5_retail-transfer-low_w1_r1_554],  with error: Error: Failed to submit trasaction with status code: 11
2026.09.17-14:52:09.934[31m error[39m [caliper] [connectors/peer-gateway/PeerGateway] 	Failed to perform submit transaction [Transfer] using arguments [wlt_c_20260917-pilot6_calibration-retail-transfer-low-4w-40tps-r5_retail-transfer-low_w1_17,wlt_c_20260917-pilot6_calibration-retail-transfer-low-4w-40tps-r5_retail-transfer-low_w1_42,1000,transfer_20260917-pilot6_calibration-retail-transfer-low-4w-40tps-r5_retail-transfer-low_w1_r1_553],  with error: Error: Failed to submit trasaction with status code: 11
2026.09.17-14:52:09.939[31m error[39m [caliper] [connectors/peer-gateway/PeerGateway] 	Failed to perform submit transaction [Transfer] using arguments [wlt_c_20260917-pilot6_calibration-retail-transfer-low-4w-40tps-r5_retail-transfer-low_w2_18,wlt_c_20260917-pilot6_calibration-retail-transfer-low-4w-40tps-r5_retail-transfer-low_w2_43,1000,transfer_20260917-pilot6_calibration-retail-transfer-low-4w-40tps-r5_retail-transfer-low_w2_r1_554],  with error: Error: Failed to submit trasaction with status code: 11
2026.09.17-14:52:09.940[31m error[39m [caliper] [connectors/peer-gateway/PeerGateway] 	Failed to perform submit transaction [Transfer] using arguments [wlt_c_20260917-pilot6_calibration-retail-transfer-low-4w-40tps-r5_retail-transfer-low_w3_18,wlt_c_20260917-pilot6_calibration-retail-transfer-low-4w-40tps-r5_retail-transfer-low_w3_43,1000,transfer_20260917-pilot6_calibration-retail-transfer-low-4w-40tps-r5_retail-transfer-low_w3_r1_554],  with error: Error: Failed to submit trasaction with status code: 11
2026.09.17-14:52:09.943[31m error[39m [caliper] [connectors/peer-gateway/PeerGateway] 	Failed to perform submit transaction [Transfer] using arguments [wlt_c_20260917-pilot6_calibration-retail-transfer-low-4w-40tps-r5_retail-transfer-low_w2_19,wlt_c_20260917-pilot6_calibration-retail-transfer-low-4w-40tps-r5_retail-transfer-low_w2_44,1000,transfer_20260917-pilot6_calibration-retail-transfer-low-4w-40tps-r5_retail-transfer-low_w2_r1_555],  with error: Error: Failed to submit trasaction with status code: 11
2026.09.17-14:52:09.946[31m error[39m [caliper] [connectors/peer-gateway/PeerGateway] 	Failed to perform submit transaction [Transfer] using arguments [wlt_c_20260917-pilot6_calibration-retail-transfer-low-4w-40tps-r5_retail-transfer-low_w0_17,wlt_c_20260917-pilot6_calibration-retail-transfer-low-4w-40tps-r5_retail-transfer-low_w0_42,1000,transfer_20260917-pilot6_calibration-retail-transfer-low-4w-40tps-r5_retail-transfer-low_w0_r1_553],  with error: Error: Failed to submit trasaction with status code: 11
2026.09.17-14:52:09.946[31m error[39m [caliper] [connectors/peer-gateway/PeerGateway] 	Failed to perform submit transaction [Transfer] using arguments [wlt_c_20260917-pilot6_calibration-retail-transfer-low-4w-40tps-r5_retail-transfer-low_w0_19,wlt_c_20260917-pilot6_calibration-retail-transfer-low-4w-40tps-r5_retail-transfer-low_w0_44,1000,transfer_20260917-pilot6_calibration-retail-transfer-low-4w-40tps-r5_retail-transfer-low_w0_r1_555],  with error: Error: Failed to submit trasaction with status code: 11
2026.09.17-14:52:09.949[31m error[39m [caliper] [connectors/peer-gateway/PeerGateway] 	Failed to perform submit transaction [Transfer] using arguments [wlt_c_20260917-pilot6_calibration-retail-transfer-low-4w-40tps-r5_retail-transfer-low_w3_17,wlt_c_20260917-pilot6_calibration-retail-transfer-low-4w-40tps-r5_retail-transfer-low_w3_42,1000,transfer_20260917-pilot6_calibration-retail-transfer-low-4w-40tps-r5_retail-transfer-low_w3_r1_553],  with error: Error: Failed to submit trasaction with status code: 11
2026.09.17-14:52:09.949[31m error[39m [caliper] [connectors/peer-gateway/PeerGateway] 	Failed to perform submit transaction [Transfer] using arguments [wlt_c_20260917-pilot6_calibration-retail-transfer-low-4w-40tps-r5_retail-transfer-low_w3_19,wlt_c_20260917-pilot6_calibration-retail-transfer-low-4w-40tps-r5_retail-transfer-low_w3_44,1000,transfer_20260917-pilot6_calibration-retail-transfer-low-4w-40tps-r5_retail-transfer-low_w3_r1_555],  with error: Error: Failed to submit trasaction with status code: 11
2026.09.17-14:52:10.039[31m error[39m [caliper] [connectors/peer-gateway/PeerGateway] 	Failed to perform submit transaction [Transfer] using arguments [wlt_c_20260917-pilot6_calibration-retail-transfer-low-4w-40tps-r5_retail-transfer-low_w2_23,wlt_c_20260917-pilot6_calibration-retail-transfer-low-4w-40tps-r5_retail-transfer-low_w2_48,1000,transfer_20260917-pilot6_calibration-retail-transfer-low-4w-40tps-r5_retail-transfer-low_w2_r1_558],  with error: Error: Failed to submit trasaction with status code: 11
2026.09.17-14:52:10.041[31m error[39m [caliper] [connectors/peer-gateway/PeerGateway] 	Failed to perform submit transaction [Transfer] using arguments [wlt_c_20260917-pilot6_calibration-retail-transfer-low-4w-40tps-r5_retail-transfer-low_w0_21,wlt_c_20260917-pilot6_calibration-retail-transfer-low-4w-40tps-r5_retail-transfer-low_w0_46,1000,transfer_20260917-pilot6_calibration-retail-transfer-low-4w-40tps-r5_retail-transfer-low_w0_r1_556],  with error: Error: Failed to submit trasaction with status code: 11
2026.09.17-14:52:10.046[31m error[39m [caliper] [connectors/peer-gateway/PeerGateway] 	Failed to perform submit transaction [Transfer] using arguments [wlt_c_20260917-pilot6_calibration-retail-transfer-low-4w-40tps-r5_retail-transfer-low_w1_22,wlt_c_20260917-pilot6_calibration-retail-transfer-low-4w-40tps-r5_retail-transfer-low_w1_47,1000,transfer_20260917-pilot6_calibration-retail-transfer-low-4w-40tps-r5_retail-transfer-low_w1_r1_557],  with error: Error: Failed to submit trasaction with status code: 11
2026.09.17-14:52:10.046[31m error[39m [caliper] [connectors/peer-gateway/PeerGateway] 	Failed to perform submit transaction [Transfer] using arguments [wlt_c_20260917-pilot6_calibration-retail-transfer-low-4w-40tps-r5_retail-transfer-low_w3_21,wlt_c_20260917-pilot6_calibration-retail-transfer-low-4w-40tps-r5_retail-transfer-low_w3_46,1000,transfer_20260917-pilot6_calibration-retail-transfer-low-4w-40tps-r5_retail-transfer-low_w3_r1_556],  with error: Error: Failed to submit trasaction with status code: 11
2026.09.17-14:52:10.046[31m error[39m [caliper] [connectors/peer-gateway/PeerGateway] 	Failed to perform submit transaction [Transfer] using arguments [wlt_c_20260917-pilot6_calibration-retail-transfer-low-4w-40tps-r5_retail-transfer-low_w1_19,wlt_c_20260917-pilot6_calibration-retail-transfer-low-4w-40tps-r5_retail-transfer-low_w1_44,1000,transfer_20260917-pilot6_calibration-retail-transfer-low-4w-40tps-r5_retail-transfer-low_w1_r1_555],  with error: Error: Failed to submit trasaction with status code: 11
2026.09.17-14:52:10.047[31m error[39m [caliper] [connectors/peer-gateway/PeerGateway] 	Failed to perform submit transaction [Transfer] using arguments [wlt_c_20260917-pilot6_calibration-retail-transfer-low-4w-40tps-r5_retail-transfer-low_w1_21,wlt_c_20260917-pilot6_calibration-retail-transfer-low-4w-40tps-r5_retail-transfer-low_w1_46,1000,transfer_20260917-pilot6_calibration-retail-transfer-low-4w-40tps-r5_retail-transfer-low_w1_r1_556],  with error: Error: Failed to submit trasaction with status code: 11
2026.09.17-14:52:10.047[31m error[39m [caliper] [connectors/peer-gateway/PeerGateway] 	Failed to perform submit transaction [Transfer] using arguments [wlt_c_20260917-pilot6_calibration-retail-transfer-low-4w-40tps-r5_retail-transfer-low_w1_23,wlt_c_20260917-pilot6_calibration-retail-transfer-low-4w-40tps-r5_retail-transfer-low_w1_48,1000,transfer_20260917-pilot6_calibration-retail-transfer-low-4w-40tps-r5_retail-transfer-low_w1_r1_558],  with error: Error: Failed to submit trasaction with status code: 11
2026.09.17-14:52:10.050[31m error[39m [caliper] [connectors/peer-gateway/PeerGateway] 	Failed to perform submit transaction [Transfer] using arguments [wlt_c_20260917-pilot6_calibration-retail-transfer-low-4w-40tps-r5_retail-transfer-low_w0_23,wlt_c_20260917-pilot6_calibration-retail-transfer-low-4w-40tps-r5_retail-transfer-low_w0_48,1000,transfer_20260917-pilot6_calibration-retail-transfer-low-4w-40tps-r5_retail-transfer-low_w0_r1_558],  with error: Error: Failed to submit trasaction with status code: 11
2026.09.17-14:52:10.051[31m error[39m [caliper] [connectors/peer-gateway/PeerGateway] 	Failed to perform submit transaction [Transfer] using arguments [wlt_c_20260917-pilot6_calibration-retail-transfer-low-4w-40tps-r5_retail-transfer-low_w0_22,wlt_c_20260917-pilot6_calibration-retail-transfer-low-4w-40tps-r5_retail-transfer-low_w0_47,1000,transfer_20260917-pilot6_calibration-retail-transfer-low-4w-40tps-r5_retail-transfer-low_w0_r1_557],  with error: Error: Failed to submit trasaction with status code: 11
2026.09.17-14:52:10.057[31m error[39m [caliper] [connectors/peer-gateway/PeerGateway] 	Failed to perform submit transaction [Transfer] using arguments [wlt_c_20260917-pilot6_calibration-retail-transfer-low-4w-40tps-r5_retail-transfer-low_w2_21,wlt_c_20260917-pilot6_calibration-retail-transfer-low-4w-40tps-r5_retail-transfer-low_w2_46,1000,transfer_20260917-pilot6_calibration-retail-transfer-low-4w-40tps-r5_retail-transfer-low_w2_r1_556],  with error: Error: Failed to submit trasaction with status code: 11
2026.09.17-14:52:10.124[31m error[39m [caliper] [connectors/peer-gateway/PeerGateway] 	Failed to perform submit transaction [Transfer] using arguments [wlt_c_20260917-pilot6_calibration-retail-transfer-low-4w-40tps-r5_retail-transfer-low_w3_23,wlt_c_20260917-pilot6_calibration-retail-transfer-low-4w-40tps-r5_retail-transfer-low_w3_48,1000,transfer_20260917-pilot6_calibration-retail-transfer-low-4w-40tps-r5_retail-transfer-low_w3_r1_558],  with error: Error: Failed to submit trasaction with status code: 11
2026.09.17-14:52:10.133[31m error[39m [caliper] [connectors/peer-gateway/PeerGateway] 	Failed to perform submit transaction [Transfer] using arguments [wlt_c_20260917-pilot6_calibration-retail-transfer-low-4w-40tps-r5_retail-transfer-low_w0_24,wlt_c_20260917-pilot6_calibration-retail-transfer-low-4w-40tps-r5_retail-transfer-low_w0_49,1000,transfer_20260917-pilot6_calibration-retail-transfer-low-4w-40tps-r5_retail-transfer-low_w0_r1_559],  with error: Error: Failed to submit trasaction with status code: 11
2026.09.17-14:52:10.135[31m error[39m [caliper] [connectors/peer-gateway/PeerGateway] 	Failed to perform submit transaction [Transfer] using arguments [wlt_c_20260917-pilot6_calibration-retail-transfer-low-4w-40tps-r5_retail-transfer-low_w2_22,wlt_c_20260917-pilot6_calibration-retail-transfer-low-4w-40tps-r5_retail-transfer-low_w2_47,1000,transfer_20260917-pilot6_calibration-retail-transfer-low-4w-40tps-r5_retail-transfer-low_w2_r1_557],  with error: Error: Failed to submit trasaction with status code: 11
2026.09.17-14:52:10.136[31m error[39m [caliper] [connectors/peer-gateway/PeerGateway] 	Failed to perform submit transaction [Transfer] using arguments [wlt_c_20260917-pilot6_calibration-retail-transfer-low-4w-40tps-r5_retail-transfer-low_w1_1,wlt_c_20260917-pilot6_calibration-retail-transfer-low-4w-40tps-r5_retail-transfer-low_w1_26,1000,transfer_20260917-pilot6_calibration-retail-transfer-low-4w-40tps-r5_retail-transfer-low_w1_r1_560],  with error: Error: Failed to submit trasaction with status code: 11
2026.09.17-14:52:10.137[31m error[39m [caliper] [connectors/peer-gateway/PeerGateway] 	Failed to perform submit transaction [Transfer] using arguments [wlt_c_20260917-pilot6_calibration-retail-transfer-low-4w-40tps-r5_retail-transfer-low_w2_1,wlt_c_20260917-pilot6_calibration-retail-transfer-low-4w-40tps-r5_retail-transfer-low_w2_26,1000,transfer_20260917-pilot6_calibration-retail-transfer-low-4w-40tps-r5_retail-transfer-low_w2_r1_560],  with error: Error: Failed to submit trasaction with status code: 11
2026.09.17-14:52:10.138[31m error[39m [caliper] [connectors/peer-gateway/PeerGateway] 	Failed to perform submit transaction [Transfer] using arguments [wlt_c_20260917-pilot6_calibration-retail-transfer-low-4w-40tps-r5_retail-transfer-low_w1_24,wlt_c_20260917-pilot6_calibration-retail-transfer-low-4w-40tps-r5_retail-transfer-low_w1_49,1000,transfer_20260917-pilot6_calibration-retail-transfer-low-4w-40tps-r5_retail-transfer-low_w1_r1_559],  with error: Error: Failed to submit trasaction with status code: 11
2026.09.17-14:52:10.139[31m error[39m [caliper] [connectors/peer-gateway/PeerGateway] 	Failed to perform submit transaction [Transfer] using arguments [wlt_c_20260917-pilot6_calibration-retail-transfer-low-4w-40tps-r5_retail-transfer-low_w1_2,wlt_c_20260917-pilot6_calibration-retail-transfer-low-4w-40tps-r5_retail-transfer-low_w1_27,1000,transfer_20260917-pilot6_calibration-retail-transfer-low-4w-40tps-r5_retail-transfer-low_w1_r1_561],  with error: Error: Failed to submit trasaction with status code: 11
2026.09.17-14:52:10.142[31m error[39m [caliper] [connectors/peer-gateway/PeerGateway] 	Failed to perform submit transaction [Transfer] using arguments [wlt_c_20260917-pilot6_calibration-retail-transfer-low-4w-40tps-r5_retail-transfer-low_w3_22,wlt_c_20260917-pilot6_calibration-retail-transfer-low-4w-40tps-r5_retail-transfer-low_w3_47,1000,transfer_20260917-pilot6_calibration-retail-transfer-low-4w-40tps-r5_retail-transfer-low_w3_r1_557],  with error: Error: Failed to submit trasaction with status code: 11
2026.09.17-14:52:10.146[31m error[39m [caliper] [connectors/peer-gateway/PeerGateway] 	Failed to perform submit transaction [Transfer] using arguments [wlt_c_20260917-pilot6_calibration-retail-transfer-low-4w-40tps-r5_retail-transfer-low_w3_24,wlt_c_20260917-pilot6_calibration-retail-transfer-low-4w-40tps-r5_retail-transfer-low_w3_49,1000,transfer_20260917-pilot6_calibration-retail-transfer-low-4w-40tps-r5_retail-transfer-low_w3_r1_559],  with error: Error: Failed to submit trasaction with status code: 11
2026.09.17-14:52:10.146[31m error[39m [caliper] [connectors/peer-gateway/PeerGateway] 	Failed to perform submit transaction [Transfer] using arguments [wlt_c_20260917-pilot6_calibration-retail-transfer-low-4w-40tps-r5_retail-transfer-low_w3_1,wlt_c_20260917-pilot6_calibration-retail-transfer-low-4w-40tps-r5_retail-transfer-low_w3_26,1000,transfer_20260917-pilot6_calibration-retail-transfer-low-4w-40tps-r5_retail-transfer-low_w3_r1_560],  with error: Error: Failed to submit trasaction with status code: 11
2026.09.17-14:52:10.197[31m error[39m [caliper] [connectors/peer-gateway/PeerGateway] 	Failed to perform submit transaction [Transfer] using arguments [wlt_c_20260917-pilot6_calibration-retail-transfer-low-4w-40tps-r5_retail-transfer-low_w1_3,wlt_c_20260917-pilot6_calibration-retail-transfer-low-4w-40tps-r5_retail-transfer-low_w1_28,1000,transfer_20260917-pilot6_calibration-retail-transfer-low-4w-40tps-r5_retail-transfer-low_w1_r1_562],  with error: Error: Failed to submit trasaction with status code: 11
2026.09.17-14:52:10.199[31m error[39m [caliper] [connectors/peer-gateway/PeerGateway] 	Failed to perform submit transaction [Transfer] using arguments [wlt_c_20260917-pilot6_calibration-retail-transfer-low-4w-40tps-r5_retail-transfer-low_w3_4,wlt_c_20260917-pilot6_calibration-retail-transfer-low-4w-40tps-r5_retail-transfer-low_w3_29,1000,transfer_20260917-pilot6_calibration-retail-transfer-low-4w-40tps-r5_retail-transfer-low_w3_r1_563],  with error: Error: Failed to submit trasaction with status code: 11
2026.09.17-14:52:10.201[31m error[39m [caliper] [connectors/peer-gateway/PeerGateway] 	Failed to perform submit transaction [Transfer] using arguments [wlt_c_20260917-pilot6_calibration-retail-transfer-low-4w-40tps-r5_retail-transfer-low_w1_4,wlt_c_20260917-pilot6_calibration-retail-transfer-low-4w-40tps-r5_retail-transfer-low_w1_29,1000,transfer_20260917-pilot6_calibration-retail-transfer-low-4w-40tps-r5_retail-transfer-low_w1_r1_563],  with error: Error: Failed to submit trasaction with status code: 11
2026.09.17-14:52:10.204[31m error[39m [caliper] [connectors/peer-gateway/PeerGateway] 	Failed to perform submit transaction [Transfer] using arguments [wlt_c_20260917-pilot6_calibration-retail-transfer-low-4w-40tps-r5_retail-transfer-low_w2_24,wlt_c_20260917-pilot6_calibration-retail-transfer-low-4w-40tps-r5_retail-transfer-low_w2_49,1000,transfer_20260917-pilot6_calibration-retail-transfer-low-4w-40tps-r5_retail-transfer-low_w2_r1_559],  with error: Error: Failed to submit trasaction with status code: 11
2026.09.17-14:52:10.206[31m error[39m [caliper] [connectors/peer-gateway/PeerGateway] 	Failed to perform submit transaction [Transfer] using arguments [wlt_c_20260917-pilot6_calibration-retail-transfer-low-4w-40tps-r5_retail-transfer-low_w0_1,wlt_c_20260917-pilot6_calibration-retail-transfer-low-4w-40tps-r5_retail-transfer-low_w0_26,1000,transfer_20260917-pilot6_calibration-retail-transfer-low-4w-40tps-r5_retail-transfer-low_w0_r1_560],  with error: Error: Failed to submit trasaction with status code: 11
2026.09.17-14:52:10.209[31m error[39m [caliper] [connectors/peer-gateway/PeerGateway] 	Failed to perform submit transaction [Transfer] using arguments [wlt_c_20260917-pilot6_calibration-retail-transfer-low-4w-40tps-r5_retail-transfer-low_w2_4,wlt_c_20260917-pilot6_calibration-retail-transfer-low-4w-40tps-r5_retail-transfer-low_w2_29,1000,transfer_20260917-pilot6_calibration-retail-transfer-low-4w-40tps-r5_retail-transfer-low_w2_r1_563],  with error: Error: Failed to submit trasaction with status code: 11
2026.09.17-14:52:10.209[31m error[39m [caliper] [connectors/peer-gateway/PeerGateway] 	Failed to perform submit transaction [Transfer] using arguments [wlt_c_20260917-pilot6_calibration-retail-transfer-low-4w-40tps-r5_retail-transfer-low_w2_2,wlt_c_20260917-pilot6_calibration-retail-transfer-low-4w-40tps-r5_retail-transfer-low_w2_27,1000,transfer_20260917-pilot6_calibration-retail-transfer-low-4w-40tps-r5_retail-transfer-low_w2_r1_561],  with error: Error: Failed to submit trasaction with status code: 11
2026.09.17-14:52:10.213[31m error[39m [caliper] [connectors/peer-gateway/PeerGateway] 	Failed to perform submit transaction [Transfer] using arguments [wlt_c_20260917-pilot6_calibration-retail-transfer-low-4w-40tps-r5_retail-transfer-low_w0_3,wlt_c_20260917-pilot6_calibration-retail-transfer-low-4w-40tps-r5_retail-transfer-low_w0_28,1000,transfer_20260917-pilot6_calibration-retail-transfer-low-4w-40tps-r5_retail-transfer-low_w0_r1_562],  with error: Error: Failed to submit trasaction with status code: 11
2026.09.17-14:52:10.213[31m error[39m [caliper] [connectors/peer-gateway/PeerGateway] 	Failed to perform submit transaction [Transfer] using arguments [wlt_c_20260917-pilot6_calibration-retail-transfer-low-4w-40tps-r5_retail-transfer-low_w0_2,wlt_c_20260917-pilot6_calibration-retail-transfer-low-4w-40tps-r5_retail-transfer-low_w0_27,1000,transfer_20260917-pilot6_calibration-retail-transfer-low-4w-40tps-r5_retail-transfer-low_w0_r1_561],  with error: Error: Failed to submit trasaction with status code: 11
2026.09.17-14:52:10.214[31m error[39m [caliper] [connectors/peer-gateway/PeerGateway] 	Failed to perform submit transaction [Transfer] using arguments [wlt_c_20260917-pilot6_calibration-retail-transfer-low-4w-40tps-r5_retail-transfer-low_w0_4,wlt_c_20260917-pilot6_calibration-retail-transfer-low-4w-40tps-r5_retail-transfer-low_w0_29,1000,transfer_20260917-pilot6_calibration-retail-transfer-low-4w-40tps-r5_retail-transfer-low_w0_r1_563],  with error: Error: Failed to submit trasaction with status code: 11
2026.09.17-14:52:10.430[31m error[39m [caliper] [connectors/peer-gateway/PeerGateway] 	Failed to perform submit transaction [Transfer] using arguments [wlt_c_20260917-pilot6_calibration-retail-transfer-low-4w-40tps-r5_retail-transfer-low_w0_6,wlt_c_20260917-pilot6_calibration-retail-transfer-low-4w-40tps-r5_retail-transfer-low_w0_31,1000,transfer_20260917-pilot6_calibration-retail-transfer-low-4w-40tps-r5_retail-transfer-low_w0_r1_564],  with error: Error: Failed to submit trasaction with status code: 11
2026.09.17-14:52:10.434[31m error[39m [caliper] [connectors/peer-gateway/PeerGateway] 	Failed to perform submit transaction [Transfer] using arguments [wlt_c_20260917-pilot6_calibration-retail-transfer-low-4w-40tps-r5_retail-transfer-low_w2_7,wlt_c_20260917-pilot6_calibration-retail-transfer-low-4w-40tps-r5_retail-transfer-low_w2_32,1000,transfer_20260917-pilot6_calibration-retail-transfer-low-4w-40tps-r5_retail-transfer-low_w2_r1_565],  with error: Error: Failed to submit trasaction with status code: 11
2026.09.17-14:52:10.427[31m error[39m [caliper] [connectors/peer-gateway/PeerGateway] 	Failed to perform submit transaction [Transfer] using arguments [wlt_c_20260917-pilot6_calibration-retail-transfer-low-4w-40tps-r5_retail-transfer-low_w3_3,wlt_c_20260917-pilot6_calibration-retail-transfer-low-4w-40tps-r5_retail-transfer-low_w3_28,1000,transfer_20260917-pilot6_calibration-retail-transfer-low-4w-40tps-r5_retail-transfer-low_w3_r1_562],  with error: Error: Failed to submit trasaction with status code: 11
2026.09.17-14:52:10.449[31m error[39m [caliper] [connectors/peer-gateway/PeerGateway] 	Failed to perform submit transaction [Transfer] using arguments [wlt_c_20260917-pilot6_calibration-retail-transfer-low-4w-40tps-r5_retail-transfer-low_w2_3,wlt_c_20260917-pilot6_calibration-retail-transfer-low-4w-40tps-r5_retail-transfer-low_w2_28,1000,transfer_20260917-pilot6_calibration-retail-transfer-low-4w-40tps-r5_retail-transfer-low_w2_r1_562],  with error: Error: Failed to submit trasaction with status code: 11
2026.09.17-14:52:10.454[31m error[39m [caliper] [connectors/peer-gateway/PeerGateway] 	Failed to perform submit transaction [Transfer] using arguments [wlt_c_20260917-pilot6_calibration-retail-transfer-low-4w-40tps-r5_retail-transfer-low_w3_2,wlt_c_20260917-pilot6_calibration-retail-transfer-low-4w-40tps-r5_retail-transfer-low_w3_27,1000,transfer_20260917-pilot6_calibration-retail-transfer-low-4w-40tps-r5_retail-transfer-low_w3_r1_561],  with error: Error: Failed to submit trasaction with status code: 11
2026.09.17-14:52:10.462[31m error[39m [caliper] [connectors/peer-gateway/PeerGateway] 	Failed to perform submit transaction [Transfer] using arguments [wlt_c_20260917-pilot6_calibration-retail-transfer-low-4w-40tps-r5_retail-transfer-low_w2_6,wlt_c_20260917-pilot6_calibration-retail-transfer-low-4w-40tps-r5_retail-transfer-low_w2_31,1000,transfer_20260917-pilot6_calibration-retail-transfer-low-4w-40tps-r5_retail-transfer-low_w2_r1_564],  with error: Error: Failed to submit trasaction with status code: 11
2026.09.17-14:52:10.465[31m error[39m [caliper] [connectors/peer-gateway/PeerGateway] 	Failed to perform submit transaction [Transfer] using arguments [wlt_c_20260917-pilot6_calibration-retail-transfer-low-4w-40tps-r5_retail-transfer-low_w3_6,wlt_c_20260917-pilot6_calibration-retail-transfer-low-4w-40tps-r5_retail-transfer-low_w3_31,1000,transfer_20260917-pilot6_calibration-retail-transfer-low-4w-40tps-r5_retail-transfer-low_w3_r1_564],  with error: Error: Failed to submit trasaction with status code: 11
2026.09.17-14:52:10.830[31m error[39m [caliper] [connectors/peer-gateway/PeerGateway] 	Failed to perform submit transaction [Transfer] using arguments [wlt_c_20260917-pilot6_calibration-retail-transfer-low-4w-40tps-r5_retail-transfer-low_w0_8,wlt_c_20260917-pilot6_calibration-retail-transfer-low-4w-40tps-r5_retail-transfer-low_w0_33,1000,transfer_20260917-pilot6_calibration-retail-transfer-low-4w-40tps-r5_retail-transfer-low_w0_r1_566],  with error: Error: Failed to submit trasaction with status code: 11
2026.09.17-14:52:10.835[31m error[39m [caliper] [connectors/peer-gateway/PeerGateway] 	Failed to perform submit transaction [Transfer] using arguments [wlt_c_20260917-pilot6_calibration-retail-transfer-low-4w-40tps-r5_retail-transfer-low_w1_9,wlt_c_20260917-pilot6_calibration-retail-transfer-low-4w-40tps-r5_retail-transfer-low_w1_34,1000,transfer_20260917-pilot6_calibration-retail-transfer-low-4w-40tps-r5_retail-transfer-low_w1_r1_567],  with error: Error: Failed to submit trasaction with status code: 11
2026.09.17-14:52:10.846[31m error[39m [caliper] [connectors/peer-gateway/PeerGateway] 	Failed to perform submit transaction [Transfer] using arguments [wlt_c_20260917-pilot6_calibration-retail-transfer-low-4w-40tps-r5_retail-transfer-low_w0_7,wlt_c_20260917-pilot6_calibration-retail-transfer-low-4w-40tps-r5_retail-transfer-low_w0_32,1000,transfer_20260917-pilot6_calibration-retail-transfer-low-4w-40tps-r5_retail-transfer-low_w0_r1_565],  with error: Error: Failed to submit trasaction with status code: 11
2026.09.17-14:52:11.068[31m error[39m [caliper] [connectors/peer-gateway/PeerGateway] 	Failed to perform submit transaction [Transfer] using arguments [wlt_c_20260917-pilot6_calibration-retail-transfer-low-4w-40tps-r5_retail-transfer-low_w1_11,wlt_c_20260917-pilot6_calibration-retail-transfer-low-4w-40tps-r5_retail-transfer-low_w1_36,1000,transfer_20260917-pilot6_calibration-retail-transfer-low-4w-40tps-r5_retail-transfer-low_w1_r1_568],  with error: Error: Failed to submit trasaction with status code: 11
2026.09.17-14:52:11.070[31m error[39m [caliper] [connectors/peer-gateway/PeerGateway] 	Failed to perform submit transaction [Transfer] using arguments [wlt_c_20260917-pilot6_calibration-retail-transfer-low-4w-40tps-r5_retail-transfer-low_w0_11,wlt_c_20260917-pilot6_calibration-retail-transfer-low-4w-40tps-r5_retail-transfer-low_w0_36,1000,transfer_20260917-pilot6_calibration-retail-transfer-low-4w-40tps-r5_retail-transfer-low_w0_r1_568],  with error: Error: Failed to submit trasaction with status code: 11
2026.09.17-14:52:11.072[31m error[39m [caliper] [connectors/peer-gateway/PeerGateway] 	Failed to perform submit transaction [Transfer] using arguments [wlt_c_20260917-pilot6_calibration-retail-transfer-low-4w-40tps-r5_retail-transfer-low_w1_13,wlt_c_20260917-pilot6_calibration-retail-transfer-low-4w-40tps-r5_retail-transfer-low_w1_38,1000,transfer_20260917-pilot6_calibration-retail-transfer-low-4w-40tps-r5_retail-transfer-low_w1_r1_570],  with error: Error: Failed to submit trasaction with status code: 11
2026.09.17-14:52:11.081[31m error[39m [caliper] [connectors/peer-gateway/PeerGateway] 	Failed to perform submit transaction [Transfer] using arguments [wlt_c_20260917-pilot6_calibration-retail-transfer-low-4w-40tps-r5_retail-transfer-low_w2_11,wlt_c_20260917-pilot6_calibration-retail-transfer-low-4w-40tps-r5_retail-transfer-low_w2_36,1000,transfer_20260917-pilot6_calibration-retail-transfer-low-4w-40tps-r5_retail-transfer-low_w2_r1_568],  with error: Error: Failed to submit trasaction with status code: 11
2026.09.17-14:52:11.081[31m error[39m [caliper] [connectors/peer-gateway/PeerGateway] 	Failed to perform submit transaction [Transfer] using arguments [wlt_c_20260917-pilot6_calibration-retail-transfer-low-4w-40tps-r5_retail-transfer-low_w3_11,wlt_c_20260917-pilot6_calibration-retail-transfer-low-4w-40tps-r5_retail-transfer-low_w3_36,1000,transfer_20260917-pilot6_calibration-retail-transfer-low-4w-40tps-r5_retail-transfer-low_w3_r1_568],  with error: Error: Failed to submit trasaction with status code: 11
2026.09.17-14:52:11.266[31m error[39m [caliper] [connectors/peer-gateway/PeerGateway] 	Failed to perform submit transaction [Transfer] using arguments [wlt_c_20260917-pilot6_calibration-retail-transfer-low-4w-40tps-r5_retail-transfer-low_w3_14,wlt_c_20260917-pilot6_calibration-retail-transfer-low-4w-40tps-r5_retail-transfer-low_w3_39,1000,transfer_20260917-pilot6_calibration-retail-transfer-low-4w-40tps-r5_retail-transfer-low_w3_r1_571],  with error: Error: Failed to submit trasaction with status code: 11
2026.09.17-14:52:11.267[31m error[39m [caliper] [connectors/peer-gateway/PeerGateway] 	Failed to perform submit transaction [Transfer] using arguments [wlt_c_20260917-pilot6_calibration-retail-transfer-low-4w-40tps-r5_retail-transfer-low_w0_17,wlt_c_20260917-pilot6_calibration-retail-transfer-low-4w-40tps-r5_retail-transfer-low_w0_42,1000,transfer_20260917-pilot6_calibration-retail-transfer-low-4w-40tps-r5_retail-transfer-low_w0_r1_573],  with error: Error: Failed to submit trasaction with status code: 11
2026.09.17-14:52:11.268[31m error[39m [caliper] [connectors/peer-gateway/PeerGateway] 	Failed to perform submit transaction [Transfer] using arguments [wlt_c_20260917-pilot6_calibration-retail-transfer-low-4w-40tps-r5_retail-transfer-low_w1_14,wlt_c_20260917-pilot6_calibration-retail-transfer-low-4w-40tps-r5_retail-transfer-low_w1_39,1000,transfer_20260917-pilot6_calibration-retail-transfer-low-4w-40tps-r5_retail-transfer-low_w1_r1_571],  with error: Error: Failed to submit trasaction with status code: 11
2026.09.17-14:52:11.269[31m error[39m [caliper] [connectors/peer-gateway/PeerGateway] 	Failed to perform submit transaction [Transfer] using arguments [wlt_c_20260917-pilot6_calibration-retail-transfer-low-4w-40tps-r5_retail-transfer-low_w1_16,wlt_c_20260917-pilot6_calibration-retail-transfer-low-4w-40tps-r5_retail-transfer-low_w1_41,1000,transfer_20260917-pilot6_calibration-retail-transfer-low-4w-40tps-r5_retail-transfer-low_w1_r1_572],  with error: Error: Failed to submit trasaction with status code: 11
2026.09.17-14:52:11.270[31m error[39m [caliper] [connectors/peer-gateway/PeerGateway] 	Failed to perform submit transaction [Transfer] using arguments [wlt_c_20260917-pilot6_calibration-retail-transfer-low-4w-40tps-r5_retail-transfer-low_w2_14,wlt_c_20260917-pilot6_calibration-retail-transfer-low-4w-40tps-r5_retail-transfer-low_w2_39,1000,transfer_20260917-pilot6_calibration-retail-transfer-low-4w-40tps-r5_retail-transfer-low_w2_r1_571],  with error: Error: Failed to submit trasaction with status code: 11
2026.09.17-14:52:11.272[31m error[39m [caliper] [connectors/peer-gateway/PeerGateway] 	Failed to perform submit transaction [Transfer] using arguments [wlt_c_20260917-pilot6_calibration-retail-transfer-low-4w-40tps-r5_retail-transfer-low_w2_16,wlt_c_20260917-pilot6_calibration-retail-transfer-low-4w-40tps-r5_retail-transfer-low_w2_41,1000,transfer_20260917-pilot6_calibration-retail-transfer-low-4w-40tps-r5_retail-transfer-low_w2_r1_572],  with error: Error: Failed to submit trasaction with status code: 11
2026.09.17-14:52:11.273[31m error[39m [caliper] [connectors/peer-gateway/PeerGateway] 	Failed to perform submit transaction [Transfer] using arguments [wlt_c_20260917-pilot6_calibration-retail-transfer-low-4w-40tps-r5_retail-transfer-low_w0_14,wlt_c_20260917-pilot6_calibration-retail-transfer-low-4w-40tps-r5_retail-transfer-low_w0_39,1000,transfer_20260917-pilot6_calibration-retail-transfer-low-4w-40tps-r5_retail-transfer-low_w0_r1_571],  with error: Error: Failed to submit trasaction with status code: 11
2026.09.17-14:52:11.391[31m error[39m [caliper] [connectors/peer-gateway/PeerGateway] 	Failed to perform submit transaction [Transfer] using arguments [wlt_c_20260917-pilot6_calibration-retail-transfer-low-4w-40tps-r5_retail-transfer-low_w2_19,wlt_c_20260917-pilot6_calibration-retail-transfer-low-4w-40tps-r5_retail-transfer-low_w2_44,1000,transfer_20260917-pilot6_calibration-retail-transfer-low-4w-40tps-r5_retail-transfer-low_w2_r1_575],  with error: Error: Failed to submit trasaction with status code: 11
2026.09.17-14:52:11.391[31m error[39m [caliper] [connectors/peer-gateway/PeerGateway] 	Failed to perform submit transaction [Transfer] using arguments [wlt_c_20260917-pilot6_calibration-retail-transfer-low-4w-40tps-r5_retail-transfer-low_w0_18,wlt_c_20260917-pilot6_calibration-retail-transfer-low-4w-40tps-r5_retail-transfer-low_w0_43,1000,transfer_20260917-pilot6_calibration-retail-transfer-low-4w-40tps-r5_retail-transfer-low_w0_r1_574],  with error: Error: Failed to submit trasaction with status code: 11
2026.09.17-14:52:11.391[31m error[39m [caliper] [connectors/peer-gateway/PeerGateway] 	Failed to perform submit transaction [Transfer] using arguments [wlt_c_20260917-pilot6_calibration-retail-transfer-low-4w-40tps-r5_retail-transfer-low_w1_17,wlt_c_20260917-pilot6_calibration-retail-transfer-low-4w-40tps-r5_retail-transfer-low_w1_42,1000,transfer_20260917-pilot6_calibration-retail-transfer-low-4w-40tps-r5_retail-transfer-low_w1_r1_573],  with error: Error: Failed to submit trasaction with status code: 11
2026.09.17-14:52:11.393[31m error[39m [caliper] [connectors/peer-gateway/PeerGateway] 	Failed to perform submit transaction [Transfer] using arguments [wlt_c_20260917-pilot6_calibration-retail-transfer-low-4w-40tps-r5_retail-transfer-low_w2_17,wlt_c_20260917-pilot6_calibration-retail-transfer-low-4w-40tps-r5_retail-transfer-low_w2_42,1000,transfer_20260917-pilot6_calibration-retail-transfer-low-4w-40tps-r5_retail-transfer-low_w2_r1_573],  with error: Error: Failed to submit trasaction with status code: 11
2026.09.17-14:52:11.393[31m error[39m [caliper] [connectors/peer-gateway/PeerGateway] 	Failed to perform submit transaction [Transfer] using arguments [wlt_c_20260917-pilot6_calibration-retail-transfer-low-4w-40tps-r5_retail-transfer-low_w2_18,wlt_c_20260917-pilot6_calibration-retail-transfer-low-4w-40tps-r5_retail-transfer-low_w2_43,1000,transfer_20260917-pilot6_calibration-retail-transfer-low-4w-40tps-r5_retail-transfer-low_w2_r1_574],  with error: Error: Failed to submit trasaction with status code: 11
2026.09.17-14:52:11.393[31m error[39m [caliper] [connectors/peer-gateway/PeerGateway] 	Failed to perform submit transaction [Transfer] using arguments [wlt_c_20260917-pilot6_calibration-retail-transfer-low-4w-40tps-r5_retail-transfer-low_w3_19,wlt_c_20260917-pilot6_calibration-retail-transfer-low-4w-40tps-r5_retail-transfer-low_w3_44,1000,transfer_20260917-pilot6_calibration-retail-transfer-low-4w-40tps-r5_retail-transfer-low_w3_r1_575],  with error: Error: Failed to submit trasaction with status code: 11
2026.09.17-14:52:11.394[31m error[39m [caliper] [connectors/peer-gateway/PeerGateway] 	Failed to perform submit transaction [Transfer] using arguments [wlt_c_20260917-pilot6_calibration-retail-transfer-low-4w-40tps-r5_retail-transfer-low_w3_17,wlt_c_20260917-pilot6_calibration-retail-transfer-low-4w-40tps-r5_retail-transfer-low_w3_42,1000,transfer_20260917-pilot6_calibration-retail-transfer-low-4w-40tps-r5_retail-transfer-low_w3_r1_573],  with error: Error: Failed to submit trasaction with status code: 11
2026.09.17-14:52:11.394[31m error[39m [caliper] [connectors/peer-gateway/PeerGateway] 	Failed to perform submit transaction [Transfer] using arguments [wlt_c_20260917-pilot6_calibration-retail-transfer-low-4w-40tps-r5_retail-transfer-low_w3_18,wlt_c_20260917-pilot6_calibration-retail-transfer-low-4w-40tps-r5_retail-transfer-low_w3_43,1000,transfer_20260917-pilot6_calibration-retail-transfer-low-4w-40tps-r5_retail-transfer-low_w3_r1_574],  with error: Error: Failed to submit trasaction with status code: 11
2026.09.17-14:52:11.395[31m error[39m [caliper] [connectors/peer-gateway/PeerGateway] 	Failed to perform submit transaction [Transfer] using arguments [wlt_c_20260917-pilot6_calibration-retail-transfer-low-4w-40tps-r5_retail-transfer-low_w1_18,wlt_c_20260917-pilot6_calibration-retail-transfer-low-4w-40tps-r5_retail-transfer-low_w1_43,1000,transfer_20260917-pilot6_calibration-retail-transfer-low-4w-40tps-r5_retail-transfer-low_w1_r1_574],  with error: Error: Failed to submit trasaction with status code: 11
2026.09.17-14:52:11.395[31m error[39m [caliper] [connectors/peer-gateway/PeerGateway] 	Failed to perform submit transaction [Transfer] using arguments [wlt_c_20260917-pilot6_calibration-retail-transfer-low-4w-40tps-r5_retail-transfer-low_w1_19,wlt_c_20260917-pilot6_calibration-retail-transfer-low-4w-40tps-r5_retail-transfer-low_w1_44,1000,transfer_20260917-pilot6_calibration-retail-transfer-low-4w-40tps-r5_retail-transfer-low_w1_r1_575],  with error: Error: Failed to submit trasaction with status code: 11
2026.09.17-14:52:11.479[31m error[39m [caliper] [connectors/peer-gateway/PeerGateway] 	Failed to perform submit transaction [Transfer] using arguments [wlt_c_20260917-pilot6_calibration-retail-transfer-low-4w-40tps-r5_retail-transfer-low_w1_21,wlt_c_20260917-pilot6_calibration-retail-transfer-low-4w-40tps-r5_retail-transfer-low_w1_46,1000,transfer_20260917-pilot6_calibration-retail-transfer-low-4w-40tps-r5_retail-transfer-low_w1_r1_576],  with error: Error: Failed to submit trasaction with status code: 11
2026.09.17-14:52:11.480[31m error[39m [caliper] [connectors/peer-gateway/PeerGateway] 	Failed to perform submit transaction [Transfer] using arguments [wlt_c_20260917-pilot6_calibration-retail-transfer-low-4w-40tps-r5_retail-transfer-low_w0_23,wlt_c_20260917-pilot6_calibration-retail-transfer-low-4w-40tps-r5_retail-transfer-low_w0_48,1000,transfer_20260917-pilot6_calibration-retail-transfer-low-4w-40tps-r5_retail-transfer-low_w0_r1_578],  with error: Error: Failed to submit trasaction with status code: 11
2026.09.17-14:52:11.481[31m error[39m [caliper] [connectors/peer-gateway/PeerGateway] 	Failed to perform submit transaction [Transfer] using arguments [wlt_c_20260917-pilot6_calibration-retail-transfer-low-4w-40tps-r5_retail-transfer-low_w0_19,wlt_c_20260917-pilot6_calibration-retail-transfer-low-4w-40tps-r5_retail-transfer-low_w0_44,1000,transfer_20260917-pilot6_calibration-retail-transfer-low-4w-40tps-r5_retail-transfer-low_w0_r1_575],  with error: Error: Failed to submit trasaction with status code: 11
2026.09.17-14:52:11.481[31m error[39m [caliper] [connectors/peer-gateway/PeerGateway] 	Failed to perform submit transaction [Transfer] using arguments [wlt_c_20260917-pilot6_calibration-retail-transfer-low-4w-40tps-r5_retail-transfer-low_w0_21,wlt_c_20260917-pilot6_calibration-retail-transfer-low-4w-40tps-r5_retail-transfer-low_w0_46,1000,transfer_20260917-pilot6_calibration-retail-transfer-low-4w-40tps-r5_retail-transfer-low_w0_r1_576],  with error: Error: Failed to submit trasaction with status code: 11
2026.09.17-14:52:11.481[31m error[39m [caliper] [connectors/peer-gateway/PeerGateway] 	Failed to perform submit transaction [Transfer] using arguments [wlt_c_20260917-pilot6_calibration-retail-transfer-low-4w-40tps-r5_retail-transfer-low_w0_22,wlt_c_20260917-pilot6_calibration-retail-transfer-low-4w-40tps-r5_retail-transfer-low_w0_47,1000,transfer_20260917-pilot6_calibration-retail-transfer-low-4w-40tps-r5_retail-transfer-low_w0_r1_577],  with error: Error: Failed to submit trasaction with status code: 11
2026.09.17-14:52:11.481[31m error[39m [caliper] [connectors/peer-gateway/PeerGateway] 	Failed to perform submit transaction [Transfer] using arguments [wlt_c_20260917-pilot6_calibration-retail-transfer-low-4w-40tps-r5_retail-transfer-low_w1_22,wlt_c_20260917-pilot6_calibration-retail-transfer-low-4w-40tps-r5_retail-transfer-low_w1_47,1000,transfer_20260917-pilot6_calibration-retail-transfer-low-4w-40tps-r5_retail-transfer-low_w1_r1_577],  with error: Error: Failed to submit trasaction with status code: 11
2026.09.17-14:52:11.483[31m error[39m [caliper] [connectors/peer-gateway/PeerGateway] 	Failed to perform submit transaction [Transfer] using arguments [wlt_c_20260917-pilot6_calibration-retail-transfer-low-4w-40tps-r5_retail-transfer-low_w2_21,wlt_c_20260917-pilot6_calibration-retail-transfer-low-4w-40tps-r5_retail-transfer-low_w2_46,1000,transfer_20260917-pilot6_calibration-retail-transfer-low-4w-40tps-r5_retail-transfer-low_w2_r1_576],  with error: Error: Failed to submit trasaction with status code: 11
2026.09.17-14:52:11.484[31m error[39m [caliper] [connectors/peer-gateway/PeerGateway] 	Failed to perform submit transaction [Transfer] using arguments [wlt_c_20260917-pilot6_calibration-retail-transfer-low-4w-40tps-r5_retail-transfer-low_w2_22,wlt_c_20260917-pilot6_calibration-retail-transfer-low-4w-40tps-r5_retail-transfer-low_w2_47,1000,transfer_20260917-pilot6_calibration-retail-transfer-low-4w-40tps-r5_retail-transfer-low_w2_r1_577],  with error: Error: Failed to submit trasaction with status code: 11
2026.09.17-14:52:11.492[31m error[39m [caliper] [connectors/peer-gateway/PeerGateway] 	Failed to perform submit transaction [Transfer] using arguments [wlt_c_20260917-pilot6_calibration-retail-transfer-low-4w-40tps-r5_retail-transfer-low_w3_21,wlt_c_20260917-pilot6_calibration-retail-transfer-low-4w-40tps-r5_retail-transfer-low_w3_46,1000,transfer_20260917-pilot6_calibration-retail-transfer-low-4w-40tps-r5_retail-transfer-low_w3_r1_576],  with error: Error: Failed to submit trasaction with status code: 11
2026.09.17-14:52:11.493[31m error[39m [caliper] [connectors/peer-gateway/PeerGateway] 	Failed to perform submit transaction [Transfer] using arguments [wlt_c_20260917-pilot6_calibration-retail-transfer-low-4w-40tps-r5_retail-transfer-low_w3_22,wlt_c_20260917-pilot6_calibration-retail-transfer-low-4w-40tps-r5_retail-transfer-low_w3_47,1000,transfer_20260917-pilot6_calibration-retail-transfer-low-4w-40tps-r5_retail-transfer-low_w3_r1_577],  with error: Error: Failed to submit trasaction with status code: 11
2026.09.17-14:52:11.558[31m error[39m [caliper] [connectors/peer-gateway/PeerGateway] 	Failed to perform submit transaction [Transfer] using arguments [wlt_c_20260917-pilot6_calibration-retail-transfer-low-4w-40tps-r5_retail-transfer-low_w3_1,wlt_c_20260917-pilot6_calibration-retail-transfer-low-4w-40tps-r5_retail-transfer-low_w3_26,1000,transfer_20260917-pilot6_calibration-retail-transfer-low-4w-40tps-r5_retail-transfer-low_w3_r1_580],  with error: Error: Failed to submit trasaction with status code: 11
2026.09.17-14:52:11.559[31m error[39m [caliper] [connectors/peer-gateway/PeerGateway] 	Failed to perform submit transaction [Transfer] using arguments [wlt_c_20260917-pilot6_calibration-retail-transfer-low-4w-40tps-r5_retail-transfer-low_w3_23,wlt_c_20260917-pilot6_calibration-retail-transfer-low-4w-40tps-r5_retail-transfer-low_w3_48,1000,transfer_20260917-pilot6_calibration-retail-transfer-low-4w-40tps-r5_retail-transfer-low_w3_r1_578],  with error: Error: Failed to submit trasaction with status code: 11
2026.09.17-14:52:11.560[31m error[39m [caliper] [connectors/peer-gateway/PeerGateway] 	Failed to perform submit transaction [Transfer] using arguments [wlt_c_20260917-pilot6_calibration-retail-transfer-low-4w-40tps-r5_retail-transfer-low_w2_24,wlt_c_20260917-pilot6_calibration-retail-transfer-low-4w-40tps-r5_retail-transfer-low_w2_49,1000,transfer_20260917-pilot6_calibration-retail-transfer-low-4w-40tps-r5_retail-transfer-low_w2_r1_579],  with error: Error: Failed to submit trasaction with status code: 11
2026.09.17-14:52:11.560[31m error[39m [caliper] [connectors/peer-gateway/PeerGateway] 	Failed to perform submit transaction [Transfer] using arguments [wlt_c_20260917-pilot6_calibration-retail-transfer-low-4w-40tps-r5_retail-transfer-low_w2_23,wlt_c_20260917-pilot6_calibration-retail-transfer-low-4w-40tps-r5_retail-transfer-low_w2_48,1000,transfer_20260917-pilot6_calibration-retail-transfer-low-4w-40tps-r5_retail-transfer-low_w2_r1_578],  with error: Error: Failed to submit trasaction with status code: 11
2026.09.17-14:52:11.572[31m error[39m [caliper] [connectors/peer-gateway/PeerGateway] 	Failed to perform submit transaction [Transfer] using arguments [wlt_c_20260917-pilot6_calibration-retail-transfer-low-4w-40tps-r5_retail-transfer-low_w0_24,wlt_c_20260917-pilot6_calibration-retail-transfer-low-4w-40tps-r5_retail-transfer-low_w0_49,1000,transfer_20260917-pilot6_calibration-retail-transfer-low-4w-40tps-r5_retail-transfer-low_w0_r1_579],  with error: Error: Failed to submit trasaction with status code: 11
2026.09.17-14:52:11.574[31m error[39m [caliper] [connectors/peer-gateway/PeerGateway] 	Failed to perform submit transaction [Transfer] using arguments [wlt_c_20260917-pilot6_calibration-retail-transfer-low-4w-40tps-r5_retail-transfer-low_w3_24,wlt_c_20260917-pilot6_calibration-retail-transfer-low-4w-40tps-r5_retail-transfer-low_w3_49,1000,transfer_20260917-pilot6_calibration-retail-transfer-low-4w-40tps-r5_retail-transfer-low_w3_r1_579],  with error: Error: Failed to submit trasaction with status code: 11
2026.09.17-14:52:11.574[31m error[39m [caliper] [connectors/peer-gateway/PeerGateway] 	Failed to perform submit transaction [Transfer] using arguments [wlt_c_20260917-pilot6_calibration-retail-transfer-low-4w-40tps-r5_retail-transfer-low_w1_24,wlt_c_20260917-pilot6_calibration-retail-transfer-low-4w-40tps-r5_retail-transfer-low_w1_49,1000,transfer_20260917-pilot6_calibration-retail-transfer-low-4w-40tps-r5_retail-transfer-low_w1_r1_579],  with error: Error: Failed to submit trasaction with status code: 11
2026.09.17-14:52:11.574[31m error[39m [caliper] [connectors/peer-gateway/PeerGateway] 	Failed to perform submit transaction [Transfer] using arguments [wlt_c_20260917-pilot6_calibration-retail-transfer-low-4w-40tps-r5_retail-transfer-low_w1_23,wlt_c_20260917-pilot6_calibration-retail-transfer-low-4w-40tps-r5_retail-transfer-low_w1_48,1000,transfer_20260917-pilot6_calibration-retail-transfer-low-4w-40tps-r5_retail-transfer-low_w1_r1_578],  with error: Error: Failed to submit trasaction with status code: 11
2026.09.17-14:52:11.574[31m error[39m [caliper] [connectors/peer-gateway/PeerGateway] 	Failed to perform submit transaction [Transfer] using arguments [wlt_c_20260917-pilot6_calibration-retail-transfer-low-4w-40tps-r5_retail-transfer-low_w3_2,wlt_c_20260917-pilot6_calibration-retail-transfer-low-4w-40tps-r5_retail-transfer-low_w3_27,1000,transfer_20260917-pilot6_calibration-retail-transfer-low-4w-40tps-r5_retail-transfer-low_w3_r1_581],  with error: Error: Failed to submit trasaction with status code: 11
2026.09.17-14:52:11.575[31m error[39m [caliper] [connectors/peer-gateway/PeerGateway] 	Failed to perform submit transaction [Transfer] using arguments [wlt_c_20260917-pilot6_calibration-retail-transfer-low-4w-40tps-r5_retail-transfer-low_w0_1,wlt_c_20260917-pilot6_calibration-retail-transfer-low-4w-40tps-r5_retail-transfer-low_w0_26,1000,transfer_20260917-pilot6_calibration-retail-transfer-low-4w-40tps-r5_retail-transfer-low_w0_r1_580],  with error: Error: Failed to submit trasaction with status code: 11
2026.09.17-14:52:11.690[31m error[39m [caliper] [connectors/peer-gateway/PeerGateway] 	Failed to perform submit transaction [Transfer] using arguments [wlt_c_20260917-pilot6_calibration-retail-transfer-low-4w-40tps-r5_retail-transfer-low_w2_3,wlt_c_20260917-pilot6_calibration-retail-transfer-low-4w-40tps-r5_retail-transfer-low_w2_28,1000,transfer_20260917-pilot6_calibration-retail-transfer-low-4w-40tps-r5_retail-transfer-low_w2_r1_582],  with error: Error: Failed to submit trasaction with status code: 11
2026.09.17-14:52:11.690[31m error[39m [caliper] [connectors/peer-gateway/PeerGateway] 	Failed to perform submit transaction [Transfer] using arguments [wlt_c_20260917-pilot6_calibration-retail-transfer-low-4w-40tps-r5_retail-transfer-low_w0_3,wlt_c_20260917-pilot6_calibration-retail-transfer-low-4w-40tps-r5_retail-transfer-low_w0_28,1000,transfer_20260917-pilot6_calibration-retail-transfer-low-4w-40tps-r5_retail-transfer-low_w0_r1_582],  with error: Error: Failed to submit trasaction with status code: 11
2026.09.17-14:52:11.691[31m error[39m [caliper] [connectors/peer-gateway/PeerGateway] 	Failed to perform submit transaction [Transfer] using arguments [wlt_c_20260917-pilot6_calibration-retail-transfer-low-4w-40tps-r5_retail-transfer-low_w2_2,wlt_c_20260917-pilot6_calibration-retail-transfer-low-4w-40tps-r5_retail-transfer-low_w2_27,1000,transfer_20260917-pilot6_calibration-retail-transfer-low-4w-40tps-r5_retail-transfer-low_w2_r1_581],  with error: Error: Failed to submit trasaction with status code: 11
2026.09.17-14:52:11.691[31m error[39m [caliper] [connectors/peer-gateway/PeerGateway] 	Failed to perform submit transaction [Transfer] using arguments [wlt_c_20260917-pilot6_calibration-retail-transfer-low-4w-40tps-r5_retail-transfer-low_w2_1,wlt_c_20260917-pilot6_calibration-retail-transfer-low-4w-40tps-r5_retail-transfer-low_w2_26,1000,transfer_20260917-pilot6_calibration-retail-transfer-low-4w-40tps-r5_retail-transfer-low_w2_r1_580],  with error: Error: Failed to submit trasaction with status code: 11
2026.09.17-14:52:11.693[31m error[39m [caliper] [connectors/peer-gateway/PeerGateway] 	Failed to perform submit transaction [Transfer] using arguments [wlt_c_20260917-pilot6_calibration-retail-transfer-low-4w-40tps-r5_retail-transfer-low_w1_1,wlt_c_20260917-pilot6_calibration-retail-transfer-low-4w-40tps-r5_retail-transfer-low_w1_26,1000,transfer_20260917-pilot6_calibration-retail-transfer-low-4w-40tps-r5_retail-transfer-low_w1_r1_580],  with error: Error: Failed to submit trasaction with status code: 11
2026.09.17-14:52:11.696[31m error[39m [caliper] [connectors/peer-gateway/PeerGateway] 	Failed to perform submit transaction [Transfer] using arguments [wlt_c_20260917-pilot6_calibration-retail-transfer-low-4w-40tps-r5_retail-transfer-low_w3_4,wlt_c_20260917-pilot6_calibration-retail-transfer-low-4w-40tps-r5_retail-transfer-low_w3_29,1000,transfer_20260917-pilot6_calibration-retail-transfer-low-4w-40tps-r5_retail-transfer-low_w3_r1_583],  with error: Error: Failed to submit trasaction with status code: 11
2026.09.17-14:52:11.698[31m error[39m [caliper] [connectors/peer-gateway/PeerGateway] 	Failed to perform submit transaction [Transfer] using arguments [wlt_c_20260917-pilot6_calibration-retail-transfer-low-4w-40tps-r5_retail-transfer-low_w0_2,wlt_c_20260917-pilot6_calibration-retail-transfer-low-4w-40tps-r5_retail-transfer-low_w0_27,1000,transfer_20260917-pilot6_calibration-retail-transfer-low-4w-40tps-r5_retail-transfer-low_w0_r1_581],  with error: Error: Failed to submit trasaction with status code: 11
2026.09.17-14:52:11.701[31m error[39m [caliper] [connectors/peer-gateway/PeerGateway] 	Failed to perform submit transaction [Transfer] using arguments [wlt_c_20260917-pilot6_calibration-retail-transfer-low-4w-40tps-r5_retail-transfer-low_w1_2,wlt_c_20260917-pilot6_calibration-retail-transfer-low-4w-40tps-r5_retail-transfer-low_w1_27,1000,transfer_20260917-pilot6_calibration-retail-transfer-low-4w-40tps-r5_retail-transfer-low_w1_r1_581],  with error: Error: Failed to submit trasaction with status code: 11
2026.09.17-14:52:11.702[31m error[39m [caliper] [connectors/peer-gateway/PeerGateway] 	Failed to perform submit transaction [Transfer] using arguments [wlt_c_20260917-pilot6_calibration-retail-transfer-low-4w-40tps-r5_retail-transfer-low_w1_3,wlt_c_20260917-pilot6_calibration-retail-transfer-low-4w-40tps-r5_retail-transfer-low_w1_28,1000,transfer_20260917-pilot6_calibration-retail-transfer-low-4w-40tps-r5_retail-transfer-low_w1_r1_582],  with error: Error: Failed to submit trasaction with status code: 11
2026.09.17-14:52:11.703[31m error[39m [caliper] [connectors/peer-gateway/PeerGateway] 	Failed to perform submit transaction [Transfer] using arguments [wlt_c_20260917-pilot6_calibration-retail-transfer-low-4w-40tps-r5_retail-transfer-low_w3_3,wlt_c_20260917-pilot6_calibration-retail-transfer-low-4w-40tps-r5_retail-transfer-low_w3_28,1000,transfer_20260917-pilot6_calibration-retail-transfer-low-4w-40tps-r5_retail-transfer-low_w3_r1_582],  with error: Error: Failed to submit trasaction with status code: 11
2026.09.17-14:52:11.797[31m error[39m [caliper] [connectors/peer-gateway/PeerGateway] 	Failed to perform submit transaction [Transfer] using arguments [wlt_c_20260917-pilot6_calibration-retail-transfer-low-4w-40tps-r5_retail-transfer-low_w1_7,wlt_c_20260917-pilot6_calibration-retail-transfer-low-4w-40tps-r5_retail-transfer-low_w1_32,1000,transfer_20260917-pilot6_calibration-retail-transfer-low-4w-40tps-r5_retail-transfer-low_w1_r1_585],  with error: Error: Failed to submit trasaction with status code: 11
2026.09.17-14:52:11.797[31m error[39m [caliper] [connectors/peer-gateway/PeerGateway] 	Failed to perform submit transaction [Transfer] using arguments [wlt_c_20260917-pilot6_calibration-retail-transfer-low-4w-40tps-r5_retail-transfer-low_w2_6,wlt_c_20260917-pilot6_calibration-retail-transfer-low-4w-40tps-r5_retail-transfer-low_w2_31,1000,transfer_20260917-pilot6_calibration-retail-transfer-low-4w-40tps-r5_retail-transfer-low_w2_r1_584],  with error: Error: Failed to submit trasaction with status code: 11
2026.09.17-14:52:11.799[31m error[39m [caliper] [connectors/peer-gateway/PeerGateway] 	Failed to perform submit transaction [Transfer] using arguments [wlt_c_20260917-pilot6_calibration-retail-transfer-low-4w-40tps-r5_retail-transfer-low_w2_7,wlt_c_20260917-pilot6_calibration-retail-transfer-low-4w-40tps-r5_retail-transfer-low_w2_32,1000,transfer_20260917-pilot6_calibration-retail-transfer-low-4w-40tps-r5_retail-transfer-low_w2_r1_585],  with error: Error: Failed to submit trasaction with status code: 11
2026.09.17-14:52:11.800[31m error[39m [caliper] [connectors/peer-gateway/PeerGateway] 	Failed to perform submit transaction [Transfer] using arguments [wlt_c_20260917-pilot6_calibration-retail-transfer-low-4w-40tps-r5_retail-transfer-low_w0_6,wlt_c_20260917-pilot6_calibration-retail-transfer-low-4w-40tps-r5_retail-transfer-low_w0_31,1000,transfer_20260917-pilot6_calibration-retail-transfer-low-4w-40tps-r5_retail-transfer-low_w0_r1_584],  with error: Error: Failed to submit trasaction with status code: 11
2026.09.17-14:52:11.801[31m error[39m [caliper] [connectors/peer-gateway/PeerGateway] 	Failed to perform submit transaction [Transfer] using arguments [wlt_c_20260917-pilot6_calibration-retail-transfer-low-4w-40tps-r5_retail-transfer-low_w2_4,wlt_c_20260917-pilot6_calibration-retail-transfer-low-4w-40tps-r5_retail-transfer-low_w2_29,1000,transfer_20260917-pilot6_calibration-retail-transfer-low-4w-40tps-r5_retail-transfer-low_w2_r1_583],  with error: Error: Failed to submit trasaction with status code: 11
2026.09.17-14:52:11.804[31m error[39m [caliper] [connectors/peer-gateway/PeerGateway] 	Failed to perform submit transaction [Transfer] using arguments [wlt_c_20260917-pilot6_calibration-retail-transfer-low-4w-40tps-r5_retail-transfer-low_w1_4,wlt_c_20260917-pilot6_calibration-retail-transfer-low-4w-40tps-r5_retail-transfer-low_w1_29,1000,transfer_20260917-pilot6_calibration-retail-transfer-low-4w-40tps-r5_retail-transfer-low_w1_r1_583],  with error: Error: Failed to submit trasaction with status code: 11
2026.09.17-14:52:11.806[31m error[39m [caliper] [connectors/peer-gateway/PeerGateway] 	Failed to perform submit transaction [Transfer] using arguments [wlt_c_20260917-pilot6_calibration-retail-transfer-low-4w-40tps-r5_retail-transfer-low_w3_6,wlt_c_20260917-pilot6_calibration-retail-transfer-low-4w-40tps-r5_retail-transfer-low_w3_31,1000,transfer_20260917-pilot6_calibration-retail-transfer-low-4w-40tps-r5_retail-transfer-low_w3_r1_584],  with error: Error: Failed to submit trasaction with status code: 11
2026.09.17-14:52:11.808[31m error[39m [caliper] [connectors/peer-gateway/PeerGateway] 	Failed to perform submit transaction [Transfer] using arguments [wlt_c_20260917-pilot6_calibration-retail-transfer-low-4w-40tps-r5_retail-transfer-low_w0_4,wlt_c_20260917-pilot6_calibration-retail-transfer-low-4w-40tps-r5_retail-transfer-low_w0_29,1000,transfer_20260917-pilot6_calibration-retail-transfer-low-4w-40tps-r5_retail-transfer-low_w0_r1_583],  with error: Error: Failed to submit trasaction with status code: 11
2026.09.17-14:52:11.810[31m error[39m [caliper] [connectors/peer-gateway/PeerGateway] 	Failed to perform submit transaction [Transfer] using arguments [wlt_c_20260917-pilot6_calibration-retail-transfer-low-4w-40tps-r5_retail-transfer-low_w1_6,wlt_c_20260917-pilot6_calibration-retail-transfer-low-4w-40tps-r5_retail-transfer-low_w1_31,1000,transfer_20260917-pilot6_calibration-retail-transfer-low-4w-40tps-r5_retail-transfer-low_w1_r1_584],  with error: Error: Failed to submit trasaction with status code: 11
2026.09.17-14:52:11.813[31m error[39m [caliper] [connectors/peer-gateway/PeerGateway] 	Failed to perform submit transaction [Transfer] using arguments [wlt_c_20260917-pilot6_calibration-retail-transfer-low-4w-40tps-r5_retail-transfer-low_w0_8,wlt_c_20260917-pilot6_calibration-retail-transfer-low-4w-40tps-r5_retail-transfer-low_w0_33,1000,transfer_20260917-pilot6_calibration-retail-transfer-low-4w-40tps-r5_retail-transfer-low_w0_r1_586],  with error: Error: Failed to submit trasaction with status code: 11
2026.09.17-14:52:11.987[31m error[39m [caliper] [connectors/peer-gateway/PeerGateway] 	Failed to perform submit transaction [Transfer] using arguments [wlt_c_20260917-pilot6_calibration-retail-transfer-low-4w-40tps-r5_retail-transfer-low_w0_7,wlt_c_20260917-pilot6_calibration-retail-transfer-low-4w-40tps-r5_retail-transfer-low_w0_32,1000,transfer_20260917-pilot6_calibration-retail-transfer-low-4w-40tps-r5_retail-transfer-low_w0_r1_585],  with error: Error: Failed to submit trasaction with status code: 11
2026.09.17-14:52:11.993[31m error[39m [caliper] [connectors/peer-gateway/PeerGateway] 	Failed to perform submit transaction [Transfer] using arguments [wlt_c_20260917-pilot6_calibration-retail-transfer-low-4w-40tps-r5_retail-transfer-low_w2_11,wlt_c_20260917-pilot6_calibration-retail-transfer-low-4w-40tps-r5_retail-transfer-low_w2_36,1000,transfer_20260917-pilot6_calibration-retail-transfer-low-4w-40tps-r5_retail-transfer-low_w2_r1_588],  with error: Error: Failed to submit trasaction with status code: 11
2026.09.17-14:52:11.998[31m error[39m [caliper] [connectors/peer-gateway/PeerGateway] 	Failed to perform submit transaction [Transfer] using arguments [wlt_c_20260917-pilot6_calibration-retail-transfer-low-4w-40tps-r5_retail-transfer-low_w3_7,wlt_c_20260917-pilot6_calibration-retail-transfer-low-4w-40tps-r5_retail-transfer-low_w3_32,1000,transfer_20260917-pilot6_calibration-retail-transfer-low-4w-40tps-r5_retail-transfer-low_w3_r1_585],  with error: Error: Failed to submit trasaction with status code: 11
2026.09.17-14:52:12.004[31m error[39m [caliper] [connectors/peer-gateway/PeerGateway] 	Failed to perform submit transaction [Transfer] using arguments [wlt_c_20260917-pilot6_calibration-retail-transfer-low-4w-40tps-r5_retail-transfer-low_w2_8,wlt_c_20260917-pilot6_calibration-retail-transfer-low-4w-40tps-r5_retail-transfer-low_w2_33,1000,transfer_20260917-pilot6_calibration-retail-transfer-low-4w-40tps-r5_retail-transfer-low_w2_r1_586],  with error: Error: Failed to submit trasaction with status code: 11
2026.09.17-14:52:12.008[31m error[39m [caliper] [connectors/peer-gateway/PeerGateway] 	Failed to perform submit transaction [Transfer] using arguments [wlt_c_20260917-pilot6_calibration-retail-transfer-low-4w-40tps-r5_retail-transfer-low_w2_9,wlt_c_20260917-pilot6_calibration-retail-transfer-low-4w-40tps-r5_retail-transfer-low_w2_34,1000,transfer_20260917-pilot6_calibration-retail-transfer-low-4w-40tps-r5_retail-transfer-low_w2_r1_587],  with error: Error: Failed to submit trasaction with status code: 11
2026.09.17-14:52:12.012[31m error[39m [caliper] [connectors/peer-gateway/PeerGateway] 	Failed to perform submit transaction [Transfer] using arguments [wlt_c_20260917-pilot6_calibration-retail-transfer-low-4w-40tps-r5_retail-transfer-low_w0_11,wlt_c_20260917-pilot6_calibration-retail-transfer-low-4w-40tps-r5_retail-transfer-low_w0_36,1000,transfer_20260917-pilot6_calibration-retail-transfer-low-4w-40tps-r5_retail-transfer-low_w0_r1_588],  with error: Error: Failed to submit trasaction with status code: 11
2026.09.17-14:52:12.013[31m error[39m [caliper] [connectors/peer-gateway/PeerGateway] 	Failed to perform submit transaction [Transfer] using arguments [wlt_c_20260917-pilot6_calibration-retail-transfer-low-4w-40tps-r5_retail-transfer-low_w1_9,wlt_c_20260917-pilot6_calibration-retail-transfer-low-4w-40tps-r5_retail-transfer-low_w1_34,1000,transfer_20260917-pilot6_calibration-retail-transfer-low-4w-40tps-r5_retail-transfer-low_w1_r1_587],  with error: Error: Failed to submit trasaction with status code: 11
2026.09.17-14:52:12.020[31m error[39m [caliper] [connectors/peer-gateway/PeerGateway] 	Failed to perform submit transaction [Transfer] using arguments [wlt_c_20260917-pilot6_calibration-retail-transfer-low-4w-40tps-r5_retail-transfer-low_w1_11,wlt_c_20260917-pilot6_calibration-retail-transfer-low-4w-40tps-r5_retail-transfer-low_w1_36,1000,transfer_20260917-pilot6_calibration-retail-transfer-low-4w-40tps-r5_retail-transfer-low_w1_r1_588],  with error: Error: Failed to submit trasaction with status code: 11
2026.09.17-14:52:12.021[31m error[39m [caliper] [connectors/peer-gateway/PeerGateway] 	Failed to perform submit transaction [Transfer] using arguments [wlt_c_20260917-pilot6_calibration-retail-transfer-low-4w-40tps-r5_retail-transfer-low_w1_8,wlt_c_20260917-pilot6_calibration-retail-transfer-low-4w-40tps-r5_retail-transfer-low_w1_33,1000,transfer_20260917-pilot6_calibration-retail-transfer-low-4w-40tps-r5_retail-transfer-low_w1_r1_586],  with error: Error: Failed to submit trasaction with status code: 11
2026.09.17-14:52:12.168[31m error[39m [caliper] [connectors/peer-gateway/PeerGateway] 	Failed to perform submit transaction [Transfer] using arguments [wlt_c_20260917-pilot6_calibration-retail-transfer-low-4w-40tps-r5_retail-transfer-low_w3_8,wlt_c_20260917-pilot6_calibration-retail-transfer-low-4w-40tps-r5_retail-transfer-low_w3_33,1000,transfer_20260917-pilot6_calibration-retail-transfer-low-4w-40tps-r5_retail-transfer-low_w3_r1_586],  with error: Error: Failed to submit trasaction with status code: 11
2026.09.17-14:52:12.168[31m error[39m [caliper] [connectors/peer-gateway/PeerGateway] 	Failed to perform submit transaction [Transfer] using arguments [wlt_c_20260917-pilot6_calibration-retail-transfer-low-4w-40tps-r5_retail-transfer-low_w0_13,wlt_c_20260917-pilot6_calibration-retail-transfer-low-4w-40tps-r5_retail-transfer-low_w0_38,1000,transfer_20260917-pilot6_calibration-retail-transfer-low-4w-40tps-r5_retail-transfer-low_w0_r1_590],  with error: Error: Failed to submit trasaction with status code: 11
2026.09.17-14:52:12.169[31m error[39m [caliper] [connectors/peer-gateway/PeerGateway] 	Failed to perform submit transaction [Transfer] using arguments [wlt_c_20260917-pilot6_calibration-retail-transfer-low-4w-40tps-r5_retail-transfer-low_w3_9,wlt_c_20260917-pilot6_calibration-retail-transfer-low-4w-40tps-r5_retail-transfer-low_w3_34,1000,transfer_20260917-pilot6_calibration-retail-transfer-low-4w-40tps-r5_retail-transfer-low_w3_r1_587],  with error: Error: Failed to submit trasaction with status code: 11
2026.09.17-14:52:12.169[31m error[39m [caliper] [connectors/peer-gateway/PeerGateway] 	Failed to perform submit transaction [Transfer] using arguments [wlt_c_20260917-pilot6_calibration-retail-transfer-low-4w-40tps-r5_retail-transfer-low_w1_12,wlt_c_20260917-pilot6_calibration-retail-transfer-low-4w-40tps-r5_retail-transfer-low_w1_37,1000,transfer_20260917-pilot6_calibration-retail-transfer-low-4w-40tps-r5_retail-transfer-low_w1_r1_589],  with error: Error: Failed to submit trasaction with status code: 11
2026.09.17-14:52:12.171[31m error[39m [caliper] [connectors/peer-gateway/PeerGateway] 	Failed to perform submit transaction [Transfer] using arguments [wlt_c_20260917-pilot6_calibration-retail-transfer-low-4w-40tps-r5_retail-transfer-low_w0_12,wlt_c_20260917-pilot6_calibration-retail-transfer-low-4w-40tps-r5_retail-transfer-low_w0_37,1000,transfer_20260917-pilot6_calibration-retail-transfer-low-4w-40tps-r5_retail-transfer-low_w0_r1_589],  with error: Error: Failed to submit trasaction with status code: 11
2026.09.17-14:52:12.171[31m error[39m [caliper] [connectors/peer-gateway/PeerGateway] 	Failed to perform submit transaction [Transfer] using arguments [wlt_c_20260917-pilot6_calibration-retail-transfer-low-4w-40tps-r5_retail-transfer-low_w2_12,wlt_c_20260917-pilot6_calibration-retail-transfer-low-4w-40tps-r5_retail-transfer-low_w2_37,1000,transfer_20260917-pilot6_calibration-retail-transfer-low-4w-40tps-r5_retail-transfer-low_w2_r1_589],  with error: Error: Failed to submit trasaction with status code: 11
2026.09.17-14:52:12.174[31m error[39m [caliper] [connectors/peer-gateway/PeerGateway] 	Failed to perform submit transaction [Transfer] using arguments [wlt_c_20260917-pilot6_calibration-retail-transfer-low-4w-40tps-r5_retail-transfer-low_w3_13,wlt_c_20260917-pilot6_calibration-retail-transfer-low-4w-40tps-r5_retail-transfer-low_w3_38,1000,transfer_20260917-pilot6_calibration-retail-transfer-low-4w-40tps-r5_retail-transfer-low_w3_r1_590],  with error: Error: Failed to submit trasaction with status code: 11
2026.09.17-14:52:12.174[31m error[39m [caliper] [connectors/peer-gateway/PeerGateway] 	Failed to perform submit transaction [Transfer] using arguments [wlt_c_20260917-pilot6_calibration-retail-transfer-low-4w-40tps-r5_retail-transfer-low_w0_9,wlt_c_20260917-pilot6_calibration-retail-transfer-low-4w-40tps-r5_retail-transfer-low_w0_34,1000,transfer_20260917-pilot6_calibration-retail-transfer-low-4w-40tps-r5_retail-transfer-low_w0_r1_587],  with error: Error: Failed to submit trasaction with status code: 11
2026.09.17-14:52:12.485[31m error[39m [caliper] [connectors/peer-gateway/PeerGateway] 	Failed to perform submit transaction [Transfer] using arguments [wlt_c_20260917-pilot6_calibration-retail-transfer-low-4w-40tps-r5_retail-transfer-low_w0_16,wlt_c_20260917-pilot6_calibration-retail-transfer-low-4w-40tps-r5_retail-transfer-low_w0_41,1000,transfer_20260917-pilot6_calibration-retail-transfer-low-4w-40tps-r5_retail-transfer-low_w0_r1_592],  with error: Error: Failed to submit trasaction with status code: 11
2026.09.17-14:52:12.491[31m error[39m [caliper] [connectors/peer-gateway/PeerGateway] 	Failed to perform submit transaction [Transfer] using arguments [wlt_c_20260917-pilot6_calibration-retail-transfer-low-4w-40tps-r5_retail-transfer-low_w3_12,wlt_c_20260917-pilot6_calibration-retail-transfer-low-4w-40tps-r5_retail-transfer-low_w3_37,1000,transfer_20260917-pilot6_calibration-retail-transfer-low-4w-40tps-r5_retail-transfer-low_w3_r1_589],  with error: Error: Failed to submit trasaction with status code: 11
2026.09.17-14:52:12.498[31m error[39m [caliper] [connectors/peer-gateway/PeerGateway] 	Failed to perform submit transaction [Transfer] using arguments [wlt_c_20260917-pilot6_calibration-retail-transfer-low-4w-40tps-r5_retail-transfer-low_w3_16,wlt_c_20260917-pilot6_calibration-retail-transfer-low-4w-40tps-r5_retail-transfer-low_w3_41,1000,transfer_20260917-pilot6_calibration-retail-transfer-low-4w-40tps-r5_retail-transfer-low_w3_r1_592],  with error: Error: Failed to submit trasaction with status code: 11
2026.09.17-14:52:12.499[31m error[39m [caliper] [connectors/peer-gateway/PeerGateway] 	Failed to perform submit transaction [Transfer] using arguments [wlt_c_20260917-pilot6_calibration-retail-transfer-low-4w-40tps-r5_retail-transfer-low_w2_13,wlt_c_20260917-pilot6_calibration-retail-transfer-low-4w-40tps-r5_retail-transfer-low_w2_38,1000,transfer_20260917-pilot6_calibration-retail-transfer-low-4w-40tps-r5_retail-transfer-low_w2_r1_590],  with error: Error: Failed to submit trasaction with status code: 11
2026.09.17-14:52:12.697[31m error[39m [caliper] [connectors/peer-gateway/PeerGateway] 	Failed to perform submit transaction [Transfer] using arguments [wlt_c_20260917-pilot6_calibration-retail-transfer-low-4w-40tps-r5_retail-transfer-low_w3_17,wlt_c_20260917-pilot6_calibration-retail-transfer-low-4w-40tps-r5_retail-transfer-low_w3_42,1000,transfer_20260917-pilot6_calibration-retail-transfer-low-4w-40tps-r5_retail-transfer-low_w3_r1_593],  with error: Error: Failed to submit trasaction with status code: 11
2026.09.17-14:52:12.699[31m error[39m [caliper] [connectors/peer-gateway/PeerGateway] 	Failed to perform submit transaction [Transfer] using arguments [wlt_c_20260917-pilot6_calibration-retail-transfer-low-4w-40tps-r5_retail-transfer-low_w2_19,wlt_c_20260917-pilot6_calibration-retail-transfer-low-4w-40tps-r5_retail-transfer-low_w2_44,1000,transfer_20260917-pilot6_calibration-retail-transfer-low-4w-40tps-r5_retail-transfer-low_w2_r1_595],  with error: Error: Failed to submit trasaction with status code: 11
2026.09.17-14:52:12.701[31m error[39m [caliper] [connectors/peer-gateway/PeerGateway] 	Failed to perform submit transaction [Transfer] using arguments [wlt_c_20260917-pilot6_calibration-retail-transfer-low-4w-40tps-r5_retail-transfer-low_w1_21,wlt_c_20260917-pilot6_calibration-retail-transfer-low-4w-40tps-r5_retail-transfer-low_w1_46,1000,transfer_20260917-pilot6_calibration-retail-transfer-low-4w-40tps-r5_retail-transfer-low_w1_r1_596],  with error: Error: Failed to submit trasaction with status code: 11
2026.09.17-14:52:12.702[31m error[39m [caliper] [connectors/peer-gateway/PeerGateway] 	Failed to perform submit transaction [Transfer] using arguments [wlt_c_20260917-pilot6_calibration-retail-transfer-low-4w-40tps-r5_retail-transfer-low_w1_18,wlt_c_20260917-pilot6_calibration-retail-transfer-low-4w-40tps-r5_retail-transfer-low_w1_43,1000,transfer_20260917-pilot6_calibration-retail-transfer-low-4w-40tps-r5_retail-transfer-low_w1_r1_594],  with error: Error: Failed to submit trasaction with status code: 11
2026.09.17-14:52:12.707[31m error[39m [caliper] [connectors/peer-gateway/PeerGateway] 	Failed to perform submit transaction [Transfer] using arguments [wlt_c_20260917-pilot6_calibration-retail-transfer-low-4w-40tps-r5_retail-transfer-low_w0_17,wlt_c_20260917-pilot6_calibration-retail-transfer-low-4w-40tps-r5_retail-transfer-low_w0_42,1000,transfer_20260917-pilot6_calibration-retail-transfer-low-4w-40tps-r5_retail-transfer-low_w0_r1_593],  with error: Error: Failed to submit trasaction with status code: 11
2026.09.17-14:52:12.710[31m error[39m [caliper] [connectors/peer-gateway/PeerGateway] 	Failed to perform submit transaction [Transfer] using arguments [wlt_c_20260917-pilot6_calibration-retail-transfer-low-4w-40tps-r5_retail-transfer-low_w3_21,wlt_c_20260917-pilot6_calibration-retail-transfer-low-4w-40tps-r5_retail-transfer-low_w3_46,1000,transfer_20260917-pilot6_calibration-retail-transfer-low-4w-40tps-r5_retail-transfer-low_w3_r1_596],  with error: Error: Failed to submit trasaction with status code: 11
2026.09.17-14:52:12.994[31m error[39m [caliper] [connectors/peer-gateway/PeerGateway] 	Failed to perform submit transaction [Transfer] using arguments [wlt_c_20260917-pilot6_calibration-retail-transfer-low-4w-40tps-r5_retail-transfer-low_w1_19,wlt_c_20260917-pilot6_calibration-retail-transfer-low-4w-40tps-r5_retail-transfer-low_w1_44,1000,transfer_20260917-pilot6_calibration-retail-transfer-low-4w-40tps-r5_retail-transfer-low_w1_r1_595],  with error: Error: Failed to submit trasaction with status code: 11
2026.09.17-14:52:12.997[31m error[39m [caliper] [connectors/peer-gateway/PeerGateway] 	Failed to perform submit transaction [Transfer] using arguments [wlt_c_20260917-pilot6_calibration-retail-transfer-low-4w-40tps-r5_retail-transfer-low_w2_21,wlt_c_20260917-pilot6_calibration-retail-transfer-low-4w-40tps-r5_retail-transfer-low_w2_46,1000,transfer_20260917-pilot6_calibration-retail-transfer-low-4w-40tps-r5_retail-transfer-low_w2_r1_596],  with error: Error: Failed to submit trasaction with status code: 11
2026.09.17-14:52:12.999[31m error[39m [caliper] [connectors/peer-gateway/PeerGateway] 	Failed to perform submit transaction [Transfer] using arguments [wlt_c_20260917-pilot6_calibration-retail-transfer-low-4w-40tps-r5_retail-transfer-low_w3_24,wlt_c_20260917-pilot6_calibration-retail-transfer-low-4w-40tps-r5_retail-transfer-low_w3_49,1000,transfer_20260917-pilot6_calibration-retail-transfer-low-4w-40tps-r5_retail-transfer-low_w3_r1_599],  with error: Error: Failed to submit trasaction with status code: 11
2026.09.17-14:52:13.000[31m error[39m [caliper] [connectors/peer-gateway/PeerGateway] 	Failed to perform submit transaction [Transfer] using arguments [wlt_c_20260917-pilot6_calibration-retail-transfer-low-4w-40tps-r5_retail-transfer-low_w3_1,wlt_c_20260917-pilot6_calibration-retail-transfer-low-4w-40tps-r5_retail-transfer-low_w3_26,1000,transfer_20260917-pilot6_calibration-retail-transfer-low-4w-40tps-r5_retail-transfer-low_w3_r1_600],  with error: Error: Failed to submit trasaction with status code: 11
2026.09.17-14:52:13.000[31m error[39m [caliper] [connectors/peer-gateway/PeerGateway] 	Failed to perform submit transaction [Transfer] using arguments [wlt_c_20260917-pilot6_calibration-retail-transfer-low-4w-40tps-r5_retail-transfer-low_w3_23,wlt_c_20260917-pilot6_calibration-retail-transfer-low-4w-40tps-r5_retail-transfer-low_w3_48,1000,transfer_20260917-pilot6_calibration-retail-transfer-low-4w-40tps-r5_retail-transfer-low_w3_r1_598],  with error: Error: Failed to submit trasaction with status code: 11
2026.09.17-14:52:13.002[31m error[39m [caliper] [connectors/peer-gateway/PeerGateway] 	Failed to perform submit transaction [Transfer] using arguments [wlt_c_20260917-pilot6_calibration-retail-transfer-low-4w-40tps-r5_retail-transfer-low_w0_22,wlt_c_20260917-pilot6_calibration-retail-transfer-low-4w-40tps-r5_retail-transfer-low_w0_47,1000,transfer_20260917-pilot6_calibration-retail-transfer-low-4w-40tps-r5_retail-transfer-low_w0_r1_597],  with error: Error: Failed to submit trasaction with status code: 11
2026.09.17-14:52:13.458[31m error[39m [caliper] [connectors/peer-gateway/PeerGateway] 	Failed to perform submit transaction [Transfer] using arguments [wlt_c_20260917-pilot6_calibration-retail-transfer-low-4w-40tps-r5_retail-transfer-low_w2_23,wlt_c_20260917-pilot6_calibration-retail-transfer-low-4w-40tps-r5_retail-transfer-low_w2_48,1000,transfer_20260917-pilot6_calibration-retail-transfer-low-4w-40tps-r5_retail-transfer-low_w2_r1_598],  with error: Error: Failed to submit trasaction with status code: 11
2026.09.17-14:52:13.464[31m error[39m [caliper] [connectors/peer-gateway/PeerGateway] 	Failed to perform submit transaction [Transfer] using arguments [wlt_c_20260917-pilot6_calibration-retail-transfer-low-4w-40tps-r5_retail-transfer-low_w1_23,wlt_c_20260917-pilot6_calibration-retail-transfer-low-4w-40tps-r5_retail-transfer-low_w1_48,1000,transfer_20260917-pilot6_calibration-retail-transfer-low-4w-40tps-r5_retail-transfer-low_w1_r1_598],  with error: Error: Failed to submit trasaction with status code: 11
2026.09.17-14:52:13.473[31m error[39m [caliper] [connectors/peer-gateway/PeerGateway] 	Failed to perform submit transaction [Transfer] using arguments [wlt_c_20260917-pilot6_calibration-retail-transfer-low-4w-40tps-r5_retail-transfer-low_w1_22,wlt_c_20260917-pilot6_calibration-retail-transfer-low-4w-40tps-r5_retail-transfer-low_w1_47,1000,transfer_20260917-pilot6_calibration-retail-transfer-low-4w-40tps-r5_retail-transfer-low_w1_r1_597],  with error: Error: Failed to submit trasaction with status code: 11
2026.09.17-14:52:13.474[31m error[39m [caliper] [connectors/peer-gateway/PeerGateway] 	Failed to perform submit transaction [Transfer] using arguments [wlt_c_20260917-pilot6_calibration-retail-transfer-low-4w-40tps-r5_retail-transfer-low_w0_24,wlt_c_20260917-pilot6_calibration-retail-transfer-low-4w-40tps-r5_retail-transfer-low_w0_49,1000,transfer_20260917-pilot6_calibration-retail-transfer-low-4w-40tps-r5_retail-transfer-low_w0_r1_599],  with error: Error: Failed to submit trasaction with status code: 11
2026.09.17-14:52:14.043[32m info [39m [caliper] [default-observer] 	[retail-transfer-low-40tps Round 1 Transaction Info] - Submitted: 2399 Succ: 703 Fail:1696 Unfinished:0
2026.09.17-14:52:14.059[32m info [39m [caliper] [connectors/peer-gateway/PeerGateway] 	disconnecting gateway for user User1
2026.09.17-14:52:14.059[32m info [39m [caliper] [connectors/peer-gateway/PeerGateway] 	disconnecting gateway for user _HimbaraBankOrgMSP_User1
2026.09.17-14:52:14.059[32m info [39m [caliper] [connectors/peer-gateway/PeerGateway] 	disconnecting gateway for user _CommercialBankOrgMSP_User1
2026.09.17-14:52:14.059[32m info [39m [caliper] [connectors/peer-gateway/PeerGateway] 	disconnecting gRpc client at peer peer0.bi.paynet
2026.09.17-14:52:14.060[32m info [39m [caliper] [connectors/peer-gateway/PeerGateway] 	disconnecting gRpc client at peer peer0.himbara.paynet
2026.09.17-14:52:14.060[32m info [39m [caliper] [connectors/peer-gateway/PeerGateway] 	disconnecting gRpc client at peer peer0.commercial.paynet
2026.09.17-14:52:14.060[32m info [39m [caliper] [worker-message-handler] 	Worker#3 finished Round#1
2026.09.17-14:52:14.509[32m info [39m [caliper] [connectors/peer-gateway/PeerGateway] 	disconnecting gateway for user User1
2026.09.17-14:52:14.509[32m info [39m [caliper] [connectors/peer-gateway/PeerGateway] 	disconnecting gateway for user _HimbaraBankOrgMSP_User1
2026.09.17-14:52:14.509[32m info [39m [caliper] [connectors/peer-gateway/PeerGateway] 	disconnecting gateway for user _CommercialBankOrgMSP_User1
2026.09.17-14:52:14.509[32m info [39m [caliper] [connectors/peer-gateway/PeerGateway] 	disconnecting gRpc client at peer peer0.bi.paynet
2026.09.17-14:52:14.509[32m info [39m [caliper] [connectors/peer-gateway/PeerGateway] 	disconnecting gRpc client at peer peer0.himbara.paynet
2026.09.17-14:52:14.509[32m info [39m [caliper] [connectors/peer-gateway/PeerGateway] 	disconnecting gRpc client at peer peer0.commercial.paynet
2026.09.17-14:52:14.509[32m info [39m [caliper] [worker-message-handler] 	Worker#2 finished Round#1
2026.09.17-14:52:14.522[32m info [39m [caliper] [connectors/peer-gateway/PeerGateway] 	disconnecting gateway for user User1
2026.09.17-14:52:14.522[32m info [39m [caliper] [connectors/peer-gateway/PeerGateway] 	disconnecting gateway for user _HimbaraBankOrgMSP_User1
2026.09.17-14:52:14.522[32m info [39m [caliper] [connectors/peer-gateway/PeerGateway] 	disconnecting gateway for user _CommercialBankOrgMSP_User1
2026.09.17-14:52:14.522[32m info [39m [caliper] [connectors/peer-gateway/PeerGateway] 	disconnecting gRpc client at peer peer0.bi.paynet
2026.09.17-14:52:14.522[32m info [39m [caliper] [connectors/peer-gateway/PeerGateway] 	disconnecting gRpc client at peer peer0.himbara.paynet
2026.09.17-14:52:14.522[32m info [39m [caliper] [connectors/peer-gateway/PeerGateway] 	disconnecting gRpc client at peer peer0.commercial.paynet
2026.09.17-14:52:14.523[32m info [39m [caliper] [worker-message-handler] 	Worker#0 finished Round#1
2026.09.17-14:52:14.574[32m info [39m [caliper] [connectors/peer-gateway/PeerGateway] 	disconnecting gateway for user User1
2026.09.17-14:52:14.575[32m info [39m [caliper] [connectors/peer-gateway/PeerGateway] 	disconnecting gateway for user _HimbaraBankOrgMSP_User1
2026.09.17-14:52:14.575[32m info [39m [caliper] [connectors/peer-gateway/PeerGateway] 	disconnecting gateway for user _CommercialBankOrgMSP_User1
2026.09.17-14:52:14.575[32m info [39m [caliper] [connectors/peer-gateway/PeerGateway] 	disconnecting gRpc client at peer peer0.bi.paynet
2026.09.17-14:52:14.576[32m info [39m [caliper] [connectors/peer-gateway/PeerGateway] 	disconnecting gRpc client at peer peer0.himbara.paynet
2026.09.17-14:52:14.576[32m info [39m [caliper] [connectors/peer-gateway/PeerGateway] 	disconnecting gRpc client at peer peer0.commercial.paynet
2026.09.17-14:52:14.576[32m info [39m [caliper] [worker-message-handler] 	Worker#1 finished Round#1
2026.09.17-14:52:20.033[32m info [39m [caliper] [default-observer] 	Resetting txCount indicator count
2026.09.17-14:52:20.034[32m info [39m [caliper] [report-builder] 	### Test result ###
2026.09.17-14:52:20.037[32m info [39m [caliper] [report-builder] 	
+---------------------------+------+------+-----------------+-----------------+-----------------+-----------------+------------------+
| Name                      | Succ | Fail | Send Rate (TPS) | Max Latency (s) | Min Latency (s) | Avg Latency (s) | Throughput (TPS) |
|---------------------------|------|------|-----------------|-----------------|-----------------|-----------------|------------------|
| retail-transfer-low-40tps | 703  | 1696 | 39.9            | 12.94           | 0.19            | 6.56            | 35.4             |
+---------------------------+------+------+-----------------+-----------------+-----------------+-----------------+------------------+

2026.09.17-14:52:20.043[32m info [39m [caliper] [report-builder] 	### docker resource stats ###'
2026.09.17-14:52:20.045[32m info [39m [caliper] [report-builder] 	
+-----------------------------+-----------+-----------+------------------+------------------+-----------------+------------------+-----------------+----------------+
| Name                        | CPU%(max) | CPU%(avg) | Memory(max) [MB] | Memory(avg) [MB] | Traffic In [MB] | Traffic Out [MB] | Disc Write [MB] | Disc Read [MB] |
|-----------------------------|-----------|-----------|------------------|------------------|-----------------|------------------|-----------------|----------------|
| /peer0.ojk.paynet           | 0.21125   | 0.1375    | 116              | 110              | 33.9            | 6.36             | 62.3            | 0.563          |
|-----------------------------|-----------|-----------|------------------|------------------|-----------------|------------------|-----------------|----------------|
| /peer0.himbara.paynet       | 0.64375   | 0.40875   | 153              | 141              | 72.6            | 66.2             | 63.2            | 7.64           |
|-----------------------------|-----------|-----------|------------------|------------------|-----------------|------------------|-----------------|----------------|
| /peer0.bi.paynet            | 0.2375    | 0.13625   | 126              | 119              | 33.9            | 6.38             | 104             | 2.25           |
|-----------------------------|-----------|-----------|------------------|------------------|-----------------|------------------|-----------------|----------------|
| /peer0.pjp.paynet           | 0.23375   | 0.13875   | 124              | 119              | 33.9            | 6.35             | 130             | 2.02           |
|-----------------------------|-----------|-----------|------------------|------------------|-----------------|------------------|-----------------|----------------|
| /peer0.commercial.paynet    | 0.23625   | 0.13875   | 124              | 117              | 33.9            | 6.36             | 60.4            | 5.19           |
|-----------------------------|-----------|-----------|------------------|------------------|-----------------|------------------|-----------------|----------------|
| /orderer.paynet             | 0.315     | 0.08625   | 80.3             | 69.6             | 21.7            | 104              | 117             | 0.520          |
|-----------------------------|-----------|-----------|------------------|------------------|-----------------|------------------|-----------------|----------------|
| /couchdb0.bi.paynet         | 1.98125   | 0.89875   | 62.2             | 56.9             | 5.80            | 12.8             | 134             | 4.34           |
|-----------------------------|-----------|-----------|------------------|------------------|-----------------|------------------|-----------------|----------------|
| /couchdb0.pjp.paynet        | 2.855     | 0.97625   | 73.3             | 55.8             | 5.82            | 12.9             | 195             | 7.74           |
|-----------------------------|-----------|-----------|------------------|------------------|-----------------|------------------|-----------------|----------------|
| /couchdb0.himbara.paynet    | 1.27      | 0.75      | 62.7             | 57.6             | 5.53            | 3.30             | 169             | 16.9           |
|-----------------------------|-----------|-----------|------------------|------------------|-----------------|------------------|-----------------|----------------|
| /couchdb0.commercial.paynet | 1.66375   | 0.94      | 62.2             | 56.6             | 5.82            | 12.9             | 152             | 15.0           |
|-----------------------------|-----------|-----------|------------------|------------------|-----------------|------------------|-----------------|----------------|
| /couchdb0.ojk.paynet        | 1.69      | 0.955     | 66.5             | 59.7             | 5.81            | 12.9             | 198             | 4.41           |
+-----------------------------+-----------+-----------+------------------+------------------+-----------------+------------------+-----------------+----------------+

2026.09.17-14:52:20.046[32m info [39m [caliper] [report-builder] 	### process resource stats ###'
2026.09.17-14:52:20.046[32m info [39m [caliper] [report-builder] 	
+-------------------+-----------+-----------+-----------------+-----------------+
| Name              | CPU%(max) | CPU%(avg) | Memory(max) [B] | Memory(avg) [B] |
|-------------------|-----------|-----------|-----------------|-----------------|
| node caliper(sum) | 128.85    | 82.33     | -               | -               |
+-------------------+-----------+-----------+-----------------+-----------------+

2026.09.17-14:52:20.047[32m info [39m [caliper] [round-orchestrator] 	Finished round 2 (retail-transfer-low-40tps) in 67.884 seconds
2026.09.17-14:52:20.047[32m info [39m [caliper] [monitor.js] 	Stopping all monitors
2026.09.17-14:52:20.248[32m info [39m [caliper] [report-builder] 	### All test results ###
2026.09.17-14:52:20.248[32m info [39m [caliper] [report-builder] 	
+----------------------------------+------+------+-----------------+-----------------+-----------------+-----------------+------------------+
| Name                             | Succ | Fail | Send Rate (TPS) | Max Latency (s) | Min Latency (s) | Avg Latency (s) | Throughput (TPS) |
|----------------------------------|------|------|-----------------|-----------------|-----------------|-----------------|------------------|
| warmup-retail-transfer-low-40tps | 156  | 0    | 5.1             | 2.17            | 0.14            | 1.06            | 4.9              |
|----------------------------------|------|------|-----------------|-----------------|-----------------|-----------------|------------------|
| retail-transfer-low-40tps        | 703  | 1696 | 39.9            | 12.94           | 0.19            | 6.56            | 35.4             |
+----------------------------------+------+------+-----------------+-----------------+-----------------+-----------------+------------------+

2026.09.17-14:52:20.256[32m info [39m [caliper] [report-builder] 	Generated report with path /home/mfachrizalg/2026/Skripsi/bi-coin/bi-coin-fabric/report.html
2026.09.17-14:52:20.257[32m info [39m [caliper] [monitor.js] 	Stopping all monitors
2026.09.17-14:52:20.257[32m info [39m [caliper] [worker-orchestrator] 	Sending exit message to connected workers
2026.09.17-14:52:20.258[32m info [39m [caliper] [round-orchestrator] 	Benchmark finished in 325.424 seconds. Total rounds: 2. Successful rounds: 2. Failed rounds: 0.
2026.09.17-14:52:20.258[32m info [39m [caliper] [worker-message-handler] 	Worker#0 is exiting
2026.09.17-14:52:20.258[32m info [39m [caliper] [worker-message-handler] 	Worker#1 is exiting
2026.09.17-14:52:20.258[32m info [39m [caliper] [worker-message-handler] 	Worker#2 is exiting
2026.09.17-14:52:20.258[32m info [39m [caliper] [caliper-engine] 	Network configuration attribute "caliper.command.end" is not present, skipping end command
2026.09.17-14:52:20.258[32m info [39m [caliper] [cli-launch-manager] 	Benchmark successfully finished!
2026.09.17-14:52:20.259[32m info [39m [caliper] [worker-message-handler] 	Worker#3 is exiting
