2026.09.17-13:56:38.377[32m info [39m [caliper] [cli-launch-manager] 	Set workspace path: /home/mfachrizalg/2026/Skripsi/bi-coin/bi-coin-fabric
2026.09.17-13:56:38.378[32m info [39m [caliper] [cli-launch-manager] 	Set benchmark configuration path: /home/mfachrizalg/2026/Skripsi/bi-coin/bi-coin-fabric/benchmark/results/statistical-20260917-pilot6/runs/calibration-retail-transfer-low-4w-30tps-r1/benchconfig.yaml
2026.09.17-13:56:38.379[32m info [39m [caliper] [cli-launch-manager] 	Set network configuration path: /home/mfachrizalg/2026/Skripsi/bi-coin/bi-coin-fabric/benchmark/networkconfig.yaml
2026.09.17-13:56:38.381[32m info [39m [caliper] [cli-launch-manager] 	Set SUT type: fabric
2026.09.17-13:56:38.401[32m info [39m [caliper] [caliper-engine] 	Starting benchmark flow
2026.09.17-13:56:38.402[32m info [39m [caliper] [caliper-engine] 	Network configuration attribute "caliper.command.start" is not present, skipping start command
2026.09.17-13:56:38.970[32m info [39m [caliper] [FabricConnectorFactory] 	Initializing peer gateway connector compatible with installed fabric-gateway SDK: 1.5.0
2026.09.17-13:56:38.977[32m info [39m [caliper] [IdentityManager] 	Adding User1 (admin=false) as User1 for organization BankIndonesiaOrgMSP
2026.09.17-13:56:38.978[32m info [39m [caliper] [IdentityManager] 	Adding User1 (admin=false) as _HimbaraBankOrgMSP_User1 for organization HimbaraBankOrgMSP
2026.09.17-13:56:38.980[32m info [39m [caliper] [IdentityManager] 	Adding User1 (admin=false) as _CommercialBankOrgMSP_User1 for organization CommercialBankOrgMSP
2026.09.17-13:56:38.982[32m info [39m [caliper] [connectors/peer-gateway/PeerGateway] 	Fabric-Gateway SDK version: 1.5.0 for Peer-Gateway connector; TLS based on BankIndonesiaOrgMSP: server
2026.09.17-13:56:38.982[32m info [39m [caliper] [caliper-engine] 	Executed "init" step in 0.001 seconds
2026.09.17-13:56:38.982[33m warn [39m [caliper] [connectors/peer-gateway/PeerGateway] 	Install smart contract not available for the Fabric Peer Gateway connector
2026.09.17-13:56:38.982[32m info [39m [caliper] [caliper-engine] 	Executed "install" step in 0 seconds
2026.09.17-13:56:38.984[32m info [39m [caliper] [monitor.js] 	Attempting to create resource monitor of type docker
2026.09.17-13:56:38.985[32m info [39m [caliper] [monitor.js] 	Attempting to create resource monitor of type process
2026.09.17-13:56:38.986[32m info [39m [caliper] [default-observer] 	Observer interval set to 5000 milliseconds
2026.09.17-13:56:38.990[32m info [39m [caliper] [round-orchestrator] 	Preparing worker connections
2026.09.17-13:56:38.991[32m info [39m [caliper] [worker-orchestrator] 	Launching worker 1 of 4
2026.09.17-13:56:38.996[32m info [39m [caliper] [worker-orchestrator] 	Launching worker 2 of 4
2026.09.17-13:56:38.999[32m info [39m [caliper] [worker-orchestrator] 	Launching worker 3 of 4
2026.09.17-13:56:39.003[32m info [39m [caliper] [worker-orchestrator] 	Launching worker 4 of 4
2026.09.17-13:56:39.010[32m info [39m [caliper] [worker-orchestrator] 	Messenger not configured, entering configure phase...
2026.09.17-13:56:39.010[32m info [39m [caliper] [worker-orchestrator] 	No existing workers detected, entering worker launch phase...
2026.09.17-13:56:39.011[32m info [39m [caliper] [worker-orchestrator] 	Waiting for 4 workers to be connected...
2026.09.17-13:56:39.445[32m info [39m [caliper] [cli-launch-worker] 	Set workspace path: /home/mfachrizalg/2026/Skripsi/bi-coin/bi-coin-fabric
2026.09.17-13:56:39.447[32m info [39m [caliper] [cli-launch-worker] 	Set benchmark configuration path: /home/mfachrizalg/2026/Skripsi/bi-coin/bi-coin-fabric/benchmark/results/statistical-20260917-pilot6/runs/calibration-retail-transfer-low-4w-30tps-r1/benchconfig.yaml
2026.09.17-13:56:39.447[32m info [39m [caliper] [cli-launch-worker] 	Set network configuration path: /home/mfachrizalg/2026/Skripsi/bi-coin/bi-coin-fabric/benchmark/networkconfig.yaml
2026.09.17-13:56:39.447[32m info [39m [caliper] [cli-launch-worker] 	Set SUT type: fabric
2026.09.17-13:56:39.494[32m info [39m [caliper] [cli-launch-worker] 	Set workspace path: /home/mfachrizalg/2026/Skripsi/bi-coin/bi-coin-fabric
2026.09.17-13:56:39.495[32m info [39m [caliper] [cli-launch-worker] 	Set benchmark configuration path: /home/mfachrizalg/2026/Skripsi/bi-coin/bi-coin-fabric/benchmark/results/statistical-20260917-pilot6/runs/calibration-retail-transfer-low-4w-30tps-r1/benchconfig.yaml
2026.09.17-13:56:39.495[32m info [39m [caliper] [cli-launch-worker] 	Set network configuration path: /home/mfachrizalg/2026/Skripsi/bi-coin/bi-coin-fabric/benchmark/networkconfig.yaml
2026.09.17-13:56:39.495[32m info [39m [caliper] [cli-launch-worker] 	Set SUT type: fabric
2026.09.17-13:56:39.551[32m info [39m [caliper] [cli-launch-worker] 	Set workspace path: /home/mfachrizalg/2026/Skripsi/bi-coin/bi-coin-fabric
2026.09.17-13:56:39.552[32m info [39m [caliper] [cli-launch-worker] 	Set benchmark configuration path: /home/mfachrizalg/2026/Skripsi/bi-coin/bi-coin-fabric/benchmark/results/statistical-20260917-pilot6/runs/calibration-retail-transfer-low-4w-30tps-r1/benchconfig.yaml
2026.09.17-13:56:39.553[32m info [39m [caliper] [cli-launch-worker] 	Set network configuration path: /home/mfachrizalg/2026/Skripsi/bi-coin/bi-coin-fabric/benchmark/networkconfig.yaml
2026.09.17-13:56:39.553[32m info [39m [caliper] [cli-launch-worker] 	Set SUT type: fabric
2026.09.17-13:56:39.589[32m info [39m [caliper] [cli-launch-worker] 	Set workspace path: /home/mfachrizalg/2026/Skripsi/bi-coin/bi-coin-fabric
2026.09.17-13:56:39.590[32m info [39m [caliper] [cli-launch-worker] 	Set benchmark configuration path: /home/mfachrizalg/2026/Skripsi/bi-coin/bi-coin-fabric/benchmark/results/statistical-20260917-pilot6/runs/calibration-retail-transfer-low-4w-30tps-r1/benchconfig.yaml
2026.09.17-13:56:39.590[32m info [39m [caliper] [cli-launch-worker] 	Set network configuration path: /home/mfachrizalg/2026/Skripsi/bi-coin/bi-coin-fabric/benchmark/networkconfig.yaml
2026.09.17-13:56:39.590[32m info [39m [caliper] [cli-launch-worker] 	Set SUT type: fabric
2026.09.17-13:56:39.644[32m info [39m [caliper] [worker-orchestrator] 	4 workers connected, progressing to worker assignment phase.
2026.09.17-13:56:39.644[32m info [39m [caliper] [worker-orchestrator] 	Workers currently unassigned, awaiting index assignment...
2026.09.17-13:56:39.647[32m info [39m [caliper] [worker-orchestrator] 	Waiting for 4 workers to be assigned...
2026.09.17-13:56:39.704[32m info [39m [caliper] [worker-orchestrator] 	4 workers assigned, progressing to worker initialization phase.
2026.09.17-13:56:39.705[32m info [39m [caliper] [worker-orchestrator] 	Waiting for 4 workers to be ready...
2026.09.17-13:56:39.705[32m info [39m [caliper] [worker-message-handler] 	Initializing Worker#0...
2026.09.17-13:56:39.705[32m info [39m [caliper] [worker-message-handler] 	Initializing Worker#2...
2026.09.17-13:56:39.705[32m info [39m [caliper] [worker-message-handler] 	Initializing Worker#1...
2026.09.17-13:56:39.705[32m info [39m [caliper] [worker-message-handler] 	Initializing Worker#3...
2026.09.17-13:56:40.536[32m info [39m [caliper] [FabricConnectorFactory] 	Initializing peer gateway connector compatible with installed fabric-gateway SDK: 1.5.0
2026.09.17-13:56:40.544[32m info [39m [caliper] [IdentityManager] 	Adding User1 (admin=false) as User1 for organization BankIndonesiaOrgMSP
2026.09.17-13:56:40.546[32m info [39m [caliper] [FabricConnectorFactory] 	Initializing peer gateway connector compatible with installed fabric-gateway SDK: 1.5.0
2026.09.17-13:56:40.546[32m info [39m [caliper] [IdentityManager] 	Adding User1 (admin=false) as _HimbaraBankOrgMSP_User1 for organization HimbaraBankOrgMSP
2026.09.17-13:56:40.546[32m info [39m [caliper] [IdentityManager] 	Adding User1 (admin=false) as _CommercialBankOrgMSP_User1 for organization CommercialBankOrgMSP
2026.09.17-13:56:40.552[32m info [39m [caliper] [worker-message-handler] 	Worker#1 initialized
2026.09.17-13:56:40.553[32m info [39m [caliper] [IdentityManager] 	Adding User1 (admin=false) as User1 for organization BankIndonesiaOrgMSP
2026.09.17-13:56:40.554[32m info [39m [caliper] [IdentityManager] 	Adding User1 (admin=false) as _HimbaraBankOrgMSP_User1 for organization HimbaraBankOrgMSP
2026.09.17-13:56:40.555[32m info [39m [caliper] [IdentityManager] 	Adding User1 (admin=false) as _CommercialBankOrgMSP_User1 for organization CommercialBankOrgMSP
2026.09.17-13:56:40.561[32m info [39m [caliper] [worker-message-handler] 	Worker#3 initialized
2026.09.17-13:56:40.594[32m info [39m [caliper] [FabricConnectorFactory] 	Initializing peer gateway connector compatible with installed fabric-gateway SDK: 1.5.0
2026.09.17-13:56:40.604[32m info [39m [caliper] [FabricConnectorFactory] 	Initializing peer gateway connector compatible with installed fabric-gateway SDK: 1.5.0
2026.09.17-13:56:40.618[32m info [39m [caliper] [IdentityManager] 	Adding User1 (admin=false) as User1 for organization BankIndonesiaOrgMSP
2026.09.17-13:56:40.619[32m info [39m [caliper] [IdentityManager] 	Adding User1 (admin=false) as _HimbaraBankOrgMSP_User1 for organization HimbaraBankOrgMSP
2026.09.17-13:56:40.620[32m info [39m [caliper] [IdentityManager] 	Adding User1 (admin=false) as _CommercialBankOrgMSP_User1 for organization CommercialBankOrgMSP
2026.09.17-13:56:40.626[32m info [39m [caliper] [worker-message-handler] 	Worker#2 initialized
2026.09.17-13:56:40.632[32m info [39m [caliper] [IdentityManager] 	Adding User1 (admin=false) as User1 for organization BankIndonesiaOrgMSP
2026.09.17-13:56:40.637[32m info [39m [caliper] [IdentityManager] 	Adding User1 (admin=false) as _HimbaraBankOrgMSP_User1 for organization HimbaraBankOrgMSP
2026.09.17-13:56:40.638[32m info [39m [caliper] [IdentityManager] 	Adding User1 (admin=false) as _CommercialBankOrgMSP_User1 for organization CommercialBankOrgMSP
2026.09.17-13:56:40.643[32m info [39m [caliper] [worker-message-handler] 	Worker#0 initialized
2026.09.17-13:56:40.645[32m info [39m [caliper] [worker-orchestrator] 	4 workers ready, progressing to test preparation phase.
2026.09.17-13:56:40.645[32m info [39m [caliper] [round-orchestrator] 	Started round 1 (warmup-retail-transfer-low-30tps)
2026.09.17-13:56:40.647[32m info [39m [caliper] [worker-message-handler] 	Preparing Worker#0 for Round#0
2026.09.17-13:56:40.649[32m info [39m [caliper] [worker-message-handler] 	Preparing Worker#3 for Round#0
2026.09.17-13:56:40.651[32m info [39m [caliper] [worker-message-handler] 	Preparing Worker#2 for Round#0
2026.09.17-13:56:40.652[32m info [39m [caliper] [worker-message-handler] 	Preparing Worker#1 for Round#0
2026.09.17-13:56:40.669[32m info [39m [caliper] [connectors/peer-gateway/PeerGateway] 	Generating contract map for user User1
2026.09.17-13:56:40.674[32m info [39m [caliper] [connectors/peer-gateway/PeerGateway] 	Generating contract map for user _HimbaraBankOrgMSP_User1
2026.09.17-13:56:40.677[32m info [39m [caliper] [connectors/peer-gateway/PeerGateway] 	Generating contract map for user _CommercialBankOrgMSP_User1
2026.09.17-13:56:40.678[32m info [39m [caliper] [connectors/peer-gateway/PeerGateway] 	Generating contract map for user User1
2026.09.17-13:56:40.678[32m info [39m [caliper] [caliper-worker] 	Info: worker 0 prepare test phase for round 0 is starting...
2026.09.17-13:56:40.679[32m info [39m [caliper] [connectors/peer-gateway/PeerGateway] 	Generating contract map for user User1
2026.09.17-13:56:40.685[32m info [39m [caliper] [connectors/peer-gateway/PeerGateway] 	Generating contract map for user _HimbaraBankOrgMSP_User1
2026.09.17-13:56:40.689[32m info [39m [caliper] [connectors/peer-gateway/PeerGateway] 	Generating contract map for user _CommercialBankOrgMSP_User1
2026.09.17-13:56:40.689[32m info [39m [caliper] [connectors/peer-gateway/PeerGateway] 	Generating contract map for user _HimbaraBankOrgMSP_User1
2026.09.17-13:56:40.690[32m info [39m [caliper] [caliper-worker] 	Info: worker 3 prepare test phase for round 0 is starting...
2026.09.17-13:56:40.690[32m info [39m [caliper] [connectors/peer-gateway/PeerGateway] 	Generating contract map for user User1
2026.09.17-13:56:40.693[32m info [39m [caliper] [connectors/peer-gateway/PeerGateway] 	Generating contract map for user _CommercialBankOrgMSP_User1
2026.09.17-13:56:40.694[32m info [39m [caliper] [caliper-worker] 	Info: worker 2 prepare test phase for round 0 is starting...
2026.09.17-13:56:40.699[32m info [39m [caliper] [connectors/peer-gateway/PeerGateway] 	Generating contract map for user _HimbaraBankOrgMSP_User1
2026.09.17-13:56:40.706[32m info [39m [caliper] [connectors/peer-gateway/PeerGateway] 	Generating contract map for user _CommercialBankOrgMSP_User1
2026.09.17-13:56:40.706[32m info [39m [caliper] [caliper-worker] 	Info: worker 1 prepare test phase for round 0 is starting...
2026.09.17-13:56:40.753[31m error[39m [caliper] [connectors/peer-gateway/PeerGateway] 	Failed to perform query transaction [GetParticipant] using arguments [bench_custodian_20260917-pilot6_calibration-retail-transfer-low-4w-30tps-r1_retail-transfer-low],  with error: GatewayError: 2 UNKNOWN: evaluate call to endorser returned error: chaincode response 500, participant bench_custodian_20260917-pilot6_calibration-retail-transfer-low-4w-30tps-r1_retail-transfer-low not found
Details:
-  peer0.bi.paynet:7051:chaincode response 500, participant bench_custodian_20260917-pilot6_calibration-retail-transfer-low-4w-30tps-r1_retail-transfer-low not found
2026.09.17-13:57:40.916[32m info [39m [caliper] [connectors/peer-gateway/PeerGateway] 	disconnecting gateway for user User1
2026.09.17-13:57:40.919[32m info [39m [caliper] [connectors/peer-gateway/PeerGateway] 	disconnecting gateway for user _HimbaraBankOrgMSP_User1
2026.09.17-13:57:40.919[32m info [39m [caliper] [connectors/peer-gateway/PeerGateway] 	disconnecting gateway for user _CommercialBankOrgMSP_User1
2026.09.17-13:57:40.919[32m info [39m [caliper] [connectors/peer-gateway/PeerGateway] 	disconnecting gRpc client at peer peer0.bi.paynet
2026.09.17-13:57:40.920[32m info [39m [caliper] [connectors/peer-gateway/PeerGateway] 	disconnecting gRpc client at peer peer0.himbara.paynet
2026.09.17-13:57:40.926[32m info [39m [caliper] [connectors/peer-gateway/PeerGateway] 	disconnecting gRpc client at peer peer0.commercial.paynet
2026.09.17-13:57:40.926[32m info [39m [caliper] [caliper-worker] 	Info: worker 3 prepare test phase for round 0 is completed
2026.09.17-13:57:40.931[32m info [39m [caliper] [worker-message-handler] 	Worker#3 prepared for Round#0
2026.09.17-13:58:12.612[32m info [39m [caliper] [connectors/peer-gateway/PeerGateway] 	disconnecting gateway for user User1
2026.09.17-13:58:12.612[32m info [39m [caliper] [connectors/peer-gateway/PeerGateway] 	disconnecting gateway for user _HimbaraBankOrgMSP_User1
2026.09.17-13:58:12.612[32m info [39m [caliper] [connectors/peer-gateway/PeerGateway] 	disconnecting gateway for user _CommercialBankOrgMSP_User1
2026.09.17-13:58:12.612[32m info [39m [caliper] [connectors/peer-gateway/PeerGateway] 	disconnecting gRpc client at peer peer0.bi.paynet
2026.09.17-13:58:12.612[32m info [39m [caliper] [connectors/peer-gateway/PeerGateway] 	disconnecting gRpc client at peer peer0.himbara.paynet
2026.09.17-13:58:12.613[32m info [39m [caliper] [connectors/peer-gateway/PeerGateway] 	disconnecting gRpc client at peer peer0.commercial.paynet
2026.09.17-13:58:12.613[32m info [39m [caliper] [caliper-worker] 	Info: worker 0 prepare test phase for round 0 is completed
2026.09.17-13:58:12.613[32m info [39m [caliper] [worker-message-handler] 	Worker#0 prepared for Round#0
2026.09.17-13:58:44.165[32m info [39m [caliper] [connectors/peer-gateway/PeerGateway] 	disconnecting gateway for user User1
2026.09.17-13:58:44.165[32m info [39m [caliper] [connectors/peer-gateway/PeerGateway] 	disconnecting gateway for user _HimbaraBankOrgMSP_User1
2026.09.17-13:58:44.166[32m info [39m [caliper] [connectors/peer-gateway/PeerGateway] 	disconnecting gateway for user _CommercialBankOrgMSP_User1
2026.09.17-13:58:44.166[32m info [39m [caliper] [connectors/peer-gateway/PeerGateway] 	disconnecting gRpc client at peer peer0.bi.paynet
2026.09.17-13:58:44.167[32m info [39m [caliper] [connectors/peer-gateway/PeerGateway] 	disconnecting gRpc client at peer peer0.himbara.paynet
2026.09.17-13:58:44.167[32m info [39m [caliper] [connectors/peer-gateway/PeerGateway] 	disconnecting gRpc client at peer peer0.commercial.paynet
2026.09.17-13:58:44.168[32m info [39m [caliper] [caliper-worker] 	Info: worker 2 prepare test phase for round 0 is completed
2026.09.17-13:58:44.168[32m info [39m [caliper] [worker-message-handler] 	Worker#2 prepared for Round#0
2026.09.17-13:59:16.628[32m info [39m [caliper] [connectors/peer-gateway/PeerGateway] 	disconnecting gateway for user User1
2026.09.17-13:59:16.628[32m info [39m [caliper] [connectors/peer-gateway/PeerGateway] 	disconnecting gateway for user _HimbaraBankOrgMSP_User1
2026.09.17-13:59:16.628[32m info [39m [caliper] [connectors/peer-gateway/PeerGateway] 	disconnecting gateway for user _CommercialBankOrgMSP_User1
2026.09.17-13:59:16.628[32m info [39m [caliper] [connectors/peer-gateway/PeerGateway] 	disconnecting gRpc client at peer peer0.bi.paynet
2026.09.17-13:59:16.628[32m info [39m [caliper] [connectors/peer-gateway/PeerGateway] 	disconnecting gRpc client at peer peer0.himbara.paynet
2026.09.17-13:59:16.629[32m info [39m [caliper] [connectors/peer-gateway/PeerGateway] 	disconnecting gRpc client at peer peer0.commercial.paynet
2026.09.17-13:59:16.629[32m info [39m [caliper] [caliper-worker] 	Info: worker 1 prepare test phase for round 0 is completed
2026.09.17-13:59:16.629[32m info [39m [caliper] [worker-message-handler] 	Worker#1 prepared for Round#0
2026.09.17-13:59:16.630[32m info [39m [caliper] [worker-orchestrator] 	4 workers prepared, progressing to test phase.
2026.09.17-13:59:18.716[32m info [39m [caliper] [monitor-process] 	Registering node caliper(sum) within process monitor
2026.09.17-13:59:19.046[32m info [39m [caliper] [monitor-process] 	Starting process monitor with update interval 1000 ms
2026.09.17-13:59:19.046[32m info [39m [caliper] [round-orchestrator] 	Monitors successfully started
2026.09.17-13:59:19.047[32m info [39m [caliper] [worker-message-handler] 	Worker#0 is starting Round#0
2026.09.17-13:59:19.048[32m info [39m [caliper] [worker-message-handler] 	Worker#1 is starting Round#0
2026.09.17-13:59:19.048[32m info [39m [caliper] [worker-message-handler] 	Worker#2 is starting Round#0
2026.09.17-13:59:19.049[32m info [39m [caliper] [worker-message-handler] 	Worker#3 is starting Round#0
2026.09.17-13:59:19.051[32m info [39m [caliper] [connectors/peer-gateway/PeerGateway] 	Generating contract map for user User1
2026.09.17-13:59:19.051[32m info [39m [caliper] [connectors/peer-gateway/PeerGateway] 	Generating contract map for user User1
2026.09.17-13:59:19.053[32m info [39m [caliper] [connectors/peer-gateway/PeerGateway] 	Generating contract map for user User1
2026.09.17-13:59:19.053[32m info [39m [caliper] [connectors/peer-gateway/PeerGateway] 	Generating contract map for user User1
2026.09.17-13:59:19.054[32m info [39m [caliper] [connectors/peer-gateway/PeerGateway] 	Generating contract map for user _HimbaraBankOrgMSP_User1
2026.09.17-13:59:19.054[32m info [39m [caliper] [connectors/peer-gateway/PeerGateway] 	Generating contract map for user _HimbaraBankOrgMSP_User1
2026.09.17-13:59:19.055[32m info [39m [caliper] [connectors/peer-gateway/PeerGateway] 	Generating contract map for user _HimbaraBankOrgMSP_User1
2026.09.17-13:59:19.055[32m info [39m [caliper] [connectors/peer-gateway/PeerGateway] 	Generating contract map for user _HimbaraBankOrgMSP_User1
2026.09.17-13:59:19.056[32m info [39m [caliper] [connectors/peer-gateway/PeerGateway] 	Generating contract map for user _CommercialBankOrgMSP_User1
2026.09.17-13:59:19.057[32m info [39m [caliper] [connectors/peer-gateway/PeerGateway] 	Generating contract map for user _CommercialBankOrgMSP_User1
2026.09.17-13:59:19.057[32m info [39m [caliper] [connectors/peer-gateway/PeerGateway] 	Generating contract map for user _CommercialBankOrgMSP_User1
2026.09.17-13:59:19.057[32m info [39m [caliper] [connectors/peer-gateway/PeerGateway] 	Generating contract map for user _CommercialBankOrgMSP_User1
2026.09.17-13:59:19.059[32m info [39m [caliper] [caliper-worker] 	Worker #1 starting workload loop
2026.09.17-13:59:19.059[32m info [39m [caliper] [caliper-worker] 	Worker #2 starting workload loop
2026.09.17-13:59:19.060[32m info [39m [caliper] [caliper-worker] 	Worker #3 starting workload loop
2026.09.17-13:59:19.060[32m info [39m [caliper] [caliper-worker] 	Worker #0 starting workload loop
2026.09.17-13:59:21.633[32m info [39m [caliper] [default-observer] 	[warmup-retail-transfer-low-30tps Round 0 Transaction Info] - Submitted: 12 Succ: 10 Fail:0 Unfinished:2
2026.09.17-13:59:26.631[32m info [39m [caliper] [default-observer] 	[warmup-retail-transfer-low-30tps Round 0 Transaction Info] - Submitted: 36 Succ: 30 Fail:0 Unfinished:6
2026.09.17-13:59:31.632[32m info [39m [caliper] [default-observer] 	[warmup-retail-transfer-low-30tps Round 0 Transaction Info] - Submitted: 64 Succ: 60 Fail:0 Unfinished:4
2026.09.17-13:59:36.632[32m info [39m [caliper] [default-observer] 	[warmup-retail-transfer-low-30tps Round 0 Transaction Info] - Submitted: 88 Succ: 80 Fail:0 Unfinished:8
2026.09.17-13:59:41.632[32m info [39m [caliper] [default-observer] 	[warmup-retail-transfer-low-30tps Round 0 Transaction Info] - Submitted: 112 Succ: 110 Fail:0 Unfinished:2
2026.09.17-13:59:46.634[32m info [39m [caliper] [default-observer] 	[warmup-retail-transfer-low-30tps Round 0 Transaction Info] - Submitted: 136 Succ: 130 Fail:0 Unfinished:6
2026.09.17-13:59:51.634[32m info [39m [caliper] [default-observer] 	[warmup-retail-transfer-low-30tps Round 0 Transaction Info] - Submitted: 156 Succ: 156 Fail:0 Unfinished:0
2026.09.17-13:59:51.765[32m info [39m [caliper] [connectors/peer-gateway/PeerGateway] 	disconnecting gateway for user User1
2026.09.17-13:59:51.765[32m info [39m [caliper] [connectors/peer-gateway/PeerGateway] 	disconnecting gateway for user _HimbaraBankOrgMSP_User1
2026.09.17-13:59:51.765[32m info [39m [caliper] [connectors/peer-gateway/PeerGateway] 	disconnecting gateway for user _CommercialBankOrgMSP_User1
2026.09.17-13:59:51.766[32m info [39m [caliper] [connectors/peer-gateway/PeerGateway] 	disconnecting gRpc client at peer peer0.bi.paynet
2026.09.17-13:59:51.766[32m info [39m [caliper] [connectors/peer-gateway/PeerGateway] 	disconnecting gRpc client at peer peer0.himbara.paynet
2026.09.17-13:59:51.766[32m info [39m [caliper] [connectors/peer-gateway/PeerGateway] 	disconnecting gRpc client at peer peer0.commercial.paynet
2026.09.17-13:59:51.766[32m info [39m [caliper] [worker-message-handler] 	Worker#2 finished Round#0
2026.09.17-13:59:51.766[32m info [39m [caliper] [connectors/peer-gateway/PeerGateway] 	disconnecting gateway for user User1
2026.09.17-13:59:51.766[32m info [39m [caliper] [connectors/peer-gateway/PeerGateway] 	disconnecting gateway for user _HimbaraBankOrgMSP_User1
2026.09.17-13:59:51.766[32m info [39m [caliper] [connectors/peer-gateway/PeerGateway] 	disconnecting gateway for user _CommercialBankOrgMSP_User1
2026.09.17-13:59:51.766[32m info [39m [caliper] [connectors/peer-gateway/PeerGateway] 	disconnecting gRpc client at peer peer0.bi.paynet
2026.09.17-13:59:51.767[32m info [39m [caliper] [connectors/peer-gateway/PeerGateway] 	disconnecting gRpc client at peer peer0.himbara.paynet
2026.09.17-13:59:51.767[32m info [39m [caliper] [connectors/peer-gateway/PeerGateway] 	disconnecting gRpc client at peer peer0.commercial.paynet
2026.09.17-13:59:51.767[32m info [39m [caliper] [worker-message-handler] 	Worker#1 finished Round#0
2026.09.17-13:59:51.767[32m info [39m [caliper] [connectors/peer-gateway/PeerGateway] 	disconnecting gateway for user User1
2026.09.17-13:59:51.767[32m info [39m [caliper] [connectors/peer-gateway/PeerGateway] 	disconnecting gateway for user _HimbaraBankOrgMSP_User1
2026.09.17-13:59:51.767[32m info [39m [caliper] [connectors/peer-gateway/PeerGateway] 	disconnecting gateway for user _CommercialBankOrgMSP_User1
2026.09.17-13:59:51.767[32m info [39m [caliper] [connectors/peer-gateway/PeerGateway] 	disconnecting gRpc client at peer peer0.bi.paynet
2026.09.17-13:59:51.768[32m info [39m [caliper] [connectors/peer-gateway/PeerGateway] 	disconnecting gRpc client at peer peer0.himbara.paynet
2026.09.17-13:59:51.768[32m info [39m [caliper] [connectors/peer-gateway/PeerGateway] 	disconnecting gRpc client at peer peer0.commercial.paynet
2026.09.17-13:59:51.768[32m info [39m [caliper] [worker-message-handler] 	Worker#0 finished Round#0
2026.09.17-13:59:51.768[32m info [39m [caliper] [connectors/peer-gateway/PeerGateway] 	disconnecting gateway for user User1
2026.09.17-13:59:51.768[32m info [39m [caliper] [connectors/peer-gateway/PeerGateway] 	disconnecting gateway for user _HimbaraBankOrgMSP_User1
2026.09.17-13:59:51.768[32m info [39m [caliper] [connectors/peer-gateway/PeerGateway] 	disconnecting gateway for user _CommercialBankOrgMSP_User1
2026.09.17-13:59:51.768[32m info [39m [caliper] [connectors/peer-gateway/PeerGateway] 	disconnecting gRpc client at peer peer0.bi.paynet
2026.09.17-13:59:51.769[32m info [39m [caliper] [connectors/peer-gateway/PeerGateway] 	disconnecting gRpc client at peer peer0.himbara.paynet
2026.09.17-13:59:51.769[32m info [39m [caliper] [connectors/peer-gateway/PeerGateway] 	disconnecting gRpc client at peer peer0.commercial.paynet
2026.09.17-13:59:51.769[32m info [39m [caliper] [worker-message-handler] 	Worker#3 finished Round#0
2026.09.17-13:59:56.770[32m info [39m [caliper] [default-observer] 	Resetting txCount indicator count
2026.09.17-13:59:56.770[32m info [39m [caliper] [report-builder] 	### Test result ###
2026.09.17-13:59:56.774[32m info [39m [caliper] [report-builder] 	
+----------------------------------+------+------+-----------------+-----------------+-----------------+-----------------+------------------+
| Name                             | Succ | Fail | Send Rate (TPS) | Max Latency (s) | Min Latency (s) | Avg Latency (s) | Throughput (TPS) |
|----------------------------------|------|------|-----------------|-----------------|-----------------|-----------------|------------------|
| warmup-retail-transfer-low-30tps | 156  | 0    | 5.1             | 2.19            | 0.14            | 1.09            | 4.9              |
+----------------------------------+------+------+-----------------+-----------------+-----------------+-----------------+------------------+

2026.09.17-13:59:56.780[32m info [39m [caliper] [report-builder] 	### docker resource stats ###'
2026.09.17-13:59:56.783[32m info [39m [caliper] [report-builder] 	
+-----------------------------+-----------+-----------+------------------+------------------+-----------------+------------------+-----------------+----------------+
| Name                        | CPU%(max) | CPU%(avg) | Memory(max) [MB] | Memory(avg) [MB] | Traffic In [MB] | Traffic Out [MB] | Disc Write [MB] | Disc Read [MB] |
|-----------------------------|-----------|-----------|------------------|------------------|-----------------|------------------|-----------------|----------------|
| /peer0.himbara.paynet       | 0.14125   | 0.07125   | 107              | 105              | 5.44            | 5.35             | 3.93            | 0.00391        |
|-----------------------------|-----------|-----------|------------------|------------------|-----------------|------------------|-----------------|----------------|
| /peer0.commercial.paynet    | 0.05125   | 0.02625   | 96.4             | 94.1             | 2.62            | 1.19             | 3.85            | 0.0313         |
|-----------------------------|-----------|-----------|------------------|------------------|-----------------|------------------|-----------------|----------------|
| /peer0.pjp.paynet           | 0.05      | 0.0275    | 99.3             | 96.8             | 2.61            | 1.19             | 3.53            | 0.0742         |
|-----------------------------|-----------|-----------|------------------|------------------|-----------------|------------------|-----------------|----------------|
| /peer0.ojk.paynet           | 0.07125   | 0.02875   | 105              | 100              | 2.62            | 1.19             | 3.89            | 0.0391         |
|-----------------------------|-----------|-----------|------------------|------------------|-----------------|------------------|-----------------|----------------|
| /peer0.bi.paynet            | 0.04625   | 0.02875   | 92.7             | 90.3             | 2.65            | 1.22             | 4.05            | 3.02           |
|-----------------------------|-----------|-----------|------------------|------------------|-----------------|------------------|-----------------|----------------|
| /couchdb0.himbara.paynet    | 0.2125    | 0.085     | 29.3             | 28.0             | 0.968           | 0.521            | 8.06            | 5.60           |
|-----------------------------|-----------|-----------|------------------|------------------|-----------------|------------------|-----------------|----------------|
| /couchdb0.bi.paynet         | 0.28      | 0.0625    | 34.5             | 32.2             | 0.978           | 1.07             | 39.6            | 2.04           |
|-----------------------------|-----------|-----------|------------------|------------------|-----------------|------------------|-----------------|----------------|
| /couchdb0.ojk.paynet        | 0.27375   | 0.0675    | 34.6             | 33.0             | 0.979           | 1.07             | 7.47            | 2.34           |
|-----------------------------|-----------|-----------|------------------|------------------|-----------------|------------------|-----------------|----------------|
| /couchdb0.pjp.paynet        | 0.22625   | 0.0675    | 39.2             | 34.3             | 0.978           | 1.07             | 66.9            | 1.09           |
|-----------------------------|-----------|-----------|------------------|------------------|-----------------|------------------|-----------------|----------------|
| /couchdb0.commercial.paynet | 0.42125   | 0.0775    | 35.0             | 31.2             | 0.978           | 1.07             | 26.3            | 3.28           |
|-----------------------------|-----------|-----------|------------------|------------------|-----------------|------------------|-----------------|----------------|
| /orderer.paynet             | 0.02375   | 0.0075    | 48.0             | 46.5             | 1.44            | 6.78             | 4.46            | 0.00781        |
+-----------------------------+-----------+-----------+------------------+------------------+-----------------+------------------+-----------------+----------------+

2026.09.17-13:59:56.784[32m info [39m [caliper] [report-builder] 	### process resource stats ###'
2026.09.17-13:59:56.784[32m info [39m [caliper] [report-builder] 	
+-------------------+-----------+-----------+-----------------+-----------------+
| Name              | CPU%(max) | CPU%(avg) | Memory(max) [B] | Memory(avg) [B] |
|-------------------|-----------|-----------|-----------------|-----------------|
| node caliper(sum) | 48.08     | 28.66     | -               | -               |
+-------------------+-----------+-----------+-----------------+-----------------+

2026.09.17-13:59:56.784[32m info [39m [caliper] [round-orchestrator] 	Finished round 1 (warmup-retail-transfer-low-30tps) in 31.709 seconds
2026.09.17-13:59:56.784[32m info [39m [caliper] [monitor.js] 	Stopping all monitors
2026.09.17-13:59:56.985[32m info [39m [caliper] [round-orchestrator] 	Waiting 5 seconds for the next round...
2026.09.17-14:00:01.986[32m info [39m [caliper] [round-orchestrator] 	Started round 2 (retail-transfer-low-30tps)
2026.09.17-14:00:01.987[32m info [39m [caliper] [worker-message-handler] 	Preparing Worker#1 for Round#1
2026.09.17-14:00:01.988[32m info [39m [caliper] [worker-message-handler] 	Preparing Worker#0 for Round#1
2026.09.17-14:00:01.990[32m info [39m [caliper] [worker-message-handler] 	Preparing Worker#2 for Round#1
2026.09.17-14:00:01.992[32m info [39m [caliper] [worker-message-handler] 	Preparing Worker#3 for Round#1
2026.09.17-14:00:01.994[32m info [39m [caliper] [connectors/peer-gateway/PeerGateway] 	Generating contract map for user User1
2026.09.17-14:00:01.994[32m info [39m [caliper] [connectors/peer-gateway/PeerGateway] 	Generating contract map for user User1
2026.09.17-14:00:01.997[32m info [39m [caliper] [connectors/peer-gateway/PeerGateway] 	Generating contract map for user User1
2026.09.17-14:00:01.998[32m info [39m [caliper] [connectors/peer-gateway/PeerGateway] 	Generating contract map for user _HimbaraBankOrgMSP_User1
2026.09.17-14:00:01.998[32m info [39m [caliper] [connectors/peer-gateway/PeerGateway] 	Generating contract map for user _HimbaraBankOrgMSP_User1
2026.09.17-14:00:02.000[32m info [39m [caliper] [connectors/peer-gateway/PeerGateway] 	Generating contract map for user _HimbaraBankOrgMSP_User1
2026.09.17-14:00:02.000[32m info [39m [caliper] [connectors/peer-gateway/PeerGateway] 	Generating contract map for user User1
2026.09.17-14:00:02.001[32m info [39m [caliper] [connectors/peer-gateway/PeerGateway] 	Generating contract map for user _CommercialBankOrgMSP_User1
2026.09.17-14:00:02.001[32m info [39m [caliper] [caliper-worker] 	Info: worker 2 prepare test phase for round 1 is starting...
2026.09.17-14:00:02.002[32m info [39m [caliper] [connectors/peer-gateway/PeerGateway] 	Generating contract map for user _CommercialBankOrgMSP_User1
2026.09.17-14:00:02.003[32m info [39m [caliper] [caliper-worker] 	Info: worker 1 prepare test phase for round 1 is starting...
2026.09.17-14:00:02.003[32m info [39m [caliper] [connectors/peer-gateway/PeerGateway] 	Generating contract map for user _CommercialBankOrgMSP_User1
2026.09.17-14:00:02.004[32m info [39m [caliper] [caliper-worker] 	Info: worker 0 prepare test phase for round 1 is starting...
2026.09.17-14:00:02.006[32m info [39m [caliper] [connectors/peer-gateway/PeerGateway] 	Generating contract map for user _HimbaraBankOrgMSP_User1
2026.09.17-14:00:02.011[32m info [39m [caliper] [connectors/peer-gateway/PeerGateway] 	Generating contract map for user _CommercialBankOrgMSP_User1
2026.09.17-14:00:02.012[32m info [39m [caliper] [caliper-worker] 	Info: worker 3 prepare test phase for round 1 is starting...
2026.09.17-14:00:02.040[32m info [39m [caliper] [connectors/peer-gateway/PeerGateway] 	disconnecting gateway for user User1
2026.09.17-14:00:02.041[32m info [39m [caliper] [connectors/peer-gateway/PeerGateway] 	disconnecting gateway for user User1
2026.09.17-14:00:02.042[32m info [39m [caliper] [connectors/peer-gateway/PeerGateway] 	disconnecting gateway for user _HimbaraBankOrgMSP_User1
2026.09.17-14:00:02.043[32m info [39m [caliper] [connectors/peer-gateway/PeerGateway] 	disconnecting gateway for user _CommercialBankOrgMSP_User1
2026.09.17-14:00:02.043[32m info [39m [caliper] [connectors/peer-gateway/PeerGateway] 	disconnecting gRpc client at peer peer0.bi.paynet
2026.09.17-14:00:02.043[32m info [39m [caliper] [connectors/peer-gateway/PeerGateway] 	disconnecting gRpc client at peer peer0.himbara.paynet
2026.09.17-14:00:02.042[32m info [39m [caliper] [connectors/peer-gateway/PeerGateway] 	disconnecting gateway for user _HimbaraBankOrgMSP_User1
2026.09.17-14:00:02.043[32m info [39m [caliper] [connectors/peer-gateway/PeerGateway] 	disconnecting gateway for user _CommercialBankOrgMSP_User1
2026.09.17-14:00:02.043[32m info [39m [caliper] [connectors/peer-gateway/PeerGateway] 	disconnecting gRpc client at peer peer0.bi.paynet
2026.09.17-14:00:02.043[32m info [39m [caliper] [connectors/peer-gateway/PeerGateway] 	disconnecting gRpc client at peer peer0.himbara.paynet
2026.09.17-14:00:02.044[32m info [39m [caliper] [connectors/peer-gateway/PeerGateway] 	disconnecting gRpc client at peer peer0.commercial.paynet
2026.09.17-14:00:02.044[32m info [39m [caliper] [caliper-worker] 	Info: worker 1 prepare test phase for round 1 is completed
2026.09.17-14:00:02.044[32m info [39m [caliper] [worker-message-handler] 	Worker#1 prepared for Round#1
2026.09.17-14:00:02.045[32m info [39m [caliper] [connectors/peer-gateway/PeerGateway] 	disconnecting gRpc client at peer peer0.commercial.paynet
2026.09.17-14:00:02.046[32m info [39m [caliper] [caliper-worker] 	Info: worker 2 prepare test phase for round 1 is completed
2026.09.17-14:00:02.046[32m info [39m [caliper] [worker-message-handler] 	Worker#2 prepared for Round#1
2026.09.17-14:00:02.062[32m info [39m [caliper] [connectors/peer-gateway/PeerGateway] 	disconnecting gateway for user User1
2026.09.17-14:00:02.063[32m info [39m [caliper] [connectors/peer-gateway/PeerGateway] 	disconnecting gateway for user _HimbaraBankOrgMSP_User1
2026.09.17-14:00:02.066[32m info [39m [caliper] [connectors/peer-gateway/PeerGateway] 	disconnecting gateway for user _CommercialBankOrgMSP_User1
2026.09.17-14:00:02.066[32m info [39m [caliper] [connectors/peer-gateway/PeerGateway] 	disconnecting gRpc client at peer peer0.bi.paynet
2026.09.17-14:00:02.066[32m info [39m [caliper] [connectors/peer-gateway/PeerGateway] 	disconnecting gRpc client at peer peer0.himbara.paynet
2026.09.17-14:00:02.066[32m info [39m [caliper] [connectors/peer-gateway/PeerGateway] 	disconnecting gRpc client at peer peer0.commercial.paynet
2026.09.17-14:00:02.070[32m info [39m [caliper] [caliper-worker] 	Info: worker 3 prepare test phase for round 1 is completed
2026.09.17-14:00:02.071[32m info [39m [caliper] [worker-message-handler] 	Worker#3 prepared for Round#1
2026.09.17-14:00:06.408[32m info [39m [caliper] [connectors/peer-gateway/PeerGateway] 	disconnecting gateway for user User1
2026.09.17-14:00:06.409[32m info [39m [caliper] [connectors/peer-gateway/PeerGateway] 	disconnecting gateway for user _HimbaraBankOrgMSP_User1
2026.09.17-14:00:06.410[32m info [39m [caliper] [connectors/peer-gateway/PeerGateway] 	disconnecting gateway for user _CommercialBankOrgMSP_User1
2026.09.17-14:00:06.410[32m info [39m [caliper] [connectors/peer-gateway/PeerGateway] 	disconnecting gRpc client at peer peer0.bi.paynet
2026.09.17-14:00:06.411[32m info [39m [caliper] [connectors/peer-gateway/PeerGateway] 	disconnecting gRpc client at peer peer0.himbara.paynet
2026.09.17-14:00:06.412[32m info [39m [caliper] [connectors/peer-gateway/PeerGateway] 	disconnecting gRpc client at peer peer0.commercial.paynet
2026.09.17-14:00:06.412[32m info [39m [caliper] [caliper-worker] 	Info: worker 0 prepare test phase for round 1 is completed
2026.09.17-14:00:06.412[32m info [39m [caliper] [worker-message-handler] 	Worker#0 prepared for Round#1
2026.09.17-14:00:06.413[32m info [39m [caliper] [worker-orchestrator] 	4 workers prepared, progressing to test phase.
2026.09.17-14:00:08.451[32m info [39m [caliper] [monitor-process] 	Registering node caliper(sum) within process monitor
2026.09.17-14:00:08.646[32m info [39m [caliper] [monitor-process] 	Starting process monitor with update interval 1000 ms
2026.09.17-14:00:08.647[32m info [39m [caliper] [round-orchestrator] 	Monitors successfully started
2026.09.17-14:00:08.647[32m info [39m [caliper] [worker-message-handler] 	Worker#0 is starting Round#1
2026.09.17-14:00:08.648[32m info [39m [caliper] [worker-message-handler] 	Worker#1 is starting Round#1
2026.09.17-14:00:08.648[32m info [39m [caliper] [worker-message-handler] 	Worker#2 is starting Round#1
2026.09.17-14:00:08.648[32m info [39m [caliper] [worker-message-handler] 	Worker#3 is starting Round#1
2026.09.17-14:00:08.651[32m info [39m [caliper] [connectors/peer-gateway/PeerGateway] 	Generating contract map for user User1
2026.09.17-14:00:08.651[32m info [39m [caliper] [connectors/peer-gateway/PeerGateway] 	Generating contract map for user User1
2026.09.17-14:00:08.651[32m info [39m [caliper] [connectors/peer-gateway/PeerGateway] 	Generating contract map for user User1
2026.09.17-14:00:08.652[32m info [39m [caliper] [connectors/peer-gateway/PeerGateway] 	Generating contract map for user User1
2026.09.17-14:00:08.653[32m info [39m [caliper] [connectors/peer-gateway/PeerGateway] 	Generating contract map for user _HimbaraBankOrgMSP_User1
2026.09.17-14:00:08.653[32m info [39m [caliper] [connectors/peer-gateway/PeerGateway] 	Generating contract map for user _HimbaraBankOrgMSP_User1
2026.09.17-14:00:08.653[32m info [39m [caliper] [connectors/peer-gateway/PeerGateway] 	Generating contract map for user _HimbaraBankOrgMSP_User1
2026.09.17-14:00:08.654[32m info [39m [caliper] [connectors/peer-gateway/PeerGateway] 	Generating contract map for user _HimbaraBankOrgMSP_User1
2026.09.17-14:00:08.655[32m info [39m [caliper] [connectors/peer-gateway/PeerGateway] 	Generating contract map for user _CommercialBankOrgMSP_User1
2026.09.17-14:00:08.655[32m info [39m [caliper] [connectors/peer-gateway/PeerGateway] 	Generating contract map for user _CommercialBankOrgMSP_User1
2026.09.17-14:00:08.655[32m info [39m [caliper] [caliper-worker] 	Worker #1 starting workload loop
2026.09.17-14:00:08.656[32m info [39m [caliper] [caliper-worker] 	Worker #3 starting workload loop
2026.09.17-14:00:08.656[32m info [39m [caliper] [connectors/peer-gateway/PeerGateway] 	Generating contract map for user _CommercialBankOrgMSP_User1
2026.09.17-14:00:08.656[32m info [39m [caliper] [connectors/peer-gateway/PeerGateway] 	Generating contract map for user _CommercialBankOrgMSP_User1
2026.09.17-14:00:08.656[32m info [39m [caliper] [caliper-worker] 	Worker #0 starting workload loop
2026.09.17-14:00:08.657[32m info [39m [caliper] [caliper-worker] 	Worker #2 starting workload loop
2026.09.17-14:00:11.414[32m info [39m [caliper] [default-observer] 	[retail-transfer-low-30tps Round 1 Transaction Info] - Submitted: 61 Succ: 40 Fail:0 Unfinished:21
2026.09.17-14:00:16.415[32m info [39m [caliper] [default-observer] 	[retail-transfer-low-30tps Round 1 Transaction Info] - Submitted: 212 Succ: 200 Fail:0 Unfinished:12
2026.09.17-14:00:21.419[32m info [39m [caliper] [default-observer] 	[retail-transfer-low-30tps Round 1 Transaction Info] - Submitted: 364 Succ: 350 Fail:0 Unfinished:14
2026.09.17-14:00:26.415[32m info [39m [caliper] [default-observer] 	[retail-transfer-low-30tps Round 1 Transaction Info] - Submitted: 512 Succ: 500 Fail:0 Unfinished:12
2026.09.17-14:00:31.416[32m info [39m [caliper] [default-observer] 	[retail-transfer-low-30tps Round 1 Transaction Info] - Submitted: 664 Succ: 658 Fail:0 Unfinished:6
2026.09.17-14:00:36.416[32m info [39m [caliper] [default-observer] 	[retail-transfer-low-30tps Round 1 Transaction Info] - Submitted: 813 Succ: 780 Fail:0 Unfinished:33
2026.09.17-14:00:41.275[31m error[39m [caliper] [connectors/peer-gateway/PeerGateway] 	Failed to perform submit transaction [Transfer] using arguments [wlt_c_20260917-pilot6_calibration-retail-transfer-low-4w-30tps-r1_retail-transfer-low_w2_14,wlt_c_20260917-pilot6_calibration-retail-transfer-low-4w-30tps-r1_retail-transfer-low_w2_33,1000,transfer_20260917-pilot6_calibration-retail-transfer-low-4w-30tps-r1_retail-transfer-low_w2_r1_221],  with error: Error: Failed to submit trasaction with status code: 11
2026.09.17-14:00:41.283[31m error[39m [caliper] [connectors/peer-gateway/PeerGateway] 	Failed to perform submit transaction [Transfer] using arguments [wlt_c_20260917-pilot6_calibration-retail-transfer-low-4w-30tps-r1_retail-transfer-low_w2_13,wlt_c_20260917-pilot6_calibration-retail-transfer-low-4w-30tps-r1_retail-transfer-low_w2_32,1000,transfer_20260917-pilot6_calibration-retail-transfer-low-4w-30tps-r1_retail-transfer-low_w2_r1_220],  with error: Error: Failed to submit trasaction with status code: 11
2026.09.17-14:00:41.418[32m info [39m [caliper] [default-observer] 	[retail-transfer-low-30tps Round 1 Transaction Info] - Submitted: 965 Succ: 880 Fail:0 Unfinished:85
2026.09.17-14:00:41.735[31m error[39m [caliper] [connectors/peer-gateway/PeerGateway] 	Failed to perform submit transaction [Transfer] using arguments [wlt_c_20260917-pilot6_calibration-retail-transfer-low-4w-30tps-r1_retail-transfer-low_w3_17,wlt_c_20260917-pilot6_calibration-retail-transfer-low-4w-30tps-r1_retail-transfer-low_w3_36,1000,transfer_20260917-pilot6_calibration-retail-transfer-low-4w-30tps-r1_retail-transfer-low_w3_r1_223],  with error: Error: Failed to submit trasaction with status code: 11
2026.09.17-14:00:41.736[31m error[39m [caliper] [connectors/peer-gateway/PeerGateway] 	Failed to perform submit transaction [Transfer] using arguments [wlt_c_20260917-pilot6_calibration-retail-transfer-low-4w-30tps-r1_retail-transfer-low_w3_18,wlt_c_20260917-pilot6_calibration-retail-transfer-low-4w-30tps-r1_retail-transfer-low_w3_37,1000,transfer_20260917-pilot6_calibration-retail-transfer-low-4w-30tps-r1_retail-transfer-low_w3_r1_224],  with error: Error: Failed to submit trasaction with status code: 11
2026.09.17-14:00:41.738[31m error[39m [caliper] [connectors/peer-gateway/PeerGateway] 	Failed to perform submit transaction [Transfer] using arguments [wlt_c_20260917-pilot6_calibration-retail-transfer-low-4w-30tps-r1_retail-transfer-low_w1_17,wlt_c_20260917-pilot6_calibration-retail-transfer-low-4w-30tps-r1_retail-transfer-low_w1_36,1000,transfer_20260917-pilot6_calibration-retail-transfer-low-4w-30tps-r1_retail-transfer-low_w1_r1_223],  with error: Error: Failed to submit trasaction with status code: 11
2026.09.17-14:00:41.741[31m error[39m [caliper] [connectors/peer-gateway/PeerGateway] 	Failed to perform submit transaction [Transfer] using arguments [wlt_c_20260917-pilot6_calibration-retail-transfer-low-4w-30tps-r1_retail-transfer-low_w1_18,wlt_c_20260917-pilot6_calibration-retail-transfer-low-4w-30tps-r1_retail-transfer-low_w1_37,1000,transfer_20260917-pilot6_calibration-retail-transfer-low-4w-30tps-r1_retail-transfer-low_w1_r1_224],  with error: Error: Failed to submit trasaction with status code: 11
2026.09.17-14:00:42.249[31m error[39m [caliper] [connectors/peer-gateway/PeerGateway] 	Failed to perform submit transaction [Transfer] using arguments [wlt_c_20260917-pilot6_calibration-retail-transfer-low-4w-30tps-r1_retail-transfer-low_w0_3,wlt_c_20260917-pilot6_calibration-retail-transfer-low-4w-30tps-r1_retail-transfer-low_w0_22,1000,transfer_20260917-pilot6_calibration-retail-transfer-low-4w-30tps-r1_retail-transfer-low_w0_r1_227],  with error: Error: Failed to submit trasaction with status code: 11
2026.09.17-14:00:42.645[31m error[39m [caliper] [connectors/peer-gateway/PeerGateway] 	Failed to perform submit transaction [Transfer] using arguments [wlt_c_20260917-pilot6_calibration-retail-transfer-low-4w-30tps-r1_retail-transfer-low_w3_3,wlt_c_20260917-pilot6_calibration-retail-transfer-low-4w-30tps-r1_retail-transfer-low_w3_22,1000,transfer_20260917-pilot6_calibration-retail-transfer-low-4w-30tps-r1_retail-transfer-low_w3_r1_227],  with error: Error: Failed to submit trasaction with status code: 11
2026.09.17-14:00:42.657[31m error[39m [caliper] [connectors/peer-gateway/PeerGateway] 	Failed to perform submit transaction [Transfer] using arguments [wlt_c_20260917-pilot6_calibration-retail-transfer-low-4w-30tps-r1_retail-transfer-low_w3_4,wlt_c_20260917-pilot6_calibration-retail-transfer-low-4w-30tps-r1_retail-transfer-low_w3_23,1000,transfer_20260917-pilot6_calibration-retail-transfer-low-4w-30tps-r1_retail-transfer-low_w3_r1_228],  with error: Error: Failed to submit trasaction with status code: 11
2026.09.17-14:00:42.683[31m error[39m [caliper] [connectors/peer-gateway/PeerGateway] 	Failed to perform submit transaction [Transfer] using arguments [wlt_c_20260917-pilot6_calibration-retail-transfer-low-4w-30tps-r1_retail-transfer-low_w3_6,wlt_c_20260917-pilot6_calibration-retail-transfer-low-4w-30tps-r1_retail-transfer-low_w3_24,1000,transfer_20260917-pilot6_calibration-retail-transfer-low-4w-30tps-r1_retail-transfer-low_w3_r1_229],  with error: Error: Failed to submit trasaction with status code: 11
2026.09.17-14:00:42.701[31m error[39m [caliper] [connectors/peer-gateway/PeerGateway] 	Failed to perform submit transaction [Transfer] using arguments [wlt_c_20260917-pilot6_calibration-retail-transfer-low-4w-30tps-r1_retail-transfer-low_w3_7,wlt_c_20260917-pilot6_calibration-retail-transfer-low-4w-30tps-r1_retail-transfer-low_w3_26,1000,transfer_20260917-pilot6_calibration-retail-transfer-low-4w-30tps-r1_retail-transfer-low_w3_r1_230],  with error: Error: Failed to submit trasaction with status code: 11
2026.09.17-14:00:43.092[31m error[39m [caliper] [connectors/peer-gateway/PeerGateway] 	Failed to perform submit transaction [Transfer] using arguments [wlt_c_20260917-pilot6_calibration-retail-transfer-low-4w-30tps-r1_retail-transfer-low_w1_6,wlt_c_20260917-pilot6_calibration-retail-transfer-low-4w-30tps-r1_retail-transfer-low_w1_24,1000,transfer_20260917-pilot6_calibration-retail-transfer-low-4w-30tps-r1_retail-transfer-low_w1_r1_229],  with error: Error: Failed to submit trasaction with status code: 11
2026.09.17-14:00:43.095[31m error[39m [caliper] [connectors/peer-gateway/PeerGateway] 	Failed to perform submit transaction [Transfer] using arguments [wlt_c_20260917-pilot6_calibration-retail-transfer-low-4w-30tps-r1_retail-transfer-low_w2_11,wlt_c_20260917-pilot6_calibration-retail-transfer-low-4w-30tps-r1_retail-transfer-low_w2_29,1000,transfer_20260917-pilot6_calibration-retail-transfer-low-4w-30tps-r1_retail-transfer-low_w2_r1_233],  with error: Error: Failed to submit trasaction with status code: 11
2026.09.17-14:00:43.123[31m error[39m [caliper] [connectors/peer-gateway/PeerGateway] 	Failed to perform submit transaction [Transfer] using arguments [wlt_c_20260917-pilot6_calibration-retail-transfer-low-4w-30tps-r1_retail-transfer-low_w1_9,wlt_c_20260917-pilot6_calibration-retail-transfer-low-4w-30tps-r1_retail-transfer-low_w1_28,1000,transfer_20260917-pilot6_calibration-retail-transfer-low-4w-30tps-r1_retail-transfer-low_w1_r1_232],  with error: Error: Failed to submit trasaction with status code: 11
2026.09.17-14:00:43.151[31m error[39m [caliper] [connectors/peer-gateway/PeerGateway] 	Failed to perform submit transaction [Transfer] using arguments [wlt_c_20260917-pilot6_calibration-retail-transfer-low-4w-30tps-r1_retail-transfer-low_w0_9,wlt_c_20260917-pilot6_calibration-retail-transfer-low-4w-30tps-r1_retail-transfer-low_w0_28,1000,transfer_20260917-pilot6_calibration-retail-transfer-low-4w-30tps-r1_retail-transfer-low_w0_r1_232],  with error: Error: Failed to submit trasaction with status code: 11
2026.09.17-14:00:43.542[31m error[39m [caliper] [connectors/peer-gateway/PeerGateway] 	Failed to perform submit transaction [Transfer] using arguments [wlt_c_20260917-pilot6_calibration-retail-transfer-low-4w-30tps-r1_retail-transfer-low_w1_11,wlt_c_20260917-pilot6_calibration-retail-transfer-low-4w-30tps-r1_retail-transfer-low_w1_29,1000,transfer_20260917-pilot6_calibration-retail-transfer-low-4w-30tps-r1_retail-transfer-low_w1_r1_233],  with error: Error: Failed to submit trasaction with status code: 11
2026.09.17-14:00:43.559[31m error[39m [caliper] [connectors/peer-gateway/PeerGateway] 	Failed to perform submit transaction [Transfer] using arguments [wlt_c_20260917-pilot6_calibration-retail-transfer-low-4w-30tps-r1_retail-transfer-low_w0_12,wlt_c_20260917-pilot6_calibration-retail-transfer-low-4w-30tps-r1_retail-transfer-low_w0_31,1000,transfer_20260917-pilot6_calibration-retail-transfer-low-4w-30tps-r1_retail-transfer-low_w0_r1_234],  with error: Error: Failed to submit trasaction with status code: 11
2026.09.17-14:00:43.565[31m error[39m [caliper] [connectors/peer-gateway/PeerGateway] 	Failed to perform submit transaction [Transfer] using arguments [wlt_c_20260917-pilot6_calibration-retail-transfer-low-4w-30tps-r1_retail-transfer-low_w0_13,wlt_c_20260917-pilot6_calibration-retail-transfer-low-4w-30tps-r1_retail-transfer-low_w0_32,1000,transfer_20260917-pilot6_calibration-retail-transfer-low-4w-30tps-r1_retail-transfer-low_w0_r1_235],  with error: Error: Failed to submit trasaction with status code: 11
2026.09.17-14:00:43.654[31m error[39m [caliper] [connectors/peer-gateway/PeerGateway] 	Failed to perform submit transaction [Transfer] using arguments [wlt_c_20260917-pilot6_calibration-retail-transfer-low-4w-30tps-r1_retail-transfer-low_w3_11,wlt_c_20260917-pilot6_calibration-retail-transfer-low-4w-30tps-r1_retail-transfer-low_w3_29,1000,transfer_20260917-pilot6_calibration-retail-transfer-low-4w-30tps-r1_retail-transfer-low_w3_r1_233],  with error: Error: Failed to submit trasaction with status code: 11
2026.09.17-14:00:43.654[31m error[39m [caliper] [connectors/peer-gateway/PeerGateway] 	Failed to perform submit transaction [Transfer] using arguments [wlt_c_20260917-pilot6_calibration-retail-transfer-low-4w-30tps-r1_retail-transfer-low_w3_9,wlt_c_20260917-pilot6_calibration-retail-transfer-low-4w-30tps-r1_retail-transfer-low_w3_28,1000,transfer_20260917-pilot6_calibration-retail-transfer-low-4w-30tps-r1_retail-transfer-low_w3_r1_232],  with error: Error: Failed to submit trasaction with status code: 11
2026.09.17-14:00:43.656[31m error[39m [caliper] [connectors/peer-gateway/PeerGateway] 	Failed to perform submit transaction [Transfer] using arguments [wlt_c_20260917-pilot6_calibration-retail-transfer-low-4w-30tps-r1_retail-transfer-low_w3_12,wlt_c_20260917-pilot6_calibration-retail-transfer-low-4w-30tps-r1_retail-transfer-low_w3_31,1000,transfer_20260917-pilot6_calibration-retail-transfer-low-4w-30tps-r1_retail-transfer-low_w3_r1_234],  with error: Error: Failed to submit trasaction with status code: 11
2026.09.17-14:00:43.889[31m error[39m [caliper] [connectors/peer-gateway/PeerGateway] 	Failed to perform submit transaction [Transfer] using arguments [wlt_c_20260917-pilot6_calibration-retail-transfer-low-4w-30tps-r1_retail-transfer-low_w2_12,wlt_c_20260917-pilot6_calibration-retail-transfer-low-4w-30tps-r1_retail-transfer-low_w2_31,1000,transfer_20260917-pilot6_calibration-retail-transfer-low-4w-30tps-r1_retail-transfer-low_w2_r1_234],  with error: Error: Failed to submit trasaction with status code: 11
2026.09.17-14:00:43.894[31m error[39m [caliper] [connectors/peer-gateway/PeerGateway] 	Failed to perform submit transaction [Transfer] using arguments [wlt_c_20260917-pilot6_calibration-retail-transfer-low-4w-30tps-r1_retail-transfer-low_w2_17,wlt_c_20260917-pilot6_calibration-retail-transfer-low-4w-30tps-r1_retail-transfer-low_w2_36,1000,transfer_20260917-pilot6_calibration-retail-transfer-low-4w-30tps-r1_retail-transfer-low_w2_r1_238],  with error: Error: Failed to submit trasaction with status code: 11
2026.09.17-14:00:43.895[31m error[39m [caliper] [connectors/peer-gateway/PeerGateway] 	Failed to perform submit transaction [Transfer] using arguments [wlt_c_20260917-pilot6_calibration-retail-transfer-low-4w-30tps-r1_retail-transfer-low_w0_17,wlt_c_20260917-pilot6_calibration-retail-transfer-low-4w-30tps-r1_retail-transfer-low_w0_36,1000,transfer_20260917-pilot6_calibration-retail-transfer-low-4w-30tps-r1_retail-transfer-low_w0_r1_238],  with error: Error: Failed to submit trasaction with status code: 11
2026.09.17-14:00:43.908[31m error[39m [caliper] [connectors/peer-gateway/PeerGateway] 	Failed to perform submit transaction [Transfer] using arguments [wlt_c_20260917-pilot6_calibration-retail-transfer-low-4w-30tps-r1_retail-transfer-low_w1_16,wlt_c_20260917-pilot6_calibration-retail-transfer-low-4w-30tps-r1_retail-transfer-low_w1_34,1000,transfer_20260917-pilot6_calibration-retail-transfer-low-4w-30tps-r1_retail-transfer-low_w1_r1_237],  with error: Error: Failed to submit trasaction with status code: 11
2026.09.17-14:00:43.919[31m error[39m [caliper] [connectors/peer-gateway/PeerGateway] 	Failed to perform submit transaction [Transfer] using arguments [wlt_c_20260917-pilot6_calibration-retail-transfer-low-4w-30tps-r1_retail-transfer-low_w3_13,wlt_c_20260917-pilot6_calibration-retail-transfer-low-4w-30tps-r1_retail-transfer-low_w3_32,1000,transfer_20260917-pilot6_calibration-retail-transfer-low-4w-30tps-r1_retail-transfer-low_w3_r1_235],  with error: Error: Failed to submit trasaction with status code: 11
2026.09.17-14:00:43.926[31m error[39m [caliper] [connectors/peer-gateway/PeerGateway] 	Failed to perform submit transaction [Transfer] using arguments [wlt_c_20260917-pilot6_calibration-retail-transfer-low-4w-30tps-r1_retail-transfer-low_w1_12,wlt_c_20260917-pilot6_calibration-retail-transfer-low-4w-30tps-r1_retail-transfer-low_w1_31,1000,transfer_20260917-pilot6_calibration-retail-transfer-low-4w-30tps-r1_retail-transfer-low_w1_r1_234],  with error: Error: Failed to submit trasaction with status code: 11
2026.09.17-14:00:43.927[31m error[39m [caliper] [connectors/peer-gateway/PeerGateway] 	Failed to perform submit transaction [Transfer] using arguments [wlt_c_20260917-pilot6_calibration-retail-transfer-low-4w-30tps-r1_retail-transfer-low_w1_14,wlt_c_20260917-pilot6_calibration-retail-transfer-low-4w-30tps-r1_retail-transfer-low_w1_33,1000,transfer_20260917-pilot6_calibration-retail-transfer-low-4w-30tps-r1_retail-transfer-low_w1_r1_236],  with error: Error: Failed to submit trasaction with status code: 11
2026.09.17-14:00:43.934[31m error[39m [caliper] [connectors/peer-gateway/PeerGateway] 	Failed to perform submit transaction [Transfer] using arguments [wlt_c_20260917-pilot6_calibration-retail-transfer-low-4w-30tps-r1_retail-transfer-low_w1_13,wlt_c_20260917-pilot6_calibration-retail-transfer-low-4w-30tps-r1_retail-transfer-low_w1_32,1000,transfer_20260917-pilot6_calibration-retail-transfer-low-4w-30tps-r1_retail-transfer-low_w1_r1_235],  with error: Error: Failed to submit trasaction with status code: 11
2026.09.17-14:00:44.239[31m error[39m [caliper] [connectors/peer-gateway/PeerGateway] 	Failed to perform submit transaction [Transfer] using arguments [wlt_c_20260917-pilot6_calibration-retail-transfer-low-4w-30tps-r1_retail-transfer-low_w1_2,wlt_c_20260917-pilot6_calibration-retail-transfer-low-4w-30tps-r1_retail-transfer-low_w1_21,1000,transfer_20260917-pilot6_calibration-retail-transfer-low-4w-30tps-r1_retail-transfer-low_w1_r1_241],  with error: Error: Failed to submit trasaction with status code: 11
2026.09.17-14:00:44.241[31m error[39m [caliper] [connectors/peer-gateway/PeerGateway] 	Failed to perform submit transaction [Transfer] using arguments [wlt_c_20260917-pilot6_calibration-retail-transfer-low-4w-30tps-r1_retail-transfer-low_w3_16,wlt_c_20260917-pilot6_calibration-retail-transfer-low-4w-30tps-r1_retail-transfer-low_w3_34,1000,transfer_20260917-pilot6_calibration-retail-transfer-low-4w-30tps-r1_retail-transfer-low_w3_r1_237],  with error: Error: Failed to submit trasaction with status code: 11
2026.09.17-14:00:44.242[31m error[39m [caliper] [connectors/peer-gateway/PeerGateway] 	Failed to perform submit transaction [Transfer] using arguments [wlt_c_20260917-pilot6_calibration-retail-transfer-low-4w-30tps-r1_retail-transfer-low_w3_14,wlt_c_20260917-pilot6_calibration-retail-transfer-low-4w-30tps-r1_retail-transfer-low_w3_33,1000,transfer_20260917-pilot6_calibration-retail-transfer-low-4w-30tps-r1_retail-transfer-low_w3_r1_236],  with error: Error: Failed to submit trasaction with status code: 11
2026.09.17-14:00:44.242[31m error[39m [caliper] [connectors/peer-gateway/PeerGateway] 	Failed to perform submit transaction [Transfer] using arguments [wlt_c_20260917-pilot6_calibration-retail-transfer-low-4w-30tps-r1_retail-transfer-low_w3_1,wlt_c_20260917-pilot6_calibration-retail-transfer-low-4w-30tps-r1_retail-transfer-low_w3_19,1000,transfer_20260917-pilot6_calibration-retail-transfer-low-4w-30tps-r1_retail-transfer-low_w3_r1_240],  with error: Error: Failed to submit trasaction with status code: 11
2026.09.17-14:00:44.243[31m error[39m [caliper] [connectors/peer-gateway/PeerGateway] 	Failed to perform submit transaction [Transfer] using arguments [wlt_c_20260917-pilot6_calibration-retail-transfer-low-4w-30tps-r1_retail-transfer-low_w0_14,wlt_c_20260917-pilot6_calibration-retail-transfer-low-4w-30tps-r1_retail-transfer-low_w0_33,1000,transfer_20260917-pilot6_calibration-retail-transfer-low-4w-30tps-r1_retail-transfer-low_w0_r1_236],  with error: Error: Failed to submit trasaction with status code: 11
2026.09.17-14:00:44.243[31m error[39m [caliper] [connectors/peer-gateway/PeerGateway] 	Failed to perform submit transaction [Transfer] using arguments [wlt_c_20260917-pilot6_calibration-retail-transfer-low-4w-30tps-r1_retail-transfer-low_w2_18,wlt_c_20260917-pilot6_calibration-retail-transfer-low-4w-30tps-r1_retail-transfer-low_w2_37,1000,transfer_20260917-pilot6_calibration-retail-transfer-low-4w-30tps-r1_retail-transfer-low_w2_r1_239],  with error: Error: Failed to submit trasaction with status code: 11
2026.09.17-14:00:44.244[31m error[39m [caliper] [connectors/peer-gateway/PeerGateway] 	Failed to perform submit transaction [Transfer] using arguments [wlt_c_20260917-pilot6_calibration-retail-transfer-low-4w-30tps-r1_retail-transfer-low_w2_16,wlt_c_20260917-pilot6_calibration-retail-transfer-low-4w-30tps-r1_retail-transfer-low_w2_34,1000,transfer_20260917-pilot6_calibration-retail-transfer-low-4w-30tps-r1_retail-transfer-low_w2_r1_237],  with error: Error: Failed to submit trasaction with status code: 11
2026.09.17-14:00:44.521[31m error[39m [caliper] [connectors/peer-gateway/PeerGateway] 	Failed to perform submit transaction [Transfer] using arguments [wlt_c_20260917-pilot6_calibration-retail-transfer-low-4w-30tps-r1_retail-transfer-low_w1_1,wlt_c_20260917-pilot6_calibration-retail-transfer-low-4w-30tps-r1_retail-transfer-low_w1_19,1000,transfer_20260917-pilot6_calibration-retail-transfer-low-4w-30tps-r1_retail-transfer-low_w1_r1_240],  with error: Error: Failed to submit trasaction with status code: 11
2026.09.17-14:00:44.522[31m error[39m [caliper] [connectors/peer-gateway/PeerGateway] 	Failed to perform submit transaction [Transfer] using arguments [wlt_c_20260917-pilot6_calibration-retail-transfer-low-4w-30tps-r1_retail-transfer-low_w1_3,wlt_c_20260917-pilot6_calibration-retail-transfer-low-4w-30tps-r1_retail-transfer-low_w1_22,1000,transfer_20260917-pilot6_calibration-retail-transfer-low-4w-30tps-r1_retail-transfer-low_w1_r1_242],  with error: Error: Failed to submit trasaction with status code: 11
2026.09.17-14:00:44.525[31m error[39m [caliper] [connectors/peer-gateway/PeerGateway] 	Failed to perform submit transaction [Transfer] using arguments [wlt_c_20260917-pilot6_calibration-retail-transfer-low-4w-30tps-r1_retail-transfer-low_w0_1,wlt_c_20260917-pilot6_calibration-retail-transfer-low-4w-30tps-r1_retail-transfer-low_w0_19,1000,transfer_20260917-pilot6_calibration-retail-transfer-low-4w-30tps-r1_retail-transfer-low_w0_r1_240],  with error: Error: Failed to submit trasaction with status code: 11
2026.09.17-14:00:44.525[31m error[39m [caliper] [connectors/peer-gateway/PeerGateway] 	Failed to perform submit transaction [Transfer] using arguments [wlt_c_20260917-pilot6_calibration-retail-transfer-low-4w-30tps-r1_retail-transfer-low_w2_4,wlt_c_20260917-pilot6_calibration-retail-transfer-low-4w-30tps-r1_retail-transfer-low_w2_23,1000,transfer_20260917-pilot6_calibration-retail-transfer-low-4w-30tps-r1_retail-transfer-low_w2_r1_243],  with error: Error: Failed to submit trasaction with status code: 11
2026.09.17-14:00:44.525[31m error[39m [caliper] [connectors/peer-gateway/PeerGateway] 	Failed to perform submit transaction [Transfer] using arguments [wlt_c_20260917-pilot6_calibration-retail-transfer-low-4w-30tps-r1_retail-transfer-low_w0_18,wlt_c_20260917-pilot6_calibration-retail-transfer-low-4w-30tps-r1_retail-transfer-low_w0_37,1000,transfer_20260917-pilot6_calibration-retail-transfer-low-4w-30tps-r1_retail-transfer-low_w0_r1_239],  with error: Error: Failed to submit trasaction with status code: 11
2026.09.17-14:00:44.526[31m error[39m [caliper] [connectors/peer-gateway/PeerGateway] 	Failed to perform submit transaction [Transfer] using arguments [wlt_c_20260917-pilot6_calibration-retail-transfer-low-4w-30tps-r1_retail-transfer-low_w0_16,wlt_c_20260917-pilot6_calibration-retail-transfer-low-4w-30tps-r1_retail-transfer-low_w0_34,1000,transfer_20260917-pilot6_calibration-retail-transfer-low-4w-30tps-r1_retail-transfer-low_w0_r1_237],  with error: Error: Failed to submit trasaction with status code: 11
2026.09.17-14:00:44.527[31m error[39m [caliper] [connectors/peer-gateway/PeerGateway] 	Failed to perform submit transaction [Transfer] using arguments [wlt_c_20260917-pilot6_calibration-retail-transfer-low-4w-30tps-r1_retail-transfer-low_w0_2,wlt_c_20260917-pilot6_calibration-retail-transfer-low-4w-30tps-r1_retail-transfer-low_w0_21,1000,transfer_20260917-pilot6_calibration-retail-transfer-low-4w-30tps-r1_retail-transfer-low_w0_r1_241],  with error: Error: Failed to submit trasaction with status code: 11
2026.09.17-14:00:44.531[31m error[39m [caliper] [connectors/peer-gateway/PeerGateway] 	Failed to perform submit transaction [Transfer] using arguments [wlt_c_20260917-pilot6_calibration-retail-transfer-low-4w-30tps-r1_retail-transfer-low_w2_1,wlt_c_20260917-pilot6_calibration-retail-transfer-low-4w-30tps-r1_retail-transfer-low_w2_19,1000,transfer_20260917-pilot6_calibration-retail-transfer-low-4w-30tps-r1_retail-transfer-low_w2_r1_240],  with error: Error: Failed to submit trasaction with status code: 11
2026.09.17-14:00:44.736[31m error[39m [caliper] [connectors/peer-gateway/PeerGateway] 	Failed to perform submit transaction [Transfer] using arguments [wlt_c_20260917-pilot6_calibration-retail-transfer-low-4w-30tps-r1_retail-transfer-low_w1_7,wlt_c_20260917-pilot6_calibration-retail-transfer-low-4w-30tps-r1_retail-transfer-low_w1_26,1000,transfer_20260917-pilot6_calibration-retail-transfer-low-4w-30tps-r1_retail-transfer-low_w1_r1_245],  with error: Error: Failed to submit trasaction with status code: 11
2026.09.17-14:00:44.737[31m error[39m [caliper] [connectors/peer-gateway/PeerGateway] 	Failed to perform submit transaction [Transfer] using arguments [wlt_c_20260917-pilot6_calibration-retail-transfer-low-4w-30tps-r1_retail-transfer-low_w2_2,wlt_c_20260917-pilot6_calibration-retail-transfer-low-4w-30tps-r1_retail-transfer-low_w2_21,1000,transfer_20260917-pilot6_calibration-retail-transfer-low-4w-30tps-r1_retail-transfer-low_w2_r1_241],  with error: Error: Failed to submit trasaction with status code: 11
2026.09.17-14:00:44.738[31m error[39m [caliper] [connectors/peer-gateway/PeerGateway] 	Failed to perform submit transaction [Transfer] using arguments [wlt_c_20260917-pilot6_calibration-retail-transfer-low-4w-30tps-r1_retail-transfer-low_w1_4,wlt_c_20260917-pilot6_calibration-retail-transfer-low-4w-30tps-r1_retail-transfer-low_w1_23,1000,transfer_20260917-pilot6_calibration-retail-transfer-low-4w-30tps-r1_retail-transfer-low_w1_r1_243],  with error: Error: Failed to submit trasaction with status code: 11
2026.09.17-14:00:44.744[31m error[39m [caliper] [connectors/peer-gateway/PeerGateway] 	Failed to perform submit transaction [Transfer] using arguments [wlt_c_20260917-pilot6_calibration-retail-transfer-low-4w-30tps-r1_retail-transfer-low_w0_6,wlt_c_20260917-pilot6_calibration-retail-transfer-low-4w-30tps-r1_retail-transfer-low_w0_24,1000,transfer_20260917-pilot6_calibration-retail-transfer-low-4w-30tps-r1_retail-transfer-low_w0_r1_244],  with error: Error: Failed to submit trasaction with status code: 11
2026.09.17-14:00:44.745[31m error[39m [caliper] [connectors/peer-gateway/PeerGateway] 	Failed to perform submit transaction [Transfer] using arguments [wlt_c_20260917-pilot6_calibration-retail-transfer-low-4w-30tps-r1_retail-transfer-low_w0_4,wlt_c_20260917-pilot6_calibration-retail-transfer-low-4w-30tps-r1_retail-transfer-low_w0_23,1000,transfer_20260917-pilot6_calibration-retail-transfer-low-4w-30tps-r1_retail-transfer-low_w0_r1_243],  with error: Error: Failed to submit trasaction with status code: 11
2026.09.17-14:00:44.764[31m error[39m [caliper] [connectors/peer-gateway/PeerGateway] 	Failed to perform submit transaction [Transfer] using arguments [wlt_c_20260917-pilot6_calibration-retail-transfer-low-4w-30tps-r1_retail-transfer-low_w0_7,wlt_c_20260917-pilot6_calibration-retail-transfer-low-4w-30tps-r1_retail-transfer-low_w0_26,1000,transfer_20260917-pilot6_calibration-retail-transfer-low-4w-30tps-r1_retail-transfer-low_w0_r1_245],  with error: Error: Failed to submit trasaction with status code: 11
2026.09.17-14:00:44.766[31m error[39m [caliper] [connectors/peer-gateway/PeerGateway] 	Failed to perform submit transaction [Transfer] using arguments [wlt_c_20260917-pilot6_calibration-retail-transfer-low-4w-30tps-r1_retail-transfer-low_w3_2,wlt_c_20260917-pilot6_calibration-retail-transfer-low-4w-30tps-r1_retail-transfer-low_w3_21,1000,transfer_20260917-pilot6_calibration-retail-transfer-low-4w-30tps-r1_retail-transfer-low_w3_r1_241],  with error: Error: Failed to submit trasaction with status code: 11
2026.09.17-14:00:45.011[31m error[39m [caliper] [connectors/peer-gateway/PeerGateway] 	Failed to perform submit transaction [Transfer] using arguments [wlt_c_20260917-pilot6_calibration-retail-transfer-low-4w-30tps-r1_retail-transfer-low_w2_9,wlt_c_20260917-pilot6_calibration-retail-transfer-low-4w-30tps-r1_retail-transfer-low_w2_28,1000,transfer_20260917-pilot6_calibration-retail-transfer-low-4w-30tps-r1_retail-transfer-low_w2_r1_247],  with error: Error: Failed to submit trasaction with status code: 11
2026.09.17-14:00:45.020[31m error[39m [caliper] [connectors/peer-gateway/PeerGateway] 	Failed to perform submit transaction [Transfer] using arguments [wlt_c_20260917-pilot6_calibration-retail-transfer-low-4w-30tps-r1_retail-transfer-low_w2_3,wlt_c_20260917-pilot6_calibration-retail-transfer-low-4w-30tps-r1_retail-transfer-low_w2_22,1000,transfer_20260917-pilot6_calibration-retail-transfer-low-4w-30tps-r1_retail-transfer-low_w2_r1_242],  with error: Error: Failed to submit trasaction with status code: 11
2026.09.17-14:00:45.021[31m error[39m [caliper] [connectors/peer-gateway/PeerGateway] 	Failed to perform submit transaction [Transfer] using arguments [wlt_c_20260917-pilot6_calibration-retail-transfer-low-4w-30tps-r1_retail-transfer-low_w2_6,wlt_c_20260917-pilot6_calibration-retail-transfer-low-4w-30tps-r1_retail-transfer-low_w2_24,1000,transfer_20260917-pilot6_calibration-retail-transfer-low-4w-30tps-r1_retail-transfer-low_w2_r1_244],  with error: Error: Failed to submit trasaction with status code: 11
2026.09.17-14:00:45.021[31m error[39m [caliper] [connectors/peer-gateway/PeerGateway] 	Failed to perform submit transaction [Transfer] using arguments [wlt_c_20260917-pilot6_calibration-retail-transfer-low-4w-30tps-r1_retail-transfer-low_w2_7,wlt_c_20260917-pilot6_calibration-retail-transfer-low-4w-30tps-r1_retail-transfer-low_w2_26,1000,transfer_20260917-pilot6_calibration-retail-transfer-low-4w-30tps-r1_retail-transfer-low_w2_r1_245],  with error: Error: Failed to submit trasaction with status code: 11
2026.09.17-14:00:45.024[31m error[39m [caliper] [connectors/peer-gateway/PeerGateway] 	Failed to perform submit transaction [Transfer] using arguments [wlt_c_20260917-pilot6_calibration-retail-transfer-low-4w-30tps-r1_retail-transfer-low_w0_11,wlt_c_20260917-pilot6_calibration-retail-transfer-low-4w-30tps-r1_retail-transfer-low_w0_29,1000,transfer_20260917-pilot6_calibration-retail-transfer-low-4w-30tps-r1_retail-transfer-low_w0_r1_248],  with error: Error: Failed to submit trasaction with status code: 11
2026.09.17-14:00:45.025[31m error[39m [caliper] [connectors/peer-gateway/PeerGateway] 	Failed to perform submit transaction [Transfer] using arguments [wlt_c_20260917-pilot6_calibration-retail-transfer-low-4w-30tps-r1_retail-transfer-low_w2_8,wlt_c_20260917-pilot6_calibration-retail-transfer-low-4w-30tps-r1_retail-transfer-low_w2_27,1000,transfer_20260917-pilot6_calibration-retail-transfer-low-4w-30tps-r1_retail-transfer-low_w2_r1_246],  with error: Error: Failed to submit trasaction with status code: 11
2026.09.17-14:00:45.331[31m error[39m [caliper] [connectors/peer-gateway/PeerGateway] 	Failed to perform submit transaction [Transfer] using arguments [wlt_c_20260917-pilot6_calibration-retail-transfer-low-4w-30tps-r1_retail-transfer-low_w2_13,wlt_c_20260917-pilot6_calibration-retail-transfer-low-4w-30tps-r1_retail-transfer-low_w2_32,1000,transfer_20260917-pilot6_calibration-retail-transfer-low-4w-30tps-r1_retail-transfer-low_w2_r1_250],  with error: Error: Failed to submit trasaction with status code: 11
2026.09.17-14:00:45.331[31m error[39m [caliper] [connectors/peer-gateway/PeerGateway] 	Failed to perform submit transaction [Transfer] using arguments [wlt_c_20260917-pilot6_calibration-retail-transfer-low-4w-30tps-r1_retail-transfer-low_w2_14,wlt_c_20260917-pilot6_calibration-retail-transfer-low-4w-30tps-r1_retail-transfer-low_w2_33,1000,transfer_20260917-pilot6_calibration-retail-transfer-low-4w-30tps-r1_retail-transfer-low_w2_r1_251],  with error: Error: Failed to submit trasaction with status code: 11
2026.09.17-14:00:45.345[31m error[39m [caliper] [connectors/peer-gateway/PeerGateway] 	Failed to perform submit transaction [Transfer] using arguments [wlt_c_20260917-pilot6_calibration-retail-transfer-low-4w-30tps-r1_retail-transfer-low_w3_8,wlt_c_20260917-pilot6_calibration-retail-transfer-low-4w-30tps-r1_retail-transfer-low_w3_27,1000,transfer_20260917-pilot6_calibration-retail-transfer-low-4w-30tps-r1_retail-transfer-low_w3_r1_246],  with error: Error: Failed to submit trasaction with status code: 11
2026.09.17-14:00:45.353[31m error[39m [caliper] [connectors/peer-gateway/PeerGateway] 	Failed to perform submit transaction [Transfer] using arguments [wlt_c_20260917-pilot6_calibration-retail-transfer-low-4w-30tps-r1_retail-transfer-low_w0_8,wlt_c_20260917-pilot6_calibration-retail-transfer-low-4w-30tps-r1_retail-transfer-low_w0_27,1000,transfer_20260917-pilot6_calibration-retail-transfer-low-4w-30tps-r1_retail-transfer-low_w0_r1_246],  with error: Error: Failed to submit trasaction with status code: 11
2026.09.17-14:00:45.369[31m error[39m [caliper] [connectors/peer-gateway/PeerGateway] 	Failed to perform submit transaction [Transfer] using arguments [wlt_c_20260917-pilot6_calibration-retail-transfer-low-4w-30tps-r1_retail-transfer-low_w1_8,wlt_c_20260917-pilot6_calibration-retail-transfer-low-4w-30tps-r1_retail-transfer-low_w1_27,1000,transfer_20260917-pilot6_calibration-retail-transfer-low-4w-30tps-r1_retail-transfer-low_w1_r1_246],  with error: Error: Failed to submit trasaction with status code: 11
2026.09.17-14:00:46.069[31m error[39m [caliper] [connectors/peer-gateway/PeerGateway] 	Failed to perform submit transaction [Transfer] using arguments [wlt_c_20260917-pilot6_calibration-retail-transfer-low-4w-30tps-r1_retail-transfer-low_w1_17,wlt_c_20260917-pilot6_calibration-retail-transfer-low-4w-30tps-r1_retail-transfer-low_w1_36,1000,transfer_20260917-pilot6_calibration-retail-transfer-low-4w-30tps-r1_retail-transfer-low_w1_r1_253],  with error: Error: Failed to submit trasaction with status code: 11
2026.09.17-14:00:46.084[31m error[39m [caliper] [connectors/peer-gateway/PeerGateway] 	Failed to perform submit transaction [Transfer] using arguments [wlt_c_20260917-pilot6_calibration-retail-transfer-low-4w-30tps-r1_retail-transfer-low_w1_18,wlt_c_20260917-pilot6_calibration-retail-transfer-low-4w-30tps-r1_retail-transfer-low_w1_37,1000,transfer_20260917-pilot6_calibration-retail-transfer-low-4w-30tps-r1_retail-transfer-low_w1_r1_254],  with error: Error: Failed to submit trasaction with status code: 11
2026.09.17-14:00:46.099[31m error[39m [caliper] [connectors/peer-gateway/PeerGateway] 	Failed to perform submit transaction [Transfer] using arguments [wlt_c_20260917-pilot6_calibration-retail-transfer-low-4w-30tps-r1_retail-transfer-low_w3_17,wlt_c_20260917-pilot6_calibration-retail-transfer-low-4w-30tps-r1_retail-transfer-low_w3_36,1000,transfer_20260917-pilot6_calibration-retail-transfer-low-4w-30tps-r1_retail-transfer-low_w3_r1_253],  with error: Error: Failed to submit trasaction with status code: 11
2026.09.17-14:00:46.417[32m info [39m [caliper] [default-observer] 	[retail-transfer-low-30tps Round 1 Transaction Info] - Submitted: 1120 Succ: 949 Fail:62 Unfinished:109
2026.09.17-14:00:46.428[31m error[39m [caliper] [connectors/peer-gateway/PeerGateway] 	Failed to perform submit transaction [Transfer] using arguments [wlt_c_20260917-pilot6_calibration-retail-transfer-low-4w-30tps-r1_retail-transfer-low_w3_18,wlt_c_20260917-pilot6_calibration-retail-transfer-low-4w-30tps-r1_retail-transfer-low_w3_37,1000,transfer_20260917-pilot6_calibration-retail-transfer-low-4w-30tps-r1_retail-transfer-low_w3_r1_254],  with error: Error: Failed to submit trasaction with status code: 11
2026.09.17-14:00:46.705[31m error[39m [caliper] [connectors/peer-gateway/PeerGateway] 	Failed to perform submit transaction [Transfer] using arguments [wlt_c_20260917-pilot6_calibration-retail-transfer-low-4w-30tps-r1_retail-transfer-low_w1_6,wlt_c_20260917-pilot6_calibration-retail-transfer-low-4w-30tps-r1_retail-transfer-low_w1_24,1000,transfer_20260917-pilot6_calibration-retail-transfer-low-4w-30tps-r1_retail-transfer-low_w1_r1_259],  with error: Error: Failed to submit trasaction with status code: 11
2026.09.17-14:00:46.710[31m error[39m [caliper] [connectors/peer-gateway/PeerGateway] 	Failed to perform submit transaction [Transfer] using arguments [wlt_c_20260917-pilot6_calibration-retail-transfer-low-4w-30tps-r1_retail-transfer-low_w3_4,wlt_c_20260917-pilot6_calibration-retail-transfer-low-4w-30tps-r1_retail-transfer-low_w3_23,1000,transfer_20260917-pilot6_calibration-retail-transfer-low-4w-30tps-r1_retail-transfer-low_w3_r1_258],  with error: Error: Failed to submit trasaction with status code: 11
2026.09.17-14:00:46.703[31m error[39m [caliper] [connectors/peer-gateway/PeerGateway] 	Failed to perform submit transaction [Transfer] using arguments [wlt_c_20260917-pilot6_calibration-retail-transfer-low-4w-30tps-r1_retail-transfer-low_w0_3,wlt_c_20260917-pilot6_calibration-retail-transfer-low-4w-30tps-r1_retail-transfer-low_w0_22,1000,transfer_20260917-pilot6_calibration-retail-transfer-low-4w-30tps-r1_retail-transfer-low_w0_r1_257],  with error: Error: Failed to submit trasaction with status code: 11
2026.09.17-14:00:46.725[31m error[39m [caliper] [connectors/peer-gateway/PeerGateway] 	Failed to perform submit transaction [Transfer] using arguments [wlt_c_20260917-pilot6_calibration-retail-transfer-low-4w-30tps-r1_retail-transfer-low_w3_6,wlt_c_20260917-pilot6_calibration-retail-transfer-low-4w-30tps-r1_retail-transfer-low_w3_24,1000,transfer_20260917-pilot6_calibration-retail-transfer-low-4w-30tps-r1_retail-transfer-low_w3_r1_259],  with error: Error: Failed to submit trasaction with status code: 11
2026.09.17-14:00:46.729[31m error[39m [caliper] [connectors/peer-gateway/PeerGateway] 	Failed to perform submit transaction [Transfer] using arguments [wlt_c_20260917-pilot6_calibration-retail-transfer-low-4w-30tps-r1_retail-transfer-low_w3_3,wlt_c_20260917-pilot6_calibration-retail-transfer-low-4w-30tps-r1_retail-transfer-low_w3_22,1000,transfer_20260917-pilot6_calibration-retail-transfer-low-4w-30tps-r1_retail-transfer-low_w3_r1_257],  with error: Error: Failed to submit trasaction with status code: 11
2026.09.17-14:00:46.959[31m error[39m [caliper] [connectors/peer-gateway/PeerGateway] 	Failed to perform submit transaction [Transfer] using arguments [wlt_c_20260917-pilot6_calibration-retail-transfer-low-4w-30tps-r1_retail-transfer-low_w1_9,wlt_c_20260917-pilot6_calibration-retail-transfer-low-4w-30tps-r1_retail-transfer-low_w1_28,1000,transfer_20260917-pilot6_calibration-retail-transfer-low-4w-30tps-r1_retail-transfer-low_w1_r1_262],  with error: Error: Failed to submit trasaction with status code: 11
2026.09.17-14:00:46.973[31m error[39m [caliper] [connectors/peer-gateway/PeerGateway] 	Failed to perform submit transaction [Transfer] using arguments [wlt_c_20260917-pilot6_calibration-retail-transfer-low-4w-30tps-r1_retail-transfer-low_w0_9,wlt_c_20260917-pilot6_calibration-retail-transfer-low-4w-30tps-r1_retail-transfer-low_w0_28,1000,transfer_20260917-pilot6_calibration-retail-transfer-low-4w-30tps-r1_retail-transfer-low_w0_r1_262],  with error: Error: Failed to submit trasaction with status code: 11
2026.09.17-14:00:46.977[31m error[39m [caliper] [connectors/peer-gateway/PeerGateway] 	Failed to perform submit transaction [Transfer] using arguments [wlt_c_20260917-pilot6_calibration-retail-transfer-low-4w-30tps-r1_retail-transfer-low_w3_7,wlt_c_20260917-pilot6_calibration-retail-transfer-low-4w-30tps-r1_retail-transfer-low_w3_26,1000,transfer_20260917-pilot6_calibration-retail-transfer-low-4w-30tps-r1_retail-transfer-low_w3_r1_260],  with error: Error: Failed to submit trasaction with status code: 11
2026.09.17-14:00:47.316[31m error[39m [caliper] [connectors/peer-gateway/PeerGateway] 	Failed to perform submit transaction [Transfer] using arguments [wlt_c_20260917-pilot6_calibration-retail-transfer-low-4w-30tps-r1_retail-transfer-low_w3_12,wlt_c_20260917-pilot6_calibration-retail-transfer-low-4w-30tps-r1_retail-transfer-low_w3_31,1000,transfer_20260917-pilot6_calibration-retail-transfer-low-4w-30tps-r1_retail-transfer-low_w3_r1_264],  with error: Error: Failed to submit trasaction with status code: 11
2026.09.17-14:00:47.318[31m error[39m [caliper] [connectors/peer-gateway/PeerGateway] 	Failed to perform submit transaction [Transfer] using arguments [wlt_c_20260917-pilot6_calibration-retail-transfer-low-4w-30tps-r1_retail-transfer-low_w1_12,wlt_c_20260917-pilot6_calibration-retail-transfer-low-4w-30tps-r1_retail-transfer-low_w1_31,1000,transfer_20260917-pilot6_calibration-retail-transfer-low-4w-30tps-r1_retail-transfer-low_w1_r1_264],  with error: Error: Failed to submit trasaction with status code: 11
2026.09.17-14:00:47.319[31m error[39m [caliper] [connectors/peer-gateway/PeerGateway] 	Failed to perform submit transaction [Transfer] using arguments [wlt_c_20260917-pilot6_calibration-retail-transfer-low-4w-30tps-r1_retail-transfer-low_w1_11,wlt_c_20260917-pilot6_calibration-retail-transfer-low-4w-30tps-r1_retail-transfer-low_w1_29,1000,transfer_20260917-pilot6_calibration-retail-transfer-low-4w-30tps-r1_retail-transfer-low_w1_r1_263],  with error: Error: Failed to submit trasaction with status code: 11
2026.09.17-14:00:47.319[31m error[39m [caliper] [connectors/peer-gateway/PeerGateway] 	Failed to perform submit transaction [Transfer] using arguments [wlt_c_20260917-pilot6_calibration-retail-transfer-low-4w-30tps-r1_retail-transfer-low_w2_12,wlt_c_20260917-pilot6_calibration-retail-transfer-low-4w-30tps-r1_retail-transfer-low_w2_31,1000,transfer_20260917-pilot6_calibration-retail-transfer-low-4w-30tps-r1_retail-transfer-low_w2_r1_264],  with error: Error: Failed to submit trasaction with status code: 11
2026.09.17-14:00:47.321[31m error[39m [caliper] [connectors/peer-gateway/PeerGateway] 	Failed to perform submit transaction [Transfer] using arguments [wlt_c_20260917-pilot6_calibration-retail-transfer-low-4w-30tps-r1_retail-transfer-low_w2_11,wlt_c_20260917-pilot6_calibration-retail-transfer-low-4w-30tps-r1_retail-transfer-low_w2_29,1000,transfer_20260917-pilot6_calibration-retail-transfer-low-4w-30tps-r1_retail-transfer-low_w2_r1_263],  with error: Error: Failed to submit trasaction with status code: 11
2026.09.17-14:00:47.321[31m error[39m [caliper] [connectors/peer-gateway/PeerGateway] 	Failed to perform submit transaction [Transfer] using arguments [wlt_c_20260917-pilot6_calibration-retail-transfer-low-4w-30tps-r1_retail-transfer-low_w0_12,wlt_c_20260917-pilot6_calibration-retail-transfer-low-4w-30tps-r1_retail-transfer-low_w0_31,1000,transfer_20260917-pilot6_calibration-retail-transfer-low-4w-30tps-r1_retail-transfer-low_w0_r1_264],  with error: Error: Failed to submit trasaction with status code: 11
2026.09.17-14:00:47.324[31m error[39m [caliper] [connectors/peer-gateway/PeerGateway] 	Failed to perform submit transaction [Transfer] using arguments [wlt_c_20260917-pilot6_calibration-retail-transfer-low-4w-30tps-r1_retail-transfer-low_w3_9,wlt_c_20260917-pilot6_calibration-retail-transfer-low-4w-30tps-r1_retail-transfer-low_w3_28,1000,transfer_20260917-pilot6_calibration-retail-transfer-low-4w-30tps-r1_retail-transfer-low_w3_r1_262],  with error: Error: Failed to submit trasaction with status code: 11
2026.09.17-14:00:47.333[31m error[39m [caliper] [connectors/peer-gateway/PeerGateway] 	Failed to perform submit transaction [Transfer] using arguments [wlt_c_20260917-pilot6_calibration-retail-transfer-low-4w-30tps-r1_retail-transfer-low_w3_11,wlt_c_20260917-pilot6_calibration-retail-transfer-low-4w-30tps-r1_retail-transfer-low_w3_29,1000,transfer_20260917-pilot6_calibration-retail-transfer-low-4w-30tps-r1_retail-transfer-low_w3_r1_263],  with error: Error: Failed to submit trasaction with status code: 11
2026.09.17-14:00:47.633[31m error[39m [caliper] [connectors/peer-gateway/PeerGateway] 	Failed to perform submit transaction [Transfer] using arguments [wlt_c_20260917-pilot6_calibration-retail-transfer-low-4w-30tps-r1_retail-transfer-low_w0_14,wlt_c_20260917-pilot6_calibration-retail-transfer-low-4w-30tps-r1_retail-transfer-low_w0_33,1000,transfer_20260917-pilot6_calibration-retail-transfer-low-4w-30tps-r1_retail-transfer-low_w0_r1_266],  with error: Error: Failed to submit trasaction with status code: 11
2026.09.17-14:00:47.623[31m error[39m [caliper] [connectors/peer-gateway/PeerGateway] 	Failed to perform submit transaction [Transfer] using arguments [wlt_c_20260917-pilot6_calibration-retail-transfer-low-4w-30tps-r1_retail-transfer-low_w1_13,wlt_c_20260917-pilot6_calibration-retail-transfer-low-4w-30tps-r1_retail-transfer-low_w1_32,1000,transfer_20260917-pilot6_calibration-retail-transfer-low-4w-30tps-r1_retail-transfer-low_w1_r1_265],  with error: Error: Failed to submit trasaction with status code: 11
2026.09.17-14:00:47.637[31m error[39m [caliper] [connectors/peer-gateway/PeerGateway] 	Failed to perform submit transaction [Transfer] using arguments [wlt_c_20260917-pilot6_calibration-retail-transfer-low-4w-30tps-r1_retail-transfer-low_w1_14,wlt_c_20260917-pilot6_calibration-retail-transfer-low-4w-30tps-r1_retail-transfer-low_w1_33,1000,transfer_20260917-pilot6_calibration-retail-transfer-low-4w-30tps-r1_retail-transfer-low_w1_r1_266],  with error: Error: Failed to submit trasaction with status code: 11
2026.09.17-14:00:47.638[31m error[39m [caliper] [connectors/peer-gateway/PeerGateway] 	Failed to perform submit transaction [Transfer] using arguments [wlt_c_20260917-pilot6_calibration-retail-transfer-low-4w-30tps-r1_retail-transfer-low_w1_16,wlt_c_20260917-pilot6_calibration-retail-transfer-low-4w-30tps-r1_retail-transfer-low_w1_34,1000,transfer_20260917-pilot6_calibration-retail-transfer-low-4w-30tps-r1_retail-transfer-low_w1_r1_267],  with error: Error: Failed to submit trasaction with status code: 11
2026.09.17-14:00:47.640[31m error[39m [caliper] [connectors/peer-gateway/PeerGateway] 	Failed to perform submit transaction [Transfer] using arguments [wlt_c_20260917-pilot6_calibration-retail-transfer-low-4w-30tps-r1_retail-transfer-low_w3_14,wlt_c_20260917-pilot6_calibration-retail-transfer-low-4w-30tps-r1_retail-transfer-low_w3_33,1000,transfer_20260917-pilot6_calibration-retail-transfer-low-4w-30tps-r1_retail-transfer-low_w3_r1_266],  with error: Error: Failed to submit trasaction with status code: 11
2026.09.17-14:00:47.646[31m error[39m [caliper] [connectors/peer-gateway/PeerGateway] 	Failed to perform submit transaction [Transfer] using arguments [wlt_c_20260917-pilot6_calibration-retail-transfer-low-4w-30tps-r1_retail-transfer-low_w0_13,wlt_c_20260917-pilot6_calibration-retail-transfer-low-4w-30tps-r1_retail-transfer-low_w0_32,1000,transfer_20260917-pilot6_calibration-retail-transfer-low-4w-30tps-r1_retail-transfer-low_w0_r1_265],  with error: Error: Failed to submit trasaction with status code: 11
2026.09.17-14:00:47.646[31m error[39m [caliper] [connectors/peer-gateway/PeerGateway] 	Failed to perform submit transaction [Transfer] using arguments [wlt_c_20260917-pilot6_calibration-retail-transfer-low-4w-30tps-r1_retail-transfer-low_w0_16,wlt_c_20260917-pilot6_calibration-retail-transfer-low-4w-30tps-r1_retail-transfer-low_w0_34,1000,transfer_20260917-pilot6_calibration-retail-transfer-low-4w-30tps-r1_retail-transfer-low_w0_r1_267],  with error: Error: Failed to submit trasaction with status code: 11
2026.09.17-14:00:47.648[31m error[39m [caliper] [connectors/peer-gateway/PeerGateway] 	Failed to perform submit transaction [Transfer] using arguments [wlt_c_20260917-pilot6_calibration-retail-transfer-low-4w-30tps-r1_retail-transfer-low_w3_13,wlt_c_20260917-pilot6_calibration-retail-transfer-low-4w-30tps-r1_retail-transfer-low_w3_32,1000,transfer_20260917-pilot6_calibration-retail-transfer-low-4w-30tps-r1_retail-transfer-low_w3_r1_265],  with error: Error: Failed to submit trasaction with status code: 11
2026.09.17-14:00:47.878[31m error[39m [caliper] [connectors/peer-gateway/PeerGateway] 	Failed to perform submit transaction [Transfer] using arguments [wlt_c_20260917-pilot6_calibration-retail-transfer-low-4w-30tps-r1_retail-transfer-low_w0_17,wlt_c_20260917-pilot6_calibration-retail-transfer-low-4w-30tps-r1_retail-transfer-low_w0_36,1000,transfer_20260917-pilot6_calibration-retail-transfer-low-4w-30tps-r1_retail-transfer-low_w0_r1_268],  with error: Error: Failed to submit trasaction with status code: 11
2026.09.17-14:00:47.878[31m error[39m [caliper] [connectors/peer-gateway/PeerGateway] 	Failed to perform submit transaction [Transfer] using arguments [wlt_c_20260917-pilot6_calibration-retail-transfer-low-4w-30tps-r1_retail-transfer-low_w3_16,wlt_c_20260917-pilot6_calibration-retail-transfer-low-4w-30tps-r1_retail-transfer-low_w3_34,1000,transfer_20260917-pilot6_calibration-retail-transfer-low-4w-30tps-r1_retail-transfer-low_w3_r1_267],  with error: Error: Failed to submit trasaction with status code: 11
2026.09.17-14:00:47.880[31m error[39m [caliper] [connectors/peer-gateway/PeerGateway] 	Failed to perform submit transaction [Transfer] using arguments [wlt_c_20260917-pilot6_calibration-retail-transfer-low-4w-30tps-r1_retail-transfer-low_w2_16,wlt_c_20260917-pilot6_calibration-retail-transfer-low-4w-30tps-r1_retail-transfer-low_w2_34,1000,transfer_20260917-pilot6_calibration-retail-transfer-low-4w-30tps-r1_retail-transfer-low_w2_r1_267],  with error: Error: Failed to submit trasaction with status code: 11
2026.09.17-14:00:47.881[31m error[39m [caliper] [connectors/peer-gateway/PeerGateway] 	Failed to perform submit transaction [Transfer] using arguments [wlt_c_20260917-pilot6_calibration-retail-transfer-low-4w-30tps-r1_retail-transfer-low_w0_18,wlt_c_20260917-pilot6_calibration-retail-transfer-low-4w-30tps-r1_retail-transfer-low_w0_37,1000,transfer_20260917-pilot6_calibration-retail-transfer-low-4w-30tps-r1_retail-transfer-low_w0_r1_269],  with error: Error: Failed to submit trasaction with status code: 11
2026.09.17-14:00:47.885[31m error[39m [caliper] [connectors/peer-gateway/PeerGateway] 	Failed to perform submit transaction [Transfer] using arguments [wlt_c_20260917-pilot6_calibration-retail-transfer-low-4w-30tps-r1_retail-transfer-low_w2_18,wlt_c_20260917-pilot6_calibration-retail-transfer-low-4w-30tps-r1_retail-transfer-low_w2_37,1000,transfer_20260917-pilot6_calibration-retail-transfer-low-4w-30tps-r1_retail-transfer-low_w2_r1_269],  with error: Error: Failed to submit trasaction with status code: 11
2026.09.17-14:00:47.886[31m error[39m [caliper] [connectors/peer-gateway/PeerGateway] 	Failed to perform submit transaction [Transfer] using arguments [wlt_c_20260917-pilot6_calibration-retail-transfer-low-4w-30tps-r1_retail-transfer-low_w2_17,wlt_c_20260917-pilot6_calibration-retail-transfer-low-4w-30tps-r1_retail-transfer-low_w2_36,1000,transfer_20260917-pilot6_calibration-retail-transfer-low-4w-30tps-r1_retail-transfer-low_w2_r1_268],  with error: Error: Failed to submit trasaction with status code: 11
2026.09.17-14:00:48.120[31m error[39m [caliper] [connectors/peer-gateway/PeerGateway] 	Failed to perform submit transaction [Transfer] using arguments [wlt_c_20260917-pilot6_calibration-retail-transfer-low-4w-30tps-r1_retail-transfer-low_w3_2,wlt_c_20260917-pilot6_calibration-retail-transfer-low-4w-30tps-r1_retail-transfer-low_w3_21,1000,transfer_20260917-pilot6_calibration-retail-transfer-low-4w-30tps-r1_retail-transfer-low_w3_r1_271],  with error: Error: Failed to submit trasaction with status code: 11
2026.09.17-14:00:48.121[31m error[39m [caliper] [connectors/peer-gateway/PeerGateway] 	Failed to perform submit transaction [Transfer] using arguments [wlt_c_20260917-pilot6_calibration-retail-transfer-low-4w-30tps-r1_retail-transfer-low_w0_1,wlt_c_20260917-pilot6_calibration-retail-transfer-low-4w-30tps-r1_retail-transfer-low_w0_19,1000,transfer_20260917-pilot6_calibration-retail-transfer-low-4w-30tps-r1_retail-transfer-low_w0_r1_270],  with error: Error: Failed to submit trasaction with status code: 11
2026.09.17-14:00:48.122[31m error[39m [caliper] [connectors/peer-gateway/PeerGateway] 	Failed to perform submit transaction [Transfer] using arguments [wlt_c_20260917-pilot6_calibration-retail-transfer-low-4w-30tps-r1_retail-transfer-low_w2_1,wlt_c_20260917-pilot6_calibration-retail-transfer-low-4w-30tps-r1_retail-transfer-low_w2_19,1000,transfer_20260917-pilot6_calibration-retail-transfer-low-4w-30tps-r1_retail-transfer-low_w2_r1_270],  with error: Error: Failed to submit trasaction with status code: 11
2026.09.17-14:00:48.123[31m error[39m [caliper] [connectors/peer-gateway/PeerGateway] 	Failed to perform submit transaction [Transfer] using arguments [wlt_c_20260917-pilot6_calibration-retail-transfer-low-4w-30tps-r1_retail-transfer-low_w1_1,wlt_c_20260917-pilot6_calibration-retail-transfer-low-4w-30tps-r1_retail-transfer-low_w1_19,1000,transfer_20260917-pilot6_calibration-retail-transfer-low-4w-30tps-r1_retail-transfer-low_w1_r1_270],  with error: Error: Failed to submit trasaction with status code: 11
2026.09.17-14:00:48.123[31m error[39m [caliper] [connectors/peer-gateway/PeerGateway] 	Failed to perform submit transaction [Transfer] using arguments [wlt_c_20260917-pilot6_calibration-retail-transfer-low-4w-30tps-r1_retail-transfer-low_w1_2,wlt_c_20260917-pilot6_calibration-retail-transfer-low-4w-30tps-r1_retail-transfer-low_w1_21,1000,transfer_20260917-pilot6_calibration-retail-transfer-low-4w-30tps-r1_retail-transfer-low_w1_r1_271],  with error: Error: Failed to submit trasaction with status code: 11
2026.09.17-14:00:48.125[31m error[39m [caliper] [connectors/peer-gateway/PeerGateway] 	Failed to perform submit transaction [Transfer] using arguments [wlt_c_20260917-pilot6_calibration-retail-transfer-low-4w-30tps-r1_retail-transfer-low_w2_2,wlt_c_20260917-pilot6_calibration-retail-transfer-low-4w-30tps-r1_retail-transfer-low_w2_21,1000,transfer_20260917-pilot6_calibration-retail-transfer-low-4w-30tps-r1_retail-transfer-low_w2_r1_271],  with error: Error: Failed to submit trasaction with status code: 11
2026.09.17-14:00:48.127[31m error[39m [caliper] [connectors/peer-gateway/PeerGateway] 	Failed to perform submit transaction [Transfer] using arguments [wlt_c_20260917-pilot6_calibration-retail-transfer-low-4w-30tps-r1_retail-transfer-low_w0_2,wlt_c_20260917-pilot6_calibration-retail-transfer-low-4w-30tps-r1_retail-transfer-low_w0_21,1000,transfer_20260917-pilot6_calibration-retail-transfer-low-4w-30tps-r1_retail-transfer-low_w0_r1_271],  with error: Error: Failed to submit trasaction with status code: 11
2026.09.17-14:00:48.133[31m error[39m [caliper] [connectors/peer-gateway/PeerGateway] 	Failed to perform submit transaction [Transfer] using arguments [wlt_c_20260917-pilot6_calibration-retail-transfer-low-4w-30tps-r1_retail-transfer-low_w3_1,wlt_c_20260917-pilot6_calibration-retail-transfer-low-4w-30tps-r1_retail-transfer-low_w3_19,1000,transfer_20260917-pilot6_calibration-retail-transfer-low-4w-30tps-r1_retail-transfer-low_w3_r1_270],  with error: Error: Failed to submit trasaction with status code: 11
2026.09.17-14:00:48.298[31m error[39m [caliper] [connectors/peer-gateway/PeerGateway] 	Failed to perform submit transaction [Transfer] using arguments [wlt_c_20260917-pilot6_calibration-retail-transfer-low-4w-30tps-r1_retail-transfer-low_w0_4,wlt_c_20260917-pilot6_calibration-retail-transfer-low-4w-30tps-r1_retail-transfer-low_w0_23,1000,transfer_20260917-pilot6_calibration-retail-transfer-low-4w-30tps-r1_retail-transfer-low_w0_r1_273],  with error: Error: Failed to submit trasaction with status code: 11
2026.09.17-14:00:48.299[31m error[39m [caliper] [connectors/peer-gateway/PeerGateway] 	Failed to perform submit transaction [Transfer] using arguments [wlt_c_20260917-pilot6_calibration-retail-transfer-low-4w-30tps-r1_retail-transfer-low_w1_3,wlt_c_20260917-pilot6_calibration-retail-transfer-low-4w-30tps-r1_retail-transfer-low_w1_22,1000,transfer_20260917-pilot6_calibration-retail-transfer-low-4w-30tps-r1_retail-transfer-low_w1_r1_272],  with error: Error: Failed to submit trasaction with status code: 11
2026.09.17-14:00:48.299[31m error[39m [caliper] [connectors/peer-gateway/PeerGateway] 	Failed to perform submit transaction [Transfer] using arguments [wlt_c_20260917-pilot6_calibration-retail-transfer-low-4w-30tps-r1_retail-transfer-low_w2_3,wlt_c_20260917-pilot6_calibration-retail-transfer-low-4w-30tps-r1_retail-transfer-low_w2_22,1000,transfer_20260917-pilot6_calibration-retail-transfer-low-4w-30tps-r1_retail-transfer-low_w2_r1_272],  with error: Error: Failed to submit trasaction with status code: 11
2026.09.17-14:00:48.300[31m error[39m [caliper] [connectors/peer-gateway/PeerGateway] 	Failed to perform submit transaction [Transfer] using arguments [wlt_c_20260917-pilot6_calibration-retail-transfer-low-4w-30tps-r1_retail-transfer-low_w2_4,wlt_c_20260917-pilot6_calibration-retail-transfer-low-4w-30tps-r1_retail-transfer-low_w2_23,1000,transfer_20260917-pilot6_calibration-retail-transfer-low-4w-30tps-r1_retail-transfer-low_w2_r1_273],  with error: Error: Failed to submit trasaction with status code: 11
2026.09.17-14:00:48.300[31m error[39m [caliper] [connectors/peer-gateway/PeerGateway] 	Failed to perform submit transaction [Transfer] using arguments [wlt_c_20260917-pilot6_calibration-retail-transfer-low-4w-30tps-r1_retail-transfer-low_w2_6,wlt_c_20260917-pilot6_calibration-retail-transfer-low-4w-30tps-r1_retail-transfer-low_w2_24,1000,transfer_20260917-pilot6_calibration-retail-transfer-low-4w-30tps-r1_retail-transfer-low_w2_r1_274],  with error: Error: Failed to submit trasaction with status code: 11
2026.09.17-14:00:48.301[31m error[39m [caliper] [connectors/peer-gateway/PeerGateway] 	Failed to perform submit transaction [Transfer] using arguments [wlt_c_20260917-pilot6_calibration-retail-transfer-low-4w-30tps-r1_retail-transfer-low_w1_4,wlt_c_20260917-pilot6_calibration-retail-transfer-low-4w-30tps-r1_retail-transfer-low_w1_23,1000,transfer_20260917-pilot6_calibration-retail-transfer-low-4w-30tps-r1_retail-transfer-low_w1_r1_273],  with error: Error: Failed to submit trasaction with status code: 11
2026.09.17-14:00:48.535[31m error[39m [caliper] [connectors/peer-gateway/PeerGateway] 	Failed to perform submit transaction [Transfer] using arguments [wlt_c_20260917-pilot6_calibration-retail-transfer-low-4w-30tps-r1_retail-transfer-low_w0_7,wlt_c_20260917-pilot6_calibration-retail-transfer-low-4w-30tps-r1_retail-transfer-low_w0_26,1000,transfer_20260917-pilot6_calibration-retail-transfer-low-4w-30tps-r1_retail-transfer-low_w0_r1_275],  with error: Error: Failed to submit trasaction with status code: 11
2026.09.17-14:00:48.534[31m error[39m [caliper] [connectors/peer-gateway/PeerGateway] 	Failed to perform submit transaction [Transfer] using arguments [wlt_c_20260917-pilot6_calibration-retail-transfer-low-4w-30tps-r1_retail-transfer-low_w2_8,wlt_c_20260917-pilot6_calibration-retail-transfer-low-4w-30tps-r1_retail-transfer-low_w2_27,1000,transfer_20260917-pilot6_calibration-retail-transfer-low-4w-30tps-r1_retail-transfer-low_w2_r1_276],  with error: Error: Failed to submit trasaction with status code: 11
2026.09.17-14:00:48.539[31m error[39m [caliper] [connectors/peer-gateway/PeerGateway] 	Failed to perform submit transaction [Transfer] using arguments [wlt_c_20260917-pilot6_calibration-retail-transfer-low-4w-30tps-r1_retail-transfer-low_w1_7,wlt_c_20260917-pilot6_calibration-retail-transfer-low-4w-30tps-r1_retail-transfer-low_w1_26,1000,transfer_20260917-pilot6_calibration-retail-transfer-low-4w-30tps-r1_retail-transfer-low_w1_r1_275],  with error: Error: Failed to submit trasaction with status code: 11
2026.09.17-14:00:48.540[31m error[39m [caliper] [connectors/peer-gateway/PeerGateway] 	Failed to perform submit transaction [Transfer] using arguments [wlt_c_20260917-pilot6_calibration-retail-transfer-low-4w-30tps-r1_retail-transfer-low_w3_8,wlt_c_20260917-pilot6_calibration-retail-transfer-low-4w-30tps-r1_retail-transfer-low_w3_27,1000,transfer_20260917-pilot6_calibration-retail-transfer-low-4w-30tps-r1_retail-transfer-low_w3_r1_276],  with error: Error: Failed to submit trasaction with status code: 11
2026.09.17-14:00:48.541[31m error[39m [caliper] [connectors/peer-gateway/PeerGateway] 	Failed to perform submit transaction [Transfer] using arguments [wlt_c_20260917-pilot6_calibration-retail-transfer-low-4w-30tps-r1_retail-transfer-low_w0_6,wlt_c_20260917-pilot6_calibration-retail-transfer-low-4w-30tps-r1_retail-transfer-low_w0_24,1000,transfer_20260917-pilot6_calibration-retail-transfer-low-4w-30tps-r1_retail-transfer-low_w0_r1_274],  with error: Error: Failed to submit trasaction with status code: 11
2026.09.17-14:00:48.543[31m error[39m [caliper] [connectors/peer-gateway/PeerGateway] 	Failed to perform submit transaction [Transfer] using arguments [wlt_c_20260917-pilot6_calibration-retail-transfer-low-4w-30tps-r1_retail-transfer-low_w2_7,wlt_c_20260917-pilot6_calibration-retail-transfer-low-4w-30tps-r1_retail-transfer-low_w2_26,1000,transfer_20260917-pilot6_calibration-retail-transfer-low-4w-30tps-r1_retail-transfer-low_w2_r1_275],  with error: Error: Failed to submit trasaction with status code: 11
2026.09.17-14:00:48.543[31m error[39m [caliper] [connectors/peer-gateway/PeerGateway] 	Failed to perform submit transaction [Transfer] using arguments [wlt_c_20260917-pilot6_calibration-retail-transfer-low-4w-30tps-r1_retail-transfer-low_w2_9,wlt_c_20260917-pilot6_calibration-retail-transfer-low-4w-30tps-r1_retail-transfer-low_w2_28,1000,transfer_20260917-pilot6_calibration-retail-transfer-low-4w-30tps-r1_retail-transfer-low_w2_r1_277],  with error: Error: Failed to submit trasaction with status code: 11
2026.09.17-14:00:48.546[31m error[39m [caliper] [connectors/peer-gateway/PeerGateway] 	Failed to perform submit transaction [Transfer] using arguments [wlt_c_20260917-pilot6_calibration-retail-transfer-low-4w-30tps-r1_retail-transfer-low_w0_11,wlt_c_20260917-pilot6_calibration-retail-transfer-low-4w-30tps-r1_retail-transfer-low_w0_29,1000,transfer_20260917-pilot6_calibration-retail-transfer-low-4w-30tps-r1_retail-transfer-low_w0_r1_278],  with error: Error: Failed to submit trasaction with status code: 11
2026.09.17-14:00:48.824[31m error[39m [caliper] [connectors/peer-gateway/PeerGateway] 	Failed to perform submit transaction [Transfer] using arguments [wlt_c_20260917-pilot6_calibration-retail-transfer-low-4w-30tps-r1_retail-transfer-low_w0_8,wlt_c_20260917-pilot6_calibration-retail-transfer-low-4w-30tps-r1_retail-transfer-low_w0_27,1000,transfer_20260917-pilot6_calibration-retail-transfer-low-4w-30tps-r1_retail-transfer-low_w0_r1_276],  with error: Error: Failed to submit trasaction with status code: 11
2026.09.17-14:00:48.832[31m error[39m [caliper] [connectors/peer-gateway/PeerGateway] 	Failed to perform submit transaction [Transfer] using arguments [wlt_c_20260917-pilot6_calibration-retail-transfer-low-4w-30tps-r1_retail-transfer-low_w1_8,wlt_c_20260917-pilot6_calibration-retail-transfer-low-4w-30tps-r1_retail-transfer-low_w1_27,1000,transfer_20260917-pilot6_calibration-retail-transfer-low-4w-30tps-r1_retail-transfer-low_w1_r1_276],  with error: Error: Failed to submit trasaction with status code: 11
2026.09.17-14:00:48.833[31m error[39m [caliper] [connectors/peer-gateway/PeerGateway] 	Failed to perform submit transaction [Transfer] using arguments [wlt_c_20260917-pilot6_calibration-retail-transfer-low-4w-30tps-r1_retail-transfer-low_w2_13,wlt_c_20260917-pilot6_calibration-retail-transfer-low-4w-30tps-r1_retail-transfer-low_w2_32,1000,transfer_20260917-pilot6_calibration-retail-transfer-low-4w-30tps-r1_retail-transfer-low_w2_r1_280],  with error: Error: Failed to submit trasaction with status code: 11
2026.09.17-14:00:49.042[31m error[39m [caliper] [connectors/peer-gateway/PeerGateway] 	Failed to perform submit transaction [Transfer] using arguments [wlt_c_20260917-pilot6_calibration-retail-transfer-low-4w-30tps-r1_retail-transfer-low_w1_17,wlt_c_20260917-pilot6_calibration-retail-transfer-low-4w-30tps-r1_retail-transfer-low_w1_36,1000,transfer_20260917-pilot6_calibration-retail-transfer-low-4w-30tps-r1_retail-transfer-low_w1_r1_283],  with error: Error: Failed to submit trasaction with status code: 11
2026.09.17-14:00:49.224[31m error[39m [caliper] [connectors/peer-gateway/PeerGateway] 	Failed to perform submit transaction [Transfer] using arguments [wlt_c_20260917-pilot6_calibration-retail-transfer-low-4w-30tps-r1_retail-transfer-low_w1_18,wlt_c_20260917-pilot6_calibration-retail-transfer-low-4w-30tps-r1_retail-transfer-low_w1_37,1000,transfer_20260917-pilot6_calibration-retail-transfer-low-4w-30tps-r1_retail-transfer-low_w1_r1_284],  with error: Error: Failed to submit trasaction with status code: 11
2026.09.17-14:00:49.224[31m error[39m [caliper] [connectors/peer-gateway/PeerGateway] 	Failed to perform submit transaction [Transfer] using arguments [wlt_c_20260917-pilot6_calibration-retail-transfer-low-4w-30tps-r1_retail-transfer-low_w2_14,wlt_c_20260917-pilot6_calibration-retail-transfer-low-4w-30tps-r1_retail-transfer-low_w2_33,1000,transfer_20260917-pilot6_calibration-retail-transfer-low-4w-30tps-r1_retail-transfer-low_w2_r1_281],  with error: Error: Failed to submit trasaction with status code: 11
2026.09.17-14:00:49.224[31m error[39m [caliper] [connectors/peer-gateway/PeerGateway] 	Failed to perform submit transaction [Transfer] using arguments [wlt_c_20260917-pilot6_calibration-retail-transfer-low-4w-30tps-r1_retail-transfer-low_w3_17,wlt_c_20260917-pilot6_calibration-retail-transfer-low-4w-30tps-r1_retail-transfer-low_w3_36,1000,transfer_20260917-pilot6_calibration-retail-transfer-low-4w-30tps-r1_retail-transfer-low_w3_r1_283],  with error: Error: Failed to submit trasaction with status code: 11
2026.09.17-14:00:49.225[31m error[39m [caliper] [connectors/peer-gateway/PeerGateway] 	Failed to perform submit transaction [Transfer] using arguments [wlt_c_20260917-pilot6_calibration-retail-transfer-low-4w-30tps-r1_retail-transfer-low_w3_18,wlt_c_20260917-pilot6_calibration-retail-transfer-low-4w-30tps-r1_retail-transfer-low_w3_37,1000,transfer_20260917-pilot6_calibration-retail-transfer-low-4w-30tps-r1_retail-transfer-low_w3_r1_284],  with error: Error: Failed to submit trasaction with status code: 11
2026.09.17-14:00:49.630[31m error[39m [caliper] [connectors/peer-gateway/PeerGateway] 	Failed to perform submit transaction [Transfer] using arguments [wlt_c_20260917-pilot6_calibration-retail-transfer-low-4w-30tps-r1_retail-transfer-low_w0_3,wlt_c_20260917-pilot6_calibration-retail-transfer-low-4w-30tps-r1_retail-transfer-low_w0_22,1000,transfer_20260917-pilot6_calibration-retail-transfer-low-4w-30tps-r1_retail-transfer-low_w0_r1_287],  with error: Error: Failed to submit trasaction with status code: 11
2026.09.17-14:00:49.637[31m error[39m [caliper] [connectors/peer-gateway/PeerGateway] 	Failed to perform submit transaction [Transfer] using arguments [wlt_c_20260917-pilot6_calibration-retail-transfer-low-4w-30tps-r1_retail-transfer-low_w3_4,wlt_c_20260917-pilot6_calibration-retail-transfer-low-4w-30tps-r1_retail-transfer-low_w3_23,1000,transfer_20260917-pilot6_calibration-retail-transfer-low-4w-30tps-r1_retail-transfer-low_w3_r1_288],  with error: Error: Failed to submit trasaction with status code: 11
2026.09.17-14:00:49.640[31m error[39m [caliper] [connectors/peer-gateway/PeerGateway] 	Failed to perform submit transaction [Transfer] using arguments [wlt_c_20260917-pilot6_calibration-retail-transfer-low-4w-30tps-r1_retail-transfer-low_w3_3,wlt_c_20260917-pilot6_calibration-retail-transfer-low-4w-30tps-r1_retail-transfer-low_w3_22,1000,transfer_20260917-pilot6_calibration-retail-transfer-low-4w-30tps-r1_retail-transfer-low_w3_r1_287],  with error: Error: Failed to submit trasaction with status code: 11
2026.09.17-14:00:49.640[31m error[39m [caliper] [connectors/peer-gateway/PeerGateway] 	Failed to perform submit transaction [Transfer] using arguments [wlt_c_20260917-pilot6_calibration-retail-transfer-low-4w-30tps-r1_retail-transfer-low_w3_6,wlt_c_20260917-pilot6_calibration-retail-transfer-low-4w-30tps-r1_retail-transfer-low_w3_24,1000,transfer_20260917-pilot6_calibration-retail-transfer-low-4w-30tps-r1_retail-transfer-low_w3_r1_289],  with error: Error: Failed to submit trasaction with status code: 11
2026.09.17-14:00:49.639[31m error[39m [caliper] [connectors/peer-gateway/PeerGateway] 	Failed to perform submit transaction [Transfer] using arguments [wlt_c_20260917-pilot6_calibration-retail-transfer-low-4w-30tps-r1_retail-transfer-low_w1_6,wlt_c_20260917-pilot6_calibration-retail-transfer-low-4w-30tps-r1_retail-transfer-low_w1_24,1000,transfer_20260917-pilot6_calibration-retail-transfer-low-4w-30tps-r1_retail-transfer-low_w1_r1_289],  with error: Error: Failed to submit trasaction with status code: 11
2026.09.17-14:00:49.933[31m error[39m [caliper] [connectors/peer-gateway/PeerGateway] 	Failed to perform submit transaction [Transfer] using arguments [wlt_c_20260917-pilot6_calibration-retail-transfer-low-4w-30tps-r1_retail-transfer-low_w3_7,wlt_c_20260917-pilot6_calibration-retail-transfer-low-4w-30tps-r1_retail-transfer-low_w3_26,1000,transfer_20260917-pilot6_calibration-retail-transfer-low-4w-30tps-r1_retail-transfer-low_w3_r1_290],  with error: Error: Failed to submit trasaction with status code: 11
2026.09.17-14:00:49.938[31m error[39m [caliper] [connectors/peer-gateway/PeerGateway] 	Failed to perform submit transaction [Transfer] using arguments [wlt_c_20260917-pilot6_calibration-retail-transfer-low-4w-30tps-r1_retail-transfer-low_w3_9,wlt_c_20260917-pilot6_calibration-retail-transfer-low-4w-30tps-r1_retail-transfer-low_w3_28,1000,transfer_20260917-pilot6_calibration-retail-transfer-low-4w-30tps-r1_retail-transfer-low_w3_r1_292],  with error: Error: Failed to submit trasaction with status code: 11
2026.09.17-14:00:49.938[31m error[39m [caliper] [connectors/peer-gateway/PeerGateway] 	Failed to perform submit transaction [Transfer] using arguments [wlt_c_20260917-pilot6_calibration-retail-transfer-low-4w-30tps-r1_retail-transfer-low_w0_9,wlt_c_20260917-pilot6_calibration-retail-transfer-low-4w-30tps-r1_retail-transfer-low_w0_28,1000,transfer_20260917-pilot6_calibration-retail-transfer-low-4w-30tps-r1_retail-transfer-low_w0_r1_292],  with error: Error: Failed to submit trasaction with status code: 11
2026.09.17-14:00:50.068[31m error[39m [caliper] [connectors/peer-gateway/PeerGateway] 	Failed to perform submit transaction [Transfer] using arguments [wlt_c_20260917-pilot6_calibration-retail-transfer-low-4w-30tps-r1_retail-transfer-low_w0_12,wlt_c_20260917-pilot6_calibration-retail-transfer-low-4w-30tps-r1_retail-transfer-low_w0_31,1000,transfer_20260917-pilot6_calibration-retail-transfer-low-4w-30tps-r1_retail-transfer-low_w0_r1_294],  with error: Error: Failed to submit trasaction with status code: 11
2026.09.17-14:00:50.074[31m error[39m [caliper] [connectors/peer-gateway/PeerGateway] 	Failed to perform submit transaction [Transfer] using arguments [wlt_c_20260917-pilot6_calibration-retail-transfer-low-4w-30tps-r1_retail-transfer-low_w1_9,wlt_c_20260917-pilot6_calibration-retail-transfer-low-4w-30tps-r1_retail-transfer-low_w1_28,1000,transfer_20260917-pilot6_calibration-retail-transfer-low-4w-30tps-r1_retail-transfer-low_w1_r1_292],  with error: Error: Failed to submit trasaction with status code: 11
2026.09.17-14:00:50.074[31m error[39m [caliper] [connectors/peer-gateway/PeerGateway] 	Failed to perform submit transaction [Transfer] using arguments [wlt_c_20260917-pilot6_calibration-retail-transfer-low-4w-30tps-r1_retail-transfer-low_w1_11,wlt_c_20260917-pilot6_calibration-retail-transfer-low-4w-30tps-r1_retail-transfer-low_w1_29,1000,transfer_20260917-pilot6_calibration-retail-transfer-low-4w-30tps-r1_retail-transfer-low_w1_r1_293],  with error: Error: Failed to submit trasaction with status code: 11
2026.09.17-14:00:50.077[31m error[39m [caliper] [connectors/peer-gateway/PeerGateway] 	Failed to perform submit transaction [Transfer] using arguments [wlt_c_20260917-pilot6_calibration-retail-transfer-low-4w-30tps-r1_retail-transfer-low_w1_12,wlt_c_20260917-pilot6_calibration-retail-transfer-low-4w-30tps-r1_retail-transfer-low_w1_31,1000,transfer_20260917-pilot6_calibration-retail-transfer-low-4w-30tps-r1_retail-transfer-low_w1_r1_294],  with error: Error: Failed to submit trasaction with status code: 11
2026.09.17-14:00:50.078[31m error[39m [caliper] [connectors/peer-gateway/PeerGateway] 	Failed to perform submit transaction [Transfer] using arguments [wlt_c_20260917-pilot6_calibration-retail-transfer-low-4w-30tps-r1_retail-transfer-low_w3_12,wlt_c_20260917-pilot6_calibration-retail-transfer-low-4w-30tps-r1_retail-transfer-low_w3_31,1000,transfer_20260917-pilot6_calibration-retail-transfer-low-4w-30tps-r1_retail-transfer-low_w3_r1_294],  with error: Error: Failed to submit trasaction with status code: 11
2026.09.17-14:00:50.079[31m error[39m [caliper] [connectors/peer-gateway/PeerGateway] 	Failed to perform submit transaction [Transfer] using arguments [wlt_c_20260917-pilot6_calibration-retail-transfer-low-4w-30tps-r1_retail-transfer-low_w3_11,wlt_c_20260917-pilot6_calibration-retail-transfer-low-4w-30tps-r1_retail-transfer-low_w3_29,1000,transfer_20260917-pilot6_calibration-retail-transfer-low-4w-30tps-r1_retail-transfer-low_w3_r1_293],  with error: Error: Failed to submit trasaction with status code: 11
2026.09.17-14:00:50.080[31m error[39m [caliper] [connectors/peer-gateway/PeerGateway] 	Failed to perform submit transaction [Transfer] using arguments [wlt_c_20260917-pilot6_calibration-retail-transfer-low-4w-30tps-r1_retail-transfer-low_w2_12,wlt_c_20260917-pilot6_calibration-retail-transfer-low-4w-30tps-r1_retail-transfer-low_w2_31,1000,transfer_20260917-pilot6_calibration-retail-transfer-low-4w-30tps-r1_retail-transfer-low_w2_r1_294],  with error: Error: Failed to submit trasaction with status code: 11
2026.09.17-14:00:50.081[31m error[39m [caliper] [connectors/peer-gateway/PeerGateway] 	Failed to perform submit transaction [Transfer] using arguments [wlt_c_20260917-pilot6_calibration-retail-transfer-low-4w-30tps-r1_retail-transfer-low_w2_11,wlt_c_20260917-pilot6_calibration-retail-transfer-low-4w-30tps-r1_retail-transfer-low_w2_29,1000,transfer_20260917-pilot6_calibration-retail-transfer-low-4w-30tps-r1_retail-transfer-low_w2_r1_293],  with error: Error: Failed to submit trasaction with status code: 11
2026.09.17-14:00:50.187[31m error[39m [caliper] [connectors/peer-gateway/PeerGateway] 	Failed to perform submit transaction [Transfer] using arguments [wlt_c_20260917-pilot6_calibration-retail-transfer-low-4w-30tps-r1_retail-transfer-low_w1_16,wlt_c_20260917-pilot6_calibration-retail-transfer-low-4w-30tps-r1_retail-transfer-low_w1_34,1000,transfer_20260917-pilot6_calibration-retail-transfer-low-4w-30tps-r1_retail-transfer-low_w1_r1_297],  with error: Error: Failed to submit trasaction with status code: 11
2026.09.17-14:00:50.193[31m error[39m [caliper] [connectors/peer-gateway/PeerGateway] 	Failed to perform submit transaction [Transfer] using arguments [wlt_c_20260917-pilot6_calibration-retail-transfer-low-4w-30tps-r1_retail-transfer-low_w0_13,wlt_c_20260917-pilot6_calibration-retail-transfer-low-4w-30tps-r1_retail-transfer-low_w0_32,1000,transfer_20260917-pilot6_calibration-retail-transfer-low-4w-30tps-r1_retail-transfer-low_w0_r1_295],  with error: Error: Failed to submit trasaction with status code: 11
2026.09.17-14:00:50.195[31m error[39m [caliper] [connectors/peer-gateway/PeerGateway] 	Failed to perform submit transaction [Transfer] using arguments [wlt_c_20260917-pilot6_calibration-retail-transfer-low-4w-30tps-r1_retail-transfer-low_w0_14,wlt_c_20260917-pilot6_calibration-retail-transfer-low-4w-30tps-r1_retail-transfer-low_w0_33,1000,transfer_20260917-pilot6_calibration-retail-transfer-low-4w-30tps-r1_retail-transfer-low_w0_r1_296],  with error: Error: Failed to submit trasaction with status code: 11
2026.09.17-14:00:50.197[31m error[39m [caliper] [connectors/peer-gateway/PeerGateway] 	Failed to perform submit transaction [Transfer] using arguments [wlt_c_20260917-pilot6_calibration-retail-transfer-low-4w-30tps-r1_retail-transfer-low_w3_14,wlt_c_20260917-pilot6_calibration-retail-transfer-low-4w-30tps-r1_retail-transfer-low_w3_33,1000,transfer_20260917-pilot6_calibration-retail-transfer-low-4w-30tps-r1_retail-transfer-low_w3_r1_296],  with error: Error: Failed to submit trasaction with status code: 11
2026.09.17-14:00:50.203[31m error[39m [caliper] [connectors/peer-gateway/PeerGateway] 	Failed to perform submit transaction [Transfer] using arguments [wlt_c_20260917-pilot6_calibration-retail-transfer-low-4w-30tps-r1_retail-transfer-low_w1_13,wlt_c_20260917-pilot6_calibration-retail-transfer-low-4w-30tps-r1_retail-transfer-low_w1_32,1000,transfer_20260917-pilot6_calibration-retail-transfer-low-4w-30tps-r1_retail-transfer-low_w1_r1_295],  with error: Error: Failed to submit trasaction with status code: 11
2026.09.17-14:00:50.212[31m error[39m [caliper] [connectors/peer-gateway/PeerGateway] 	Failed to perform submit transaction [Transfer] using arguments [wlt_c_20260917-pilot6_calibration-retail-transfer-low-4w-30tps-r1_retail-transfer-low_w3_13,wlt_c_20260917-pilot6_calibration-retail-transfer-low-4w-30tps-r1_retail-transfer-low_w3_32,1000,transfer_20260917-pilot6_calibration-retail-transfer-low-4w-30tps-r1_retail-transfer-low_w3_r1_295],  with error: Error: Failed to submit trasaction with status code: 11
2026.09.17-14:00:50.213[31m error[39m [caliper] [connectors/peer-gateway/PeerGateway] 	Failed to perform submit transaction [Transfer] using arguments [wlt_c_20260917-pilot6_calibration-retail-transfer-low-4w-30tps-r1_retail-transfer-low_w3_16,wlt_c_20260917-pilot6_calibration-retail-transfer-low-4w-30tps-r1_retail-transfer-low_w3_34,1000,transfer_20260917-pilot6_calibration-retail-transfer-low-4w-30tps-r1_retail-transfer-low_w3_r1_297],  with error: Error: Failed to submit trasaction with status code: 11
2026.09.17-14:00:50.214[31m error[39m [caliper] [connectors/peer-gateway/PeerGateway] 	Failed to perform submit transaction [Transfer] using arguments [wlt_c_20260917-pilot6_calibration-retail-transfer-low-4w-30tps-r1_retail-transfer-low_w1_14,wlt_c_20260917-pilot6_calibration-retail-transfer-low-4w-30tps-r1_retail-transfer-low_w1_33,1000,transfer_20260917-pilot6_calibration-retail-transfer-low-4w-30tps-r1_retail-transfer-low_w1_r1_296],  with error: Error: Failed to submit trasaction with status code: 11
2026.09.17-14:00:50.313[31m error[39m [caliper] [connectors/peer-gateway/PeerGateway] 	Failed to perform submit transaction [Transfer] using arguments [wlt_c_20260917-pilot6_calibration-retail-transfer-low-4w-30tps-r1_retail-transfer-low_w0_16,wlt_c_20260917-pilot6_calibration-retail-transfer-low-4w-30tps-r1_retail-transfer-low_w0_34,1000,transfer_20260917-pilot6_calibration-retail-transfer-low-4w-30tps-r1_retail-transfer-low_w0_r1_297],  with error: Error: Failed to submit trasaction with status code: 11
2026.09.17-14:00:50.313[31m error[39m [caliper] [connectors/peer-gateway/PeerGateway] 	Failed to perform submit transaction [Transfer] using arguments [wlt_c_20260917-pilot6_calibration-retail-transfer-low-4w-30tps-r1_retail-transfer-low_w2_16,wlt_c_20260917-pilot6_calibration-retail-transfer-low-4w-30tps-r1_retail-transfer-low_w2_34,1000,transfer_20260917-pilot6_calibration-retail-transfer-low-4w-30tps-r1_retail-transfer-low_w2_r1_297],  with error: Error: Failed to submit trasaction with status code: 11
2026.09.17-14:00:50.313[31m error[39m [caliper] [connectors/peer-gateway/PeerGateway] 	Failed to perform submit transaction [Transfer] using arguments [wlt_c_20260917-pilot6_calibration-retail-transfer-low-4w-30tps-r1_retail-transfer-low_w0_17,wlt_c_20260917-pilot6_calibration-retail-transfer-low-4w-30tps-r1_retail-transfer-low_w0_36,1000,transfer_20260917-pilot6_calibration-retail-transfer-low-4w-30tps-r1_retail-transfer-low_w0_r1_298],  with error: Error: Failed to submit trasaction with status code: 11
2026.09.17-14:00:50.313[31m error[39m [caliper] [connectors/peer-gateway/PeerGateway] 	Failed to perform submit transaction [Transfer] using arguments [wlt_c_20260917-pilot6_calibration-retail-transfer-low-4w-30tps-r1_retail-transfer-low_w2_17,wlt_c_20260917-pilot6_calibration-retail-transfer-low-4w-30tps-r1_retail-transfer-low_w2_36,1000,transfer_20260917-pilot6_calibration-retail-transfer-low-4w-30tps-r1_retail-transfer-low_w2_r1_298],  with error: Error: Failed to submit trasaction with status code: 11
2026.09.17-14:00:50.314[31m error[39m [caliper] [connectors/peer-gateway/PeerGateway] 	Failed to perform submit transaction [Transfer] using arguments [wlt_c_20260917-pilot6_calibration-retail-transfer-low-4w-30tps-r1_retail-transfer-low_w2_18,wlt_c_20260917-pilot6_calibration-retail-transfer-low-4w-30tps-r1_retail-transfer-low_w2_37,1000,transfer_20260917-pilot6_calibration-retail-transfer-low-4w-30tps-r1_retail-transfer-low_w2_r1_299],  with error: Error: Failed to submit trasaction with status code: 11
2026.09.17-14:00:50.316[31m error[39m [caliper] [connectors/peer-gateway/PeerGateway] 	Failed to perform submit transaction [Transfer] using arguments [wlt_c_20260917-pilot6_calibration-retail-transfer-low-4w-30tps-r1_retail-transfer-low_w0_18,wlt_c_20260917-pilot6_calibration-retail-transfer-low-4w-30tps-r1_retail-transfer-low_w0_37,1000,transfer_20260917-pilot6_calibration-retail-transfer-low-4w-30tps-r1_retail-transfer-low_w0_r1_299],  with error: Error: Failed to submit trasaction with status code: 11
2026.09.17-14:00:50.555[31m error[39m [caliper] [connectors/peer-gateway/PeerGateway] 	Failed to perform submit transaction [Transfer] using arguments [wlt_c_20260917-pilot6_calibration-retail-transfer-low-4w-30tps-r1_retail-transfer-low_w1_2,wlt_c_20260917-pilot6_calibration-retail-transfer-low-4w-30tps-r1_retail-transfer-low_w1_21,1000,transfer_20260917-pilot6_calibration-retail-transfer-low-4w-30tps-r1_retail-transfer-low_w1_r1_301],  with error: Error: Failed to submit trasaction with status code: 11
2026.09.17-14:00:50.555[31m error[39m [caliper] [connectors/peer-gateway/PeerGateway] 	Failed to perform submit transaction [Transfer] using arguments [wlt_c_20260917-pilot6_calibration-retail-transfer-low-4w-30tps-r1_retail-transfer-low_w1_1,wlt_c_20260917-pilot6_calibration-retail-transfer-low-4w-30tps-r1_retail-transfer-low_w1_19,1000,transfer_20260917-pilot6_calibration-retail-transfer-low-4w-30tps-r1_retail-transfer-low_w1_r1_300],  with error: Error: Failed to submit trasaction with status code: 11
2026.09.17-14:00:50.559[31m error[39m [caliper] [connectors/peer-gateway/PeerGateway] 	Failed to perform submit transaction [Transfer] using arguments [wlt_c_20260917-pilot6_calibration-retail-transfer-low-4w-30tps-r1_retail-transfer-low_w3_1,wlt_c_20260917-pilot6_calibration-retail-transfer-low-4w-30tps-r1_retail-transfer-low_w3_19,1000,transfer_20260917-pilot6_calibration-retail-transfer-low-4w-30tps-r1_retail-transfer-low_w3_r1_300],  with error: Error: Failed to submit trasaction with status code: 11
2026.09.17-14:00:50.559[31m error[39m [caliper] [connectors/peer-gateway/PeerGateway] 	Failed to perform submit transaction [Transfer] using arguments [wlt_c_20260917-pilot6_calibration-retail-transfer-low-4w-30tps-r1_retail-transfer-low_w3_2,wlt_c_20260917-pilot6_calibration-retail-transfer-low-4w-30tps-r1_retail-transfer-low_w3_21,1000,transfer_20260917-pilot6_calibration-retail-transfer-low-4w-30tps-r1_retail-transfer-low_w3_r1_301],  with error: Error: Failed to submit trasaction with status code: 11
2026.09.17-14:00:50.559[31m error[39m [caliper] [connectors/peer-gateway/PeerGateway] 	Failed to perform submit transaction [Transfer] using arguments [wlt_c_20260917-pilot6_calibration-retail-transfer-low-4w-30tps-r1_retail-transfer-low_w2_1,wlt_c_20260917-pilot6_calibration-retail-transfer-low-4w-30tps-r1_retail-transfer-low_w2_19,1000,transfer_20260917-pilot6_calibration-retail-transfer-low-4w-30tps-r1_retail-transfer-low_w2_r1_300],  with error: Error: Failed to submit trasaction with status code: 11
2026.09.17-14:00:50.561[31m error[39m [caliper] [connectors/peer-gateway/PeerGateway] 	Failed to perform submit transaction [Transfer] using arguments [wlt_c_20260917-pilot6_calibration-retail-transfer-low-4w-30tps-r1_retail-transfer-low_w0_1,wlt_c_20260917-pilot6_calibration-retail-transfer-low-4w-30tps-r1_retail-transfer-low_w0_19,1000,transfer_20260917-pilot6_calibration-retail-transfer-low-4w-30tps-r1_retail-transfer-low_w0_r1_300],  with error: Error: Failed to submit trasaction with status code: 11
2026.09.17-14:00:50.562[31m error[39m [caliper] [connectors/peer-gateway/PeerGateway] 	Failed to perform submit transaction [Transfer] using arguments [wlt_c_20260917-pilot6_calibration-retail-transfer-low-4w-30tps-r1_retail-transfer-low_w2_3,wlt_c_20260917-pilot6_calibration-retail-transfer-low-4w-30tps-r1_retail-transfer-low_w2_22,1000,transfer_20260917-pilot6_calibration-retail-transfer-low-4w-30tps-r1_retail-transfer-low_w2_r1_302],  with error: Error: Failed to submit trasaction with status code: 11
2026.09.17-14:00:50.563[31m error[39m [caliper] [connectors/peer-gateway/PeerGateway] 	Failed to perform submit transaction [Transfer] using arguments [wlt_c_20260917-pilot6_calibration-retail-transfer-low-4w-30tps-r1_retail-transfer-low_w0_2,wlt_c_20260917-pilot6_calibration-retail-transfer-low-4w-30tps-r1_retail-transfer-low_w0_21,1000,transfer_20260917-pilot6_calibration-retail-transfer-low-4w-30tps-r1_retail-transfer-low_w0_r1_301],  with error: Error: Failed to submit trasaction with status code: 11
2026.09.17-14:00:50.563[31m error[39m [caliper] [connectors/peer-gateway/PeerGateway] 	Failed to perform submit transaction [Transfer] using arguments [wlt_c_20260917-pilot6_calibration-retail-transfer-low-4w-30tps-r1_retail-transfer-low_w2_2,wlt_c_20260917-pilot6_calibration-retail-transfer-low-4w-30tps-r1_retail-transfer-low_w2_21,1000,transfer_20260917-pilot6_calibration-retail-transfer-low-4w-30tps-r1_retail-transfer-low_w2_r1_301],  with error: Error: Failed to submit trasaction with status code: 11
2026.09.17-14:00:50.702[31m error[39m [caliper] [connectors/peer-gateway/PeerGateway] 	Failed to perform submit transaction [Transfer] using arguments [wlt_c_20260917-pilot6_calibration-retail-transfer-low-4w-30tps-r1_retail-transfer-low_w2_4,wlt_c_20260917-pilot6_calibration-retail-transfer-low-4w-30tps-r1_retail-transfer-low_w2_23,1000,transfer_20260917-pilot6_calibration-retail-transfer-low-4w-30tps-r1_retail-transfer-low_w2_r1_303],  with error: Error: Failed to submit trasaction with status code: 11
2026.09.17-14:00:50.703[31m error[39m [caliper] [connectors/peer-gateway/PeerGateway] 	Failed to perform submit transaction [Transfer] using arguments [wlt_c_20260917-pilot6_calibration-retail-transfer-low-4w-30tps-r1_retail-transfer-low_w2_6,wlt_c_20260917-pilot6_calibration-retail-transfer-low-4w-30tps-r1_retail-transfer-low_w2_24,1000,transfer_20260917-pilot6_calibration-retail-transfer-low-4w-30tps-r1_retail-transfer-low_w2_r1_304],  with error: Error: Failed to submit trasaction with status code: 11
2026.09.17-14:00:50.704[31m error[39m [caliper] [connectors/peer-gateway/PeerGateway] 	Failed to perform submit transaction [Transfer] using arguments [wlt_c_20260917-pilot6_calibration-retail-transfer-low-4w-30tps-r1_retail-transfer-low_w1_3,wlt_c_20260917-pilot6_calibration-retail-transfer-low-4w-30tps-r1_retail-transfer-low_w1_22,1000,transfer_20260917-pilot6_calibration-retail-transfer-low-4w-30tps-r1_retail-transfer-low_w1_r1_302],  with error: Error: Failed to submit trasaction with status code: 11
2026.09.17-14:00:50.704[31m error[39m [caliper] [connectors/peer-gateway/PeerGateway] 	Failed to perform submit transaction [Transfer] using arguments [wlt_c_20260917-pilot6_calibration-retail-transfer-low-4w-30tps-r1_retail-transfer-low_w1_4,wlt_c_20260917-pilot6_calibration-retail-transfer-low-4w-30tps-r1_retail-transfer-low_w1_23,1000,transfer_20260917-pilot6_calibration-retail-transfer-low-4w-30tps-r1_retail-transfer-low_w1_r1_303],  with error: Error: Failed to submit trasaction with status code: 11
2026.09.17-14:00:50.706[31m error[39m [caliper] [connectors/peer-gateway/PeerGateway] 	Failed to perform submit transaction [Transfer] using arguments [wlt_c_20260917-pilot6_calibration-retail-transfer-low-4w-30tps-r1_retail-transfer-low_w0_4,wlt_c_20260917-pilot6_calibration-retail-transfer-low-4w-30tps-r1_retail-transfer-low_w0_23,1000,transfer_20260917-pilot6_calibration-retail-transfer-low-4w-30tps-r1_retail-transfer-low_w0_r1_303],  with error: Error: Failed to submit trasaction with status code: 11
2026.09.17-14:00:50.707[31m error[39m [caliper] [connectors/peer-gateway/PeerGateway] 	Failed to perform submit transaction [Transfer] using arguments [wlt_c_20260917-pilot6_calibration-retail-transfer-low-4w-30tps-r1_retail-transfer-low_w0_6,wlt_c_20260917-pilot6_calibration-retail-transfer-low-4w-30tps-r1_retail-transfer-low_w0_24,1000,transfer_20260917-pilot6_calibration-retail-transfer-low-4w-30tps-r1_retail-transfer-low_w0_r1_304],  with error: Error: Failed to submit trasaction with status code: 11
2026.09.17-14:00:50.905[31m error[39m [caliper] [connectors/peer-gateway/PeerGateway] 	Failed to perform submit transaction [Transfer] using arguments [wlt_c_20260917-pilot6_calibration-retail-transfer-low-4w-30tps-r1_retail-transfer-low_w2_7,wlt_c_20260917-pilot6_calibration-retail-transfer-low-4w-30tps-r1_retail-transfer-low_w2_26,1000,transfer_20260917-pilot6_calibration-retail-transfer-low-4w-30tps-r1_retail-transfer-low_w2_r1_305],  with error: Error: Failed to submit trasaction with status code: 11
2026.09.17-14:00:50.905[31m error[39m [caliper] [connectors/peer-gateway/PeerGateway] 	Failed to perform submit transaction [Transfer] using arguments [wlt_c_20260917-pilot6_calibration-retail-transfer-low-4w-30tps-r1_retail-transfer-low_w3_8,wlt_c_20260917-pilot6_calibration-retail-transfer-low-4w-30tps-r1_retail-transfer-low_w3_27,1000,transfer_20260917-pilot6_calibration-retail-transfer-low-4w-30tps-r1_retail-transfer-low_w3_r1_306],  with error: Error: Failed to submit trasaction with status code: 11
2026.09.17-14:00:50.908[31m error[39m [caliper] [connectors/peer-gateway/PeerGateway] 	Failed to perform submit transaction [Transfer] using arguments [wlt_c_20260917-pilot6_calibration-retail-transfer-low-4w-30tps-r1_retail-transfer-low_w1_8,wlt_c_20260917-pilot6_calibration-retail-transfer-low-4w-30tps-r1_retail-transfer-low_w1_27,1000,transfer_20260917-pilot6_calibration-retail-transfer-low-4w-30tps-r1_retail-transfer-low_w1_r1_306],  with error: Error: Failed to submit trasaction with status code: 11
2026.09.17-14:00:50.908[31m error[39m [caliper] [connectors/peer-gateway/PeerGateway] 	Failed to perform submit transaction [Transfer] using arguments [wlt_c_20260917-pilot6_calibration-retail-transfer-low-4w-30tps-r1_retail-transfer-low_w0_7,wlt_c_20260917-pilot6_calibration-retail-transfer-low-4w-30tps-r1_retail-transfer-low_w0_26,1000,transfer_20260917-pilot6_calibration-retail-transfer-low-4w-30tps-r1_retail-transfer-low_w0_r1_305],  with error: Error: Failed to submit trasaction with status code: 11
2026.09.17-14:00:50.908[31m error[39m [caliper] [connectors/peer-gateway/PeerGateway] 	Failed to perform submit transaction [Transfer] using arguments [wlt_c_20260917-pilot6_calibration-retail-transfer-low-4w-30tps-r1_retail-transfer-low_w0_8,wlt_c_20260917-pilot6_calibration-retail-transfer-low-4w-30tps-r1_retail-transfer-low_w0_27,1000,transfer_20260917-pilot6_calibration-retail-transfer-low-4w-30tps-r1_retail-transfer-low_w0_r1_306],  with error: Error: Failed to submit trasaction with status code: 11
2026.09.17-14:00:50.914[31m error[39m [caliper] [connectors/peer-gateway/PeerGateway] 	Failed to perform submit transaction [Transfer] using arguments [wlt_c_20260917-pilot6_calibration-retail-transfer-low-4w-30tps-r1_retail-transfer-low_w2_8,wlt_c_20260917-pilot6_calibration-retail-transfer-low-4w-30tps-r1_retail-transfer-low_w2_27,1000,transfer_20260917-pilot6_calibration-retail-transfer-low-4w-30tps-r1_retail-transfer-low_w2_r1_306],  with error: Error: Failed to submit trasaction with status code: 11
2026.09.17-14:00:50.914[31m error[39m [caliper] [connectors/peer-gateway/PeerGateway] 	Failed to perform submit transaction [Transfer] using arguments [wlt_c_20260917-pilot6_calibration-retail-transfer-low-4w-30tps-r1_retail-transfer-low_w1_7,wlt_c_20260917-pilot6_calibration-retail-transfer-low-4w-30tps-r1_retail-transfer-low_w1_26,1000,transfer_20260917-pilot6_calibration-retail-transfer-low-4w-30tps-r1_retail-transfer-low_w1_r1_305],  with error: Error: Failed to submit trasaction with status code: 11
2026.09.17-14:00:50.914[31m error[39m [caliper] [connectors/peer-gateway/PeerGateway] 	Failed to perform submit transaction [Transfer] using arguments [wlt_c_20260917-pilot6_calibration-retail-transfer-low-4w-30tps-r1_retail-transfer-low_w2_9,wlt_c_20260917-pilot6_calibration-retail-transfer-low-4w-30tps-r1_retail-transfer-low_w2_28,1000,transfer_20260917-pilot6_calibration-retail-transfer-low-4w-30tps-r1_retail-transfer-low_w2_r1_307],  with error: Error: Failed to submit trasaction with status code: 11
2026.09.17-14:00:51.365[31m error[39m [caliper] [connectors/peer-gateway/PeerGateway] 	Failed to perform submit transaction [Transfer] using arguments [wlt_c_20260917-pilot6_calibration-retail-transfer-low-4w-30tps-r1_retail-transfer-low_w0_11,wlt_c_20260917-pilot6_calibration-retail-transfer-low-4w-30tps-r1_retail-transfer-low_w0_29,1000,transfer_20260917-pilot6_calibration-retail-transfer-low-4w-30tps-r1_retail-transfer-low_w0_r1_308],  with error: Error: Failed to submit trasaction with status code: 11
2026.09.17-14:00:51.418[32m info [39m [caliper] [default-observer] 	[retail-transfer-low-30tps Round 1 Transaction Info] - Submitted: 1273 Succ: 1051 Fail:177 Unfinished:45
2026.09.17-14:00:51.757[31m error[39m [caliper] [connectors/peer-gateway/PeerGateway] 	Failed to perform submit transaction [Transfer] using arguments [wlt_c_20260917-pilot6_calibration-retail-transfer-low-4w-30tps-r1_retail-transfer-low_w2_13,wlt_c_20260917-pilot6_calibration-retail-transfer-low-4w-30tps-r1_retail-transfer-low_w2_32,1000,transfer_20260917-pilot6_calibration-retail-transfer-low-4w-30tps-r1_retail-transfer-low_w2_r1_310],  with error: Error: Failed to submit trasaction with status code: 11
2026.09.17-14:00:56.418[32m info [39m [caliper] [default-observer] 	[retail-transfer-low-30tps Round 1 Transaction Info] - Submitted: 1424 Succ: 1199 Fail:181 Unfinished:44
2026.09.17-14:01:01.421[32m info [39m [caliper] [default-observer] 	[retail-transfer-low-30tps Round 1 Transaction Info] - Submitted: 1575 Succ: 1369 Fail:181 Unfinished:25
2026.09.17-14:01:06.430[32m info [39m [caliper] [default-observer] 	[retail-transfer-low-30tps Round 1 Transaction Info] - Submitted: 1727 Succ: 1506 Fail:181 Unfinished:40
2026.09.17-14:01:11.430[32m info [39m [caliper] [default-observer] 	[retail-transfer-low-30tps Round 1 Transaction Info] - Submitted: 1804 Succ: 1623 Fail:181 Unfinished:0
2026.09.17-14:01:12.009[32m info [39m [caliper] [connectors/peer-gateway/PeerGateway] 	disconnecting gateway for user User1
2026.09.17-14:01:12.009[32m info [39m [caliper] [connectors/peer-gateway/PeerGateway] 	disconnecting gateway for user _HimbaraBankOrgMSP_User1
2026.09.17-14:01:12.009[32m info [39m [caliper] [connectors/peer-gateway/PeerGateway] 	disconnecting gateway for user _CommercialBankOrgMSP_User1
2026.09.17-14:01:12.010[32m info [39m [caliper] [connectors/peer-gateway/PeerGateway] 	disconnecting gRpc client at peer peer0.bi.paynet
2026.09.17-14:01:12.010[32m info [39m [caliper] [connectors/peer-gateway/PeerGateway] 	disconnecting gRpc client at peer peer0.himbara.paynet
2026.09.17-14:01:12.010[32m info [39m [caliper] [connectors/peer-gateway/PeerGateway] 	disconnecting gRpc client at peer peer0.commercial.paynet
2026.09.17-14:01:12.010[32m info [39m [caliper] [worker-message-handler] 	Worker#0 finished Round#1
2026.09.17-14:01:12.022[32m info [39m [caliper] [connectors/peer-gateway/PeerGateway] 	disconnecting gateway for user User1
2026.09.17-14:01:12.023[32m info [39m [caliper] [connectors/peer-gateway/PeerGateway] 	disconnecting gateway for user _HimbaraBankOrgMSP_User1
2026.09.17-14:01:12.023[32m info [39m [caliper] [connectors/peer-gateway/PeerGateway] 	disconnecting gateway for user _CommercialBankOrgMSP_User1
2026.09.17-14:01:12.023[32m info [39m [caliper] [connectors/peer-gateway/PeerGateway] 	disconnecting gRpc client at peer peer0.bi.paynet
2026.09.17-14:01:12.023[32m info [39m [caliper] [connectors/peer-gateway/PeerGateway] 	disconnecting gRpc client at peer peer0.himbara.paynet
2026.09.17-14:01:12.023[32m info [39m [caliper] [connectors/peer-gateway/PeerGateway] 	disconnecting gRpc client at peer peer0.commercial.paynet
2026.09.17-14:01:12.023[32m info [39m [caliper] [worker-message-handler] 	Worker#3 finished Round#1
2026.09.17-14:01:12.023[32m info [39m [caliper] [connectors/peer-gateway/PeerGateway] 	disconnecting gateway for user User1
2026.09.17-14:01:12.024[32m info [39m [caliper] [connectors/peer-gateway/PeerGateway] 	disconnecting gateway for user _HimbaraBankOrgMSP_User1
2026.09.17-14:01:12.025[32m info [39m [caliper] [connectors/peer-gateway/PeerGateway] 	disconnecting gateway for user _CommercialBankOrgMSP_User1
2026.09.17-14:01:12.025[32m info [39m [caliper] [connectors/peer-gateway/PeerGateway] 	disconnecting gRpc client at peer peer0.bi.paynet
2026.09.17-14:01:12.029[32m info [39m [caliper] [connectors/peer-gateway/PeerGateway] 	disconnecting gateway for user User1
2026.09.17-14:01:12.030[32m info [39m [caliper] [connectors/peer-gateway/PeerGateway] 	disconnecting gateway for user _HimbaraBankOrgMSP_User1
2026.09.17-14:01:12.030[32m info [39m [caliper] [connectors/peer-gateway/PeerGateway] 	disconnecting gateway for user _CommercialBankOrgMSP_User1
2026.09.17-14:01:12.030[32m info [39m [caliper] [connectors/peer-gateway/PeerGateway] 	disconnecting gRpc client at peer peer0.bi.paynet
2026.09.17-14:01:12.030[32m info [39m [caliper] [connectors/peer-gateway/PeerGateway] 	disconnecting gRpc client at peer peer0.himbara.paynet
2026.09.17-14:01:12.030[32m info [39m [caliper] [connectors/peer-gateway/PeerGateway] 	disconnecting gRpc client at peer peer0.commercial.paynet
2026.09.17-14:01:12.030[32m info [39m [caliper] [worker-message-handler] 	Worker#1 finished Round#1
2026.09.17-14:01:12.031[32m info [39m [caliper] [connectors/peer-gateway/PeerGateway] 	disconnecting gRpc client at peer peer0.himbara.paynet
2026.09.17-14:01:12.032[32m info [39m [caliper] [connectors/peer-gateway/PeerGateway] 	disconnecting gRpc client at peer peer0.commercial.paynet
2026.09.17-14:01:12.032[32m info [39m [caliper] [worker-message-handler] 	Worker#2 finished Round#1
2026.09.17-14:01:17.158[32m info [39m [caliper] [default-observer] 	Resetting txCount indicator count
2026.09.17-14:01:17.159[32m info [39m [caliper] [report-builder] 	### Test result ###
2026.09.17-14:01:17.162[32m info [39m [caliper] [report-builder] 	
+---------------------------+------+------+-----------------+-----------------+-----------------+-----------------+------------------+
| Name                      | Succ | Fail | Send Rate (TPS) | Max Latency (s) | Min Latency (s) | Avg Latency (s) | Throughput (TPS) |
|---------------------------|------|------|-----------------|-----------------|-----------------|-----------------|------------------|
| retail-transfer-low-30tps | 1623 | 181  | 30.1            | 4.11            | 0.16            | 1.09            | 29.0             |
+---------------------------+------+------+-----------------+-----------------+-----------------+-----------------+------------------+

2026.09.17-14:01:17.169[32m info [39m [caliper] [report-builder] 	### docker resource stats ###'
2026.09.17-14:01:17.172[32m info [39m [caliper] [report-builder] 	
+-----------------------------+-----------+-----------+------------------+------------------+-----------------+------------------+-----------------+----------------+
| Name                        | CPU%(max) | CPU%(avg) | Memory(max) [MB] | Memory(avg) [MB] | Traffic In [MB] | Traffic Out [MB] | Disc Write [MB] | Disc Read [MB] |
|-----------------------------|-----------|-----------|------------------|------------------|-----------------|------------------|-----------------|----------------|
| /peer0.himbara.paynet       | 0.46375   | 0.345     | 123              | 118              | 57.8            | 56.5             | 46.2            | 1.03           |
|-----------------------------|-----------|-----------|------------------|------------------|-----------------|------------------|-----------------|----------------|
| /peer0.commercial.paynet    | 0.18125   | 0.115     | 112              | 107              | 28.0            | 10.7             | 46.0            | 0.625          |
|-----------------------------|-----------|-----------|------------------|------------------|-----------------|------------------|-----------------|----------------|
| /peer0.pjp.paynet           | 0.21      | 0.1175    | 112              | 110              | 28.0            | 10.7             | 46.9            | 0.109          |
|-----------------------------|-----------|-----------|------------------|------------------|-----------------|------------------|-----------------|----------------|
| /peer0.ojk.paynet           | 0.1825    | 0.1225    | 117              | 113              | 28.0            | 10.7             | 46.4            | 0.410          |
|-----------------------------|-----------|-----------|------------------|------------------|-----------------|------------------|-----------------|----------------|
| /peer0.bi.paynet            | 0.18125   | 0.12125   | 112              | 106              | 27.9            | 10.7             | 46.1            | 0.668          |
|-----------------------------|-----------|-----------|------------------|------------------|-----------------|------------------|-----------------|----------------|
| /couchdb0.himbara.paynet    | 1.90625   | 0.9775    | 44.1             | 34.0             | 9.95            | 4.82             | 223             | 11.6           |
|-----------------------------|-----------|-----------|------------------|------------------|-----------------|------------------|-----------------|----------------|
| /couchdb0.bi.paynet         | 1.48375   | 1.04      | 66.5             | 43.2             | 10.2            | 12.0             | 200             | 10.8           |
|-----------------------------|-----------|-----------|------------------|------------------|-----------------|------------------|-----------------|----------------|
| /couchdb0.ojk.paynet        | 1.7775    | 1.0375    | 49.3             | 38.5             | 10.2            | 12.0             | 142             | 8.30           |
|-----------------------------|-----------|-----------|------------------|------------------|-----------------|------------------|-----------------|----------------|
| /couchdb0.pjp.paynet        | 2.7775    | 1.1725    | 58.4             | 40.2             | 10.2            | 12.0             | 179             | 5.95           |
|-----------------------------|-----------|-----------|------------------|------------------|-----------------|------------------|-----------------|----------------|
| /couchdb0.commercial.paynet | 2.52625   | 1.16625   | 51.4             | 37.8             | 10.2            | 12.0             | 246             | 7.82           |
|-----------------------------|-----------|-----------|------------------|------------------|-----------------|------------------|-----------------|----------------|
| /orderer.paynet             | 0.29625   | 0.0825    | 76.4             | 59.7             | 16.4            | 78.3             | 96.0            | 5.09           |
+-----------------------------+-----------+-----------+------------------+------------------+-----------------+------------------+-----------------+----------------+

2026.09.17-14:01:17.173[32m info [39m [caliper] [report-builder] 	### process resource stats ###'
2026.09.17-14:01:17.174[32m info [39m [caliper] [report-builder] 	
+-------------------+-----------+-----------+-----------------+-----------------+
| Name              | CPU%(max) | CPU%(avg) | Memory(max) [B] | Memory(avg) [B] |
|-------------------|-----------|-----------|-----------------|-----------------|
| node caliper(sum) | 94.37     | 61.65     | -               | -               |
+-------------------+-----------+-----------+-----------------+-----------------+

2026.09.17-14:01:17.174[32m info [39m [caliper] [round-orchestrator] 	Finished round 2 (retail-transfer-low-30tps) in 62.374 seconds
2026.09.17-14:01:17.174[32m info [39m [caliper] [monitor.js] 	Stopping all monitors
2026.09.17-14:01:17.374[32m info [39m [caliper] [report-builder] 	### All test results ###
2026.09.17-14:01:17.375[32m info [39m [caliper] [report-builder] 	
+----------------------------------+------+------+-----------------+-----------------+-----------------+-----------------+------------------+
| Name                             | Succ | Fail | Send Rate (TPS) | Max Latency (s) | Min Latency (s) | Avg Latency (s) | Throughput (TPS) |
|----------------------------------|------|------|-----------------|-----------------|-----------------|-----------------|------------------|
| warmup-retail-transfer-low-30tps | 156  | 0    | 5.1             | 2.19            | 0.14            | 1.09            | 4.9              |
|----------------------------------|------|------|-----------------|-----------------|-----------------|-----------------|------------------|
| retail-transfer-low-30tps        | 1623 | 181  | 30.1            | 4.11            | 0.16            | 1.09            | 29.0             |
+----------------------------------+------+------+-----------------+-----------------+-----------------+-----------------+------------------+

2026.09.17-14:01:17.386[32m info [39m [caliper] [report-builder] 	Generated report with path /home/mfachrizalg/2026/Skripsi/bi-coin/bi-coin-fabric/report.html
2026.09.17-14:01:17.387[32m info [39m [caliper] [monitor.js] 	Stopping all monitors
2026.09.17-14:01:17.387[32m info [39m [caliper] [worker-orchestrator] 	Sending exit message to connected workers
2026.09.17-14:01:17.387[32m info [39m [caliper] [worker-message-handler] 	Worker#1 is exiting
2026.09.17-14:01:17.387[32m info [39m [caliper] [worker-message-handler] 	Worker#2 is exiting
2026.09.17-14:01:17.388[32m info [39m [caliper] [worker-message-handler] 	Worker#3 is exiting
2026.09.17-14:01:17.388[32m info [39m [caliper] [worker-message-handler] 	Worker#0 is exiting
2026.09.17-14:01:17.388[32m info [39m [caliper] [round-orchestrator] 	Benchmark finished in 276.743 seconds. Total rounds: 2. Successful rounds: 2. Failed rounds: 0.
2026.09.17-14:01:17.388[32m info [39m [caliper] [caliper-engine] 	Network configuration attribute "caliper.command.end" is not present, skipping end command
2026.09.17-14:01:17.388[32m info [39m [caliper] [cli-launch-manager] 	Benchmark successfully finished!
